Trade #,Type,Date/Time,Signal,Price USDT,Position size (qty),Position size (value),Net P&L USDT,Net P&L %,Run-up USDT,Run-up %,Drawdown USDT,Drawdown %,Cumulative P&L USD,Cumulative P&L %
1,Exit long,13/08/2020 04:00,Long Exit,3.64,1553.706,5702.10102,-46.61,-0.82,403.96,7.08,-264.13,-4.63,-46.61,-0.05
1,Entry long,12/08/2020 11:00,Long,3.67,1553.706,5702.10102,-46.61,-0.82,403.96,7.08,-264.13,-4.63,-46.61,-0.05
2,Exit long,13/08/2020 10:30,Long Exit,3.68,1787.455,6899.5763,-321.74,-4.66,500.49,7.25,-643.48,-9.33,-368.35,-0.37
2,Entry long,13/08/2020 05:30,Long,3.86,1787.455,6899.5763,-321.74,-4.66,500.49,7.25,-643.48,-9.33,-368.35,-0.37
3,Exit short,15/08/2020 07:00,Stop Hit,3.42,2139.444,7552.23732,235.34,3.12,791.59,10.48,-492.07,-6.52,-133.01,-0.13
3,Entry short,14/08/2020 09:00,Short,3.53,2139.444,7552.23732,235.34,3.12,791.59,10.48,-492.07,-6.52,-133.01,-0.13
4,Exit short,16/08/2020 06:30,Short Exit,3.46,2941.821,9325.57257,-853.13,-9.15,147.09,1.58,-941.38,-10.09,-986.14,-0.99
4,Entry short,16/08/2020 01:00,Short,3.17,2941.821,9325.57257,-853.13,-9.15,147.09,1.58,-941.38,-10.09,-986.14,-0.99
5,Exit short,18/08/2020 10:30,Stop Hit,3.19,4266.601,13653.1232,42.67,0.31,1365.31,10,-170.66,-1.25,-943.48,-0.94
5,Entry short,17/08/2020 14:30,Short,3.2,4266.601,13653.1232,42.67,0.31,1365.31,10,-170.66,-1.25,-943.48,-0.94
6,Exit short,18/08/2020 16:00,Stop Hit,3.32,2593.763,7470.03744,-1141.26,-15.28,181.56,2.43,-1452.51,-19.44,-2084.73,-2.08
6,Entry short,18/08/2020 15:30,Short,2.88,2593.763,7470.03744,-1141.26,-15.28,181.56,2.43,-1452.51,-19.44,-2084.73,-2.08
7,Exit long,19/08/2020 04:30,Long Exit,3.2,1880.878,6244.51496,-225.71,-3.61,733.54,11.75,-225.71,-3.61,-2310.44,-2.31
7,Entry long,18/08/2020 16:00,Long,3.32,1880.878,6244.51496,-225.71,-3.61,733.54,11.75,-225.71,-3.61,-2310.44,-2.31
8,Exit short,20/08/2020 10:00,Short Exit,3.08,1682.197,5097.05691,-84.11,-1.65,353.26,6.93,-252.33,-4.95,-2394.55,-2.39
8,Entry short,19/08/2020 08:00,Short,3.03,1682.197,5097.05691,-84.11,-1.65,353.26,6.93,-252.33,-4.95,-2394.55,-2.39
9,Exit long,21/08/2020 07:00,Stop Hit,3.06,3063.178,9587.74714,-214.42,-2.24,980.22,10.22,-398.21,-4.15,-2608.97,-2.61
9,Entry long,20/08/2020 11:30,Long,3.13,3063.178,9587.74714,-214.42,-2.24,980.22,10.22,-398.21,-4.15,-2608.97,-2.61
10,Exit short,22/08/2020 13:30,Short Exit,2.91,2820.485,8602.47925,394.87,4.59,874.35,10.16,-169.23,-1.97,-2214.1,-2.21
10,Entry short,21/08/2020 16:30,Short,3.05,2820.485,8602.47925,394.87,4.59,874.35,10.16,-169.23,-1.97,-2214.1,-2.21
11,Exit long,23/08/2020 14:00,Long Exit,3.03,3264.365,10184.8188,-293.79,-2.88,554.94,5.45,-457.01,-4.49,-2507.89,-2.51
11,Entry long,22/08/2020 19:00,Long,3.12,3264.365,10184.8188,-293.79,-2.88,554.94,5.45,-457.01,-4.49,-2507.89,-2.51
12,Exit long,24/08/2020 20:00,Long Exit,3.33,3677.087,12134.3871,110.31,0.91,1176.67,9.7,-404.48,-3.33,-2397.58,-2.4
12,Entry long,23/08/2020 17:30,Long,3.3,3677.087,12134.3871,110.31,0.91,1176.67,9.7,-404.48,-3.33,-2397.58,-2.4
13,Exit short,25/08/2020 20:00,Short Exit,3.21,2966.967,9464.62473,-59.34,-0.63,563.72,5.96,-178.02,-1.88,-2456.92,-2.46
13,Entry short,25/08/2020 04:00,Short,3.19,2966.967,9464.62473,-59.34,-0.63,563.72,5.96,-178.02,-1.88,-2456.92,-2.46
14,Exit long,27/08/2020 03:30,Long Exit,3.49,3019.915,10207.3127,332.19,3.25,1268.36,12.43,-301.99,-2.96,-2124.73,-2.12
14,Entry long,26/08/2020 04:30,Long,3.38,3019.915,10207.3127,332.19,3.25,1268.36,12.43,-301.99,-2.96,-2124.73,-2.12
15,Exit long,27/08/2020 13:00,Stop Hit,3.41,2454.535,9204.50625,-834.54,-9.07,270,2.93,-1104.54,-12,-2959.27,-2.96
15,Entry long,27/08/2020 08:30,Long,3.75,2454.535,9204.50625,-834.54,-9.07,270,2.93,-1104.54,-12,-2959.27,-2.96
16,Exit short,28/08/2020 03:30,Short Exit,3.7,2048.27,6984.6007,-594,-8.5,348.21,4.99,-798.83,-11.44,-3553.27,-3.55
16,Entry short,27/08/2020 13:00,Short,3.41,2048.27,6984.6007,-594,-8.5,348.21,4.99,-798.83,-11.44,-3553.27,-3.55
17,Exit long,29/08/2020 07:30,Long Exit,3.86,2239.109,8822.08946,-179.13,-2.03,828.47,9.39,-291.08,-3.3,-3732.4,-3.73
17,Entry long,28/08/2020 13:00,Long,3.94,2239.109,8822.08946,-179.13,-2.03,828.47,9.39,-291.08,-3.3,-3732.4,-3.73
18,Exit long,30/08/2020 23:30,Long Exit,4.43,2800.864,11539.55968,868.27,7.52,1652.51,14.32,0,0,-2864.13,-2.86
18,Entry long,30/08/2020 06:30,Long,4.12,2800.864,11539.55968,868.27,7.52,1652.51,14.32,0,0,-2864.13,-2.86
19,Exit long,01/09/2020 13:30,Long Exit,4.58,2238.038,10720.20202,-469.99,-4.38,358.09,3.34,-649.03,-6.05,-3334.12,-3.33
19,Entry long,31/08/2020 21:00,Long,4.79,2238.038,10720.20202,-469.99,-4.38,358.09,3.34,-649.03,-6.05,-3334.12,-3.33
20,Exit short,03/09/2020 01:00,Short Exit,4.17,2668.079,11846.27076,720.38,6.08,2081.1,17.57,-26.68,-0.23,-2613.74,-2.61
20,Entry short,02/09/2020 00:30,Short,4.44,2668.079,11846.27076,720.38,6.08,2081.1,17.57,-26.68,-0.23,-2613.74,-2.61
21,Exit long,03/09/2020 13:30,Stop Hit,3.7,1758.677,7685.41849,-1178.31,-15.33,158.28,2.06,-1266.25,-16.48,-3792.05,-3.79
21,Entry long,03/09/2020 09:00,Long,4.37,1758.677,7685.41849,-1178.31,-15.33,158.28,2.06,-1266.25,-16.48,-3792.05,-3.79
22,Exit short,05/09/2020 00:00,Short Exit,3.6,1370.337,5070.2469,137.03,2.7,726.28,14.32,-589.24,-11.62,-3655.02,-3.66
22,Entry short,03/09/2020 13:30,Short,3.7,1370.337,5070.2469,137.03,2.7,726.28,14.32,-589.24,-11.62,-3655.02,-3.66
23,Exit short,06/09/2020 09:30,Short Exit,2.88,2190.169,6942.83573,635.15,9.15,2365.38,34.07,-21.9,-0.32,-3019.87,-3.02
23,Entry short,05/09/2020 10:00,Short,3.17,2190.169,6942.83573,635.15,9.15,2365.38,34.07,-21.9,-0.32,-3019.87,-3.02
24,Exit long,07/09/2020 07:00,Long Exit,2.83,1656.632,5185.25816,-496.99,-9.58,115.96,2.24,-496.99,-9.58,-3516.86,-3.52
24,Entry long,06/09/2020 23:00,Long,3.13,1656.632,5185.25816,-496.99,-9.58,115.96,2.24,-496.99,-9.58,-3516.86,-3.52
25,Exit short,08/09/2020 00:00,Short Exit,2.85,2104.359,5345.07186,-652.35,-12.2,336.7,6.3,-673.39,-12.6,-4169.21,-4.17
25,Entry short,07/09/2020 13:00,Short,2.54,2104.359,5345.07186,-652.35,-12.2,336.7,6.3,-673.39,-12.6,-4169.21,-4.17
26,Exit short,09/09/2020 09:00,Short Exit,2.57,3063.652,7414.03784,-459.55,-6.2,122.55,1.65,-520.82,-7.02,-4628.76,-4.63
26,Entry short,08/09/2020 20:00,Short,2.42,3063.652,7414.03784,-459.55,-6.2,122.55,1.65,-520.82,-7.02,-4628.76,-4.63
27,Exit long,10/09/2020 09:00,Long Exit,3.4,3137.381,8565.05013,2102.05,24.54,3607.99,42.12,-345.11,-4.03,-2526.71,-2.53
27,Entry long,09/09/2020 11:00,Long,2.73,3137.381,8565.05013,2102.05,24.54,3607.99,42.12,-345.11,-4.03,-2526.71,-2.53
28,Exit short,11/09/2020 16:30,Short Exit,3.27,2144.706,7120.42392,107.24,1.51,621.96,8.73,-42.89,-0.6,-2419.48,-2.42
28,Entry short,11/09/2020 03:30,Short,3.32,2144.706,7120.42392,107.24,1.51,621.96,8.73,-42.89,-0.6,-2419.48,-2.42
29,Exit long,13/09/2020 04:00,Long Exit,3.25,3507.557,12101.07165,-701.51,-5.8,70.15,0.58,-701.51,-5.8,-3120.99,-3.12
29,Entry long,12/09/2020 20:30,Long,3.45,3507.557,12101.07165,-701.51,-5.8,70.15,0.58,-701.51,-5.8,-3120.99,-3.12
30,Exit short,14/09/2020 01:00,Short Exit,3.27,2759.817,8721.02172,-303.58,-3.48,496.77,5.7,-303.58,-3.48,-3424.57,-3.42
30,Entry short,13/09/2020 13:00,Short,3.16,2759.817,8721.02172,-303.58,-3.48,496.77,5.7,-303.58,-3.48,-3424.57,-3.42
31,Exit long,14/09/2020 22:30,Long Exit,3.25,2348.953,7822.01349,-187.92,-2.4,375.83,4.8,-258.38,-3.3,-3612.48,-3.61
31,Entry long,14/09/2020 10:00,Long,3.33,2348.953,7822.01349,-187.92,-2.4,375.83,4.8,-258.38,-3.3,-3612.48,-3.61
32,Exit short,17/09/2020 02:30,Short Exit,2.67,3153.642,9618.6081,1198.38,12.46,1955.26,20.33,-252.29,-2.62,-2414.1,-2.41
32,Entry short,15/09/2020 16:00,Short,3.05,3153.642,9618.6081,1198.38,12.46,1955.26,20.33,-252.29,-2.62,-2414.1,-2.41
33,Exit short,17/09/2020 14:30,Short Exit,2.58,2978.061,7266.46884,-416.93,-5.74,238.24,3.28,-744.52,-10.25,-2831.03,-2.83
33,Entry short,17/09/2020 10:30,Short,2.44,2978.061,7266.46884,-416.93,-5.74,238.24,3.28,-744.52,-10.25,-2831.03,-2.83
34,Exit long,18/09/2020 19:30,Long Exit,2.84,2858.318,7774.62496,343,4.41,1257.66,16.18,-114.33,-1.47,-2488.03,-2.49
34,Entry long,17/09/2020 19:00,Long,2.72,2858.318,7774.62496,343,4.41,1257.66,16.18,-114.33,-1.47,-2488.03,-2.49
35,Exit long,19/09/2020 09:30,Long Exit,3.04,2324.977,7416.67663,-348.75,-4.7,139.5,1.88,-395.25,-5.33,-2836.78,-2.84
35,Entry long,19/09/2020 02:30,Long,3.19,2324.977,7416.67663,-348.75,-4.7,139.5,1.88,-395.25,-5.33,-2836.78,-2.84
36,Exit short,21/09/2020 02:00,Short Exit,2.92,3111.777,9055.27107,-31.12,-0.34,653.47,7.22,-280.06,-3.09,-2867.9,-2.87
36,Entry short,20/09/2020 02:30,Short,2.91,3111.777,9055.27107,-31.12,-0.34,653.47,7.22,-280.06,-3.09,-2867.9,-2.87
37,Exit long,21/09/2020 09:00,Stop Hit,2.73,3739.611,11218.833,-1009.69,-9,149.58,1.33,-1047.09,-9.33,-3877.59,-3.88
37,Entry long,21/09/2020 05:00,Long,3,3739.611,11218.833,-1009.69,-9,149.58,1.33,-1047.09,-9.33,-3877.59,-3.88
38,Exit short,21/09/2020 21:00,Short Exit,2.83,3122.978,8307.12148,-530.91,-6.39,593.37,7.14,-593.37,-7.14,-4408.5,-4.41
38,Entry short,21/09/2020 09:30,Short,2.66,3122.978,8307.12148,-530.91,-6.39,593.37,7.14,-593.37,-7.14,-4408.5,-4.41
39,Exit long,23/09/2020 05:00,Long Exit,2.84,2346.781,6664.85804,0,0,586.7,8.8,-46.94,-0.7,-4408.5,-4.41
39,Entry long,22/09/2020 16:00,Long,2.84,2346.781,6664.85804,0,0,586.7,8.8,-46.94,-0.7,-4408.5,-4.41
40,Exit short,24/09/2020 08:30,Long,2.99,2902.199,8126.1572,-551.42,-6.79,58.04,0.71,-609.46,-7.5,-4959.91,-4.96
40,Entry short,23/09/2020 22:00,Short,2.8,2902.199,8126.1572,-551.42,-6.79,58.04,0.71,-609.46,-7.5,-4959.91,-4.96
41,Exit long,25/09/2020 05:30,Long Exit,3.04,3432.417,10262.92683,171.62,1.67,926.75,9.03,-343.24,-3.34,-4788.29,-4.79
41,Entry long,24/09/2020 08:30,Long,2.99,3432.417,10262.92683,171.62,1.67,926.75,9.03,-343.24,-3.34,-4788.29,-4.79
42,Exit long,26/09/2020 04:00,Long Exit,3.1,3739.174,12152.3155,-560.88,-4.62,112.18,0.92,-673.05,-5.54,-5349.17,-5.35
42,Entry long,25/09/2020 21:30,Long,3.25,3739.174,12152.3155,-560.88,-4.62,112.18,0.92,-673.05,-5.54,-5349.17,-5.35
43,Exit short,27/09/2020 19:30,Short Exit,3.13,5453.901,16470.78102,-599.93,-3.64,218.16,1.32,-709.01,-4.3,-5949.1,-5.95
43,Entry short,27/09/2020 09:30,Short,3.02,5453.901,16470.78102,-599.93,-3.64,218.16,1.32,-709.01,-4.3,-5949.1,-5.95
44,Exit long,28/09/2020 08:00,Long Exit,3.04,5826.877,18412.93132,-699.23,-3.8,291.34,1.58,-699.23,-3.8,-6648.32,-6.65
44,Entry long,28/09/2020 01:00,Long,3.16,5826.877,18412.93132,-699.23,-3.8,291.34,1.58,-699.23,-3.8,-6648.32,-6.65
45,Exit short,29/09/2020 15:30,Short Exit,3.01,6723.622,20238.10222,0,0,672.36,3.32,-134.47,-0.66,-6648.32,-6.65
45,Entry short,28/09/2020 21:00,Short,3.01,6723.622,20238.10222,0,0,672.36,3.32,-134.47,-0.66,-6648.32,-6.65
46,Exit short,30/09/2020 06:00,Short Exit,2.98,6424.334,18759.05528,-385.46,-2.05,321.22,1.71,-385.46,-2.05,-7033.78,-7.03
46,Entry short,29/09/2020 18:30,Short,2.92,6424.334,18759.05528,-385.46,-2.05,321.22,1.71,-385.46,-2.05,-7033.78,-7.03
47,Exit short,01/10/2020 01:30,Short Exit,2.9,6890.691,19638.46935,-344.53,-1.75,206.72,1.05,-413.44,-2.11,-7378.32,-7.38
47,Entry short,30/09/2020 13:00,Short,2.85,6890.691,19638.46935,-344.53,-1.75,206.72,1.05,-413.44,-2.11,-7378.32,-7.38
48,Exit long,01/10/2020 15:30,Long Exit,2.9,8914.951,26566.55398,-713.2,-2.68,89.15,0.34,-713.2,-2.68,-8091.51,-8.09
48,Entry long,01/10/2020 07:30,Long,2.98,8914.951,26566.55398,-713.2,-2.68,89.15,0.34,-713.2,-2.68,-8091.51,-8.09
49,Exit short,02/10/2020 00:00,Stop Hit,2.85,6816.647,19018.44513,-409,-2.15,954.33,5.02,-477.17,-2.51,-8500.51,-8.5
49,Entry short,01/10/2020 17:30,Short,2.79,6816.647,19018.44513,-409,-2.15,954.33,5.02,-477.17,-2.51,-8500.51,-8.5
50,Exit short,03/10/2020 12:30,Short Exit,2.66,4265.458,11303.4637,-42.65,-0.38,981.06,8.68,-127.96,-1.13,-8543.17,-8.54
50,Entry short,02/10/2020 07:30,Short,2.65,4265.458,11303.4637,-42.65,-0.38,981.06,8.68,-127.96,-1.13,-8543.17,-8.54
51,Exit short,05/10/2020 01:30,Short Exit,2.55,7689.518,19838.95644,230.69,1.16,1230.32,6.2,-76.9,-0.39,-8312.48,-8.31
51,Entry short,03/10/2020 23:30,Short,2.58,7689.518,19838.95644,230.69,1.16,1230.32,6.2,-76.9,-0.39,-8312.48,-8.31
52,Exit long,06/10/2020 04:30,Long Exit,2.6,6636.255,17187.90045,66.36,0.39,597.26,3.47,-66.36,-0.39,-8246.12,-8.25
52,Entry long,05/10/2020 14:00,Long,2.59,6636.255,17187.90045,66.36,0.39,597.26,3.47,-66.36,-0.39,-8246.12,-8.25
53,Exit short,07/10/2020 07:30,Stop Hit,2.28,6219.125,14925.9,746.3,5,1990.12,13.33,-621.91,-4.17,-7499.82,-7.5
53,Entry short,06/10/2020 12:30,Short,2.4,6219.125,14925.9,746.3,5,1990.12,13.33,-621.91,-4.17,-7499.82,-7.5
54,Exit short,08/10/2020 14:30,Stop Hit,2.29,4690.451,9943.75612,-797.38,-8.02,515.95,5.19,-1031.9,-10.38,-8297.2,-8.3
54,Entry short,08/10/2020 07:00,Short,2.12,4690.451,9943.75612,-797.38,-8.02,515.95,5.19,-1031.9,-10.38,-8297.2,-8.3
55,Exit long,10/10/2020 14:00,Long Exit,2.51,3570.226,8639.94692,321.32,3.72,749.75,8.68,-464.13,-5.37,-7975.88,-7.98
55,Entry long,08/10/2020 17:00,Long,2.42,3570.226,8639.94692,321.32,3.72,749.75,8.68,-464.13,-5.37,-7975.88,-7.98
56,Exit short,11/10/2020 12:30,Short Exit,2.44,5540.651,13630.00146,110.81,0.81,664.88,4.88,-110.81,-0.81,-7865.07,-7.87
56,Entry short,10/10/2020 17:30,Short,2.46,5540.651,13630.00146,110.81,0.81,664.88,4.88,-110.81,-0.81,-7865.07,-7.87
57,Exit long,13/10/2020 02:00,Stop Hit,2.54,8314.3,20619.464,498.86,2.42,1829.15,8.87,-415.71,-2.02,-7366.21,-7.37
57,Entry long,12/10/2020 04:00,Long,2.48,8314.3,20619.464,498.86,2.42,1829.15,8.87,-415.71,-2.02,-7366.21,-7.37
58,Exit short,15/10/2020 08:30,Short Exit,2.34,4835.206,11701.19852,386.82,3.31,918.69,7.85,-145.06,-1.24,-6979.39,-6.98
58,Entry short,13/10/2020 15:30,Short,2.42,4835.206,11701.19852,386.82,3.31,918.69,7.85,-145.06,-1.24,-6979.39,-6.98
59,Exit short,15/10/2020 21:30,Short Exit,2.29,6516.083,14335.3826,-586.45,-4.09,65.16,0.45,-716.77,-5,-7565.84,-7.57
59,Entry short,15/10/2020 10:30,Short,2.2,6516.083,14335.3826,-586.45,-4.09,65.16,0.45,-716.77,-5,-7565.84,-7.57
60,Exit short,16/10/2020 18:00,Short Exit,2.2,7596.721,16181.01573,-531.77,-3.29,0,0,-911.61,-5.63,-8097.61,-8.1
60,Entry short,16/10/2020 05:30,Short,2.13,7596.721,16181.01573,-531.77,-3.29,0,0,-911.61,-5.63,-8097.61,-8.1
61,Exit long,18/10/2020 23:00,Long Exit,2.18,13189.113,29279.83086,-527.56,-1.8,527.56,1.8,-527.56,-1.8,-8625.18,-8.63
61,Entry long,18/10/2020 09:30,Long,2.22,13189.113,29279.83086,-527.56,-1.8,527.56,1.8,-527.56,-1.8,-8625.18,-8.63
62,Exit short,21/10/2020 05:00,Short Exit,1.98,10252.877,22146.21432,1845.52,8.33,3280.92,14.81,-205.06,-0.93,-6779.66,-6.78
62,Entry short,19/10/2020 02:00,Short,2.16,10252.877,22146.21432,1845.52,8.33,3280.92,14.81,-205.06,-0.93,-6779.66,-6.78
63,Exit long,21/10/2020 20:30,Long Exit,1.91,6119.906,12239.812,-550.79,-4.5,61.2,0.5,-734.39,-6,-7330.45,-7.33
63,Entry long,21/10/2020 16:30,Long,2,6119.906,12239.812,-550.79,-4.5,61.2,0.5,-734.39,-6,-7330.45,-7.33
64,Exit short,22/10/2020 09:30,Short Exit,2,5379.156,10166.60484,-591.71,-5.82,268.96,2.65,-591.71,-5.82,-7922.16,-7.92
64,Entry short,21/10/2020 22:00,Short,1.89,5379.156,10166.60484,-591.71,-5.82,268.96,2.65,-591.71,-5.82,-7922.16,-7.92
65,Exit short,24/10/2020 15:30,Short Exit,1.93,7842.793,14744.45084,-392.14,-2.66,235.28,1.6,-705.85,-4.79,-8314.3,-8.31
65,Entry short,23/10/2020 17:30,Short,1.88,7842.793,14744.45084,-392.14,-2.66,235.28,1.6,-705.85,-4.79,-8314.3,-8.31
66,Exit short,26/10/2020 06:30,Short Exit,1.83,10585.147,20005.92783,635.11,3.17,1376.07,6.88,-317.55,-1.59,-7679.19,-7.68
66,Entry short,24/10/2020 23:00,Short,1.89,10585.147,20005.92783,635.11,3.17,1376.07,6.88,-317.55,-1.59,-7679.19,-7.68
67,Exit short,27/10/2020 12:30,Stop Hit,1.72,7297.481,12332.74289,-218.92,-1.78,729.75,5.92,-364.87,-2.96,-7898.11,-7.9
67,Entry short,26/10/2020 16:30,Short,1.69,7297.481,12332.74289,-218.92,-1.78,729.75,5.92,-364.87,-2.96,-7898.11,-7.9
68,Exit short,29/10/2020 04:00,Short Exit,1.57,6656.12,10450.1084,0,0,798.73,7.64,-399.37,-3.82,-7898.11,-7.9
68,Entry short,28/10/2020 03:30,Short,1.57,6656.12,10450.1084,0,0,798.73,7.64,-399.37,-3.82,-7898.11,-7.9
69,Exit short,30/10/2020 15:30,Short Exit,1.44,8684.968,12680.05328,173.7,1.37,1215.9,9.59,-607.95,-4.79,-7724.41,-7.72
69,Entry short,29/10/2020 12:30,Short,1.46,8684.968,12680.05328,173.7,1.37,1215.9,9.59,-607.95,-4.79,-7724.41,-7.72
70,Exit long,01/11/2020 10:00,Long Exit,1.52,11611.666,17185.26568,464.47,2.7,1161.17,6.76,-232.23,-1.35,-7259.95,-7.26
70,Entry long,31/10/2020 03:00,Long,1.48,11611.666,17185.26568,464.47,2.7,1161.17,6.76,-232.23,-1.35,-7259.95,-7.26
71,Exit long,02/11/2020 08:30,Long Exit,1.58,11569.414,18395.36826,-115.69,-0.63,694.16,3.77,-115.69,-0.63,-7375.64,-7.38
71,Entry long,01/11/2020 16:30,Long,1.59,11569.414,18395.36826,-115.69,-0.63,694.16,3.77,-115.69,-0.63,-7375.64,-7.38
72,Exit short,04/11/2020 18:00,Stop Hit,1.39,10713.937,16178.04487,1285.67,7.95,2571.34,15.89,-107.14,-0.66,-6089.97,-6.09
72,Entry short,02/11/2020 09:30,Short,1.51,10713.937,16178.04487,1285.67,7.95,2571.34,15.89,-107.14,-0.66,-6089.97,-6.09
73,Exit long,05/11/2020 09:00,Long Exit,1.37,12841.359,18106.31619,-513.65,-2.84,256.83,1.42,-642.07,-3.55,-6603.62,-6.6
73,Entry long,05/11/2020 04:30,Long,1.41,12841.359,18106.31619,-513.65,-2.84,256.83,1.42,-642.07,-3.55,-6603.62,-6.6
74,Exit long,07/11/2020 15:00,Long Exit,2.1,8487.849,12307.38105,5517.1,44.83,8912.24,72.41,-509.27,-4.14,-1086.52,-1.09
74,Entry long,05/11/2020 15:00,Long,1.45,8487.849,12307.38105,5517.1,44.83,8912.24,72.41,-509.27,-4.14,-1086.52,-1.09
75,Exit long,09/11/2020 08:00,Long Exit,2.04,2529.114,5614.63308,-455.24,-8.11,50.58,0.9,-455.24,-8.11,-1541.76,-1.54
75,Entry long,08/11/2020 18:30,Long,2.22,2529.114,5614.63308,-455.24,-8.11,50.58,0.9,-455.24,-8.11,-1541.76,-1.54
76,Exit short,10/11/2020 01:30,Short Exit,2.08,3584.295,7204.43295,-250.9,-3.48,215.06,2.99,-250.9,-3.48,-1792.66,-1.79
76,Entry short,09/11/2020 14:30,Short,2.01,3584.295,7204.43295,-250.9,-3.48,215.06,2.99,-250.9,-3.48,-1792.66,-1.79
77,Exit long,11/11/2020 05:00,Long Exit,2.2,5291.784,11589.00696,52.92,0.46,740.85,6.39,-476.26,-4.11,-1739.74,-1.74
77,Entry long,10/11/2020 08:30,Long,2.19,5291.784,11589.00696,52.92,0.46,740.85,6.39,-476.26,-4.11,-1739.74,-1.74
78,Exit short,13/11/2020 03:30,Short Exit,1.97,5497.418,11544.5778,714.66,6.19,1484.3,12.86,-329.85,-2.86,-1025.08,-1.03
78,Entry short,11/11/2020 12:00,Short,2.1,5497.418,11544.5778,714.66,6.19,1484.3,12.86,-329.85,-2.86,-1025.08,-1.03
79,Exit long,14/11/2020 05:00,Long Exit,1.97,6745.378,13693.11734,-404.72,-2.96,337.27,2.46,-472.18,-3.45,-1429.8,-1.43
79,Entry long,13/11/2020 14:30,Long,2.03,6745.378,13693.11734,-404.72,-2.96,337.27,2.46,-472.18,-3.45,-1429.8,-1.43
80,Exit short,15/11/2020 01:30,Short Exit,1.94,7128.236,13686.21312,-142.56,-1.04,356.41,2.6,-356.41,-2.6,-1572.37,-1.57
80,Entry short,14/11/2020 09:00,Short,1.92,7128.236,13686.21312,-142.56,-1.04,356.41,2.6,-356.41,-2.6,-1572.37,-1.57
81,Exit long,15/11/2020 20:30,Stop Hit,2.01,7743.132,15873.4206,-309.73,-1.95,1316.33,8.29,-387.16,-2.44,-1882.09,-1.88
81,Entry long,15/11/2020 06:30,Long,2.05,7743.132,15873.4206,-309.73,-1.95,1316.33,8.29,-387.16,-2.44,-1882.09,-1.88
82,Exit long,17/11/2020 10:00,Long Exit,2.22,4553.704,10154.75992,-45.54,-0.45,637.52,6.28,-273.22,-2.69,-1927.63,-1.93
82,Entry long,16/11/2020 04:30,Long,2.23,4553.704,10154.75992,-45.54,-0.45,637.52,6.28,-273.22,-2.69,-1927.63,-1.93
83,Exit short,17/11/2020 15:00,Short Exit,2.26,5589.667,12185.47406,-447.17,-3.67,0,0,-838.45,-6.88,-2374.8,-2.37
83,Entry short,17/11/2020 14:00,Short,2.18,5589.667,12185.47406,-447.17,-3.67,0,0,-838.45,-6.88,-2374.8,-2.37
84,Exit short,18/11/2020 23:00,Short Exit,2.13,4433.464,9620.61688,177.34,1.84,753.69,7.83,-354.68,-3.69,-2197.46,-2.2
84,Entry short,17/11/2020 16:00,Short,2.17,4433.464,9620.61688,177.34,1.84,753.69,7.83,-354.68,-3.69,-2197.46,-2.2
85,Exit long,19/11/2020 23:00,Long Exit,2.04,6358.786,13671.3899,-699.47,-5.12,190.76,1.4,-763.05,-5.58,-2896.93,-2.9
85,Entry long,19/11/2020 13:00,Long,2.15,6358.786,13671.3899,-699.47,-5.12,190.76,1.4,-763.05,-5.58,-2896.93,-2.9
86,Exit long,20/11/2020 19:30,Long Exit,2.13,6880.499,15068.29281,-412.83,-2.74,344.02,2.28,-481.63,-3.2,-3309.76,-3.31
86,Entry long,20/11/2020 09:00,Long,2.19,6880.499,15068.29281,-412.83,-2.74,344.02,2.28,-481.63,-3.2,-3309.76,-3.31
87,Exit short,21/11/2020 08:00,Short Exit,2.17,6714.824,13832.53744,-738.63,-5.34,0,0,-738.63,-5.34,-4048.39,-4.05
87,Entry short,21/11/2020 04:30,Short,2.06,6714.824,13832.53744,-738.63,-5.34,0,0,-738.63,-5.34,-4048.39,-4.05
88,Exit long,22/11/2020 02:00,Stop Hit,2.18,6791.802,15009.88242,-203.75,-1.36,2037.54,13.57,-747.1,-4.98,-4252.15,-4.25
88,Entry long,21/11/2020 10:00,Long,2.21,6791.802,15009.88242,-203.75,-1.36,2037.54,13.57,-747.1,-4.98,-4252.15,-4.25
89,Exit short,22/11/2020 18:30,Short Exit,2.24,3061.625,6429.4125,-428.63,-6.67,61.23,0.95,-551.09,-8.57,-4680.77,-4.68
89,Entry short,22/11/2020 12:00,Short,2.1,3061.625,6429.4125,-428.63,-6.67,61.23,0.95,-551.09,-8.57,-4680.77,-4.68
90,Exit long,23/11/2020 15:30,Long Exit,2.22,4272.64,9869.7984,-384.54,-3.9,213.63,2.16,-384.54,-3.9,-5065.31,-5.07
90,Entry long,23/11/2020 05:30,Long,2.31,4272.64,9869.7984,-384.54,-3.9,213.63,2.16,-384.54,-3.9,-5065.31,-5.07
91,Exit long,24/11/2020 10:30,Stop Hit,2.22,4140.853,9772.41308,-579.72,-5.93,455.49,4.66,-828.17,-8.47,-5645.03,-5.65
91,Entry long,24/11/2020 02:00,Long,2.36,4140.853,9772.41308,-579.72,-5.93,455.49,4.66,-828.17,-8.47,-5645.03,-5.65
92,Exit short,25/11/2020 00:30,Short Exit,2.27,2839.199,6132.66984,-312.31,-5.09,0,0,-397.49,-6.48,-5957.34,-5.96
92,Entry short,24/11/2020 13:00,Short,2.16,2839.199,6132.66984,-312.31,-5.09,0,0,-397.49,-6.48,-5957.34,-5.96
93,Exit long,25/11/2020 22:30,Long Exit,2.25,3922.212,9491.75304,-666.78,-7.02,274.55,2.89,-745.22,-7.85,-6624.12,-6.62
93,Entry long,25/11/2020 13:30,Long,2.42,3922.212,9491.75304,-666.78,-7.02,274.55,2.89,-745.22,-7.85,-6624.12,-6.62
94,Exit short,26/11/2020 21:00,Short Exit,1.89,3047.2,6460.064,700.86,10.85,1218.88,18.87,-121.89,-1.89,-5923.26,-5.92
94,Entry short,26/11/2020 02:30,Short,2.12,3047.2,6460.064,700.86,10.85,1218.88,18.87,-121.89,-1.89,-5923.26,-5.92
95,Exit long,29/11/2020 19:30,Long Exit,1.87,9851.999,19112.87806,-689.64,-3.61,98.52,0.52,-689.64,-3.61,-6612.9,-6.61
95,Entry long,29/11/2020 09:30,Long,1.94,9851.999,19112.87806,-689.64,-3.61,98.52,0.52,-689.64,-3.61,-6612.9,-6.61
96,Exit long,01/12/2020 01:30,Long Exit,1.94,10495.107,20570.40972,-209.9,-1.02,629.71,3.06,-629.71,-3.06,-6822.8,-6.82
96,Entry long,30/11/2020 01:00,Long,1.96,10495.107,20570.40972,-209.9,-1.02,629.71,3.06,-629.71,-3.06,-6822.8,-6.82
97,Exit long,01/12/2020 12:30,Stop Hit,1.99,8434.078,17289.8599,-506.04,-2.93,759.07,4.39,-759.07,-4.39,-7328.85,-7.33
97,Entry long,01/12/2020 06:00,Long,2.05,8434.078,17289.8599,-506.04,-2.93,759.07,4.39,-759.07,-4.39,-7328.85,-7.33
98,Exit long,03/12/2020 15:30,Long Exit,2.13,6055.799,12838.29388,60.56,0.47,666.14,5.19,-363.35,-2.83,-7268.29,-7.27
98,Entry long,02/12/2020 14:00,Long,2.12,6055.799,12838.29388,60.56,0.47,666.14,5.19,-363.35,-2.83,-7268.29,-7.27
99,Exit short,05/12/2020 09:30,Short Exit,1.93,8104.183,16532.53332,891.46,5.39,1782.92,10.78,-324.17,-1.96,-6376.83,-6.38
99,Entry short,04/12/2020 03:00,Short,2.04,8104.183,16532.53332,891.46,5.39,1782.92,10.78,-324.17,-1.96,-6376.83,-6.38
100,Exit long,06/12/2020 03:30,Long Exit,1.93,9486.661,18783.58878,-474.33,-2.53,94.87,0.51,-569.2,-3.03,-6851.16,-6.85
100,Entry long,05/12/2020 20:00,Long,1.98,9486.661,18783.58878,-474.33,-2.53,94.87,0.51,-569.2,-3.03,-6851.16,-6.85
101,Exit short,07/12/2020 13:00,Short Exit,1.87,10653.848,19922.69576,0,0,745.77,3.74,-106.54,-0.53,-6851.16,-6.85
101,Entry short,06/12/2020 10:00,Short,1.87,10653.848,19922.69576,0,0,745.77,3.74,-106.54,-0.53,-6851.16,-6.85
102,Exit long,07/12/2020 19:00,Stop Hit,1.82,14796.856,27966.05784,-1035.78,-3.7,147.97,0.53,-1183.75,-4.23,-7886.94,-7.89
102,Entry long,07/12/2020 16:00,Long,1.89,14796.856,27966.05784,-1035.78,-3.7,147.97,0.53,-1183.75,-4.23,-7886.94,-7.89
103,Exit short,09/12/2020 22:00,Stop Hit,1.65,12361.581,22498.07742,2101.47,9.34,3955.71,17.58,-247.23,-1.1,-5785.47,-5.79
103,Entry short,07/12/2020 19:00,Short,1.82,12361.581,22498.07742,2101.47,9.34,3955.71,17.58,-247.23,-1.1,-5785.47,-5.79
104,Exit short,12/12/2020 01:00,Short Exit,1.52,8967.987,13900.37985,269.04,1.94,1076.16,7.74,-627.76,-4.52,-5516.43,-5.52
104,Entry short,10/12/2020 13:30,Short,1.55,8967.987,13900.37985,269.04,1.94,1076.16,7.74,-627.76,-4.52,-5516.43,-5.52
105,Exit long,12/12/2020 15:00,Long Exit,1.48,9426.332,14233.76132,-282.79,-1.99,282.79,1.99,-282.79,-1.99,-5799.22,-5.8
105,Entry long,12/12/2020 05:30,Long,1.51,9426.332,14233.76132,-282.79,-1.99,282.79,1.99,-282.79,-1.99,-5799.22,-5.8
106,Exit short,13/12/2020 08:00,Short Exit,1.52,15693.984,22913.21664,-941.64,-4.11,0,0,-941.64,-4.11,-6740.86,-6.74
106,Entry short,13/12/2020 04:30,Short,1.46,15693.984,22913.21664,-941.64,-4.11,0,0,-941.64,-4.11,-6740.86,-6.74
107,Exit long,13/12/2020 22:30,Long Exit,1.55,15348.951,23790.87405,0,0,2302.34,9.68,-153.49,-0.65,-6740.86,-6.74
107,Entry long,13/12/2020 10:30,Long,1.55,15348.951,23790.87405,0,0,2302.34,9.68,-153.49,-0.65,-6740.86,-6.74
108,Exit long,16/12/2020 00:30,Long Exit,1.67,9592.128,15731.08992,287.76,1.83,1534.74,9.76,-95.92,-0.61,-6453.1,-6.45
108,Entry long,15/12/2020 02:30,Long,1.64,9592.128,15731.08992,287.76,1.83,1534.74,9.76,-95.92,-0.61,-6453.1,-6.45
109,Exit long,17/12/2020 05:00,Long Exit,1.68,6215.904,11064.30912,-621.59,-5.62,186.48,1.69,-621.59,-5.62,-7074.69,-7.07
109,Entry long,17/12/2020 00:00,Long,1.78,6215.904,11064.30912,-621.59,-5.62,186.48,1.69,-621.59,-5.62,-7074.69,-7.07
110,Exit short,18/12/2020 09:00,Short Exit,1.69,5685.216,9664.8672,56.85,0.59,397.97,4.12,-56.85,-0.59,-7017.84,-7.02
110,Entry short,17/12/2020 18:30,Short,1.7,5685.216,9664.8672,56.85,0.59,397.97,4.12,-56.85,-0.59,-7017.84,-7.02
111,Exit long,19/12/2020 14:30,Long Exit,1.69,10921.189,18675.23319,-218.42,-1.17,655.27,3.51,-218.42,-1.17,-7236.26,-7.24
111,Entry long,19/12/2020 01:00,Long,1.71,10921.189,18675.23319,-218.42,-1.17,655.27,3.51,-218.42,-1.17,-7236.26,-7.24
112,Exit short,22/12/2020 14:30,Short Exit,1.57,12289.705,20155.1162,860.28,4.27,2089.25,10.37,-614.49,-3.05,-6375.98,-6.38
112,Entry short,20/12/2020 00:30,Short,1.64,12289.705,20155.1162,860.28,4.27,2089.25,10.37,-614.49,-3.05,-6375.98,-6.38
113,Exit short,24/12/2020 09:00,Short Exit,1.29,9686.925,14239.77975,1743.65,12.24,4262.25,29.93,0,0,-4632.34,-4.63
113,Entry short,23/12/2020 02:30,Short,1.47,9686.925,14239.77975,1743.65,12.24,4262.25,29.93,0,0,-4632.34,-4.63
114,Exit long,25/12/2020 15:00,Long Exit,1.39,8823.691,11735.50903,529.42,4.51,1147.08,9.77,-176.47,-1.5,-4102.91,-4.1
114,Entry long,24/12/2020 20:00,Long,1.33,8823.691,11735.50903,529.42,4.51,1147.08,9.77,-176.47,-1.5,-4102.91,-4.1
115,Exit short,27/12/2020 14:30,Stop Hit,1.36,13048.38,17615.313,-130.48,-0.74,1174.35,6.67,-652.42,-3.7,-4233.4,-4.23
115,Entry short,26/12/2020 11:00,Short,1.35,13048.38,17615.313,-130.48,-0.74,1174.35,6.67,-652.42,-3.7,-4233.4,-4.23
116,Exit long,27/12/2020 21:00,Stop Hit,1.3,9101.836,12742.5704,-910.18,-7.14,182.04,1.43,-1001.2,-7.86,-5143.58,-5.14
116,Entry long,27/12/2020 16:00,Long,1.4,9101.836,12742.5704,-910.18,-7.14,182.04,1.43,-1001.2,-7.86,-5143.58,-5.14
117,Exit long,30/12/2020 08:00,Long Exit,1.58,9476.554,13456.70668,1516.25,11.27,3032.5,22.54,-189.53,-1.41,-3627.33,-3.63
117,Entry long,28/12/2020 16:30,Long,1.42,9476.554,13456.70668,1516.25,11.27,3032.5,22.54,-189.53,-1.41,-3627.33,-3.63
118,Exit short,31/12/2020 17:30,Short Exit,1.53,6908.938,10570.67514,0,0,759.98,7.19,-138.18,-1.31,-3627.33,-3.63
118,Entry short,30/12/2020 23:00,Short,1.53,6908.938,10570.67514,0,0,759.98,7.19,-138.18,-1.31,-3627.33,-3.63
119,Exit long,02/01/2021 10:00,Long Exit,1.72,7084.857,11335.7712,850.18,7.5,2196.31,19.38,-212.55,-1.87,-2777.15,-2.78
119,Entry long,01/01/2021 01:30,Long,1.6,7084.857,11335.7712,850.18,7.5,2196.31,19.38,-212.55,-1.87,-2777.15,-2.78
120,Exit long,03/01/2021 17:30,Stop Hit,1.99,3912.341,7511.69472,273.86,3.65,1799.68,23.96,-665.1,-8.85,-2503.29,-2.5
120,Entry long,02/01/2021 18:00,Long,1.92,3912.341,7511.69472,273.86,3.65,1799.68,23.96,-665.1,-8.85,-2503.29,-2.5
121,Exit long,04/01/2021 10:00,Stop Hit,2.02,2276.363,5394.98031,-796.73,-14.77,68.29,1.27,-1047.13,-19.41,-3300.01,-3.3
121,Entry long,04/01/2021 02:30,Long,2.37,2276.363,5394.98031,-796.73,-14.77,68.29,1.27,-1047.13,-19.41,-3300.01,-3.3
122,Exit short,04/01/2021 19:30,Short Exit,2.34,1849.947,3514.8993,-813.98,-23.16,37,1.05,-887.97,-25.26,-4113.99,-4.11
122,Entry short,04/01/2021 10:30,Short,1.9,1849.947,3514.8993,-813.98,-23.16,37,1.05,-887.97,-25.26,-4113.99,-4.11
123,Exit long,05/01/2021 05:30,Long Exit,2.17,1806.557,4407.99908,-487.77,-11.07,126.46,2.87,-541.97,-12.3,-4601.76,-4.6
123,Entry long,04/01/2021 20:00,Long,2.44,1806.557,4407.99908,-487.77,-11.07,126.46,2.87,-541.97,-12.3,-4601.76,-4.6
124,Exit short,06/01/2021 13:00,Short Exit,2.14,2560.046,5299.29522,-179.2,-3.38,358.41,6.76,-281.61,-5.31,-4780.96,-4.78
124,Entry short,06/01/2021 01:00,Short,2.07,2560.046,5299.29522,-179.2,-3.38,358.41,6.76,-281.61,-5.31,-4780.96,-4.78
125,Exit short,07/01/2021 00:30,Stop Hit,2.15,3271.776,6347.24544,-687.07,-10.82,65.44,1.03,-981.53,-15.46,-5468.04,-5.47
125,Entry short,07/01/2021 00:00,Short,1.94,3271.776,6347.24544,-687.07,-10.82,65.44,1.03,-981.53,-15.46,-5468.04,-5.47
126,Exit long,09/01/2021 16:30,Long Exit,3.03,2280.469,5267.88339,1641.94,31.17,3397.9,64.5,-706.95,-13.42,-3826.1,-3.83
126,Entry long,07/01/2021 01:00,Long,2.31,2280.469,5267.88339,1641.94,31.17,3397.9,64.5,-706.95,-13.42,-3826.1,-3.83
127,Exit short,09/01/2021 18:30,Stop Hit,3.44,2117.562,6310.33476,-974.08,-15.44,0,0,-1037.61,-16.44,-4800.18,-4.8
127,Entry short,09/01/2021 17:00,Short,2.98,2117.562,6310.33476,-974.08,-15.44,0,0,-1037.61,-16.44,-4800.18,-4.8
128,Exit long,10/01/2021 11:30,Stop Hit,3.21,1645.815,5875.55955,-592.49,-10.08,296.25,5.04,-658.33,-11.2,-5392.67,-5.39
128,Entry long,09/01/2021 19:30,Long,3.57,1645.815,5875.55955,-592.49,-10.08,296.25,5.04,-658.33,-11.2,-5392.67,-5.39
129,Exit short,11/01/2021 23:30,Short Exit,3.09,1777.561,5581.54154,88.88,1.59,995.43,17.83,-106.65,-1.91,-5303.79,-5.3
129,Entry short,11/01/2021 04:00,Short,3.14,1777.561,5581.54154,88.88,1.59,995.43,17.83,-106.65,-1.91,-5303.79,-5.3
130,Exit long,13/01/2021 05:00,Long Exit,3.35,2334.301,8170.0535,-350.15,-4.29,887.03,10.86,-817.01,-10,-5653.94,-5.65
130,Entry long,12/01/2021 06:00,Long,3.5,2334.301,8170.0535,-350.15,-4.29,887.03,10.86,-817.01,-10,-5653.94,-5.65
131,Exit short,16/01/2021 02:30,Short Exit,3.38,2855.49,9423.117,-228.44,-2.42,970.87,10.3,-428.32,-4.55,-5882.38,-5.88
131,Entry short,14/01/2021 17:00,Short,3.3,2855.49,9423.117,-228.44,-2.42,970.87,10.3,-428.32,-4.55,-5882.38,-5.88
132,Exit long,16/01/2021 14:30,Long Exit,3.3,3473.262,11982.7539,-520.99,-4.35,382.06,3.19,-520.99,-4.35,-6403.37,-6.4
132,Entry long,16/01/2021 04:00,Long,3.45,3473.262,11982.7539,-520.99,-4.35,382.06,3.19,-520.99,-4.35,-6403.37,-6.4
133,Exit long,18/01/2021 20:30,Long Exit,3.83,2817.966,9834.70134,958.11,9.74,1916.22,19.48,-535.41,-5.44,-5445.26,-5.45
133,Entry long,16/01/2021 18:00,Long,3.49,2817.966,9834.70134,958.11,9.74,1916.22,19.48,-535.41,-5.44,-5445.26,-5.45
134,Exit short,20/01/2021 15:30,Stop Hit,3.56,3756.522,14086.9575,713.74,5.07,1540.17,10.93,-225.39,-1.6,-4731.52,-4.73
134,Entry short,19/01/2021 18:30,Short,3.75,3756.522,14086.9575,713.74,5.07,1540.17,10.93,-225.39,-1.6,-4731.52,-4.73
135,Exit long,21/01/2021 09:00,Long Exit,3.47,3285.721,12288.59654,-887.14,-7.22,0,0,-920,-7.49,-5618.66,-5.62
135,Entry long,20/01/2021 23:30,Long,3.74,3285.721,12288.59654,-887.14,-7.22,0,0,-920,-7.49,-5618.66,-5.62
136,Exit short,22/01/2021 04:00,Stop Hit,3.16,2964.308,9871.14564,503.93,5.11,2371.45,24.02,-148.22,-1.5,-5114.73,-5.11
136,Entry short,21/01/2021 14:30,Short,3.33,2964.308,9871.14564,503.93,5.11,2371.45,24.02,-148.22,-1.5,-5114.73,-5.11
137,Exit long,24/01/2021 16:30,Long Exit,3.56,2720.664,9413.49744,272.07,2.89,897.82,9.54,-435.31,-4.62,-4842.67,-4.84
137,Entry long,22/01/2021 17:30,Long,3.46,2720.664,9413.49744,272.07,2.89,897.82,9.54,-435.31,-4.62,-4842.67,-4.84
138,Exit short,25/01/2021 15:30,Stop Hit,3.7,4545.119,15998.81888,-818.12,-5.11,363.61,2.27,-863.57,-5.4,-5660.79,-5.66
138,Entry short,25/01/2021 07:00,Short,3.52,4545.119,15998.81888,-818.12,-5.11,363.61,2.27,-863.57,-5.4,-5660.79,-5.66
139,Exit long,26/01/2021 15:00,Long Exit,3.72,2923.611,10612.70793,263.13,2.48,1286.39,12.12,-87.71,-0.83,-5397.66,-5.4
139,Entry long,25/01/2021 16:30,Long,3.63,2923.611,10612.70793,263.13,2.48,1286.39,12.12,-87.71,-0.83,-5397.66,-5.4
140,Exit long,27/01/2021 05:30,Long Exit,3.79,2059.873,8321.88692,-514.97,-6.19,82.39,0.99,-535.57,-6.44,-5912.63,-5.91
140,Entry long,26/01/2021 20:30,Long,4.04,2059.873,8321.88692,-514.97,-6.19,82.39,0.99,-535.57,-6.44,-5912.63,-5.91
141,Exit short,27/01/2021 21:00,Short Exit,3.76,2924.348,10703.11368,-292.43,-2.73,438.65,4.1,-292.43,-2.73,-6205.06,-6.21
141,Entry short,27/01/2021 09:30,Short,3.66,2924.348,10703.11368,-292.43,-2.73,438.65,4.1,-292.43,-2.73,-6205.06,-6.21
142,Exit long,29/01/2021 04:00,Long Exit,3.79,4116.535,15601.66765,0,0,699.81,4.49,-41.17,-0.26,-6205.06,-6.21
142,Entry long,28/01/2021 10:30,Long,3.79,4116.535,15601.66765,0,0,699.81,4.49,-41.17,-0.26,-6205.06,-6.21
143,Exit short,29/01/2021 15:30,Short Exit,3.84,3980.067,14567.04522,-716.41,-4.92,238.8,1.64,-796.01,-5.46,-6921.48,-6.92
143,Entry short,29/01/2021 06:00,Short,3.66,3980.067,14567.04522,-716.41,-4.92,238.8,1.64,-796.01,-5.46,-6921.48,-6.92
144,Exit long,31/01/2021 15:30,Stop Hit,4.22,3745.773,14346.31059,1460.85,10.18,3633.4,25.33,-224.75,-1.57,-5460.63,-5.46
144,Entry long,30/01/2021 00:00,Long,3.83,3745.773,14346.31059,1460.85,10.18,3633.4,25.33,-224.75,-1.57,-5460.63,-5.46
145,Exit long,03/02/2021 04:30,Long Exit,5.07,3021.83,13416.9252,1903.75,14.19,2900.96,21.62,-120.87,-0.9,-3556.87,-3.56
145,Entry long,01/02/2021 19:00,Long,4.44,3021.83,13416.9252,1903.75,14.19,2900.96,21.62,-120.87,-0.9,-3556.87,-3.56
146,Exit long,04/02/2021 09:30,Long Exit,5.66,2506.536,13811.01336,375.98,2.72,1428.73,10.34,-200.52,-1.45,-3180.89,-3.18
146,Entry long,03/02/2021 15:30,Long,5.51,2506.536,13811.01336,375.98,2.72,1428.73,10.34,-200.52,-1.45,-3180.89,-3.18
147,Exit long,06/02/2021 01:30,Stop Hit,6.52,2185.331,13308.66579,939.69,7.06,2294.6,17.24,-109.27,-0.82,-2241.2,-2.24
147,Entry long,04/02/2021 21:00,Long,6.09,2185.331,13308.66579,939.69,7.06,2294.6,17.24,-109.27,-0.82,-2241.2,-2.24
148,Exit short,06/02/2021 21:30,Short Exit,6.28,1431.691,8819.21656,-171.8,-1.95,658.58,7.47,-357.92,-4.06,-2413,-2.41
148,Entry short,06/02/2021 02:00,Short,6.16,1431.691,8819.21656,-171.8,-1.95,658.58,7.47,-357.92,-4.06,-2413,-2.41
149,Exit long,07/02/2021 16:30,Stop Hit,6.22,1712.114,10991.77188,-342.42,-3.12,787.57,7.17,-530.76,-4.83,-2755.43,-2.76
149,Entry long,07/02/2021 09:00,Long,6.42,1712.114,10991.77188,-342.42,-3.12,787.57,7.17,-530.76,-4.83,-2755.43,-2.76
150,Exit long,09/02/2021 13:00,Long Exit,7.59,1425.874,9924.08304,898.3,9.05,2181.59,21.98,-185.36,-1.87,-1857.13,-1.86
150,Entry long,08/02/2021 04:30,Long,6.96,1425.874,9924.08304,898.3,9.05,2181.59,21.98,-185.36,-1.87,-1857.13,-1.86
151,Exit short,10/02/2021 20:00,Stop Hit,8.36,1194.752,9462.43584,-525.69,-5.56,358.43,3.79,-549.59,-5.81,-2382.82,-2.38
151,Entry short,10/02/2021 13:00,Short,7.92,1194.752,9462.43584,-525.69,-5.56,358.43,3.79,-549.59,-5.81,-2382.82,-2.38
152,Exit long,11/02/2021 17:30,Long Exit,9.23,1036.792,8791.99616,777.59,8.84,1306.36,14.86,-93.31,-1.06,-1605.22,-1.61
152,Entry long,10/02/2021 20:30,Long,8.48,1036.792,8791.99616,777.59,8.84,1306.36,14.86,-93.31,-1.06,-1605.22,-1.61
153,Exit long,13/02/2021 00:00,Long Exit,9.2,1300.363,12730.55377,-767.21,-6.03,182.05,1.43,-767.21,-6.03,-2372.44,-2.37
153,Entry long,12/02/2021 11:30,Long,9.79,1300.363,12730.55377,-767.21,-6.03,182.05,1.43,-767.21,-6.03,-2372.44,-2.37
154,Exit short,14/02/2021 02:30,Short Exit,9.13,1577.485,14433.98775,31.55,0.22,914.94,6.34,-299.72,-2.08,-2340.89,-2.34
154,Entry short,13/02/2021 08:00,Short,9.15,1577.485,14433.98775,31.55,0.22,914.94,6.34,-299.72,-2.08,-2340.89,-2.34
155,Exit short,14/02/2021 17:30,Short Exit,8.95,1570.046,13470.99468,-580.92,-4.31,78.5,0.58,-643.72,-4.78,-2921.8,-2.92
155,Entry short,14/02/2021 11:30,Short,8.58,1570.046,13470.99468,-580.92,-4.31,78.5,0.58,-643.72,-4.78,-2921.8,-2.92
156,Exit short,15/02/2021 13:30,Short Exit,8.68,1652.027,13877.0268,-462.57,-3.33,1156.42,8.33,-495.61,-3.57,-3384.37,-3.38
156,Entry short,15/02/2021 02:00,Short,8.4,1652.027,13877.0268,-462.57,-3.33,1156.42,8.33,-495.61,-3.57,-3384.37,-3.38
157,Exit long,16/02/2021 01:00,Long Exit,8.74,1364.224,12250.73152,-327.41,-2.67,545.69,4.45,-545.69,-4.45,-3711.78,-3.71
157,Entry long,15/02/2021 15:30,Long,8.98,1364.224,12250.73152,-327.41,-2.67,545.69,4.45,-545.69,-4.45,-3711.78,-3.71
158,Exit short,17/02/2021 13:00,Short Exit,8.14,1643.601,13773.37638,394.46,2.86,1413.5,10.26,-49.31,-0.36,-3317.32,-3.32
158,Entry short,16/02/2021 16:00,Short,8.38,1643.601,13773.37638,394.46,2.86,1413.5,10.26,-49.31,-0.36,-3317.32,-3.32
159,Exit long,19/02/2021 02:30,Stop Hit,8.63,1672.958,14119.76552,317.86,2.25,1472.2,10.43,-83.65,-0.59,-2999.46,-3
159,Entry long,18/02/2021 02:00,Long,8.44,1672.958,14119.76552,317.86,2.25,1472.2,10.43,-83.65,-0.59,-2999.46,-3
160,Exit long,20/02/2021 09:30,Long Exit,10.82,1331.982,12427.39206,1984.65,15.97,3356.59,27.01,0,0,-1014.81,-1.01
160,Entry long,19/02/2021 07:00,Long,9.33,1331.982,12427.39206,1984.65,15.97,3356.59,27.01,0,0,-1014.81,-1.01
161,Exit long,22/02/2021 04:30,Stop Hit,10.47,1064.033,11704.363,-563.94,-4.82,712.9,6.09,-744.82,-6.36,-1578.74,-1.58
161,Entry long,21/02/2021 17:30,Long,11,1064.033,11704.363,-563.94,-4.82,712.9,6.09,-744.82,-6.36,-1578.74,-1.58
162,Exit short,22/02/2021 17:00,Stop Hit,11.14,840.035,8400.35,-957.64,-11.4,756.03,9,-1033.24,-12.3,-2536.38,-2.54
162,Entry short,22/02/2021 10:30,Short,10,840.035,8400.35,-957.64,-11.4,756.03,9,-1033.24,-12.3,-2536.38,-2.54
163,Exit long,23/02/2021 08:30,Long Exit,12.28,508.148,5955.49456,284.56,4.78,1788.68,30.03,-193.1,-3.24,-2251.82,-2.25
163,Entry long,22/02/2021 18:00,Long,11.72,508.148,5955.49456,284.56,4.78,1788.68,30.03,-193.1,-3.24,-2251.82,-2.25
164,Exit long,25/02/2021 03:30,Long Exit,16.38,245.155,3858.7397,156.9,4.07,605.53,15.69,-431.47,-11.18,-2094.92,-2.09
164,Entry long,23/02/2021 14:00,Long,15.74,245.155,3858.7397,156.9,4.07,605.53,15.69,-431.47,-11.18,-2094.92,-2.09
165,Exit short,26/02/2021 16:30,Short Exit,14.84,574.736,8839.43968,310.36,3.51,1310.4,14.82,-63.22,-0.72,-1784.56,-1.78
165,Entry short,25/02/2021 18:00,Short,15.38,574.736,8839.43968,310.36,3.51,1310.4,14.82,-63.22,-0.72,-1784.56,-1.78
166,Exit short,28/02/2021 20:00,Stop Hit,13.27,749.944,9794.26864,-157.49,-1.61,1229.91,12.56,-329.98,-3.37,-1942.05,-1.94
166,Entry short,27/02/2021 23:30,Short,13.06,749.944,9794.26864,-157.49,-1.61,1229.91,12.56,-329.98,-3.37,-1942.05,-1.94
167,Exit long,02/03/2021 02:30,Long Exit,14.6,573.171,8098.90623,269.39,3.33,813.9,10.05,-246.46,-3.04,-1672.66,-1.67
167,Entry long,01/03/2021 01:00,Long,14.13,573.171,8098.90623,269.39,3.33,813.9,10.05,-246.46,-3.04,-1672.66,-1.67
168,Exit short,03/03/2021 06:00,Short Exit,13.96,886.862,12593.4404,212.85,1.69,753.83,5.99,-97.55,-0.77,-1459.81,-1.46
168,Entry short,02/03/2021 17:00,Short,14.2,886.862,12593.4404,212.85,1.69,753.83,5.99,-97.55,-0.77,-1459.81,-1.46
169,Exit short,05/03/2021 13:30,Short Exit,12.73,1012.413,13971.2994,1083.28,7.75,1690.73,12.1,-91.12,-0.65,-376.53,-0.38
169,Entry short,04/03/2021 04:30,Short,13.8,1012.413,13971.2994,1083.28,7.75,1690.73,12.1,-91.12,-0.65,-376.53,-0.38
170,Exit short,06/03/2021 14:00,Stop Hit,12.23,1494.628,18159.7302,-119.57,-0.66,373.66,2.06,-1270.43,-7,-496.1,-0.5
170,Entry short,06/03/2021 11:00,Short,12.15,1494.628,18159.7302,-119.57,-0.66,373.66,2.06,-1270.43,-7,-496.1,-0.5
171,Exit long,08/03/2021 03:00,Long Exit,13.53,1157.15,15077.6645,578.58,3.84,1134.01,7.52,-381.86,-2.53,82.47,0.08
171,Entry long,06/03/2021 20:30,Long,13.03,1157.15,15077.6645,578.58,3.84,1134.01,7.52,-381.86,-2.53,82.47,0.08
172,Exit short,08/03/2021 15:30,Short Exit,13.59,1431.125,18962.40625,-486.58,-2.57,14.31,0.08,-543.83,-2.87,-404.11,-0.4
172,Entry short,08/03/2021 14:00,Short,13.25,1431.125,18962.40625,-486.58,-2.57,14.31,0.08,-543.83,-2.87,-404.11,-0.4
173,Exit long,10/03/2021 02:00,Long Exit,14.53,1308.149,18209.43408,797.97,4.38,1687.51,9.27,-156.98,-0.86,393.86,0.39
173,Entry long,09/03/2021 04:00,Long,13.92,1308.149,18209.43408,797.97,4.38,1687.51,9.27,-156.98,-0.86,393.86,0.39
174,Exit short,11/03/2021 13:30,Short Exit,14.26,1308.637,18700.42273,39.26,0.21,811.35,4.34,-209.38,-1.12,433.12,0.43
174,Entry short,10/03/2021 21:30,Short,14.29,1308.637,18700.42273,39.26,0.21,811.35,4.34,-209.38,-1.12,433.12,0.43
175,Exit long,12/03/2021 10:30,Long Exit,15.4,947.043,14442.40575,142.06,0.98,1183.8,8.2,-28.41,-0.2,575.18,0.58
175,Entry long,11/03/2021 17:30,Long,15.25,947.043,14442.40575,142.06,0.98,1183.8,8.2,-28.41,-0.2,575.18,0.58
176,Exit short,13/03/2021 10:00,Short Exit,14.66,732.853,10443.15525,-300.47,-2.88,300.47,2.88,-315.13,-3.02,274.71,0.27
176,Entry short,12/03/2021 20:30,Short,14.25,732.853,10443.15525,-300.47,-2.88,300.47,2.88,-315.13,-3.02,274.71,0.27
177,Exit long,14/03/2021 04:30,Long Exit,14.83,1133.717,17311.85859,-498.84,-2.88,158.72,0.92,-714.24,-4.13,-224.13,-0.22
177,Entry long,13/03/2021 23:00,Long,15.27,1133.717,17311.85859,-498.84,-2.88,158.72,0.92,-714.24,-4.13,-224.13,-0.22
178,Exit short,15/03/2021 20:30,Short Exit,14.36,1192.41,17099.1594,-23.85,-0.14,858.54,5.02,-47.7,-0.28,-247.98,-0.25
178,Entry short,15/03/2021 05:30,Short,14.34,1192.41,17099.1594,-23.85,-0.14,858.54,5.02,-47.7,-0.28,-247.98,-0.25
179,Exit short,16/03/2021 16:30,Short Exit,13.96,1167.489,15854.50062,-443.65,-2.8,513.7,3.24,-467,-2.95,-691.62,-0.69
179,Entry short,16/03/2021 01:30,Short,13.58,1167.489,15854.50062,-443.65,-2.8,513.7,3.24,-467,-2.95,-691.62,-0.69
180,Exit short,17/03/2021 16:30,Stop Hit,13.9,1462.032,19240.34112,-1081.9,-5.62,58.48,0.3,-1169.63,-6.08,-1773.53,-1.77
180,Entry short,17/03/2021 10:00,Short,13.16,1462.032,19240.34112,-1081.9,-5.62,58.48,0.3,-1169.63,-6.08,-1773.53,-1.77
181,Exit long,18/03/2021 11:30,Long Exit,14.06,1261.215,17682.2343,50.45,0.29,580.16,3.28,-189.18,-1.07,-1723.08,-1.72
181,Entry long,17/03/2021 17:30,Long,14.02,1261.215,17682.2343,50.45,0.29,580.16,3.28,-189.18,-1.07,-1723.08,-1.72
182,Exit long,19/03/2021 00:30,Long Exit,13.97,1501.225,22007.9585,-1035.85,-4.71,135.11,0.61,-1080.88,-4.91,-2758.92,-2.76
182,Entry long,18/03/2021 18:00,Long,14.66,1501.225,22007.9585,-1035.85,-4.71,135.11,0.61,-1080.88,-4.91,-2758.92,-2.76
183,Exit short,19/03/2021 12:30,Short Exit,14.26,1383.29,19324.5613,-401.15,-2.08,152.16,0.79,-456.49,-2.36,-3160.08,-3.16
183,Entry short,19/03/2021 00:30,Short,13.97,1383.29,19324.5613,-401.15,-2.08,152.16,0.79,-456.49,-2.36,-3160.08,-3.16
184,Exit long,20/03/2021 20:30,Long Exit,14.47,2054.663,29710.42698,20.55,0.07,1068.42,3.6,-82.19,-0.28,-3139.53,-3.14
184,Entry long,20/03/2021 07:00,Long,14.46,2054.663,29710.42698,20.55,0.07,1068.42,3.6,-82.19,-0.28,-3139.53,-3.14
185,Exit short,21/03/2021 15:30,Short Exit,14.03,1532.564,21394.59344,-107.28,-0.5,490.42,2.29,-214.56,-1,-3246.81,-3.25
185,Entry short,21/03/2021 03:00,Short,13.96,1532.564,21394.59344,-107.28,-0.5,490.42,2.29,-214.56,-1,-3246.81,-3.25
186,Exit long,22/03/2021 17:00,Long Exit,15.64,1331.574,19467.61188,1358.21,6.98,2623.2,13.47,-93.21,-0.48,-1888.6,-1.89
186,Entry long,22/03/2021 02:30,Long,14.62,1331.574,19467.61188,1358.21,6.98,2623.2,13.47,-93.21,-0.48,-1888.6,-1.89
187,Exit short,24/03/2021 07:30,Short Exit,14.56,818.818,11651.78014,-270.21,-2.32,294.77,2.53,-483.1,-4.15,-2158.81,-2.16
187,Entry short,23/03/2021 06:30,Short,14.23,818.818,11651.78014,-270.21,-2.32,294.77,2.53,-483.1,-4.15,-2158.81,-2.16
188,Exit long,24/03/2021 20:00,Long Exit,14.65,1238.031,18174.29508,-37.14,-0.2,854.24,4.7,-123.8,-0.68,-2195.96,-2.2
188,Entry long,24/03/2021 10:30,Long,14.68,1238.031,18174.29508,-37.14,-0.2,854.24,4.7,-123.8,-0.68,-2195.96,-2.2
189,Exit short,26/03/2021 01:00,Short Exit,13.18,961.34,13314.559,644.1,4.84,1326.65,9.96,-76.91,-0.58,-1551.86,-1.55
189,Entry short,24/03/2021 22:30,Short,13.85,961.34,13314.559,644.1,4.84,1326.65,9.96,-76.91,-0.58,-1551.86,-1.55
190,Exit short,26/03/2021 06:00,Stop Hit,13.45,1018.785,12592.1826,-1110.48,-8.82,61.13,0.49,-1141.04,-9.06,-2662.33,-2.66
190,Entry short,26/03/2021 03:00,Short,12.36,1018.785,12592.1826,-1110.48,-8.82,61.13,0.49,-1141.04,-9.06,-2662.33,-2.66
191,Exit long,29/03/2021 06:30,Long Exit,17.76,938.486,12810.3339,3857.18,30.11,5377.53,41.98,-290.93,-2.27,1194.84,1.19
191,Entry long,26/03/2021 07:00,Long,13.65,938.486,12810.3339,3857.18,30.11,5377.53,41.98,-290.93,-2.27,1194.84,1.19
192,Exit long,30/03/2021 17:00,Long Exit,19.42,774.261,15067.11906,-30.97,-0.21,1091.71,7.25,-201.31,-1.34,1163.87,1.16
192,Entry long,30/03/2021 01:30,Long,19.46,774.261,15067.11906,-30.97,-0.21,1091.71,7.25,-201.31,-1.34,1163.87,1.16
193,Exit short,31/03/2021 13:00,Short Exit,19.44,794.153,14572.70755,-865.63,-5.94,277.95,1.91,-913.28,-6.27,298.25,0.3
193,Entry short,31/03/2021 04:30,Short,18.35,794.153,14572.70755,-865.63,-5.94,277.95,1.91,-913.28,-6.27,298.25,0.3
194,Exit long,01/04/2021 12:30,Long Exit,19.21,746.316,14560.62516,-223.89,-1.54,634.37,4.36,-246.28,-1.69,74.35,0.07
194,Entry long,31/03/2021 21:00,Long,19.51,746.316,14560.62516,-223.89,-1.54,634.37,4.36,-246.28,-1.69,74.35,0.07
195,Exit short,02/04/2021 13:30,Short Exit,19.29,902.137,17032.34656,-369.88,-2.17,487.15,2.86,-496.18,-2.91,-295.52,-0.3
195,Entry short,01/04/2021 19:00,Short,18.88,902.137,17032.34656,-369.88,-2.17,487.15,2.86,-496.18,-2.91,-295.52,-0.3
196,Exit long,03/04/2021 17:00,Stop Hit,21.02,1112.107,21674.96543,1701.52,7.85,3681.07,16.98,-544.93,-2.51,1406,1.41
196,Entry long,02/04/2021 17:00,Long,19.49,1112.107,21674.96543,1701.52,7.85,3681.07,16.98,-544.93,-2.51,1406,1.41
197,Exit long,04/04/2021 22:30,Long Exit,23.32,403.361,9410.41213,-4.03,-0.04,887.39,9.43,-540.5,-5.74,1401.97,1.4
197,Entry long,03/04/2021 23:00,Long,23.33,403.361,9410.41213,-4.03,-0.04,887.39,9.43,-540.5,-5.74,1401.97,1.4
198,Exit short,06/04/2021 09:30,Short Exit,23.21,579.348,13319.21052,-127.46,-0.96,324.43,2.44,-457.68,-3.44,1274.51,1.27
198,Entry short,06/04/2021 01:00,Short,22.99,579.348,13319.21052,-127.46,-0.96,324.43,2.44,-457.68,-3.44,1274.51,1.27
199,Exit short,06/04/2021 18:30,Short Exit,23.74,559.094,12484.56902,-788.32,-6.31,318.68,2.55,-838.64,-6.72,486.19,0.49
199,Entry short,06/04/2021 12:00,Short,22.33,559.094,12484.56902,-788.32,-6.31,318.68,2.55,-838.64,-6.72,486.19,0.49
200,Exit long,07/04/2021 12:30,Stop Hit,23.51,431.869,10455.54849,-302.31,-2.89,963.07,9.21,-388.68,-3.72,183.88,0.18
200,Entry long,06/04/2021 20:30,Long,24.21,431.869,10455.54849,-302.31,-2.89,963.07,9.21,-388.68,-3.72,183.88,0.18
201,Exit long,08/04/2021 16:00,Long Exit,25.97,247.853,6535.88361,-99.14,-1.52,404,6.18,-272.64,-4.17,84.74,0.08
201,Entry long,07/04/2021 15:00,Long,26.37,247.853,6535.88361,-99.14,-1.52,404,6.18,-272.64,-4.17,84.74,0.08
202,Exit long,10/04/2021 00:30,Long Exit,27.71,442.18,12173.2154,79.59,0.65,650,5.34,-132.65,-1.09,164.33,0.16
202,Entry long,09/04/2021 04:00,Long,27.53,442.18,12173.2154,79.59,0.65,650,5.34,-132.65,-1.09,164.33,0.16
203,Exit short,11/04/2021 14:30,Short Exit,26.47,451.979,12298.34859,334.46,2.72,768.36,6.25,-447.46,-3.64,498.79,0.5
203,Entry short,10/04/2021 06:00,Short,27.21,451.979,12298.34859,334.46,2.72,768.36,6.25,-447.46,-3.64,498.79,0.5
204,Exit long,12/04/2021 11:00,Long Exit,27.91,543.434,15313.97012,-146.73,-0.96,951.01,6.21,-293.45,-1.92,352.07,0.35
204,Entry long,11/04/2021 19:30,Long,28.18,543.434,15313.97012,-146.73,-0.96,951.01,6.21,-293.45,-1.92,352.07,0.35
205,Exit short,13/04/2021 17:00,Short Exit,27.49,576.977,15526.45107,-334.65,-2.16,375.04,2.42,-605.83,-3.9,17.42,0.02
205,Entry short,13/04/2021 08:00,Short,26.91,576.977,15526.45107,-334.65,-2.16,375.04,2.42,-605.83,-3.9,17.42,0.02
206,Exit short,15/04/2021 08:30,Short Exit,26.7,504.608,13296.4208,-176.61,-1.33,832.6,6.26,-479.38,-3.61,-159.19,-0.16
206,Entry short,14/04/2021 03:30,Short,26.35,504.608,13296.4208,-176.61,-1.33,832.6,6.26,-479.38,-3.61,-159.19,-0.16
207,Exit long,16/04/2021 07:30,Long Exit,26.84,505.65,13839.6405,-267.99,-1.94,450.03,3.25,-328.67,-2.37,-427.19,-0.43
207,Entry long,15/04/2021 14:00,Long,27.37,505.65,13839.6405,-267.99,-1.94,450.03,3.25,-328.67,-2.37,-427.19,-0.43
208,Exit short,17/04/2021 05:30,Short Exit,26.07,475.147,12235.03525,-152.05,-1.24,427.63,3.5,-218.57,-1.79,-579.23,-0.58
208,Entry short,16/04/2021 12:00,Short,25.75,475.147,12235.03525,-152.05,-1.24,427.63,3.5,-218.57,-1.79,-579.23,-0.58
209,Exit short,18/04/2021 07:30,Stop Hit,24.98,606.421,15184.78184,36.39,0.24,2389.3,15.73,-60.64,-0.4,-542.85,-0.54
209,Entry short,18/04/2021 00:30,Short,25.04,606.421,15184.78184,36.39,0.24,2389.3,15.73,-60.64,-0.4,-542.85,-0.54
210,Exit long,19/04/2021 11:30,Long Exit,30.12,305.115,8164.8774,1025.19,12.56,1900.87,23.28,-570.57,-6.99,482.34,0.48
210,Entry long,18/04/2021 08:30,Long,26.76,305.115,8164.8774,1025.19,12.56,1900.87,23.28,-570.57,-6.99,482.34,0.48
211,Exit long,20/04/2021 02:00,Long Exit,29.42,219.215,7453.31,-1004,-13.47,460.35,6.18,-1137.73,-15.26,-521.67,-0.52
211,Entry long,19/04/2021 12:30,Long,34,219.215,7453.31,-1004,-13.47,460.35,6.18,-1137.73,-15.26,-521.67,-0.52
212,Exit short,20/04/2021 21:00,Short Exit,31.79,144.085,4238.9807,-341.48,-8.06,64.84,1.53,-487.01,-11.49,-863.15,-0.86
212,Entry short,20/04/2021 02:00,Short,29.42,144.085,4238.9807,-341.48,-8.06,64.84,1.53,-487.01,-11.49,-863.15,-0.86
213,Exit long,22/04/2021 22:00,Long Exit,35.96,221.339,7691.53025,267.82,3.48,1328.03,17.27,-728.21,-9.47,-595.33,-0.6
213,Entry long,21/04/2021 16:00,Long,34.75,221.339,7691.53025,267.82,3.48,1328.03,17.27,-728.21,-9.47,-595.33,-0.6
214,Exit long,23/04/2021 06:00,Long Exit,33.33,128.378,5153.09292,-874.25,-16.97,205.4,3.99,-890.94,-17.29,-1469.58,-1.47
214,Entry long,23/04/2021 00:00,Long,40.14,128.378,5153.09292,-874.25,-16.97,205.4,3.99,-890.94,-17.29,-1469.58,-1.47
215,Exit short,23/04/2021 21:30,Short Exit,36.9,102.228,3407.25924,-364.95,-10.71,188.1,5.52,-369.04,-10.83,-1834.54,-1.83
215,Entry short,23/04/2021 06:00,Short,33.33,102.228,3407.25924,-364.95,-10.71,188.1,5.52,-369.04,-10.83,-1834.54,-1.83
216,Exit long,26/04/2021 21:30,Long Exit,44.81,196.393,7667.18272,1133.19,14.78,1885.37,24.59,-143.37,-1.87,-701.35,-0.7
216,Entry long,24/04/2021 17:30,Long,39.04,196.393,7667.18272,1133.19,14.78,1885.37,24.59,-143.37,-1.87,-701.35,-0.7
217,Exit short,28/04/2021 03:30,Short Exit,45.02,228.531,9966.23691,-322.23,-3.23,361.08,3.62,-340.51,-3.42,-1023.58,-1.02
217,Entry short,27/04/2021 15:30,Short,43.61,228.531,9966.23691,-322.23,-3.23,361.08,3.62,-340.51,-3.42,-1023.58,-1.02
218,Exit short,28/04/2021 13:30,Short Exit,45.2,233.131,9551.37707,-986.14,-10.32,104.91,1.1,-986.14,-10.32,-2009.72,-2.01
218,Entry short,28/04/2021 07:30,Short,40.97,233.131,9551.37707,-986.14,-10.32,104.91,1.1,-986.14,-10.32,-2009.72,-2.01
219,Exit long,29/04/2021 03:00,Long Exit,44.45,199.71,9286.515,-409.41,-4.41,91.87,0.99,-603.12,-6.49,-2419.13,-2.42
219,Entry long,28/04/2021 15:00,Long,46.5,199.71,9286.515,-409.41,-4.41,91.87,0.99,-603.12,-6.49,-2419.13,-2.42
220,Exit short,30/04/2021 06:00,Short Exit,42.95,217.744,9221.4584,-130.65,-1.42,313.55,3.4,-152.42,-1.65,-2549.77,-2.55
220,Entry short,29/04/2021 18:30,Short,42.35,217.744,9221.4584,-130.65,-1.42,313.55,3.4,-152.42,-1.65,-2549.77,-2.55
221,Exit long,02/05/2021 05:30,Long Exit,47.73,380.326,16776.17986,1376.78,8.21,2236.32,13.33,-171.15,-1.02,-1172.99,-1.17
221,Entry long,01/05/2021 12:30,Long,44.11,380.326,16776.17986,1376.78,8.21,2236.32,13.33,-171.15,-1.02,-1172.99,-1.17
222,Exit long,03/05/2021 15:00,Long Exit,47.71,344.371,16867.29158,-437.35,-2.59,6.89,0.04,-802.38,-4.76,-1610.34,-1.61
222,Entry long,03/05/2021 09:30,Long,48.98,344.371,16867.29158,-437.35,-2.59,6.89,0.04,-802.38,-4.76,-1610.34,-1.61
223,Exit short,04/05/2021 08:30,Short Exit,46.95,300.825,13855.9995,-267.73,-1.93,881.42,6.36,-373.02,-2.69,-1878.08,-1.88
223,Entry short,03/05/2021 21:30,Short,46.06,300.825,13855.9995,-267.73,-1.93,881.42,6.36,-373.02,-2.69,-1878.08,-1.88
224,Exit short,05/05/2021 10:30,Short Exit,45.35,214.335,9437.17005,-282.92,-3,379.37,4.02,-372.94,-3.95,-2161,-2.16
224,Entry short,04/05/2021 16:30,Short,44.03,214.335,9437.17005,-282.92,-3,379.37,4.02,-372.94,-3.95,-2161,-2.16
225,Exit long,06/05/2021 01:30,Long Exit,44.09,280.623,12860.95209,-488.28,-3.8,47.71,0.37,-637.01,-4.95,-2649.28,-2.65
225,Entry long,05/05/2021 20:30,Long,45.83,280.623,12860.95209,-488.28,-3.8,47.71,0.37,-637.01,-4.95,-2649.28,-2.65
226,Exit short,07/05/2021 17:00,Stop Hit,44.94,380.072,16479.92192,-600.51,-3.64,737.34,4.47,-634.72,-3.85,-3249.8,-3.25
226,Entry short,06/05/2021 20:00,Short,43.36,380.072,16479.92192,-600.51,-3.64,737.34,4.47,-634.72,-3.85,-3249.8,-3.25
227,Exit long,08/05/2021 00:00,Long Exit,42.59,351.601,15800.94894,-826.26,-5.23,457.08,2.89,-952.84,-6.03,-4076.06,-4.08
227,Entry long,07/05/2021 17:00,Long,44.94,351.601,15800.94894,-826.26,-5.23,457.08,2.89,-952.84,-6.03,-4076.06,-4.08
228,Exit long,09/05/2021 05:30,Stop Hit,44.31,293.512,13501.552,-496.04,-3.67,337.54,2.5,-997.94,-7.39,-4572.1,-4.57
228,Entry long,08/05/2021 23:30,Long,46,293.512,13501.552,-496.04,-3.67,337.54,2.5,-997.94,-7.39,-4572.1,-4.57
229,Exit short,10/05/2021 03:00,Short Exit,45.09,252.519,11189.11689,-196.96,-1.76,257.57,2.3,-477.26,-4.27,-4769.06,-4.77
229,Entry short,09/05/2021 05:30,Short,44.31,252.519,11189.11689,-196.96,-1.76,257.57,2.3,-477.26,-4.27,-4769.06,-4.77
230,Exit short,11/05/2021 19:30,Short Exit,42.35,351.896,15198.38824,295.59,1.94,1474.44,9.7,-285.04,-1.88,-4473.47,-4.47
230,Entry short,10/05/2021 16:00,Short,43.19,351.896,15198.38824,295.59,1.94,1474.44,9.7,-285.04,-1.88,-4473.47,-4.47
231,Exit long,12/05/2021 19:30,Long Exit,44.94,272.524,12031.9346,215.29,1.79,1103.72,9.17,-128.09,-1.06,-4258.17,-4.26
231,Entry long,11/05/2021 22:30,Long,44.15,272.524,12031.9346,215.29,1.79,1103.72,9.17,-128.09,-1.06,-4258.17,-4.26
232,Exit long,13/05/2021 01:00,Long Exit,43.39,150.78,7358.064,-815.72,-11.09,66.34,0.9,-998.16,-13.57,-5073.89,-5.07
232,Entry long,12/05/2021 23:00,Long,48.8,150.78,7358.064,-815.72,-11.09,66.34,0.9,-998.16,-13.57,-5073.89,-5.07
233,Exit short,14/05/2021 11:00,Short Exit,42,103.849,4506.00811,144.35,3.2,618.94,13.74,-219.12,-4.86,-4929.54,-4.93
233,Entry short,13/05/2021 01:00,Short,43.39,103.849,4506.00811,144.35,3.2,618.94,13.74,-219.12,-4.86,-4929.54,-4.93
234,Exit long,14/05/2021 22:00,Long Exit,41.41,230.19,9990.246,-458.08,-4.59,345.29,3.46,-458.08,-4.59,-5387.62,-5.39
234,Entry long,14/05/2021 15:30,Long,43.4,230.19,9990.246,-458.08,-4.59,345.29,3.46,-458.08,-4.59,-5387.62,-5.39
235,Exit short,15/05/2021 21:00,Short Exit,42.28,255.018,10391.9835,-390.18,-3.75,367.23,3.53,-390.18,-3.75,-5777.8,-5.78
235,Entry short,15/05/2021 12:00,Short,40.75,255.018,10391.9835,-390.18,-3.75,367.23,3.53,-390.18,-3.75,-5777.8,-5.78
236,Exit long,16/05/2021 18:30,Long Exit,46.45,216.623,9719.87401,342.26,3.52,1674.5,17.23,-454.91,-4.68,-5435.54,-5.44
236,Entry long,16/05/2021 00:00,Long,44.87,216.623,9719.87401,342.26,3.52,1674.5,17.23,-454.91,-4.68,-5435.54,-5.44
237,Exit long,19/05/2021 04:00,Long Exit,51.76,135.162,7200.07974,-204.09,-2.83,690.68,9.59,-306.82,-4.26,-5639.63,-5.64
237,Entry long,18/05/2021 09:30,Long,53.27,135.162,7200.07974,-204.09,-2.83,690.68,9.59,-306.82,-4.26,-5639.63,-5.64
238,Exit short,20/05/2021 08:30,Short Exit,42.2,85.69,4077.1302,461.01,11.31,1806.35,44.3,-437.02,-10.72,-5178.62,-5.18
238,Entry short,19/05/2021 06:00,Short,47.58,85.69,4077.1302,461.01,11.31,1806.35,44.3,-437.02,-10.72,-5178.62,-5.18
239,Exit long,21/05/2021 06:00,Long Exit,44.17,76.372,3600.9398,-227.59,-6.32,158.09,4.39,-282.58,-7.85,-5406.21,-5.41
239,Entry long,20/05/2021 18:30,Long,47.15,76.372,3600.9398,-227.59,-6.32,158.09,4.39,-282.58,-7.85,-5406.21,-5.41
240,Exit short,24/05/2021 04:00,Short Exit,26.51,102.681,3887.50266,1165.43,29.98,1924.24,49.5,-240.27,-6.18,-4240.78,-4.24
240,Entry short,21/05/2021 15:30,Short,37.86,102.681,3887.50266,1165.43,29.98,1924.24,49.5,-240.27,-6.18,-4240.78,-4.24
241,Exit long,25/05/2021 05:30,Long Exit,27.94,136.959,4149.8577,-323.22,-7.79,397.18,9.57,-350.62,-8.45,-4564,-4.56
241,Entry long,24/05/2021 13:00,Long,30.3,136.959,4149.8577,-323.22,-7.79,397.18,9.57,-350.62,-8.45,-4564,-4.56
242,Exit short,25/05/2021 23:00,Short Exit,29.96,166.403,4452.94428,-532.49,-11.96,108.16,2.43,-539.15,-12.11,-5096.49,-5.1
242,Entry short,25/05/2021 12:00,Short,26.76,166.403,4452.94428,-532.49,-11.96,108.16,2.43,-539.15,-12.11,-5096.49,-5.1
243,Exit long,26/05/2021 20:30,Long Exit,32.95,195.121,6364.84702,64.39,1.01,903.41,14.19,-27.32,-0.43,-5032.1,-5.03
243,Entry long,26/05/2021 06:00,Long,32.62,195.121,6364.84702,64.39,1.01,903.41,14.19,-27.32,-0.43,-5032.1,-5.03
244,Exit short,30/05/2021 06:30,Short Exit,27.77,235.636,7144.48352,600.87,8.41,1114.56,15.6,-358.17,-5.01,-4431.23,-4.43
244,Entry short,28/05/2021 07:30,Short,30.32,235.636,7144.48352,600.87,8.41,1114.56,15.6,-358.17,-5.01,-4431.23,-4.43
245,Exit long,01/06/2021 09:30,Long Exit,30.99,372.553,11284.63037,260.79,2.31,1113.93,9.87,-40.98,-0.36,-4170.44,-4.17
245,Entry long,31/05/2021 08:30,Long,30.29,372.553,11284.63037,260.79,2.31,1113.93,9.87,-40.98,-0.36,-4170.44,-4.17
246,Exit short,02/06/2021 08:30,Short Exit,31.46,335.086,10082.73774,-459.07,-4.55,30.16,0.3,-479.17,-4.75,-4629.51,-4.63
246,Entry short,01/06/2021 21:00,Short,30.09,335.086,10082.73774,-459.07,-4.55,30.16,0.3,-479.17,-4.75,-4629.51,-4.63
247,Exit long,04/06/2021 02:30,Long Exit,37.96,447.711,14514.79062,2480.32,17.09,4074.17,28.07,-13.43,-0.09,-2149.19,-2.15
247,Entry long,02/06/2021 13:00,Long,32.42,447.711,14514.79062,2480.32,17.09,4074.17,28.07,-13.43,-0.09,-2149.19,-2.15
248,Exit short,04/06/2021 17:30,Short Exit,37.79,187.507,6709.00046,-376.89,-5.62,298.14,4.44,-532.52,-7.94,-2526.08,-2.53
248,Entry short,04/06/2021 08:30,Short,35.78,187.507,6709.00046,-376.89,-5.62,298.14,4.44,-532.52,-7.94,-2526.08,-2.53
249,Exit long,05/06/2021 22:30,Long Exit,37.88,189.982,7821.55894,-625.04,-7.99,307.77,3.93,-628.84,-8.04,-3151.12,-3.15
249,Entry long,05/06/2021 03:30,Long,41.17,189.982,7821.55894,-625.04,-7.99,307.77,3.93,-628.84,-8.04,-3151.12,-3.15
250,Exit long,07/06/2021 16:00,Long Exit,42.59,245.528,10221.33064,235.71,2.31,631.01,6.17,-353.56,-3.46,-2915.41,-2.92
250,Entry long,06/06/2021 14:00,Long,41.63,245.528,10221.33064,235.71,2.31,631.01,6.17,-353.56,-3.46,-2915.41,-2.92
251,Exit short,08/06/2021 17:30,Short Exit,37.14,248.328,10216.21392,993.31,9.72,1872.39,18.33,-2.48,-0.02,-1922.1,-1.92
251,Entry short,07/06/2021 22:00,Short,41.14,248.328,10216.21392,993.31,9.72,1872.39,18.33,-2.48,-0.02,-1922.1,-1.92
252,Exit long,09/06/2021 19:00,Long Exit,41.52,153.996,6683.4264,-289.51,-4.33,92.4,1.38,-324.93,-4.86,-2211.61,-2.21
252,Entry long,09/06/2021 07:30,Long,43.4,153.996,6683.4264,-289.51,-4.33,92.4,1.38,-324.93,-4.86,-2211.61,-2.21
253,Exit short,12/06/2021 13:30,Short Exit,37.22,279.377,11325.94358,927.53,8.19,1799.19,15.89,-282.17,-2.49,-1284.08,-1.28
253,Entry short,10/06/2021 17:30,Short,40.54,279.377,11325.94358,927.53,8.19,1799.19,15.89,-282.17,-2.49,-1284.08,-1.28
254,Exit short,13/06/2021 19:00,Short Exit,36.99,403.048,14126.8324,-781.91,-5.53,133.01,0.94,-890.74,-6.31,-2065.99,-2.07
254,Entry short,13/06/2021 15:30,Short,35.05,403.048,14126.8324,-781.91,-5.53,133.01,0.94,-890.74,-6.31,-2065.99,-2.07
255,Exit long,14/06/2021 09:00,Long Exit,37.79,338.191,12932.42384,-152.19,-1.18,405.83,3.14,-233.35,-1.8,-2218.18,-2.22
255,Entry long,13/06/2021 19:30,Long,38.24,338.191,12932.42384,-152.19,-1.18,405.83,3.14,-233.35,-1.8,-2218.18,-2.22
256,Exit long,15/06/2021 15:30,Long Exit,39.88,303.794,12115.30472,0,0,565.06,4.66,-431.39,-3.56,-2218.18,-2.22
256,Entry long,14/06/2021 17:00,Long,39.88,303.794,12115.30472,0,0,565.06,4.66,-431.39,-3.56,-2218.18,-2.22
257,Exit short,16/06/2021 17:30,Stop Hit,39.83,356.085,13883.75415,-299.11,-2.15,548.37,3.95,-982.79,-7.08,-2517.29,-2.52
257,Entry short,16/06/2021 02:30,Short,38.99,356.085,13883.75415,-299.11,-2.15,548.37,3.95,-982.79,-7.08,-2517.29,-2.52
258,Exit long,17/06/2021 13:30,Long Exit,39.88,295.531,11770.99973,14.78,0.13,422.61,3.59,-372.37,-3.16,-2502.52,-2.5
258,Entry long,16/06/2021 17:30,Long,39.83,295.531,11770.99973,14.78,0.13,422.61,3.59,-372.37,-3.16,-2502.52,-2.5
259,Exit short,19/06/2021 02:30,Short Exit,37.01,355.495,13693.6674,536.8,3.92,1286.89,9.4,-348.39,-2.54,-1965.72,-1.97
259,Entry short,18/06/2021 03:30,Short,38.52,355.495,13693.6674,536.8,3.92,1286.89,9.4,-348.39,-2.54,-1965.72,-1.97
260,Exit short,20/06/2021 21:00,Stop Hit,35.03,392.467,13559.73485,-188.38,-1.39,1275.52,9.41,-427.79,-3.15,-2154.1,-2.15
260,Entry short,20/06/2021 01:30,Short,34.55,392.467,13559.73485,-188.38,-1.39,1275.52,9.41,-427.79,-3.15,-2154.1,-2.15
261,Exit short,22/06/2021 17:00,Stop Hit,25.67,265.654,8713.4512,1894.11,21.74,3349.9,38.45,-156.74,-1.8,-259.99,-0.26
261,Entry short,21/06/2021 06:00,Short,32.8,265.654,8713.4512,1894.11,21.74,3349.9,38.45,-156.74,-1.8,-259.99,-0.26
262,Exit long,23/06/2021 17:00,Long Exit,29.06,149.002,4379.16878,-49.17,-1.12,523,11.94,-98.34,-2.25,-309.16,-0.31
262,Entry long,23/06/2021 02:00,Long,29.39,149.002,4379.16878,-49.17,-1.12,523,11.94,-98.34,-2.25,-309.16,-0.31
263,Exit long,25/06/2021 09:00,Long Exit,31.26,251.41,8135.6276,-276.55,-3.4,160.9,1.98,-387.17,-4.76,-585.71,-0.59
263,Entry long,24/06/2021 18:00,Long,32.36,251.41,8135.6276,-276.55,-3.4,160.9,1.98,-387.17,-4.76,-585.71,-0.59
264,Exit short,27/06/2021 01:00,Short Exit,29.69,264.723,7941.69,82.06,1.03,884.17,11.13,-209.13,-2.63,-503.65,-0.5
264,Entry short,25/06/2021 13:30,Short,30,264.723,7941.69,82.06,1.03,884.17,11.13,-209.13,-2.63,-503.65,-0.5
265,Exit long,27/06/2021 20:30,Long Exit,29.76,306.135,9312.6267,-202.05,-2.17,238.79,2.56,-251.03,-2.7,-705.7,-0.71
265,Entry long,27/06/2021 02:30,Long,30.42,306.135,9312.6267,-202.05,-2.17,238.79,2.56,-251.03,-2.7,-705.7,-0.71
266,Exit long,29/06/2021 23:30,Long Exit,33.8,404.311,12606.41698,1059.29,8.4,1884.09,14.95,-88.95,-0.71,353.6,0.35
266,Entry long,27/06/2021 23:30,Long,31.18,404.311,12606.41698,1059.29,8.4,1884.09,14.95,-88.95,-0.71,353.6,0.35
267,Exit short,30/06/2021 21:00,Short Exit,34.32,345.923,11152.55752,-719.52,-6.45,235.23,2.11,-778.33,-6.98,-365.92,-0.37
267,Entry short,30/06/2021 05:00,Short,32.24,345.923,11152.55752,-719.52,-6.45,235.23,2.11,-778.33,-6.98,-365.92,-0.37
268,Exit long,01/07/2021 08:00,Long Exit,33.28,305.181,10772.8893,-616.47,-5.72,213.63,1.98,-686.66,-6.37,-982.39,-0.98
268,Entry long,30/06/2021 23:30,Long,35.3,305.181,10772.8893,-616.47,-5.72,213.63,1.98,-686.66,-6.37,-982.39,-0.98
269,Exit short,02/07/2021 16:30,Short Exit,32.61,347.929,11192.87593,-153.09,-1.37,278.34,2.49,-271.38,-2.42,-1135.48,-1.14
269,Entry short,02/07/2021 05:00,Short,32.17,347.929,11192.87593,-153.09,-1.37,278.34,2.49,-271.38,-2.42,-1135.48,-1.14
270,Exit long,03/07/2021 23:00,Long Exit,34.27,429.521,14552.17148,167.51,1.15,657.17,4.52,-283.48,-1.95,-967.96,-0.97
270,Entry long,03/07/2021 01:30,Long,33.88,429.521,14552.17148,167.51,1.15,657.17,4.52,-283.48,-1.95,-967.96,-0.97
271,Exit long,05/07/2021 00:00,Long Exit,34.25,549.944,19424.02208,-588.44,-3.03,115.49,0.59,-626.94,-3.23,-1556.4,-1.56
271,Entry long,04/07/2021 08:30,Long,35.32,549.944,19424.02208,-588.44,-3.03,115.49,0.59,-626.94,-3.23,-1556.4,-1.56
272,Exit short,06/07/2021 05:30,Short Exit,34,580.086,19508.29218,-214.63,-1.1,730.91,3.75,-498.87,-2.56,-1771.03,-1.77
272,Entry short,05/07/2021 05:00,Short,33.63,580.086,19508.29218,-214.63,-1.1,730.91,3.75,-498.87,-2.56,-1771.03,-1.77
273,Exit long,06/07/2021 18:30,Long Exit,33.49,554.037,19269.40686,-714.71,-3.71,66.48,0.35,-875.38,-4.54,-2485.74,-2.49
273,Entry long,06/07/2021 10:00,Long,34.78,554.037,19269.40686,-714.71,-3.71,66.48,0.35,-875.38,-4.54,-2485.74,-2.49
274,Exit long,08/07/2021 01:30,Long Exit,36.13,554.699,19519.85781,521.42,2.67,1614.17,8.27,-338.37,-1.73,-1964.32,-1.96
274,Entry long,07/07/2021 08:30,Long,35.19,554.699,19519.85781,521.42,2.67,1614.17,8.27,-338.37,-1.73,-1964.32,-1.96
275,Exit short,09/07/2021 15:00,Short Exit,33.91,292.387,9990.86379,76.02,0.76,640.33,6.41,-333.32,-3.34,-1888.3,-1.89
275,Entry short,08/07/2021 09:00,Short,34.17,292.387,9990.86379,76.02,0.76,640.33,6.41,-333.32,-3.34,-1888.3,-1.89
276,Exit short,11/07/2021 11:30,Short Exit,32.12,474.86,15361.721,109.22,0.71,626.82,4.08,-227.93,-1.48,-1779.09,-1.78
276,Entry short,10/07/2021 15:30,Short,32.35,474.86,15361.721,109.22,0.71,626.82,4.08,-227.93,-1.48,-1779.09,-1.78
277,Exit long,12/07/2021 11:00,Long Exit,31.89,778.758,25348.5729,-513.98,-2.03,101.24,0.4,-521.77,-2.06,-2293.07,-2.29
277,Entry long,12/07/2021 05:00,Long,32.55,778.758,25348.5729,-513.98,-2.03,101.24,0.4,-521.77,-2.06,-2293.07,-2.29
278,Exit short,14/07/2021 14:30,Stop Hit,29.84,790.102,24959.32218,1382.68,5.54,3342.13,13.39,-71.11,-0.28,-910.39,-0.91
278,Entry short,12/07/2021 11:30,Short,31.59,790.102,24959.32218,1382.68,5.54,3342.13,13.39,-71.11,-0.28,-910.39,-0.91
279,Exit long,15/07/2021 05:30,Long Exit,30.36,405.684,12527.52192,-210.96,-1.68,251.52,2.01,-348.89,-2.78,-1121.34,-1.12
279,Entry long,14/07/2021 15:30,Long,30.88,405.684,12527.52192,-210.96,-1.68,251.52,2.01,-348.89,-2.78,-1121.34,-1.12
280,Exit short,16/07/2021 03:30,Short Exit,29.33,401.627,11297.76751,-481.95,-4.27,60.24,0.53,-542.2,-4.8,-1603.3,-1.6
280,Entry short,15/07/2021 17:30,Short,28.13,401.627,11297.76751,-481.95,-4.27,60.24,0.53,-542.2,-4.8,-1603.3,-1.6
281,Exit short,17/07/2021 10:00,Short Exit,26.75,511.697,14235.41054,547.52,3.85,931.29,6.54,-286.55,-2.01,-1055.78,-1.06
281,Entry short,16/07/2021 09:30,Short,27.82,511.697,14235.41054,547.52,3.85,931.29,6.54,-286.55,-2.01,-1055.78,-1.06
282,Exit short,17/07/2021 21:00,Short Exit,27.14,489.121,12800.29657,-474.45,-3.71,39.13,0.31,-533.14,-4.17,-1530.23,-1.53
282,Entry short,17/07/2021 12:30,Short,26.17,489.121,12800.29657,-474.45,-3.71,39.13,0.31,-533.14,-4.17,-1530.23,-1.53
283,Exit short,20/07/2021 01:30,Short Exit,24.82,659.19,17349.8808,988.79,5.7,1542.5,8.89,0,0,-541.44,-0.54
283,Entry short,19/07/2021 02:00,Short,26.32,659.19,17349.8808,988.79,5.7,1542.5,8.89,0,0,-541.44,-0.54
284,Exit short,20/07/2021 16:30,Short Exit,23.66,564.519,13503.29448,146.77,1.09,1027.42,7.61,-62.1,-0.46,-394.67,-0.39
284,Entry short,20/07/2021 02:30,Short,23.92,564.519,13503.29448,146.77,1.09,1027.42,7.61,-62.1,-0.46,-394.67,-0.39
285,Exit long,21/07/2021 20:30,Long Exit,25.39,509.005,12750.57525,173.06,1.36,1226.7,9.62,-106.89,-0.84,-221.61,-0.22
285,Entry long,21/07/2021 06:00,Long,25.05,509.005,12750.57525,173.06,1.36,1226.7,9.62,-106.89,-0.84,-221.61,-0.22
286,Exit long,23/07/2021 10:00,Long Exit,27.32,428.217,11814.50703,-115.62,-0.98,479.6,4.06,-543.84,-4.6,-337.22,-0.34
286,Entry long,22/07/2021 09:30,Long,27.59,428.217,11814.50703,-115.62,-0.98,479.6,4.06,-543.84,-4.6,-337.22,-0.34
287,Exit long,24/07/2021 21:30,Long Exit,28.15,550.201,15757.75664,-269.6,-1.71,500.68,3.18,-346.63,-2.2,-606.82,-0.61
287,Entry long,24/07/2021 02:00,Long,28.64,550.201,15757.75664,-269.6,-1.71,500.68,3.18,-346.63,-2.2,-606.82,-0.61
288,Exit short,26/07/2021 01:00,Short Exit,28.25,511.694,14189.27462,-266.08,-1.88,629.38,4.44,-542.4,-3.82,-872.9,-0.87
288,Entry short,25/07/2021 05:30,Short,27.73,511.694,14189.27462,-266.08,-1.88,629.38,4.44,-542.4,-3.82,-872.9,-0.87
289,Exit long,26/07/2021 21:30,Long Exit,28.51,545.578,15979.97962,-425.55,-2.66,998.41,6.25,-627.41,-3.93,-1298.46,-1.3
289,Entry long,26/07/2021 02:00,Long,29.29,545.578,15979.97962,-425.55,-2.66,998.41,6.25,-627.41,-3.93,-1298.46,-1.3
290,Exit short,27/07/2021 11:00,Short Exit,28.6,354.642,9660.44808,-482.31,-4.99,42.56,0.44,-489.41,-5.07,-1780.77,-1.78
290,Entry short,27/07/2021 04:00,Short,27.24,354.642,9660.44808,-482.31,-4.99,42.56,0.44,-489.41,-5.07,-1780.77,-1.78
291,Exit short,28/07/2021 04:00,Short Exit,28.36,421.296,11404.48272,-543.47,-4.77,75.83,0.66,-640.37,-5.62,-2324.24,-2.32
291,Entry short,27/07/2021 18:00,Short,27.07,421.296,11404.48272,-543.47,-4.77,75.83,0.66,-640.37,-5.62,-2324.24,-2.32
292,Exit short,29/07/2021 07:00,Short Exit,28.29,557.487,15303.01815,-468.29,-3.06,27.87,0.18,-485.01,-3.17,-2792.53,-2.79
292,Entry short,29/07/2021 02:30,Short,27.45,557.487,15303.01815,-468.29,-3.06,27.87,0.18,-485.01,-3.17,-2792.53,-2.79
293,Exit long,30/07/2021 10:00,Long Exit,30.84,535.604,15682.48512,835.54,5.33,2035.3,12.98,-48.2,-0.31,-1956.99,-1.96
293,Entry long,29/07/2021 16:00,Long,29.28,535.604,15682.48512,835.54,5.33,2035.3,12.98,-48.2,-0.31,-1956.99,-1.96
294,Exit long,01/08/2021 12:00,Long Exit,35.2,404.594,13537.71524,703.99,5.2,1432.26,10.58,-732.32,-5.41,-1252.99,-1.25
294,Entry long,31/07/2021 04:00,Long,33.46,404.594,13537.71524,703.99,5.2,1432.26,10.58,-732.32,-5.41,-1252.99,-1.25
295,Exit short,03/08/2021 11:30,Short Exit,33.6,328.768,11033.45408,-13.15,-0.12,404.38,3.67,-785.76,-7.12,-1266.14,-1.27
295,Entry short,02/08/2021 00:30,Short,33.56,328.768,11033.45408,-13.15,-0.12,404.38,3.67,-785.76,-7.12,-1266.14,-1.27
296,Exit long,04/08/2021 01:30,Long Exit,33.58,383.67,13631.7951,-748.16,-5.49,80.57,0.59,-775.01,-5.69,-2014.3,-2.01
296,Entry long,03/08/2021 14:00,Long,35.53,383.67,13631.7951,-748.16,-5.49,80.57,0.59,-775.01,-5.69,-2014.3,-2.01
297,Exit long,06/08/2021 04:30,Long Exit,35.89,467.973,16940.6226,-145.07,-0.86,968.7,5.72,-369.7,-2.18,-2159.37,-2.16
297,Entry long,04/08/2021 18:00,Long,36.2,467.973,16940.6226,-145.07,-0.86,968.7,5.72,-369.7,-2.18,-2159.37,-2.16
298,Exit long,07/08/2021 14:00,Long Exit,38.74,437.514,17045.54544,-96.25,-0.56,673.77,3.95,-271.26,-1.59,-2255.63,-2.26
298,Entry long,06/08/2021 16:00,Long,38.96,437.514,17045.54544,-96.25,-0.56,673.77,3.95,-271.26,-1.59,-2255.63,-2.26
299,Exit short,09/08/2021 10:00,Short Exit,38.53,415.167,15506.48745,-489.9,-3.16,415.17,2.68,-535.57,-3.45,-2745.52,-2.75
299,Entry short,08/08/2021 16:00,Short,37.35,415.167,15506.48745,-489.9,-3.16,415.17,2.68,-535.57,-3.45,-2745.52,-2.75
300,Exit long,09/08/2021 22:00,Long Exit,38.38,432.856,16928.99816,-315.98,-1.87,385.24,2.28,-320.31,-1.89,-3061.51,-3.06
300,Entry long,09/08/2021 15:00,Long,39.11,432.856,16928.99816,-315.98,-1.87,385.24,2.28,-320.31,-1.89,-3061.51,-3.06
301,Exit long,10/08/2021 18:00,Long Exit,39.24,374.527,15123.40026,-426.96,-2.82,486.89,3.22,-501.87,-3.32,-3488.47,-3.49
301,Entry long,10/08/2021 04:00,Long,40.38,374.527,15123.40026,-426.96,-2.82,486.89,3.22,-501.87,-3.32,-3488.47,-3.49
302,Exit long,11/08/2021 22:30,Long Exit,42.06,330.867,13687.96779,228.3,1.67,780.85,5.7,-122.42,-0.89,-3260.17,-3.26
302,Entry long,11/08/2021 01:30,Long,41.37,330.867,13687.96779,228.3,1.67,780.85,5.7,-122.42,-0.89,-3260.17,-3.26
303,Exit short,13/08/2021 01:30,Short Exit,40.94,308.275,12577.62,-43.16,-0.34,456.25,3.63,-339.1,-2.7,-3303.33,-3.3
303,Entry short,12/08/2021 06:30,Short,40.8,308.275,12577.62,-43.16,-0.34,456.25,3.63,-339.1,-2.7,-3303.33,-3.3
304,Exit long,14/08/2021 11:00,Long Exit,43.47,303.707,13220.36571,-18.22,-0.14,419.12,3.17,-215.63,-1.63,-3321.55,-3.32
304,Entry long,13/08/2021 08:30,Long,43.53,303.707,13220.36571,-18.22,-0.14,419.12,3.17,-215.63,-1.63,-3321.55,-3.32
305,Exit long,17/08/2021 01:30,Long Exit,63.22,429.069,19329.55845,7796.18,40.33,10331.98,53.45,-725.13,-3.75,4474.63,4.47
305,Entry long,15/08/2021 03:00,Long,45.05,429.069,19329.55845,7796.18,40.33,10331.98,53.45,-725.13,-3.75,4474.63,4.47
306,Exit long,17/08/2021 15:30,Long Exit,67.32,96.799,6782.70593,-266.2,-3.92,492.71,7.26,-321.37,-4.74,4208.44,4.21
306,Entry long,17/08/2021 03:00,Long,70.07,96.799,6782.70593,-266.2,-3.92,492.71,7.26,-321.37,-4.74,4208.44,4.21
307,Exit short,18/08/2021 07:00,Short Exit,69.48,92.017,5557.8268,-835.51,-15.03,145.39,2.62,-837.35,-15.07,3372.92,3.37
307,Entry short,17/08/2021 21:30,Short,60.4,92.017,5557.8268,-835.51,-15.03,145.39,2.62,-837.35,-15.07,3372.92,3.37
308,Exit long,18/08/2021 23:00,Long Exit,71.3,78.828,6053.20212,-432.77,-7.15,292.45,4.83,-541.55,-8.95,2940.16,2.94
308,Entry long,18/08/2021 12:30,Long,76.79,78.828,6053.20212,-432.77,-7.15,292.45,4.83,-541.55,-8.95,2940.16,2.94
309,Exit long,21/08/2021 12:30,Long Exit,75.6,181.392,13843.83744,-130.6,-0.94,1030.31,7.44,-359.16,-2.59,2809.55,2.81
309,Entry long,20/08/2021 18:00,Long,76.32,181.392,13843.83744,-130.6,-0.94,1030.31,7.44,-359.16,-2.59,2809.55,2.81
310,Exit short,22/08/2021 09:30,Short Exit,77.04,165.532,12123.56368,-629.02,-5.19,51.31,0.42,-648.89,-5.35,2180.53,2.18
310,Entry short,21/08/2021 21:00,Short,73.24,165.532,12123.56368,-629.02,-5.19,51.31,0.42,-648.89,-5.35,2180.53,2.18
311,Exit short,23/08/2021 04:30,Short Exit,74.52,184.143,13370.62323,-351.71,-2.63,252.28,1.89,-528.49,-3.95,1828.82,1.83
311,Entry short,22/08/2021 19:30,Short,72.61,184.143,13370.62323,-351.71,-2.63,252.28,1.89,-528.49,-3.95,1828.82,1.83
312,Exit long,24/08/2021 15:00,Long Exit,75.13,218.911,16591.26469,-144.48,-0.87,801.21,4.83,-525.39,-3.17,1684.34,1.68
312,Entry long,23/08/2021 23:30,Long,75.79,218.911,16591.26469,-144.48,-0.87,801.21,4.83,-525.39,-3.17,1684.34,1.68
313,Exit short,25/08/2021 07:30,Short Exit,72.11,133.967,9467.44789,-192.91,-2.04,140.67,1.49,-289.37,-3.06,1491.43,1.49
313,Entry short,24/08/2021 17:30,Short,70.67,133.967,9467.44789,-192.91,-2.04,140.67,1.49,-289.37,-3.06,1491.43,1.49
314,Exit short,25/08/2021 23:30,Short Exit,70.89,156.156,10404.67428,-665.22,-6.39,39.04,0.38,-807.33,-7.76,826.2,0.83
314,Entry short,25/08/2021 10:00,Short,66.63,156.156,10404.67428,-665.22,-6.39,39.04,0.38,-807.33,-7.76,826.2,0.83
315,Exit long,26/08/2021 07:00,Long Exit,68.3,178.318,12965.50178,-786.38,-6.07,237.16,1.83,-847.01,-6.53,39.82,0.04
315,Entry long,26/08/2021 01:30,Long,72.71,178.318,12965.50178,-786.38,-6.07,237.16,1.83,-847.01,-6.53,39.82,0.04
316,Exit long,29/08/2021 05:00,Long Exit,93.95,119.024,9055.34592,2126.96,23.49,2587.58,28.58,-420.15,-4.64,2166.78,2.17
316,Entry long,26/08/2021 15:30,Long,76.08,119.024,9055.34592,2126.96,23.49,2587.58,28.58,-420.15,-4.64,2166.78,2.17
317,Exit short,29/08/2021 21:30,Short Exit,94.34,140.832,12904.43616,-381.65,-2.96,87.32,0.68,-404.19,-3.13,1785.12,1.79
317,Entry short,29/08/2021 16:30,Short,91.63,140.832,12904.43616,-381.65,-2.96,87.32,0.68,-404.19,-3.13,1785.12,1.79
318,Exit long,31/08/2021 17:00,Long Exit,116.52,145.278,14080.34376,2847.45,20.22,4821.78,34.24,-161.26,-1.15,4632.57,4.63
318,Entry long,30/08/2021 02:30,Long,96.92,145.278,14080.34376,2847.45,20.22,4821.78,34.24,-161.26,-1.15,4632.57,4.63
319,Exit short,01/09/2021 12:30,Short Exit,116.28,53.051,5512.52941,-656.24,-11.9,45.09,0.82,-663.14,-12.03,3976.33,3.98
319,Entry short,31/08/2021 23:30,Short,103.91,53.051,5512.52941,-656.24,-11.9,45.09,0.82,-663.14,-12.03,3976.33,3.98
320,Exit long,04/09/2021 12:00,Long Exit,141.38,97.06,11828.7022,1893.64,16.01,2788.53,23.57,-226.15,-1.91,5869.97,5.87
320,Entry long,02/09/2021 17:00,Long,121.87,97.06,11828.7022,1893.64,16.01,2788.53,23.57,-226.15,-1.91,5869.97,5.87
321,Exit short,05/09/2021 02:30,Short Exit,143.73,88.111,12127.59804,-536.6,-4.42,79.3,0.65,-647.62,-5.34,5333.38,5.33
321,Entry short,04/09/2021 18:30,Short,137.64,88.111,12127.59804,-536.6,-4.42,79.3,0.65,-647.62,-5.34,5333.38,5.33
322,Exit short,05/09/2021 23:30,Stop Hit,143.78,119.719,16333.26317,-879.93,-5.39,149.65,0.92,-990.08,-6.06,4453.44,4.45
322,Entry short,05/09/2021 16:30,Short,136.43,119.719,16333.26317,-879.93,-5.39,149.65,0.92,-990.08,-6.06,4453.44,4.45
323,Exit long,06/09/2021 13:30,Long Exit,141.9,116.291,16859.86918,-358.18,-2.12,234.91,1.39,-937.31,-5.56,4095.26,4.1
323,Entry long,06/09/2021 08:00,Long,144.98,116.291,16859.86918,-358.18,-2.12,234.91,1.39,-937.31,-5.56,4095.26,4.1
324,Exit long,07/09/2021 15:30,Stop Hit,169.35,100.672,14778.6496,2270.15,15.36,4900.71,33.16,-6.04,-0.04,6365.42,6.37
324,Entry long,06/09/2021 16:30,Long,146.8,100.672,14778.6496,2270.15,15.36,4900.71,33.16,-6.04,-0.04,6365.42,6.37
325,Exit short,07/09/2021 17:30,Stop Hit,185.63,25.387,4030.18625,-682.4,-16.93,71.59,1.78,-844.12,-20.94,5683.01,5.68
325,Entry short,07/09/2021 16:30,Short,158.75,25.387,4030.18625,-682.4,-16.93,71.59,1.78,-844.12,-20.94,5683.01,5.68
326,Exit long,09/09/2021 13:30,Long Exit,196.11,30.662,5968.66492,44.46,0.74,654.33,10.96,-350.77,-5.88,5727.47,5.73
326,Entry long,08/09/2021 21:00,Long,194.66,30.662,5968.66492,44.46,0.74,654.33,10.96,-350.77,-5.88,5727.47,5.73
327,Exit short,11/09/2021 02:30,Short Exit,188.33,39.894,7206.05322,-307.18,-4.26,511.04,7.09,-345.08,-4.79,5420.29,5.42
327,Entry short,10/09/2021 10:00,Short,180.63,39.894,7206.05322,-307.18,-4.26,511.04,7.09,-345.08,-4.79,5420.29,5.42
328,Exit short,13/09/2021 15:00,Short Exit,163.21,81.425,13992.88625,703.51,5.03,1754.71,12.54,-451.91,-3.23,6123.8,6.12
328,Entry short,12/09/2021 22:00,Short,171.85,81.425,13992.88625,703.51,5.03,1754.71,12.54,-451.91,-3.23,6123.8,6.12
329,Exit short,15/09/2021 02:30,Short Exit,161.24,58.085,8978.19845,-387.43,-4.32,695.28,7.74,-537.87,-5.99,5736.38,5.74
329,Entry short,14/09/2021 20:00,Short,154.57,58.085,8978.19845,-387.43,-4.32,695.28,7.74,-537.87,-5.99,5736.38,5.74
330,Exit short,16/09/2021 08:30,Short Exit,161.3,78.989,12103.48447,-637.44,-5.27,33.97,0.28,-778.83,-6.43,5098.93,5.1
330,Entry short,16/09/2021 04:30,Short,153.23,78.989,12103.48447,-637.44,-5.27,33.97,0.28,-778.83,-6.43,5098.93,5.1
331,Exit short,17/09/2021 23:30,Short Exit,146.95,76.825,11745.77425,456.34,3.89,1451.22,12.36,-129.83,-1.11,5555.28,5.56
331,Entry short,16/09/2021 19:30,Short,152.89,76.825,11745.77425,456.34,3.89,1451.22,12.36,-129.83,-1.11,5555.28,5.56
332,Exit long,19/09/2021 12:00,Long Exit,159.82,76.049,11632.45504,521.7,4.48,1407.67,12.1,-57.8,-0.5,6076.97,6.08
332,Entry long,18/09/2021 07:30,Long,152.96,76.049,11632.45504,521.7,4.48,1407.67,12.1,-57.8,-0.5,6076.97,6.08
333,Exit short,21/09/2021 09:00,Short Exit,143.44,85.696,13376.28864,1084.05,8.1,2645.44,19.78,-514.18,-3.84,7161.03,7.16
333,Entry short,19/09/2021 13:00,Short,156.09,85.696,13376.28864,1084.05,8.1,2645.44,19.78,-514.18,-3.84,7161.03,7.16
334,Exit short,22/09/2021 08:00,Short Exit,131.99,65.869,8063.02429,-631.02,-7.83,422.22,5.24,-656.06,-8.14,6530,6.53
334,Entry short,21/09/2021 21:30,Short,122.41,65.869,8063.02429,-631.02,-7.83,422.22,5.24,-656.06,-8.14,6530,6.53
335,Exit long,23/09/2021 11:30,Long Exit,144.57,75.753,10691.02089,260.59,2.44,861.31,8.06,-69.69,-0.65,6790.59,6.79
335,Entry long,22/09/2021 17:30,Long,141.13,75.753,10691.02089,260.59,2.44,861.31,8.06,-69.69,-0.65,6790.59,6.79
336,Exit short,24/09/2021 22:00,Short Exit,142.64,93.255,13224.49155,-77.4,-0.59,1273.86,9.63,-431.77,-3.26,6713.19,6.71
336,Entry short,24/09/2021 06:30,Short,141.81,93.255,13224.49155,-77.4,-0.59,1273.86,9.63,-431.77,-3.26,6713.19,6.71
337,Exit short,26/09/2021 11:00,Short Exit,134.9,108.424,14559.17472,-67.22,-0.46,1027.86,7.06,-365.39,-2.51,6645.97,6.65
337,Entry short,25/09/2021 22:30,Short,134.28,108.424,14559.17472,-67.22,-0.46,1027.86,7.06,-365.39,-2.51,6645.97,6.65
338,Exit long,27/09/2021 00:30,Long Exit,134.35,87.133,12110.61567,-404.3,-3.34,60.12,0.5,-489.69,-4.04,6241.67,6.24
338,Entry long,26/09/2021 17:30,Long,138.99,87.133,12110.61567,-404.3,-3.34,60.12,0.5,-489.69,-4.04,6241.67,6.24
339,Exit long,27/09/2021 22:00,Long Exit,138.76,90.496,12903.82464,-346.6,-2.69,572.84,4.44,-457.91,-3.55,5895.07,5.9
339,Entry long,27/09/2021 03:00,Long,142.59,90.496,12903.82464,-346.6,-2.69,572.84,4.44,-457.91,-3.55,5895.07,5.9
340,Exit short,29/09/2021 01:30,Short Exit,136.78,99.083,13512.93954,-39.63,-0.29,813.47,6.02,-79.27,-0.59,5855.44,5.86
340,Entry short,28/09/2021 08:00,Short,136.38,99.083,13512.93954,-39.63,-0.29,813.47,6.02,-79.27,-0.59,5855.44,5.86
341,Exit long,29/09/2021 17:00,Long Exit,135.62,99.126,13758.6888,-315.22,-2.29,135.8,0.99,-392.54,-2.85,5540.22,5.54
341,Entry long,29/09/2021 05:00,Long,138.8,99.126,13758.6888,-315.22,-2.29,135.8,0.99,-392.54,-2.85,5540.22,5.54
342,Exit long,03/10/2021 22:30,Long Exit,169.89,124.399,17280.26509,3853.88,22.3,4836.63,27.99,-608.31,-3.52,9394.1,9.39
342,Entry long,30/09/2021 05:30,Long,138.91,124.399,17280.26509,3853.88,22.3,4836.63,27.99,-608.31,-3.52,9394.1,9.39
343,Exit short,04/10/2021 14:30,Short Exit,171.19,80.018,13406.21572,-292.07,-2.18,218.45,1.63,-404.89,-3.02,9102.03,9.1
343,Entry short,04/10/2021 05:30,Short,167.54,80.018,13406.21572,-292.07,-2.18,218.45,1.63,-404.89,-3.02,9102.03,9.1
344,Exit short,06/10/2021 14:30,Stop Hit,161.08,79.07,13080.5501,343.95,2.63,1212.14,9.27,-551.12,-4.21,9445.99,9.45
344,Entry short,04/10/2021 16:30,Short,165.43,79.07,13080.5501,343.95,2.63,1212.14,9.27,-551.12,-4.21,9445.99,9.45
345,Exit long,09/10/2021 00:30,Long Exit,158.04,106.379,17119.57247,-307.44,-1.8,855.29,5,-396.79,-2.32,9138.55,9.14
345,Entry long,08/10/2021 10:00,Long,160.93,106.379,17119.57247,-307.44,-1.8,855.29,5,-396.79,-2.32,9138.55,9.14
346,Exit short,10/10/2021 10:30,Short Exit,156.41,141.888,22067.84064,-124.86,-0.57,446.95,2.03,-421.41,-1.91,9013.69,9.01
346,Entry short,09/10/2021 21:30,Short,155.53,141.888,22067.84064,-124.86,-0.57,446.95,2.03,-421.41,-1.91,9013.69,9.01
347,Exit short,12/10/2021 18:00,Stop Hit,149.39,166.396,25441.9484,584.05,2.3,2544.19,10,-297.85,-1.17,9597.74,9.6
347,Entry short,10/10/2021 18:30,Short,152.9,166.396,25441.9484,584.05,2.3,2544.19,10,-297.85,-1.17,9597.74,9.6
348,Exit long,13/10/2021 07:00,Long Exit,146.18,86.155,13018.88205,-424.74,-3.26,383.39,2.94,-436.81,-3.36,9173,9.17
348,Entry long,12/10/2021 20:00,Long,151.11,86.155,13018.88205,-424.74,-3.26,383.39,2.94,-436.81,-3.36,9173,9.17
349,Exit long,14/10/2021 19:30,Long Exit,149.43,143.071,21585.12177,-206.02,-0.95,683.88,3.17,-237.5,-1.1,8966.97,8.97
349,Entry long,14/10/2021 07:30,Long,150.87,143.071,21585.12177,-206.02,-0.95,683.88,3.17,-237.5,-1.1,8966.97,8.97
350,Exit long,16/10/2021 06:00,Long Exit,158.23,129.855,20087.26995,459.69,2.29,1436.2,7.15,-276.59,-1.38,9426.66,9.43
350,Entry long,15/10/2021 06:00,Long,154.69,129.855,20087.26995,459.69,2.29,1436.2,7.15,-276.59,-1.38,9426.66,9.43
351,Exit short,17/10/2021 05:00,Short Exit,162.96,158.46,24881.3892,-941.25,-3.78,74.48,0.3,-950.76,-3.82,8485.41,8.49
351,Entry short,16/10/2021 23:00,Short,157.02,158.46,24881.3892,-941.25,-3.78,74.48,0.3,-950.76,-3.82,8485.41,8.49
352,Exit long,17/10/2021 17:00,Long Exit,160.75,134.229,22033.69035,-456.38,-2.07,469.8,2.13,-555.71,-2.52,8029.03,8.03
352,Entry long,17/10/2021 08:30,Long,164.15,134.229,22033.69035,-456.38,-2.07,469.8,2.13,-555.71,-2.52,8029.03,8.03
353,Exit short,19/10/2021 04:30,Short Exit,157.91,124.645,19311.24985,-371.44,-1.92,37.39,0.19,-1003.39,-5.2,7657.59,7.66
353,Entry short,17/10/2021 21:30,Short,154.93,124.645,19311.24985,-371.44,-1.92,37.39,0.19,-1003.39,-5.2,7657.59,7.66
354,Exit short,20/10/2021 10:30,Short Exit,157.22,175.633,27414.55497,-198.47,-0.72,532.17,1.94,-368.83,-1.35,7459.12,7.46
354,Entry short,19/10/2021 16:00,Short,156.09,175.633,27414.55497,-198.47,-0.72,532.17,1.94,-368.83,-1.35,7459.12,7.46
355,Exit long,21/10/2021 16:30,Long Exit,179.04,209.071,33135.66279,4296.41,12.97,7468.02,22.54,-167.26,-0.5,11755.53,11.76
355,Entry long,20/10/2021 11:30,Long,158.49,209.071,33135.66279,4296.41,12.97,7468.02,22.54,-167.26,-0.5,11755.53,11.76
356,Exit long,22/10/2021 19:30,Long Exit,202,55.781,10897.37616,370.39,3.4,1101.12,10.1,-20.08,-0.18,12125.92,12.13
356,Entry long,22/10/2021 01:30,Long,195.36,55.781,10897.37616,370.39,3.4,1101.12,10.1,-20.08,-0.18,12125.92,12.13
357,Exit short,24/10/2021 22:30,Stop Hit,198.56,111.348,21510.20664,-599.05,-2.78,886.33,4.12,-607.96,-2.83,11526.86,11.53
357,Entry short,24/10/2021 08:00,Short,193.18,111.348,21510.20664,-599.05,-2.78,886.33,4.12,-607.96,-2.83,11526.86,11.53
358,Exit long,26/10/2021 05:30,Long Exit,206.19,82.767,16843.0845,222.64,1.32,1277.09,7.58,-455.22,-2.7,11749.51,11.75
358,Entry long,24/10/2021 23:30,Long,203.5,82.767,16843.0845,222.64,1.32,1277.09,7.58,-455.22,-2.7,11749.51,11.75
359,Exit short,28/10/2021 09:30,Short Exit,194.59,95.629,19582.90662,974.46,4.98,2662.31,13.6,-460.93,-2.35,12723.97,12.72
359,Entry short,26/10/2021 15:30,Short,204.78,95.629,19582.90662,974.46,4.98,2662.31,13.6,-460.93,-2.35,12723.97,12.72
360,Exit long,30/10/2021 03:00,Long Exit,197.16,70.503,13983.56502,-83.19,-0.59,485.06,3.47,-508.33,-3.64,12640.77,12.64
360,Entry long,28/10/2021 15:30,Long,198.34,70.503,13983.56502,-83.19,-0.59,485.06,3.47,-508.33,-3.64,12640.77,12.64
361,Exit short,31/10/2021 01:30,Short Exit,194.11,132.421,25992.91809,288.68,1.11,1190.46,4.58,-260.87,-1,12929.45,12.93
361,Entry short,30/10/2021 10:00,Short,196.29,132.421,25992.91809,288.68,1.11,1190.46,4.58,-260.87,-1,12929.45,12.93
362,Exit short,31/10/2021 15:00,Stop Hit,194.53,122.579,23021.56199,-823.73,-3.58,306.45,1.33,-881.34,-3.83,12105.72,12.11
362,Entry short,31/10/2021 10:30,Short,187.81,122.579,23021.56199,-823.73,-3.58,306.45,1.33,-881.34,-3.83,12105.72,12.11
363,Exit long,01/11/2021 17:00,Long Exit,200.6,84.114,16710.92838,162.34,0.97,1092.64,6.54,-474.4,-2.84,12268.06,12.27
363,Entry long,31/10/2021 15:30,Long,198.67,84.114,16710.92838,162.34,0.97,1092.64,6.54,-474.4,-2.84,12268.06,12.27
364,Exit long,03/11/2021 14:00,Long Exit,225.92,118.842,24818.96328,2029.82,8.18,3108.91,12.53,-272.15,-1.1,14297.88,14.3
364,Entry long,02/11/2021 16:00,Long,208.84,118.842,24818.96328,2029.82,8.18,3108.91,12.53,-272.15,-1.1,14297.88,14.3
365,Exit long,04/11/2021 16:30,Long Exit,239.72,54.906,12988.0143,174.05,1.34,628.67,4.84,-140.01,-1.08,14471.93,14.47
365,Entry long,03/11/2021 19:00,Long,236.55,54.906,12988.0143,174.05,1.34,628.67,4.84,-140.01,-1.08,14471.93,14.47
366,Exit long,05/11/2021 10:00,Long Exit,241.13,52.888,13147.9568,-395.07,-3,100.49,0.76,-479.17,-3.64,14076.86,14.08
366,Entry long,04/11/2021 21:00,Long,248.6,52.888,13147.9568,-395.07,-3,100.49,0.76,-479.17,-3.64,14076.86,14.08
367,Exit short,06/11/2021 01:00,Short Exit,241.19,80.43,18679.0632,-719.85,-3.85,152.82,0.82,-734.33,-3.93,13357.01,13.36
367,Entry short,05/11/2021 15:00,Short,232.24,80.43,18679.0632,-719.85,-3.85,152.82,0.82,-734.33,-3.93,13357.01,13.36
368,Exit long,07/11/2021 08:30,Long Exit,251.41,90.472,22099.59544,645.97,2.92,1414.08,6.4,-608.88,-2.76,14002.98,14
368,Entry long,06/11/2021 05:30,Long,244.27,90.472,22099.59544,645.97,2.92,1414.08,6.4,-608.88,-2.76,14002.98,14
369,Exit short,08/11/2021 16:30,Short Exit,249.76,99.943,24684.92157,-276.84,-1.12,630.64,2.55,-630.64,-2.55,13726.14,13.73
369,Entry short,07/11/2021 20:00,Short,246.99,99.943,24684.92157,-276.84,-1.12,630.64,2.55,-630.64,-2.55,13726.14,13.73
370,Exit short,10/11/2021 07:30,Short Exit,243,109.165,26235.62445,-291.47,-1.11,540.37,2.06,-349.33,-1.33,13434.67,13.43
370,Entry short,09/11/2021 15:30,Short,240.33,109.165,26235.62445,-291.47,-1.11,540.37,2.06,-349.33,-1.33,13434.67,13.43
371,Exit long,10/11/2021 20:00,Long Exit,236.49,94.766,23338.97048,-927.76,-3.98,163,0.7,-943.87,-4.04,12506.91,12.51
371,Entry long,10/11/2021 15:30,Long,246.28,94.766,23338.97048,-927.76,-3.98,163,0.7,-943.87,-4.04,12506.91,12.51
372,Exit short,11/11/2021 06:30,Stop Hit,244.23,85.573,20347.54794,-551.95,-2.71,1735.42,8.53,-585.32,-2.88,11954.96,11.95
372,Entry short,10/11/2021 20:30,Short,237.78,85.573,20347.54794,-551.95,-2.71,1735.42,8.53,-585.32,-2.88,11954.96,11.95
373,Exit short,12/11/2021 18:30,Short Exit,230.78,85.759,19739.14903,-52.31,-0.27,800.99,4.06,-205.82,-1.04,11902.65,11.9
373,Entry short,12/11/2021 06:30,Short,230.17,85.759,19739.14903,-52.31,-0.27,800.99,4.06,-205.82,-1.04,11902.65,11.9
374,Exit long,14/11/2021 08:00,Long Exit,235.31,110.589,25803.73137,218.97,0.85,958.81,3.72,-316.28,-1.23,12121.62,12.12
374,Entry long,13/11/2021 14:30,Long,233.33,110.589,25803.73137,218.97,0.85,958.81,3.72,-316.28,-1.23,12121.62,12.12
375,Exit long,15/11/2021 15:30,Long Exit,240.39,103.775,24842.69725,103.78,0.42,723.31,2.91,-3.11,-0.01,12225.39,12.23
375,Entry long,15/11/2021 01:30,Long,239.39,103.775,24842.69725,103.78,0.42,723.31,2.91,-3.11,-0.01,12225.39,12.23
376,Exit short,17/11/2021 12:30,Short Exit,219.89,93.136,21650.39456,1170.72,5.41,2135.61,9.86,-174.16,-0.8,13396.11,13.4
376,Entry short,16/11/2021 00:30,Short,232.46,93.136,21650.39456,1170.72,5.41,2135.61,9.86,-174.16,-0.8,13396.11,13.4
377,Exit short,19/11/2021 08:30,Short Exit,204.35,84.641,17755.98898,459.6,2.59,1970.44,11.1,-93.11,-0.52,13855.71,13.86
377,Entry short,18/11/2021 09:30,Short,209.78,84.641,17755.98898,459.6,2.59,1970.44,11.1,-93.11,-0.52,13855.71,13.86
378,Exit long,20/11/2021 08:30,Long Exit,215.28,66.725,13993.567,370.99,2.65,764,5.46,-20.02,-0.14,14226.7,14.23
378,Entry long,19/11/2021 14:30,Long,209.72,66.725,13993.567,370.99,2.65,764,5.46,-20.02,-0.14,14226.7,14.23
379,Exit long,22/11/2021 05:00,Stop Hit,217.09,103.523,22937.59111,-463.78,-2.02,1907.93,8.32,-472.06,-2.06,13762.92,13.76
379,Entry long,21/11/2021 18:00,Long,221.57,103.523,22937.59111,-463.78,-2.02,1907.93,8.32,-472.06,-2.06,13762.92,13.76
380,Exit short,23/11/2021 17:00,Short Exit,223.33,61.375,13064.2825,-642.6,-4.92,119.68,0.92,-651.8,-4.99,13120.32,13.12
380,Entry short,22/11/2021 20:00,Short,212.86,61.375,13064.2825,-642.6,-4.92,119.68,0.92,-651.8,-4.99,13120.32,13.12
381,Exit long,24/11/2021 03:00,Long Exit,214.45,82.762,18655.38242,-907.07,-4.86,55.45,0.3,-936.04,-5.02,12213.25,12.21
381,Entry long,23/11/2021 21:00,Long,225.41,82.762,18655.38242,-907.07,-4.86,55.45,0.3,-936.04,-5.02,12213.25,12.21
382,Exit short,25/11/2021 12:30,Short Exit,210.72,95.2,19874.904,-185.64,-0.93,821.58,4.13,-497.9,-2.51,12027.61,12.03
382,Entry short,24/11/2021 14:30,Short,208.77,95.2,19874.904,-185.64,-0.93,821.58,4.13,-497.9,-2.51,12027.61,12.03
383,Exit long,26/11/2021 01:00,Long Exit,207.61,86.948,18586.87396,-535.6,-2.88,203.46,1.09,-559.95,-3.01,11492.01,11.49
383,Entry long,25/11/2021 16:30,Long,213.77,86.948,18586.87396,-535.6,-2.88,203.46,1.09,-559.95,-3.01,11492.01,11.49
384,Exit short,26/11/2021 21:00,Stop Hit,199.66,113.01,22754.5635,190.99,0.84,2107.64,9.26,-7.91,-0.03,11683,11.68
384,Entry short,26/11/2021 08:00,Short,201.35,113.01,22754.5635,190.99,0.84,2107.64,9.26,-7.91,-0.03,11683,11.68
385,Exit short,28/11/2021 21:00,Short Exit,192.42,104.554,20019.99992,-98.28,-0.49,1103.04,5.51,-396.26,-1.98,11584.72,11.58
385,Entry short,27/11/2021 21:30,Short,191.48,104.554,20019.99992,-98.28,-0.49,1103.04,5.51,-396.26,-1.98,11584.72,11.58
386,Exit long,30/11/2021 03:30,Long Exit,202.6,84.898,16757.16724,443.17,2.64,1304.88,7.79,-132.44,-0.79,12027.89,12.03
386,Entry long,28/11/2021 22:30,Long,197.38,84.898,16757.16724,443.17,2.64,1304.88,7.79,-132.44,-0.79,12027.89,12.03
387,Exit short,30/11/2021 12:00,Short Exit,207.18,101.715,20603.3904,-469.92,-2.28,306.16,1.49,-502.47,-2.44,11557.96,11.56
387,Entry short,30/11/2021 06:30,Short,202.56,101.715,20603.3904,-469.92,-2.28,306.16,1.49,-502.47,-2.44,11557.96,11.56
388,Exit long,01/12/2021 22:00,Long Exit,224.74,82.757,17777.03117,821.78,4.62,1474.73,8.3,-585.09,-3.29,12379.74,12.38
388,Entry long,30/11/2021 13:00,Long,214.81,82.757,17777.03117,821.78,4.62,1474.73,8.3,-585.09,-3.29,12379.74,12.38
389,Exit long,02/12/2021 03:30,Long Exit,221.77,54.974,12929.8848,-738.3,-5.71,43.98,0.34,-835.6,-6.46,11641.44,11.64
389,Entry long,02/12/2021 01:30,Long,235.2,54.974,12929.8848,-738.3,-5.71,43.98,0.34,-835.6,-6.46,11641.44,11.64
390,Exit long,03/12/2021 15:30,Long Exit,229.16,59.364,14036.6178,-432.76,-3.08,395.96,2.82,-600.76,-4.28,11208.68,11.21
390,Entry long,02/12/2021 20:30,Long,236.45,59.364,14036.6178,-432.76,-3.08,395.96,2.82,-600.76,-4.28,11208.68,11.21
391,Exit short,04/12/2021 15:30,Short Exit,204.45,62.004,13914.31764,1237.6,8.89,3435.64,24.69,-106.65,-0.77,12446.28,12.45
391,Entry short,03/12/2021 16:30,Short,224.41,62.004,13914.31764,1237.6,8.89,3435.64,24.69,-106.65,-0.77,12446.28,12.45
392,Exit short,06/12/2021 22:00,Short Exit,192.52,60.729,11304.70335,-386.84,-3.42,606.08,5.36,-706.28,-6.25,12059.43,12.06
392,Entry short,05/12/2021 15:30,Short,186.15,60.729,11304.70335,-386.84,-3.42,606.08,5.36,-706.28,-6.25,12059.43,12.06
393,Exit long,07/12/2021 17:00,Long Exit,196.91,65.707,12841.11901,97.25,0.76,569.68,4.44,-163.61,-1.27,12156.68,12.16
393,Entry long,07/12/2021 01:30,Long,195.43,65.707,12841.11901,97.25,0.76,569.68,4.44,-163.61,-1.27,12156.68,12.16
394,Exit short,08/12/2021 14:30,Short Exit,192.07,85.007,15863.15627,-464.14,-2.93,264.37,1.67,-484.54,-3.05,11692.54,11.69
394,Entry short,08/12/2021 04:00,Short,186.61,85.007,15863.15627,-464.14,-2.93,264.37,1.67,-484.54,-3.05,11692.54,11.69
395,Exit long,09/12/2021 03:30,Long Exit,189.72,100.101,19494.66975,-503.51,-2.58,130.13,0.67,-540.55,-2.77,11189.03,11.19
395,Entry long,09/12/2021 00:30,Long,194.75,100.101,19494.66975,-503.51,-2.58,130.13,0.67,-540.55,-2.77,11189.03,11.19
396,Exit short,10/12/2021 14:00,Short Exit,182.23,107.311,19734.4929,179.21,0.91,935.75,4.74,-298.32,-1.51,11368.24,11.37
396,Entry short,09/12/2021 15:30,Short,183.9,107.311,19734.4929,179.21,0.91,935.75,4.74,-298.32,-1.51,11368.24,11.37
397,Exit short,11/12/2021 16:30,Short Exit,173.37,95.941,16859.71193,226.42,1.34,1381.55,8.19,-203.39,-1.21,11594.66,11.59
397,Entry short,10/12/2021 15:00,Short,175.73,95.941,16859.71193,226.42,1.34,1381.55,8.19,-203.39,-1.21,11594.66,11.59
398,Exit long,13/12/2021 01:30,Long Exit,169.99,152.096,26382.57216,-527.77,-2,515.61,1.95,-574.92,-2.18,11066.89,11.07
398,Entry long,12/12/2021 17:30,Long,173.46,152.096,26382.57216,-527.77,-2,515.61,1.95,-574.92,-2.18,11066.89,11.07
399,Exit short,14/12/2021 12:00,Short Exit,158.14,138.398,23306.2232,1419.96,6.09,2817.78,12.09,-53.98,-0.23,12486.85,12.49
399,Entry short,13/12/2021 02:30,Short,168.4,138.398,23306.2232,1419.96,6.09,2817.78,12.09,-53.98,-0.23,12486.85,12.49
400,Exit long,15/12/2021 15:30,Stop Hit,159.61,90.027,14446.63269,-77.42,-0.54,737.32,5.1,-245.77,-1.7,12409.43,12.41
400,Entry long,14/12/2021 22:00,Long,160.47,90.027,14446.63269,-77.42,-0.54,737.32,5.1,-245.77,-1.7,12409.43,12.41
401,Exit long,16/12/2021 23:30,Long Exit,177.84,83.541,14108.40408,748.53,5.31,1680.85,11.91,-206.35,-1.46,13157.96,13.16
401,Entry long,15/12/2021 19:00,Long,168.88,83.541,14108.40408,748.53,5.31,1680.85,11.91,-206.35,-1.46,13157.96,13.16
402,Exit short,18/12/2021 10:00,Short Exit,178.97,101.066,17710.80584,-376.98,-2.13,743.85,4.2,-641.77,-3.62,12780.98,12.78
402,Entry short,17/12/2021 11:00,Short,175.24,101.066,17710.80584,-376.98,-2.13,743.85,4.2,-641.77,-3.62,12780.98,12.78
403,Exit long,19/12/2021 17:30,Long Exit,182.65,109.694,19828.28744,207.32,1.05,951.05,4.8,-186.48,-0.94,12988.3,12.99
403,Entry long,18/12/2021 13:30,Long,180.76,109.694,19828.28744,207.32,1.05,951.05,4.8,-186.48,-0.94,12988.3,12.99
404,Exit short,20/12/2021 20:00,Short Exit,175.98,117.866,21255.95444,513.9,2.42,1396.71,6.57,-412.53,-1.94,13502.2,13.5
404,Entry short,19/12/2021 20:00,Short,180.34,117.866,21255.95444,513.9,2.42,1396.71,6.57,-412.53,-1.94,13502.2,13.5
405,Exit long,21/12/2021 20:00,Long Exit,177.05,116.776,21078.068,-402.88,-1.91,238.22,1.13,-516.15,-2.45,13099.32,13.1
405,Entry long,21/12/2021 07:00,Long,180.5,116.776,21078.068,-402.88,-1.91,238.22,1.13,-516.15,-2.45,13099.32,13.1
406,Exit long,22/12/2021 18:00,Long Exit,180.4,134.808,24830.28552,-510.92,-2.06,452.95,1.82,-519.01,-2.09,12588.4,12.59
406,Entry long,22/12/2021 05:30,Long,184.19,134.808,24830.28552,-510.92,-2.06,452.95,1.82,-519.01,-2.09,12588.4,12.59
407,Exit short,23/12/2021 16:30,Short Exit,180.6,124.377,21945.07788,-517.41,-2.36,99.5,0.45,-804.72,-3.67,12070.99,12.07
407,Entry short,23/12/2021 00:30,Short,176.44,124.377,21945.07788,-517.41,-2.36,99.5,0.45,-804.72,-3.67,12070.99,12.07
408,Exit long,24/12/2021 06:30,Long Exit,187,118.544,22274.4176,-106.69,-0.48,663.85,2.98,-189.67,-0.85,11964.3,11.96
408,Entry long,23/12/2021 18:00,Long,187.9,118.544,22274.4176,-106.69,-0.48,663.85,2.98,-189.67,-0.85,11964.3,11.96
409,Exit long,25/12/2021 11:30,Long Exit,190.61,105.729,20664.73305,-511.73,-2.48,222.03,1.07,-768.65,-3.72,11452.57,11.45
409,Entry long,24/12/2021 16:00,Long,195.45,105.729,20664.73305,-511.73,-2.48,222.03,1.07,-768.65,-3.72,11452.57,11.45
410,Exit long,27/12/2021 09:00,Long Exit,196.4,132.772,25935.68248,140.74,0.54,868.33,3.35,-679.79,-2.62,11593.31,11.59
410,Entry long,26/12/2021 01:00,Long,195.34,132.772,25935.68248,140.74,0.54,868.33,3.35,-679.79,-2.62,11593.31,11.59
411,Exit long,27/12/2021 22:00,Long Exit,198.2,141.459,28559.15751,-521.98,-1.83,404.57,1.42,-599.79,-2.1,11071.33,11.07
411,Entry long,27/12/2021 13:30,Long,201.89,141.459,28559.15751,-521.98,-1.83,404.57,1.42,-599.79,-2.1,11071.33,11.07
412,Exit short,30/12/2021 12:00,Short Exit,174.7,129.236,25101.50828,2523.98,10.06,3367.89,13.42,-174.47,-0.7,13595.31,13.6
412,Entry short,28/12/2021 00:30,Short,194.23,129.236,25101.50828,2523.98,10.06,3367.89,13.42,-174.47,-0.7,13595.31,13.6
413,Exit long,31/12/2021 19:30,Long Exit,169.01,156.863,27560.8291,-1049.41,-3.81,305.88,1.11,-1049.41,-3.81,12545.89,12.55
413,Entry long,31/12/2021 08:30,Long,175.7,156.863,27560.8291,-1049.41,-3.81,305.88,1.11,-1049.41,-3.81,12545.89,12.55
414,Exit short,01/01/2022 06:00,Short Exit,173.25,159.04,26879.3504,-674.33,-2.51,213.11,0.79,-850.86,-3.17,11871.56,11.87
414,Entry short,31/12/2021 19:30,Short,169.01,159.04,26879.3504,-674.33,-2.51,213.11,0.79,-850.86,-3.17,11871.56,11.87
415,Exit long,02/01/2022 08:30,Long Exit,175.49,212.476,37380.90268,-93.49,-0.25,764.91,2.05,-301.72,-0.81,11778.07,11.78
415,Entry long,01/01/2022 19:30,Long,175.93,212.476,37380.90268,-93.49,-0.25,764.91,2.05,-301.72,-0.81,11778.07,11.78
416,Exit short,03/01/2022 13:30,Short Exit,175.31,229.397,40082.53781,-133.05,-0.33,626.25,1.56,-162.87,-0.41,11645.02,11.65
416,Entry short,03/01/2022 02:00,Short,174.73,229.397,40082.53781,-133.05,-0.33,626.25,1.56,-162.87,-0.41,11645.02,11.65
417,Exit short,04/01/2022 11:30,Short Exit,171.02,206.086,35228.34084,-16.49,-0.05,921.2,2.61,-156.63,-0.44,11628.54,11.63
417,Entry short,03/01/2022 16:00,Short,170.94,206.086,35228.34084,-16.49,-0.05,921.2,2.61,-156.63,-0.44,11628.54,11.63
418,Exit short,06/01/2022 17:30,Short Exit,152.21,175.828,28758.42768,1995.65,6.94,3277.43,11.4,-334.07,-1.16,13624.18,13.62
418,Entry short,05/01/2022 18:00,Short,163.56,175.828,28758.42768,1995.65,6.94,3277.43,11.4,-334.07,-1.16,13624.18,13.62
419,Exit short,08/01/2022 05:00,Short Exit,141.16,129.79,18810.4647,489.31,2.6,1538.01,8.18,-32.45,-0.17,14113.49,14.11
419,Entry short,07/01/2022 03:00,Short,144.93,129.79,18810.4647,489.31,2.6,1538.01,8.18,-32.45,-0.17,14113.49,14.11
420,Exit long,08/01/2022 17:00,Long Exit,140.73,122.697,17717.4468,-450.3,-2.54,455.21,2.57,-558.27,-3.15,13663.19,13.66
420,Entry long,08/01/2022 08:00,Long,144.4,122.697,17717.4468,-450.3,-2.54,455.21,2.57,-558.27,-3.15,13663.19,13.66
421,Exit short,08/01/2022 22:00,Stop Hit,144.4,101.644,13881.52108,-795.87,-5.73,354.74,2.56,-958.5,-6.9,12867.32,12.87
421,Entry short,08/01/2022 18:30,Short,136.57,101.644,13881.52108,-795.87,-5.73,354.74,2.56,-958.5,-6.9,12867.32,12.87
422,Exit short,11/01/2022 04:30,Short Exit,136.53,162.786,22498.65306,273.48,1.22,1336.47,5.94,-55.35,-0.25,13140.8,13.14
422,Entry short,10/01/2022 12:30,Short,138.21,162.786,22498.65306,273.48,1.22,1336.47,5.94,-55.35,-0.25,13140.8,13.14
423,Exit long,12/01/2022 07:30,Long Exit,138.51,148.662,20699.69688,-108.52,-0.52,633.3,3.06,-151.64,-0.73,13032.28,13.03
423,Entry long,11/01/2022 16:30,Long,139.24,148.662,20699.69688,-108.52,-0.52,633.3,3.06,-151.64,-0.73,13032.28,13.03
424,Exit long,13/01/2022 17:30,Stop Hit,150.79,179.335,25797.33975,1244.59,4.82,2501.72,9.7,-683.27,-2.65,14276.86,14.28
424,Entry long,12/01/2022 09:30,Long,143.85,179.335,25797.33975,1244.59,4.82,2501.72,9.7,-683.27,-2.65,14276.86,14.28
425,Exit short,14/01/2022 20:00,Short Exit,148.34,115.456,17044.76928,-81.97,-0.48,668.49,3.92,-338.29,-1.98,14194.89,14.19
425,Entry short,13/01/2022 20:00,Short,147.63,115.456,17044.76928,-81.97,-0.48,668.49,3.92,-338.29,-1.98,14194.89,14.19
426,Exit long,16/01/2022 21:30,Long Exit,147.07,225.94,33829.9962,-601,-1.78,503.85,1.49,-725.27,-2.14,13593.89,13.59
426,Entry long,16/01/2022 08:00,Long,149.73,225.94,33829.9962,-601,-1.78,503.85,1.49,-725.27,-2.14,13593.89,13.59
427,Exit short,18/01/2022 21:30,Short Exit,140.05,201.433,29485.76254,1275.07,4.32,2415.18,8.19,-18.13,-0.06,14868.96,14.87
427,Entry short,17/01/2022 01:30,Short,146.38,201.433,29485.76254,1275.07,4.32,2415.18,8.19,-18.13,-0.06,14868.96,14.87
428,Exit long,19/01/2022 07:30,Stop Hit,135.37,170.039,24029.91148,-1011.73,-4.21,234.65,0.98,-1069.55,-4.45,13857.23,13.86
428,Entry long,19/01/2022 00:00,Long,141.32,170.039,24029.91148,-1011.73,-4.21,234.65,0.98,-1069.55,-4.45,13857.23,13.86
429,Exit short,20/01/2022 06:30,Short Exit,137.7,168.93,22710.9492,-550.71,-2.42,282.11,1.24,-704.44,-3.1,13306.52,13.31
429,Entry short,19/01/2022 08:00,Short,134.44,168.93,22710.9492,-550.71,-2.42,282.11,1.24,-704.44,-3.1,13306.52,13.31
430,Exit long,20/01/2022 21:30,Stop Hit,136.12,225.41,31365.8015,-682.99,-2.18,1054.92,3.36,-703.28,-2.24,12623.52,12.62
430,Entry long,20/01/2022 14:00,Long,139.15,225.41,31365.8015,-682.99,-2.18,1054.92,3.36,-703.28,-2.24,12623.52,12.62
431,Exit short,23/01/2022 07:30,Short Exit,100.4,160.526,21226.35298,5109.54,24.07,7143.41,33.65,-208.68,-0.98,17733.07,17.73
431,Entry short,20/01/2022 22:00,Short,132.23,160.526,21226.35298,5109.54,24.07,7143.41,33.65,-208.68,-0.98,17733.07,17.73
432,Exit short,24/01/2022 18:30,Short Exit,88.68,93.002,8701.26712,453.85,5.22,1183.92,13.61,-74.4,-0.86,18186.92,18.19
432,Entry short,24/01/2022 00:30,Short,93.56,93.002,8701.26712,453.85,5.22,1183.92,13.61,-74.4,-0.86,18186.92,18.19
433,Exit long,26/01/2022 20:30,Stop Hit,95.13,117.199,11444.48235,-295.34,-2.58,794.61,6.94,-736.01,-6.43,17891.57,17.89
433,Entry long,25/01/2022 17:30,Long,97.65,117.199,11444.48235,-295.34,-2.58,794.61,6.94,-736.01,-6.43,17891.57,17.89
434,Exit short,27/01/2022 13:30,Short Exit,92.71,96.237,8664.21711,-257.92,-2.98,415.74,4.8,-348.38,-4.02,17633.66,17.63
434,Entry short,26/01/2022 22:00,Short,90.03,96.237,8664.21711,-257.92,-2.98,415.74,4.8,-348.38,-4.02,17633.66,17.63
435,Exit long,30/01/2022 14:30,Long Exit,94.22,143.69,13376.1021,162.37,1.21,839.15,6.27,-372.16,-2.78,17796.03,17.8
435,Entry long,29/01/2022 00:30,Long,93.09,143.69,13376.1021,162.37,1.21,839.15,6.27,-372.16,-2.78,17796.03,17.8
436,Exit short,31/01/2022 14:00,Short Exit,91.93,244.731,22618.03902,119.92,0.53,792.93,3.51,-452.75,-2,17915.95,17.92
436,Entry short,30/01/2022 19:30,Short,92.42,244.731,22618.03902,119.92,0.53,792.93,3.51,-452.75,-2,17915.95,17.92
437,Exit long,02/02/2022 08:00,Long Exit,108.52,207.031,20253.84273,2213.16,10.93,3277.3,16.18,-521.72,-2.58,20129.11,20.13
437,Entry long,31/01/2022 17:00,Long,97.83,207.031,20253.84273,2213.16,10.93,3277.3,16.18,-521.72,-2.58,20129.11,20.13
438,Exit short,03/02/2022 21:30,Short Exit,99.38,151.456,16042.21952,990.52,6.17,1805.36,11.25,-916.31,-5.71,21119.63,21.12
438,Entry short,02/02/2022 15:00,Short,105.92,151.456,16042.21952,990.52,6.17,1805.36,11.25,-916.31,-5.71,21119.63,21.12
439,Exit long,05/02/2022 17:00,Long Exit,112.69,152.635,15658.82465,1541.61,9.85,2443.69,15.61,-149.58,-0.96,22661.24,22.66
439,Entry long,04/02/2022 03:00,Long,102.59,152.635,15658.82465,1541.61,9.85,2443.69,15.61,-149.58,-0.96,22661.24,22.66
440,Exit long,08/02/2022 00:30,Long Exit,116.82,196.45,23059.301,-110.01,-0.48,893.85,3.88,-428.26,-1.86,22551.23,22.55
440,Entry long,07/02/2022 03:30,Long,117.38,196.45,23059.301,-110.01,-0.48,893.85,3.88,-428.26,-1.86,22551.23,22.55
441,Exit short,09/02/2022 00:00,Short Exit,113.44,153.783,17666.59104,221.45,1.25,802.75,4.54,-55.36,-0.31,22772.68,22.77
441,Entry short,08/02/2022 08:30,Short,114.88,153.783,17666.59104,221.45,1.25,802.75,4.54,-55.36,-0.31,22772.68,22.77
442,Exit short,09/02/2022 13:00,Long,114.69,176.873,19464.87365,-820.69,-4.22,26.53,0.14,-930.35,-4.78,21951.99,21.95
442,Entry short,09/02/2022 05:30,Short,110.05,176.873,19464.87365,-820.69,-4.22,26.53,0.14,-930.35,-4.78,21951.99,21.95
443,Exit long,10/02/2022 03:00,Long Exit,111.21,189.01,21677.5569,-657.75,-3.03,451.73,2.08,-670.99,-3.1,21294.23,21.29
443,Entry long,09/02/2022 13:00,Long,114.69,189.01,21677.5569,-657.75,-3.03,451.73,2.08,-670.99,-3.1,21294.23,21.29
444,Exit short,11/02/2022 13:00,Short Exit,106.47,183.309,19769.87565,252.97,1.28,846.89,4.28,-1096.19,-5.54,21547.2,21.55
444,Entry short,10/02/2022 14:00,Short,107.85,183.309,19769.87565,252.97,1.28,846.89,4.28,-1096.19,-5.54,21547.2,21.55
445,Exit short,12/02/2022 17:00,Short Exit,97.32,185.782,18723.10996,642.81,3.43,1482.54,7.92,-130.05,-0.69,22190.01,22.19
445,Entry short,11/02/2022 19:00,Short,100.78,185.782,18723.10996,642.81,3.43,1482.54,7.92,-130.05,-0.69,22190.01,22.19
446,Exit short,14/02/2022 07:00,Short Exit,94.6,294.639,27690.17322,-182.68,-0.66,960.52,3.47,-274.01,-0.99,22007.33,22.01
446,Entry short,13/02/2022 17:00,Short,93.98,294.639,27690.17322,-182.68,-0.66,960.52,3.47,-274.01,-0.99,22007.33,22.01
447,Exit long,16/02/2022 04:30,Long Exit,101.15,224.85,21810.45,933.13,4.28,1971.93,9.04,-829.7,-3.8,22940.46,22.94
447,Entry long,14/02/2022 14:30,Long,97,224.85,21810.45,933.13,4.28,1971.93,9.04,-829.7,-3.8,22940.46,22.94
448,Exit short,18/02/2022 08:30,Short Exit,95.73,229.896,22879.24992,871.31,3.81,1652.95,7.22,-960.97,-4.2,23811.76,23.81
448,Entry short,16/02/2022 14:00,Short,99.52,229.896,22879.24992,871.31,3.81,1652.95,7.22,-960.97,-4.2,23811.76,23.81
449,Exit short,19/02/2022 03:30,Short Exit,91.44,241.35,22455.204,386.16,1.72,900.24,4.01,-127.92,-0.57,24197.92,24.2
449,Entry short,18/02/2022 15:00,Short,93.04,241.35,22455.204,386.16,1.72,900.24,4.01,-127.92,-0.57,24197.92,24.2
450,Exit short,20/02/2022 12:30,Stop Hit,89.49,289.603,25919.4685,2.9,0.01,1141.04,4.4,-776.14,-2.99,24200.82,24.2
450,Entry short,19/02/2022 12:00,Short,89.5,289.603,25919.4685,2.9,0.01,1141.04,4.4,-776.14,-2.99,24200.82,24.2
451,Exit long,21/02/2022 12:00,Stop Hit,89.16,203.835,18975.00015,-801.07,-4.22,621.7,3.28,-1004.91,-5.3,23399.75,23.4
451,Entry long,20/02/2022 19:00,Long,93.09,203.835,18975.00015,-801.07,-4.22,621.7,3.28,-1004.91,-5.3,23399.75,23.4
452,Exit short,22/02/2022 10:30,Short Exit,85.67,173.96,15247.594,344.44,2.26,1146.4,7.52,-788.04,-5.17,23744.19,23.74
452,Entry short,21/02/2022 13:30,Short,87.65,173.96,15247.594,344.44,2.26,1146.4,7.52,-788.04,-5.17,23744.19,23.74
453,Exit long,23/02/2022 18:00,Long Exit,89.08,201.251,17635.62513,291.81,1.65,1161.22,6.58,-307.91,-1.75,24036,24.04
453,Entry long,23/02/2022 00:30,Long,87.63,201.251,17635.62513,291.81,1.65,1161.22,6.58,-307.91,-1.75,24036,24.04
454,Exit short,24/02/2022 08:00,Stop Hit,82.18,187.955,15993.09095,546.95,3.42,1830.68,11.45,-135.33,-0.85,24582.95,24.58
454,Entry short,23/02/2022 23:30,Short,85.09,187.955,15993.09095,546.95,3.42,1830.68,11.45,-135.33,-0.85,24582.95,24.58
455,Exit long,26/02/2022 09:30,Long Exit,90.94,112.958,10156.05378,116.35,1.15,630.31,6.21,-359.21,-3.54,24699.3,24.7
455,Entry long,24/02/2022 20:30,Long,89.91,112.958,10156.05378,116.35,1.15,630.31,6.21,-359.21,-3.54,24699.3,24.7
456,Exit short,27/02/2022 11:00,Short Exit,90.56,236.036,20754.64548,-620.77,-2.99,455.55,2.19,-696.31,-3.35,24078.53,24.08
456,Entry short,27/02/2022 01:00,Short,87.93,236.036,20754.64548,-620.77,-2.99,455.55,2.19,-696.31,-3.35,24078.53,24.08
457,Exit short,28/02/2022 08:00,Short Exit,88.13,201.375,17086.66875,-660.51,-3.87,155.06,0.91,-775.29,-4.54,23418.01,23.42
457,Entry short,27/02/2022 20:00,Short,84.85,201.375,17086.66875,-660.51,-3.87,155.06,0.91,-775.29,-4.54,23418.01,23.42
458,Exit long,01/03/2022 06:00,Long Exit,96.31,177.315,16811.23515,265.97,1.58,1452.21,8.64,-216.32,-1.29,23683.99,23.68
458,Entry long,28/02/2022 15:00,Long,94.81,177.315,16811.23515,265.97,1.58,1452.21,8.64,-216.32,-1.29,23683.99,23.68
459,Exit long,02/03/2022 19:30,Long Exit,100.3,153.57,15636.4974,-233.43,-1.49,707.96,4.53,-310.21,-1.98,23450.56,23.45
459,Entry long,02/03/2022 03:30,Long,101.82,153.57,15636.4974,-233.43,-1.49,707.96,4.53,-310.21,-1.98,23450.56,23.45
460,Exit short,05/03/2022 12:30,Short Exit,89.39,189.864,18230.74128,1258.8,6.9,1902.44,10.44,-79.74,-0.44,24709.36,24.71
460,Entry short,03/03/2022 15:30,Short,96.02,189.864,18230.74128,1258.8,6.9,1902.44,10.44,-79.74,-0.44,24709.36,24.71
461,Exit short,07/03/2022 12:30,Short Exit,84.24,342.912,29744.18688,857.28,2.88,1927.17,6.48,-521.23,-1.75,25566.64,25.57
461,Entry short,06/03/2022 10:30,Short,86.74,342.912,29744.18688,857.28,2.88,1927.17,6.48,-521.23,-1.75,25566.64,25.57
462,Exit short,08/03/2022 09:00,Short Exit,84.1,239.575,19247.4555,-900.8,-4.68,100.62,0.52,-1104.44,-5.74,24665.84,24.67
462,Entry short,07/03/2022 20:00,Short,80.34,239.575,19247.4555,-900.8,-4.68,100.62,0.52,-1104.44,-5.74,24665.84,24.67
463,Exit long,09/03/2022 19:30,Long Exit,86.51,263.968,22682.77024,153.1,0.67,1053.23,4.64,0,0,24818.94,24.82
463,Entry long,09/03/2022 03:30,Long,85.93,263.968,22682.77024,153.1,0.67,1053.23,4.64,0,0,24818.94,24.82
464,Exit short,11/03/2022 12:00,Short Exit,83.27,245.863,20310.74243,-162.27,-0.8,587.61,2.89,-351.58,-1.73,24656.67,24.66
464,Entry short,10/03/2022 05:30,Short,82.61,245.863,20310.74243,-162.27,-0.8,587.61,2.89,-351.58,-1.73,24656.67,24.66
465,Exit long,11/03/2022 19:30,Long Exit,80.7,311.684,26034.96452,-882.07,-3.39,34.29,0.13,-969.34,-3.72,23774.6,23.77
465,Entry long,11/03/2022 13:00,Long,83.53,311.684,26034.96452,-882.07,-3.39,34.29,0.13,-969.34,-3.72,23774.6,23.77
466,Exit short,12/03/2022 17:30,Short Exit,82.06,329.355,26447.2065,-579.66,-2.19,16.47,0.06,-806.92,-3.05,23194.94,23.19
466,Entry short,11/03/2022 21:00,Short,80.3,329.355,26447.2065,-579.66,-2.19,16.47,0.06,-806.92,-3.05,23194.94,23.19
467,Exit long,13/03/2022 12:00,Long Exit,81.04,469.623,38781.46734,-723.22,-1.86,103.32,0.27,-835.93,-2.16,22471.72,22.47
467,Entry long,13/03/2022 04:30,Long,82.58,469.623,38781.46734,-723.22,-1.86,103.32,0.27,-835.93,-2.16,22471.72,22.47
468,Exit short,14/03/2022 04:30,Stop Hit,80.66,504.872,40586.66008,-136.32,-0.34,1383.35,3.41,-661.38,-1.63,22335.4,22.34
468,Entry short,13/03/2022 12:30,Short,80.39,504.872,40586.66008,-136.32,-0.34,1383.35,3.41,-661.38,-1.63,22335.4,22.34
469,Exit long,16/03/2022 04:30,Long Exit,81.85,395.288,32334.5584,19.76,0.06,1810.42,5.6,-106.73,-0.33,22355.17,22.36
469,Entry long,15/03/2022 16:30,Long,81.8,395.288,32334.5584,19.76,0.06,1810.42,5.6,-106.73,-0.33,22355.17,22.36
470,Exit long,18/03/2022 00:30,Long Exit,87.7,258.317,22316.00563,338.4,1.52,1190.84,5.34,-198.9,-0.89,22693.56,22.69
470,Entry long,16/03/2022 20:30,Long,86.39,258.317,22316.00563,338.4,1.52,1190.84,5.34,-198.9,-0.89,22693.56,22.69
471,Exit short,18/03/2022 16:00,Short Exit,88.28,304.165,26127.7735,-723.91,-2.77,453.21,1.73,-726.95,-2.78,21969.65,21.97
471,Entry short,18/03/2022 04:00,Short,85.9,304.165,26127.7735,-723.91,-2.77,453.21,1.73,-726.95,-2.78,21969.65,21.97
472,Exit long,20/03/2022 03:00,Long Exit,90.69,264.726,24127.12764,-119.13,-0.49,902.72,3.74,-606.22,-2.51,21850.52,21.85
472,Entry long,18/03/2022 17:30,Long,91.14,264.726,24127.12764,-119.13,-0.49,902.72,3.74,-606.22,-2.51,21850.52,21.85
473,Exit short,21/03/2022 08:30,Short Exit,89.87,321.064,28905.39192,51.37,0.18,1056.3,3.65,-195.85,-0.68,21901.9,21.9
473,Entry short,20/03/2022 12:30,Short,90.03,321.064,28905.39192,51.37,0.18,1056.3,3.65,-195.85,-0.68,21901.9,21.9
474,Exit long,21/03/2022 17:30,Long Exit,87.89,303.027,27190.61271,-557.57,-2.05,124.24,0.46,-690.9,-2.54,21344.32,21.34
474,Entry long,21/03/2022 14:00,Long,89.73,303.027,27190.61271,-557.57,-2.05,124.24,0.46,-690.9,-2.54,21344.32,21.34
475,Exit long,23/03/2022 00:00,Long Exit,90.44,317.768,29063.06128,-324.12,-1.12,800.78,2.76,-622.83,-2.14,21020.2,21.02
475,Entry long,22/03/2022 03:30,Long,91.46,317.768,29063.06128,-324.12,-1.12,800.78,2.76,-622.83,-2.14,21020.2,21.02
476,Exit long,25/03/2022 15:30,Long Exit,100.39,305.767,28977.53859,1718.41,5.93,3085.19,10.65,-675.75,-2.33,22738.61,22.74
476,Entry long,23/03/2022 15:00,Long,94.77,305.767,28977.53859,1718.41,5.93,3085.19,10.65,-675.75,-2.33,22738.61,22.74
477,Exit short,26/03/2022 05:00,Short Exit,99.84,209.974,20629.9455,-333.86,-1.62,272.97,1.32,-409.45,-1.98,22404.75,22.4
477,Entry short,25/03/2022 17:00,Short,98.25,209.974,20629.9455,-333.86,-1.62,272.97,1.32,-409.45,-1.98,22404.75,22.4
478,Exit long,27/03/2022 06:00,Long Exit,101.53,305.438,31490.6578,-479.54,-1.52,30.54,0.1,-616.98,-1.96,21925.22,21.93
478,Entry long,26/03/2022 20:30,Long,103.1,305.438,31490.6578,-479.54,-1.52,30.54,0.1,-616.98,-1.96,21925.22,21.93
479,Exit short,27/03/2022 19:30,Stop Hit,102.48,378.678,37572.43116,-1234.49,-3.29,170.41,0.45,-1412.47,-3.76,20690.72,20.69
479,Entry short,27/03/2022 14:00,Short,99.22,378.678,37572.43116,-1234.49,-3.29,170.41,0.45,-1412.47,-3.76,20690.72,20.69
480,Exit long,29/03/2022 00:30,Stop Hit,107,335.67,34651.2141,1265.48,3.65,3571.53,10.31,-476.65,-1.38,21956.2,21.96
480,Entry long,27/03/2022 21:00,Long,103.23,335.67,34651.2141,1265.48,3.65,3571.53,10.31,-476.65,-1.38,21956.2,21.96
481,Exit long,29/03/2022 17:30,Long Exit,110.66,181.496,20538.08736,-453.74,-2.21,461,2.24,-725.98,-3.53,21502.46,21.5
481,Entry long,29/03/2022 13:30,Long,113.16,181.496,20538.08736,-453.74,-2.21,461,2.24,-725.98,-3.53,21502.46,21.5
482,Exit long,01/04/2022 03:00,Long Exit,121.45,171.002,19865.30234,902.89,4.55,2279.46,11.47,-326.61,-1.64,22405.35,22.41
482,Entry long,30/03/2022 14:30,Long,116.17,171.002,19865.30234,902.89,4.55,2279.46,11.47,-326.61,-1.64,22405.35,22.41
483,Exit short,01/04/2022 09:00,Short Exit,126.45,114.186,13560.72936,-878.09,-6.48,53.67,0.4,-879.23,-6.48,21527.26,21.53
483,Entry short,01/04/2022 04:00,Short,118.76,114.186,13560.72936,-878.09,-6.48,53.67,0.4,-879.23,-6.48,21527.26,21.53
484,Exit long,02/04/2022 19:30,Long Exit,135.72,116.635,14979.43305,850.27,5.68,1758.86,11.74,-4.67,-0.03,22377.53,22.38
484,Entry long,01/04/2022 15:00,Long,128.43,116.635,14979.43305,850.27,5.68,1758.86,11.74,-4.67,-0.03,22377.53,22.38
485,Exit short,03/04/2022 07:00,Short Exit,138.55,127.874,16940.74752,-776.2,-4.58,250.63,1.48,-823.51,-4.86,21601.33,21.6
485,Entry short,03/04/2022 01:00,Short,132.48,127.874,16940.74752,-776.2,-4.58,250.63,1.48,-823.51,-4.86,21601.33,21.6
486,Exit short,05/04/2022 04:30,Short Exit,133.67,175.079,23469.33995,66.53,0.28,1440.9,6.14,-250.36,-1.07,21667.87,21.67
486,Entry short,04/04/2022 12:00,Short,134.05,175.079,23469.33995,66.53,0.28,1440.9,6.14,-250.36,-1.07,21667.87,21.67
487,Exit short,07/04/2022 13:00,Short Exit,117.46,151.253,19455.67339,1689.5,8.68,2684.74,13.8,-15.13,-0.08,23357.36,23.36
487,Entry short,06/04/2022 00:00,Short,128.63,151.253,19455.67339,1689.5,8.68,2684.74,13.8,-15.13,-0.08,23357.36,23.36
488,Exit long,08/04/2022 09:00,Long Exit,119.13,151.803,18050.89473,33.4,0.19,532.83,2.95,-338.52,-1.88,23390.76,23.39
488,Entry long,08/04/2022 00:30,Long,118.91,151.803,18050.89473,33.4,0.19,532.83,2.95,-338.52,-1.88,23390.76,23.39
489,Exit short,09/04/2022 14:00,Short Exit,111.45,152.215,17092.22235,127.86,0.75,637.78,3.73,-73.06,-0.43,23518.62,23.52
489,Entry short,08/04/2022 22:30,Short,112.29,152.215,17092.22235,127.86,0.75,637.78,3.73,-73.06,-0.43,23518.62,23.52
490,Exit long,10/04/2022 10:30,Long Exit,110.63,246.248,28005.78504,-763.37,-2.73,7.39,0.03,-879.11,-3.14,22755.25,22.76
490,Entry long,10/04/2022 04:30,Long,113.73,246.248,28005.78504,-763.37,-2.73,7.39,0.03,-879.11,-3.14,22755.25,22.76
491,Exit long,11/04/2022 01:30,Stop Hit,110.82,266.281,30310.76623,-801.51,-2.64,601.8,1.99,-1254.18,-4.14,21953.74,21.95
491,Entry long,10/04/2022 18:30,Long,113.83,266.281,30310.76623,-801.51,-2.64,601.8,1.99,-1254.18,-4.14,21953.74,21.95
492,Exit short,12/04/2022 09:30,Short Exit,103.06,202.12,22398.9384,1568.45,7,2570.97,11.48,-226.37,-1.01,23522.2,23.52
492,Entry short,11/04/2022 01:30,Short,110.82,202.12,22398.9384,1568.45,7,2570.97,11.48,-226.37,-1.01,23522.2,23.52
493,Exit long,12/04/2022 20:00,Stop Hit,101.4,187.516,20412.99176,-1398.87,-6.85,93.76,0.46,-1415.75,-6.94,22123.33,22.12
493,Entry long,12/04/2022 14:30,Long,108.86,187.516,20412.99176,-1398.87,-6.85,93.76,0.46,-1415.75,-6.94,22123.33,22.12
494,Exit short,13/04/2022 16:30,Short Exit,105.35,214.878,21773.58774,-863.81,-3.97,23.64,0.11,-904.64,-4.15,21259.52,21.26
494,Entry short,13/04/2022 14:30,Short,101.33,214.878,21773.58774,-863.81,-3.97,23.64,0.11,-904.64,-4.15,21259.52,21.26
495,Exit long,14/04/2022 12:00,Long Exit,104.18,215.058,22942.38744,-537.64,-2.34,223.66,0.97,-544.1,-2.37,20721.87,20.72
495,Entry long,14/04/2022 02:30,Long,106.68,215.058,22942.38744,-537.64,-2.34,223.66,0.97,-544.1,-2.37,20721.87,20.72
496,Exit short,15/04/2022 05:00,Short Exit,102.06,202.055,20199.43835,-422.29,-2.09,242.47,1.2,-432.4,-2.14,20299.58,20.3
496,Entry short,14/04/2022 18:00,Short,99.97,202.055,20199.43835,-422.29,-2.09,242.47,1.2,-432.4,-2.14,20299.58,20.3
497,Exit long,16/04/2022 17:00,Long Exit,100.96,430.165,44268.28015,-838.82,-1.89,253.8,0.57,-946.36,-2.14,19460.75,19.46
497,Entry long,16/04/2022 16:00,Long,102.91,430.165,44268.28015,-838.82,-1.89,253.8,0.57,-946.36,-2.14,19460.75,19.46
498,Exit long,17/04/2022 22:30,Stop Hit,102.77,473.405,48732.3107,-80.48,-0.17,1183.51,2.43,-392.93,-0.81,19380.28,19.38
498,Entry long,17/04/2022 14:30,Long,102.94,473.405,48732.3107,-80.48,-0.17,1183.51,2.43,-392.93,-0.81,19380.28,19.38
499,Exit short,18/04/2022 18:00,Short Exit,98.74,278.487,27879.33357,381.53,1.37,1528.89,5.48,-453.93,-1.63,19761.8,19.76
499,Entry short,18/04/2022 00:30,Short,100.11,278.487,27879.33357,381.53,1.37,1528.89,5.48,-453.93,-1.63,19761.8,19.76
500,Exit long,20/04/2022 16:30,Stop Hit,105.22,242.02,25109.575,355.77,1.42,1730.44,6.89,-660.71,-2.63,20117.57,20.12
500,Entry long,19/04/2022 02:00,Long,103.75,242.02,25109.575,355.77,1.42,1730.44,6.89,-660.71,-2.63,20117.57,20.12
501,Exit short,21/04/2022 05:30,Short Exit,107,213.072,22332.07632,-466.63,-2.09,25.57,0.11,-600.86,-2.69,19650.94,19.65
501,Entry short,20/04/2022 20:00,Short,104.81,213.072,22332.07632,-466.63,-2.09,25.57,0.11,-600.86,-2.69,19650.94,19.65
502,Exit short,23/04/2022 10:00,Short Exit,101.94,217.9,22724.791,512.07,2.25,1303.04,5.73,-10.89,-0.05,20163.01,20.16
502,Entry short,21/04/2022 21:00,Short,104.29,217.9,22724.791,512.07,2.25,1303.04,5.73,-10.89,-0.05,20163.01,20.16
503,Exit long,24/04/2022 01:00,Long Exit,100.63,351.827,36051.71269,-647.36,-1.8,73.88,0.2,-823.28,-2.28,19515.65,19.52
503,Entry long,23/04/2022 18:00,Long,102.47,351.827,36051.71269,-647.36,-1.8,73.88,0.2,-823.28,-2.28,19515.65,19.52
504,Exit short,25/04/2022 17:30,Short Exit,98.22,370.488,37367.41968,978.09,2.62,2422.99,6.48,-144.49,-0.39,20493.74,20.49
504,Entry short,24/04/2022 16:00,Short,100.86,370.488,37367.41968,978.09,2.62,2422.99,6.48,-144.49,-0.39,20493.74,20.49
505,Exit long,26/04/2022 12:30,Long Exit,100.67,275.801,27922.09324,-157.21,-0.56,204.09,0.73,-405.43,-1.45,20336.53,20.34
505,Entry long,26/04/2022 00:30,Long,101.24,275.801,27922.09324,-157.21,-0.56,204.09,0.73,-405.43,-1.45,20336.53,20.34
506,Exit short,27/04/2022 07:00,Short Exit,97.23,245.514,23706.83184,-164.49,-0.69,478.75,2.02,-324.08,-1.37,20172.04,20.17
506,Entry short,26/04/2022 21:00,Short,96.56,245.514,23706.83184,-164.49,-0.69,478.75,2.02,-324.08,-1.37,20172.04,20.17
507,Exit short,01/05/2022 17:00,Short Exit,90.04,308.246,29810.47066,2056,6.9,4562.04,15.3,-1075.78,-3.61,22228.04,22.23
507,Entry short,28/04/2022 15:30,Short,96.71,308.246,29810.47066,2056,6.9,4562.04,15.3,-1075.78,-3.61,22228.04,22.23
508,Exit short,03/05/2022 05:00,Short Exit,88.65,259.559,22586.82418,-423.08,-1.87,498.35,2.21,-498.35,-2.21,21804.96,21.8
508,Entry short,02/05/2022 12:30,Short,87.02,259.559,22586.82418,-423.08,-1.87,498.35,2.21,-498.35,-2.21,21804.96,21.8
509,Exit short,04/05/2022 08:00,Short Exit,86.88,311.666,26516.54328,-561,-2.12,130.9,0.49,-564.12,-2.13,21243.96,21.24
509,Entry short,03/05/2022 20:30,Short,85.08,311.666,26516.54328,-561,-2.12,130.9,0.49,-564.12,-2.13,21243.96,21.24
510,Exit long,05/05/2022 14:30,Long Exit,92,385.622,34158.39676,1318.83,3.86,2572.1,7.53,-875.36,-2.56,22562.78,22.56
510,Entry long,04/05/2022 12:00,Long,88.58,385.622,34158.39676,1318.83,3.86,2572.1,7.53,-875.36,-2.56,22562.78,22.56
511,Exit short,07/05/2022 13:30,Short Exit,81.8,249.647,21382.26555,961.14,4.5,1630.2,7.62,-199.72,-0.93,23523.92,23.52
511,Entry short,05/05/2022 16:30,Short,85.65,249.647,21382.26555,961.14,4.5,1630.2,7.62,-199.72,-0.93,23523.92,23.52
512,Exit short,10/05/2022 06:30,Short Exit,69.18,353.329,27704.52689,3261.23,11.77,6458.85,23.31,-544.13,-1.96,26785.15,26.79
512,Entry short,07/05/2022 23:00,Short,78.41,353.329,27704.52689,3261.23,11.77,6458.85,23.31,-544.13,-1.96,26785.15,26.79
513,Exit short,12/05/2022 16:30,Short Exit,46.06,134.179,8362.03528,2181.75,26.09,3347.77,40.04,-548.79,-6.56,28966.9,28.97
513,Entry short,11/05/2022 08:00,Short,62.32,134.179,8362.03528,2181.75,26.09,3347.77,40.04,-548.79,-6.56,28966.9,28.97
514,Exit long,14/05/2022 00:30,Long Exit,49.71,112.754,5941.00826,-336.01,-5.66,484.84,8.16,-429.59,-7.23,28630.9,28.63
514,Entry long,13/05/2022 06:30,Long,52.69,112.754,5941.00826,-336.01,-5.66,484.84,8.16,-429.59,-7.23,28630.9,28.63
515,Exit short,14/05/2022 23:00,Short Exit,51.01,189.838,9011.60986,-672.03,-7.46,315.13,3.5,-911.22,-10.11,27958.87,27.96
515,Entry short,14/05/2022 12:30,Short,47.47,189.838,9011.60986,-672.03,-7.46,315.13,3.5,-911.22,-10.11,27958.87,27.96
516,Exit long,16/05/2022 07:30,Long Exit,53.59,252.934,13357.44454,197.29,1.48,1644.07,12.31,-151.76,-1.14,28156.16,28.16
516,Entry long,15/05/2022 12:30,Long,52.81,252.934,13357.44454,197.29,1.48,1644.07,12.31,-151.76,-1.14,28156.16,28.16
517,Exit short,16/05/2022 22:30,Short Exit,54.99,207.764,10996.94852,-427.99,-3.89,216.07,1.96,-596.28,-5.42,27728.16,27.73
517,Entry short,16/05/2022 16:30,Short,52.93,207.764,10996.94852,-427.99,-3.89,216.07,1.96,-596.28,-5.42,27728.16,27.73
518,Exit long,17/05/2022 16:00,Long Exit,54.75,250.813,14456.86132,-724.85,-5.01,145.47,1.01,-775.01,-5.36,27003.31,27
518,Entry long,17/05/2022 08:00,Long,57.64,250.813,14456.86132,-724.85,-5.01,145.47,1.01,-775.01,-5.36,27003.31,27
519,Exit short,19/05/2022 08:00,Short Exit,52.13,321.844,17080.26108,302.53,1.77,1567.38,9.18,-80.46,-0.47,27305.85,27.31
519,Entry short,18/05/2022 14:00,Short,53.07,321.844,17080.26108,302.53,1.77,1567.38,9.18,-80.46,-0.47,27305.85,27.31
520,Exit short,21/05/2022 16:00,Short Exit,50.69,275.477,13611.31857,-352.61,-2.59,440.76,3.24,-374.65,-2.75,26953.24,26.95
520,Entry short,20/05/2022 17:00,Short,49.41,275.477,13611.31857,-352.61,-2.59,440.76,3.24,-374.65,-2.75,26953.24,26.95
521,Exit long,23/05/2022 20:00,Long Exit,52.02,549.405,28338.3099,241.74,0.85,1703.16,6.01,-241.74,-0.85,27194.98,27.19
521,Entry long,22/05/2022 11:00,Long,51.58,549.405,28338.3099,241.74,0.85,1703.16,6.01,-241.74,-0.85,27194.98,27.19
522,Exit short,24/05/2022 17:00,Short Exit,50.08,355.021,18024.41617,244.96,1.36,1302.93,7.23,-102.96,-0.57,27439.94,27.44
522,Entry short,23/05/2022 20:30,Short,50.77,355.021,18024.41617,244.96,1.36,1302.93,7.23,-102.96,-0.57,27439.94,27.44
523,Exit short,27/05/2022 15:00,Short Exit,43.41,489.811,23060.30188,1797.61,7.8,3502.15,15.19,-24.49,-0.11,29237.55,29.24
523,Entry short,26/05/2022 06:30,Short,47.08,489.811,23060.30188,1797.61,7.8,3502.15,15.19,-24.49,-0.11,29237.55,29.24
524,Exit long,29/05/2022 05:30,Stop Hit,42.02,427.767,18368.31498,-393.55,-2.14,915.42,4.98,-491.93,-2.68,28844,28.84
524,Entry long,28/05/2022 18:00,Long,42.94,427.767,18368.31498,-393.55,-2.14,915.42,4.98,-491.93,-2.68,28844,28.84
525,Exit long,30/05/2022 14:30,Long Exit,45.11,452.531,20345.79376,67.88,0.33,1090.6,5.36,-398.23,-1.96,28911.88,28.91
525,Entry long,29/05/2022 14:00,Long,44.96,452.531,20345.79376,67.88,0.33,1090.6,5.36,-398.23,-1.96,28911.88,28.91
526,Exit long,31/05/2022 15:00,Long Exit,45.22,401.826,19054.58892,-884.02,-4.64,329.5,1.73,-1113.06,-5.84,28027.86,28.03
526,Entry long,30/05/2022 22:30,Long,47.42,401.826,19054.58892,-884.02,-4.64,329.5,1.73,-1113.06,-5.84,28027.86,28.03
527,Exit short,01/06/2022 15:30,Short Exit,44.28,410.112,18545.26464,385.51,2.08,406.01,2.19,-660.28,-3.56,28413.37,28.41
527,Entry short,31/05/2022 15:00,Short,45.22,410.112,18545.26464,385.51,2.08,406.01,2.19,-660.28,-3.56,28413.37,28.41
528,Exit short,02/06/2022 13:00,Short Exit,41.04,437.281,19161.65342,1215.64,6.34,2488.13,12.98,-30.61,-0.16,29629.01,29.63
528,Entry short,01/06/2022 16:00,Short,43.82,437.281,19161.65342,1215.64,6.34,2488.13,12.98,-30.61,-0.16,29629.01,29.63
529,Exit short,04/06/2022 16:00,Short Exit,37.57,528.319,20625.57376,776.63,3.77,1759.3,8.53,-42.27,-0.2,30405.64,30.41
529,Entry short,03/06/2022 11:00,Short,39.04,528.319,20625.57376,776.63,3.77,1759.3,8.53,-42.27,-0.2,30405.64,30.41
530,Exit long,06/06/2022 00:30,Long Exit,38.6,570.574,22081.2138,-57.06,-0.26,867.27,3.93,-484.99,-2.2,30348.58,30.35
530,Entry long,04/06/2022 23:00,Long,38.7,570.574,22081.2138,-57.06,-0.26,867.27,3.93,-484.99,-2.2,30348.58,30.35
531,Exit long,06/06/2022 20:00,Long Exit,41.8,514.412,20859.4066,643.02,3.08,2222.26,10.65,-82.31,-0.39,30991.59,30.99
531,Entry long,06/06/2022 02:30,Long,40.55,514.412,20859.4066,643.02,3.08,2222.26,10.65,-82.31,-0.39,30991.59,30.99
532,Exit short,07/06/2022 19:30,Short Exit,39.79,419.456,15918.3552,-771.8,-4.85,121.64,0.76,-801.16,-5.03,30219.8,30.22
532,Entry short,07/06/2022 12:30,Short,37.95,419.456,15918.3552,-771.8,-4.85,121.64,0.76,-801.16,-5.03,30219.8,30.22
533,Exit long,09/06/2022 21:30,Long Exit,39.84,596.084,24147.36284,-399.38,-1.65,870.28,3.6,-637.81,-2.64,29820.42,29.82
533,Entry long,09/06/2022 10:00,Long,40.51,596.084,24147.36284,-399.38,-1.65,870.28,3.6,-637.81,-2.64,29820.42,29.82
534,Exit short,12/06/2022 16:00,Short Exit,33.53,545.857,21299.34014,2996.76,14.07,4334.1,20.35,-371.18,-1.74,32817.18,32.82
534,Entry short,10/06/2022 11:00,Short,39.02,545.857,21299.34014,2996.76,14.07,4334.1,20.35,-371.18,-1.74,32817.18,32.82
535,Exit short,13/06/2022 17:30,Short Exit,28.71,420.674,12872.6244,795.07,6.18,1914.07,14.87,-214.54,-1.67,33612.25,33.61
535,Entry short,13/06/2022 01:00,Short,30.6,420.674,12872.6244,795.07,6.18,1914.07,14.87,-214.54,-1.67,33612.25,33.61
536,Exit short,14/06/2022 06:30,Stop Hit,30.02,286.428,7515.87072,-1082.7,-14.41,71.61,0.95,-1360.53,-18.1,32529.55,32.53
536,Entry short,14/06/2022 03:30,Short,26.24,286.428,7515.87072,-1082.7,-14.41,71.61,0.95,-1360.53,-18.1,32529.55,32.53
537,Exit long,14/06/2022 23:00,Long Exit,28.24,249.934,7503.01868,-444.88,-5.93,574.85,7.66,-524.86,-7,32084.67,32.08
537,Entry long,14/06/2022 06:30,Long,30.02,249.934,7503.01868,-444.88,-5.93,574.85,7.66,-524.86,-7,32084.67,32.08
538,Exit short,15/06/2022 19:30,Short Exit,29.08,335.6,9088.048,-671.2,-7.39,97.32,1.07,-1080.63,-11.89,31413.47,31.41
538,Entry short,15/06/2022 09:30,Short,27.08,335.6,9088.048,-671.2,-7.39,97.32,1.07,-1080.63,-11.89,31413.47,31.41
539,Exit long,16/06/2022 10:30,Long Exit,31.79,259.446,7920.88638,326.9,4.13,1419.17,17.92,-28.54,-0.36,31740.37,31.74
539,Entry long,15/06/2022 20:00,Long,30.53,259.446,7920.88638,326.9,4.13,1419.17,17.92,-28.54,-0.36,31740.37,31.74
540,Exit short,17/06/2022 09:00,Short Exit,31.59,318.347,9591.79511,-464.79,-4.85,276.96,2.89,-585.76,-6.11,31275.58,31.28
540,Entry short,17/06/2022 00:30,Short,30.13,318.347,9591.79511,-464.79,-4.85,276.96,2.89,-585.76,-6.11,31275.58,31.28
541,Exit short,18/06/2022 23:30,Stop Hit,31.35,514.81,14883.1571,-1256.14,-8.44,906.07,6.09,-1379.69,-9.27,30019.45,30.02
541,Entry short,18/06/2022 08:00,Short,28.91,514.81,14883.1571,-1256.14,-8.44,906.07,6.09,-1379.69,-9.27,30019.45,30.02
542,Exit long,20/06/2022 06:00,Long Exit,31.84,315.164,9971.78896,63.03,0.63,1185.02,11.88,-932.89,-9.36,30082.48,30.08
542,Entry long,19/06/2022 00:30,Long,31.64,315.164,9971.78896,63.03,0.63,1185.02,11.88,-932.89,-9.36,30082.48,30.08
543,Exit long,20/06/2022 23:30,Long Exit,34.14,323.326,11390.77498,-352.43,-3.09,539.95,4.74,-468.82,-4.12,29730.06,29.73
543,Entry long,20/06/2022 11:30,Long,35.23,323.326,11390.77498,-352.43,-3.09,539.95,4.74,-468.82,-4.12,29730.06,29.73
544,Exit long,21/06/2022 21:00,Long Exit,36.59,307.673,11439.28214,-181.53,-1.59,618.42,5.41,-203.06,-1.78,29548.53,29.55
544,Entry long,21/06/2022 07:00,Long,37.18,307.673,11439.28214,-181.53,-1.59,618.42,5.41,-203.06,-1.78,29548.53,29.55
545,Exit short,22/06/2022 15:30,Short Exit,36.61,376.735,13125.4474,-666.82,-5.08,448.31,3.42,-761,-5.8,28881.71,28.88
545,Entry short,22/06/2022 06:00,Short,34.84,376.735,13125.4474,-666.82,-5.08,448.31,3.42,-761,-5.8,28881.71,28.88
546,Exit long,25/06/2022 13:30,Long Exit,40.76,412.232,15368.00896,1434.57,9.33,2324.99,15.13,-486.43,-3.17,30316.27,30.32
546,Entry long,23/06/2022 12:00,Long,37.28,412.232,15368.00896,1434.57,9.33,2324.99,15.13,-486.43,-3.17,30316.27,30.32
547,Exit short,28/06/2022 10:00,Short Exit,39.2,476.933,19048.70402,352.93,1.85,1402.18,7.36,-696.32,-3.66,30669.2,30.67
547,Entry short,26/06/2022 19:30,Short,39.94,476.933,19048.70402,352.93,1.85,1402.18,7.36,-696.32,-3.66,30669.2,30.67
548,Exit short,30/06/2022 18:00,Short Exit,32.28,467.137,17232.68393,2153.5,12.5,2788.81,16.18,-154.16,-0.89,32822.71,32.82
548,Entry short,28/06/2022 17:30,Short,36.89,467.137,17232.68393,2153.5,12.5,2788.81,16.18,-154.16,-0.89,32822.71,32.82
549,Exit long,01/07/2022 12:00,Stop Hit,32,422.635,14652.75545,-1128.44,-7.7,308.52,2.11,-1179.15,-8.05,31694.27,31.69
549,Entry long,01/07/2022 01:30,Long,34.67,422.635,14652.75545,-1128.44,-7.7,308.52,2.11,-1179.15,-8.05,31694.27,31.69
550,Exit long,03/07/2022 06:00,Long Exit,33.19,690.628,23446.8206,-524.88,-2.24,34.53,0.15,-1125.72,-4.8,31169.39,31.17
550,Entry long,02/07/2022 23:00,Long,33.95,690.628,23446.8206,-524.88,-2.24,34.53,0.15,-1125.72,-4.8,31169.39,31.17
551,Exit short,03/07/2022 21:00,Short Exit,33.45,801.96,25831.1316,-994.43,-3.85,56.14,0.22,-1090.67,-4.22,30174.96,30.17
551,Entry short,03/07/2022 15:00,Short,32.21,801.96,25831.1316,-994.43,-3.85,56.14,0.22,-1090.67,-4.22,30174.96,30.17
552,Exit long,05/07/2022 10:00,Long Exit,34.86,785.49,27013.0011,369.18,1.37,2042.27,7.56,-487,-1.8,30544.14,30.54
552,Entry long,04/07/2022 13:00,Long,34.39,785.49,27013.0011,369.18,1.37,2042.27,7.56,-487,-1.8,30544.14,30.54
553,Exit short,05/07/2022 21:00,Stop Hit,35.7,538.171,18012.58337,-1200.12,-6.66,182.98,1.02,-1404.63,-7.8,29344.02,29.34
553,Entry short,05/07/2022 15:00,Short,33.47,538.171,18012.58337,-1200.12,-6.66,182.98,1.02,-1404.63,-7.8,29344.02,29.34
554,Exit long,08/07/2022 03:30,Long Exit,38.2,442.125,16088.92875,800.25,4.97,1472.28,9.15,-481.92,-3,30144.27,30.14
554,Entry long,06/07/2022 09:30,Long,36.39,442.125,16088.92875,800.25,4.97,1472.28,9.15,-481.92,-3,30144.27,30.14
555,Exit short,08/07/2022 17:30,Short Exit,38.23,570.786,20970.67764,-850.47,-4.06,159.82,0.76,-1204.36,-5.74,29293.8,29.29
555,Entry short,08/07/2022 14:00,Short,36.74,570.786,20970.67764,-850.47,-4.06,159.82,0.76,-1204.36,-5.74,29293.8,29.29
556,Exit short,10/07/2022 22:30,Short Exit,37.3,856.07,32573.4635,642.05,1.97,1532.37,4.7,0,0,29935.85,29.94
556,Entry short,10/07/2022 01:30,Short,38.05,856.07,32573.4635,642.05,1.97,1532.37,4.7,0,0,29935.85,29.94
557,Exit short,12/07/2022 13:00,Short Exit,33.93,842.753,30465.52095,1870.91,6.14,2536.69,8.33,-219.12,-0.72,31806.76,31.81
557,Entry short,11/07/2022 01:30,Short,36.15,842.753,30465.52095,1870.91,6.14,2536.69,8.33,-219.12,-0.72,31806.76,31.81
558,Exit short,13/07/2022 09:00,Short Exit,33.71,745.573,24708.28922,-424.98,-1.72,566.64,2.29,-454.8,-1.84,31381.78,31.38
558,Entry short,12/07/2022 20:30,Short,33.14,745.573,24708.28922,-424.98,-1.72,566.64,2.29,-454.8,-1.84,31381.78,31.38
559,Exit short,14/07/2022 00:30,Stop Hit,34.69,611.04,19797.696,-1399.28,-7.07,317.74,1.6,-1588.7,-8.02,29982.5,29.98
559,Entry short,13/07/2022 14:00,Short,32.4,611.04,19797.696,-1399.28,-7.07,317.74,1.6,-1588.7,-8.02,29982.5,29.98
560,Exit long,14/07/2022 10:30,Long Exit,33.79,591.146,20506.85474,-532.03,-2.59,378.33,1.84,-573.41,-2.8,29450.47,29.45
560,Entry long,14/07/2022 00:30,Long,34.69,591.146,20506.85474,-532.03,-2.59,378.33,1.84,-573.41,-2.8,29450.47,29.45
561,Exit long,16/07/2022 02:00,Long Exit,36.84,645.407,22640.87756,1135.92,5.02,2594.54,11.46,-161.35,-0.71,30586.39,30.59
561,Entry long,14/07/2022 17:30,Long,35.08,645.407,22640.87756,1135.92,5.02,2594.54,11.46,-161.35,-0.71,30586.39,30.59
562,Exit short,16/07/2022 14:30,Short Exit,37.34,725.354,26431.89976,-652.82,-2.47,29.01,0.11,-826.9,-3.13,29933.57,29.93
562,Entry short,16/07/2022 09:00,Short,36.44,725.354,26431.89976,-652.82,-2.47,29.01,0.11,-826.9,-3.13,29933.57,29.93
563,Exit long,17/07/2022 14:30,Long Exit,39.73,632.2,25319.61,-202.3,-0.8,657.49,2.6,-796.57,-3.15,29731.26,29.73
563,Entry long,16/07/2022 18:00,Long,40.05,632.2,25319.61,-202.3,-0.8,657.49,2.6,-796.57,-3.15,29731.26,29.73
564,Exit long,18/07/2022 18:30,Long Exit,41.43,516.029,21657.73713,-278.66,-1.29,371.54,1.72,-417.98,-1.93,29452.61,29.45
564,Entry long,18/07/2022 06:30,Long,41.97,516.029,21657.73713,-278.66,-1.29,371.54,1.72,-417.98,-1.93,29452.61,29.45
565,Exit long,20/07/2022 00:00,Long Exit,45.27,383.479,16689.00608,671.09,4.02,1472.56,8.82,-375.81,-2.25,30123.7,30.12
565,Entry long,19/07/2022 01:00,Long,43.52,383.479,16689.00608,671.09,4.02,1472.56,8.82,-375.81,-2.25,30123.7,30.12
566,Exit short,21/07/2022 13:30,Short Exit,42.18,358.637,15733.40519,606.1,3.85,1517.03,9.64,-75.31,-0.48,30729.79,30.73
566,Entry short,20/07/2022 18:00,Short,43.87,358.637,15733.40519,606.1,3.85,1517.03,9.64,-75.31,-0.48,30729.79,30.73
567,Exit long,22/07/2022 17:00,Long Exit,41.69,467.729,20715.71741,-1216.1,-5.87,18.71,0.09,-1295.61,-6.25,29513.7,29.51
567,Entry long,22/07/2022 10:30,Long,44.29,467.729,20715.71741,-1216.1,-5.87,18.71,0.09,-1295.61,-6.25,29513.7,29.51
568,Exit short,23/07/2022 06:00,Short Exit,41.63,439.974,17691.35454,-624.76,-3.53,48.4,0.27,-730.36,-4.13,28888.94,28.89
568,Entry short,22/07/2022 21:00,Short,40.21,439.974,17691.35454,-624.76,-3.53,48.4,0.27,-730.36,-4.13,28888.94,28.89
569,Exit short,24/07/2022 06:30,Short Exit,40.84,553.436,22264.73028,-337.6,-1.52,902.1,4.05,-415.08,-1.86,28551.34,28.55
569,Entry short,23/07/2022 12:30,Short,40.23,553.436,22264.73028,-337.6,-1.52,902.1,4.05,-415.08,-1.86,28551.34,28.55
570,Exit long,25/07/2022 01:30,Long Exit,39.87,635.938,26435.94266,-1081.09,-4.09,337.05,1.27,-1100.17,-4.16,27470.24,27.47
570,Entry long,24/07/2022 23:00,Long,41.57,635.938,26435.94266,-1081.09,-4.09,337.05,1.27,-1100.17,-4.16,27470.24,27.47
571,Exit short,25/07/2022 15:00,Short Exit,39.19,501.928,19600.2884,-70.27,-0.36,657.53,3.35,-155.6,-0.79,27399.98,27.4
571,Entry short,25/07/2022 03:00,Short,39.05,501.928,19600.2884,-70.27,-0.36,657.53,3.35,-155.6,-0.79,27399.98,27.4
572,Exit short,27/07/2022 01:00,Short Exit,36.26,542.036,20337.19072,682.97,3.36,1544.8,7.6,-796.79,-3.92,28082.94,28.08
572,Entry short,25/07/2022 20:30,Short,37.52,542.036,20337.19072,682.97,3.36,1544.8,7.6,-796.79,-3.92,28082.94,28.08
573,Exit long,29/07/2022 12:30,Long Exit,41.93,658.178,24148.55082,3448.85,14.28,5087.72,21.07,-329.09,-1.36,31531.79,31.53
573,Entry long,27/07/2022 06:30,Long,36.69,658.178,24148.55082,3448.85,14.28,5087.72,21.07,-329.09,-1.36,31531.79,31.53
574,Exit long,31/07/2022 03:00,Long Exit,43.29,485.474,21288.0349,-271.87,-1.28,1359.33,6.39,-315.56,-1.48,31259.93,31.26
574,Entry long,30/07/2022 14:30,Long,43.85,485.474,21288.0349,-271.87,-1.28,1359.33,6.39,-315.56,-1.48,31259.93,31.26
575,Exit short,02/08/2022 15:30,Short Exit,41.09,473.72,20725.25,1260.1,6.08,1861.72,8.98,-227.39,-1.1,32520.02,32.52
575,Entry short,31/07/2022 20:00,Short,43.75,473.72,20725.25,1260.1,6.08,1861.72,8.98,-227.39,-1.1,32520.02,32.52
576,Exit short,03/08/2022 13:30,Short Exit,39.74,492.577,19594.71306,19.7,0.1,1157.56,5.91,-453.17,-2.31,32539.73,32.54
576,Entry short,03/08/2022 01:00,Short,39.78,492.577,19594.71306,19.7,0.1,1157.56,5.91,-453.17,-2.31,32539.73,32.54
577,Exit short,05/08/2022 03:30,Short Exit,39.53,562.266,21422.3346,-804.04,-3.75,56.23,0.26,-860.27,-4.02,31735.69,31.74
577,Entry short,04/08/2022 18:00,Short,38.1,562.266,21422.3346,-804.04,-3.75,56.23,0.26,-860.27,-4.02,31735.69,31.74
578,Exit long,05/08/2022 18:00,Long Exit,39.88,653.59,26169.7436,-104.57,-0.4,843.13,3.22,-392.15,-1.5,31631.11,31.63
578,Entry long,05/08/2022 04:30,Long,40.04,653.59,26169.7436,-104.57,-0.4,843.13,3.22,-392.15,-1.5,31631.11,31.63
579,Exit long,07/08/2022 02:00,Stop Hit,39.39,1031.367,41945.69589,-1320.15,-3.15,226.9,0.54,-1474.85,-3.52,30310.96,30.31
579,Entry long,06/08/2022 20:30,Long,40.67,1031.367,41945.69589,-1320.15,-3.15,226.9,0.54,-1474.85,-3.52,30310.96,30.31
580,Exit short,07/08/2022 13:30,Short Exit,40.18,863.473,34012.20147,-682.14,-2.01,155.43,0.46,-872.11,-2.56,29628.82,29.63
580,Entry short,07/08/2022 02:00,Short,39.39,863.473,34012.20147,-682.14,-2.01,155.43,0.46,-872.11,-2.56,29628.82,29.63
581,Exit long,08/08/2022 19:30,Long Exit,42.3,1125.169,45929.39858,1665.25,3.63,3251.74,7.08,-393.81,-0.86,31294.07,31.29
581,Entry long,07/08/2022 21:30,Long,40.82,1125.169,45929.39858,1665.25,3.63,3251.74,7.08,-393.81,-0.86,31294.07,31.29
582,Exit short,10/08/2022 13:30,Short Exit,40.09,719.965,29720.1552,856.76,2.88,1533.53,5.16,-115.19,-0.39,32150.83,32.15
582,Entry short,09/08/2022 11:30,Short,41.28,719.965,29720.1552,856.76,2.88,1533.53,5.16,-115.19,-0.39,32150.83,32.15
583,Exit long,11/08/2022 17:00,Long Exit,43.46,625.747,26456.58316,738.38,2.79,1902.27,7.19,-663.29,-2.51,32889.21,32.89
583,Entry long,10/08/2022 14:30,Long,42.28,625.747,26456.58316,738.38,2.79,1902.27,7.19,-663.29,-2.51,32889.21,32.89
584,Exit short,12/08/2022 20:30,Stop Hit,44.28,638.595,27018.95445,-1258.03,-4.66,12.77,0.05,-1296.35,-4.8,31631.18,31.63
584,Entry short,12/08/2022 13:00,Short,42.31,638.595,27018.95445,-1258.03,-4.66,12.77,0.05,-1296.35,-4.8,31631.18,31.63
585,Exit long,13/08/2022 14:00,Long Exit,46.68,645.348,28576.00944,1548.84,5.42,2645.93,9.26,-6.45,-0.02,33180.01,33.18
585,Entry long,12/08/2022 20:30,Long,44.28,645.348,28576.00944,1548.84,5.42,2645.93,9.26,-6.45,-0.02,33180.01,33.18
586,Exit short,15/08/2022 03:30,Short Exit,46.32,619.972,28537.31116,-179.79,-0.63,1035.35,3.63,-185.99,-0.65,33000.22,33
586,Entry short,14/08/2022 15:00,Short,46.03,619.972,28537.31116,-179.79,-0.63,1035.35,3.63,-185.99,-0.65,33000.22,33
587,Exit short,16/08/2022 12:30,Short Exit,43.86,488.246,21433.9994,19.53,0.09,668.9,3.12,-419.89,-1.96,33019.75,33.02
587,Entry short,15/08/2022 08:00,Short,43.9,488.246,21433.9994,19.53,0.09,668.9,3.12,-419.89,-1.96,33019.75,33.02
588,Exit long,17/08/2022 11:30,Long Exit,42.83,732.968,32521.79016,-1128.77,-3.47,278.53,0.86,-1260.7,-3.88,31890.98,31.89
588,Entry long,17/08/2022 07:00,Long,44.37,732.968,32521.79016,-1128.77,-3.47,278.53,0.86,-1260.7,-3.88,31890.98,31.89
589,Exit short,18/08/2022 11:00,Short Exit,41.16,657.821,27621.90379,545.99,1.98,1249.86,4.52,-249.97,-0.9,32436.97,32.44
589,Entry short,17/08/2022 13:30,Short,41.99,657.821,27621.90379,545.99,1.98,1249.86,4.52,-249.97,-0.9,32436.97,32.44
590,Exit short,21/08/2022 09:30,Short Exit,35.62,667.183,26367.07216,2602.01,9.87,3542.74,13.44,-266.87,-1.01,35038.98,35.04
590,Entry short,19/08/2022 00:30,Short,39.52,667.183,26367.07216,2602.01,9.87,3542.74,13.44,-266.87,-1.01,35038.98,35.04
591,Exit long,22/08/2022 05:30,Long Exit,35.96,785.947,28584.89239,-322.24,-1.13,565.88,1.98,-471.57,-1.65,34716.75,34.72
591,Entry long,21/08/2022 22:00,Long,36.37,785.947,28584.89239,-322.24,-1.13,565.88,1.98,-471.57,-1.65,34716.75,34.72
592,Exit short,22/08/2022 21:30,Short Exit,35,685.677,23498.15079,-500.54,-2.13,370.27,1.58,-575.97,-2.45,34216.2,34.22
592,Entry short,22/08/2022 09:30,Short,34.27,685.677,23498.15079,-500.54,-2.13,370.27,1.58,-575.97,-2.45,34216.2,34.22
593,Exit long,24/08/2022 02:00,Long Exit,35.13,759.687,27105.63216,-417.83,-1.54,326.67,1.21,-622.94,-2.3,33798.37,33.8
593,Entry long,23/08/2022 13:00,Long,35.68,759.687,27105.63216,-417.83,-1.54,326.67,1.21,-622.94,-2.3,33798.37,33.8
594,Exit long,25/08/2022 00:30,Long Exit,35.27,871.497,31330.31715,-592.62,-1.89,278.88,0.89,-705.91,-2.25,33205.75,33.21
594,Entry long,24/08/2022 17:30,Long,35.95,871.497,31330.31715,-592.62,-1.89,278.88,0.89,-705.91,-2.25,33205.75,33.21
595,Exit long,26/08/2022 00:00,Long Exit,35.27,979.73,35436.8341,-881.76,-2.49,225.34,0.64,-1038.51,-2.93,32324,32.32
595,Entry long,25/08/2022 13:30,Long,36.17,979.73,35436.8341,-881.76,-2.49,225.34,0.64,-1038.51,-2.93,32324,32.32
596,Exit short,26/08/2022 14:30,Stop Hit,35.32,886.059,30950.04087,-345.56,-1.12,921.5,2.98,-762.01,-2.46,31978.43,31.98
596,Entry short,26/08/2022 01:30,Short,34.93,886.059,30950.04087,-345.56,-1.12,921.5,2.98,-762.01,-2.46,31978.43,31.98
597,Exit short,28/08/2022 04:00,Short Exit,31.51,634.447,21101.70722,1110.28,5.26,1522.67,7.22,-82.48,-0.39,33088.71,33.09
597,Entry short,26/08/2022 16:30,Short,33.26,634.447,21101.70722,1110.28,5.26,1522.67,7.22,-82.48,-0.39,33088.71,33.09
598,Exit long,29/08/2022 00:30,Stop Hit,30.76,1053.077,33666.87169,-1274.22,-3.78,42.12,0.13,-1537.49,-4.57,31814.49,31.81
598,Entry long,28/08/2022 17:30,Long,31.97,1053.077,33666.87169,-1274.22,-3.78,42.12,0.13,-1537.49,-4.57,31814.49,31.81
599,Exit short,29/08/2022 13:30,Short Exit,31.34,968.56,29792.9056,-561.76,-1.89,736.11,2.47,-581.14,-1.95,31252.73,31.25
599,Entry short,29/08/2022 00:30,Short,30.76,968.56,29792.9056,-561.76,-1.89,736.11,2.47,-581.14,-1.95,31252.73,31.25
600,Exit long,30/08/2022 15:30,Stop Hit,31.83,812.799,26009.568,-138.18,-0.53,942.85,3.62,-471.42,-1.81,31114.55,31.11
600,Entry long,29/08/2022 15:30,Long,32,812.799,26009.568,-138.18,-0.53,942.85,3.62,-471.42,-1.81,31114.55,31.11
601,Exit short,31/08/2022 03:30,Short Exit,32.13,769.3,23755.984,-961.62,-4.05,115.4,0.49,-1069.33,-4.5,30152.93,30.15
601,Entry short,30/08/2022 18:00,Short,30.88,769.3,23755.984,-961.62,-4.05,115.4,0.49,-1069.33,-4.5,30152.93,30.15
602,Exit short,01/09/2022 23:30,Short Exit,31.49,809.306,25306.99862,-178.05,-0.7,671.72,2.65,-420.84,-1.66,29974.88,29.97
602,Entry short,01/09/2022 00:30,Short,31.27,809.306,25306.99862,-178.05,-0.7,671.72,2.65,-420.84,-1.66,29974.88,29.97
603,Exit long,02/09/2022 18:30,Long Exit,31.26,956.597,30228.4652,-325.24,-1.08,746.15,2.47,-353.94,-1.17,29649.64,29.65
603,Entry long,02/09/2022 04:30,Long,31.6,956.597,30228.4652,-325.24,-1.08,746.15,2.47,-353.94,-1.17,29649.64,29.65
604,Exit long,05/09/2022 06:30,Long Exit,31.57,1607.127,50833.42701,-96.43,-0.19,1398.2,2.75,-980.35,-1.93,29553.21,29.55
604,Entry long,04/09/2022 03:30,Long,31.63,1607.127,50833.42701,-96.43,-0.19,1398.2,2.75,-980.35,-1.93,29553.21,29.55
605,Exit long,06/09/2022 15:30,Long Exit,32.75,1129.036,36975.929,0,0,914.52,2.47,-609.68,-1.65,29553.21,29.55
605,Entry long,06/09/2022 01:30,Long,32.75,1129.036,36975.929,0,0,914.52,2.47,-609.68,-1.65,29553.21,29.55
606,Exit long,06/09/2022 18:30,Stop Hit,31.85,796.593,26916.87747,-1545.39,-5.74,39.83,0.15,-1633.02,-6.07,28007.82,28.01
606,Entry long,06/09/2022 17:00,Long,33.79,796.593,26916.87747,-1545.39,-5.74,39.83,0.15,-1633.02,-6.07,28007.82,28.01
607,Exit short,07/09/2022 14:30,Short Exit,31.3,620.046,19537.64946,130.21,0.67,744.06,3.81,0,0,28138.03,28.14
607,Entry short,06/09/2022 19:00,Short,31.51,620.046,19537.64946,130.21,0.67,744.06,3.81,0,0,28138.03,28.14
608,Exit long,09/09/2022 17:30,Long Exit,34.91,817.691,26607.66514,1937.93,7.28,2796.5,10.51,-466.08,-1.75,30075.96,30.08
608,Entry long,07/09/2022 22:30,Long,32.54,817.691,26607.66514,1937.93,7.28,2796.5,10.51,-466.08,-1.75,30075.96,30.08
609,Exit long,11/09/2022 07:30,Long Exit,34.42,929.566,32813.6798,-818.02,-2.49,102.25,0.31,-855.2,-2.61,29257.94,29.26
609,Entry long,11/09/2022 00:00,Long,35.3,929.566,32813.6798,-818.02,-2.49,102.25,0.31,-855.2,-2.61,29257.94,29.26
610,Exit short,11/09/2022 17:00,Short Exit,35.24,976.536,33553.77696,-859.35,-2.56,19.53,0.06,-869.12,-2.59,28398.59,28.4
610,Entry short,11/09/2022 08:00,Short,34.36,976.536,33553.77696,-859.35,-2.56,19.53,0.06,-869.12,-2.59,28398.59,28.4
611,Exit long,11/09/2022 23:00,Stop Hit,34.53,1137.156,40448.63892,-1182.64,-2.92,488.98,1.21,-1432.82,-3.54,27215.95,27.22
611,Entry long,11/09/2022 17:30,Long,35.57,1137.156,40448.63892,-1182.64,-2.92,488.98,1.21,-1432.82,-3.54,27215.95,27.22
612,Exit long,13/09/2022 02:00,Long Exit,37.05,681.372,24420.37248,824.46,3.38,1737.5,7.11,-858.53,-3.52,28040.4,28.04
612,Entry long,12/09/2022 03:00,Long,35.84,681.372,24420.37248,824.46,3.38,1737.5,7.11,-858.53,-3.52,28040.4,28.04
613,Exit long,13/09/2022 14:00,Stop Hit,35.88,549.701,21317.40478,-1594.13,-7.48,126.43,0.59,-1748.05,-8.2,26446.27,26.45
613,Entry long,13/09/2022 05:00,Long,38.78,549.701,21317.40478,-1594.13,-7.48,126.43,0.59,-1748.05,-8.2,26446.27,26.45
614,Exit short,14/09/2022 23:00,Short Exit,34.03,438.309,15726.52692,810.87,5.16,1406.97,8.95,-109.58,-0.7,27257.15,27.26
614,Entry short,13/09/2022 14:00,Short,35.88,438.309,15726.52692,810.87,5.16,1406.97,8.95,-109.58,-0.7,27257.15,27.26
615,Exit long,15/09/2022 16:30,Long Exit,32.99,644.156,21804.6806,-553.97,-2.54,637.71,2.92,-921.14,-4.22,26703.17,26.7
615,Entry long,15/09/2022 08:00,Long,33.85,644.156,21804.6806,-553.97,-2.54,637.71,2.92,-921.14,-4.22,26703.17,26.7
616,Exit short,17/09/2022 02:00,Short Exit,32.73,594.784,19621.92416,154.64,0.79,886.23,4.52,-481.78,-2.46,26857.81,26.86
616,Entry short,15/09/2022 16:30,Short,32.99,594.784,19621.92416,154.64,0.79,886.23,4.52,-481.78,-2.46,26857.81,26.86
617,Exit long,18/09/2022 11:00,Long Exit,33.11,1283.231,42641.76613,-153.99,-0.36,975.26,2.29,-230.98,-0.54,26703.83,26.7
617,Entry long,17/09/2022 16:00,Long,33.23,1283.231,42641.76613,-153.99,-0.36,975.26,2.29,-230.98,-0.54,26703.83,26.7
618,Exit short,19/09/2022 15:00,Short Exit,31.9,1011.311,32948.51238,687.69,2.09,2103.53,6.38,-50.57,-0.15,27391.52,27.39
618,Entry short,18/09/2022 17:30,Short,32.58,1011.311,32948.51238,687.69,2.09,2103.53,6.38,-50.57,-0.15,27391.52,27.39
619,Exit long,20/09/2022 11:00,Long Exit,32.03,746.234,24439.1635,-537.29,-2.2,194.02,0.79,-634.3,-2.6,26854.23,26.85
619,Entry long,19/09/2022 22:30,Long,32.75,746.234,24439.1635,-537.29,-2.2,194.02,0.79,-634.3,-2.6,26854.23,26.85
620,Exit short,21/09/2022 13:00,Short Exit,32.05,750.833,23673.76449,-390.43,-1.65,180.2,0.76,-427.97,-1.81,26463.8,26.46
620,Entry short,20/09/2022 19:00,Short,31.53,750.833,23673.76449,-390.43,-1.65,180.2,0.76,-427.97,-1.81,26463.8,26.46
621,Exit short,21/09/2022 19:00,Short Exit,32.38,898.456,28310.34856,-781.66,-2.76,44.92,0.16,-835.56,-2.95,25682.14,25.68
621,Entry short,21/09/2022 16:30,Short,31.51,898.456,28310.34856,-781.66,-2.76,44.92,0.16,-835.56,-2.95,25682.14,25.68
622,Exit short,21/09/2022 20:00,Stop Hit,33.03,694.254,22181.4153,-749.79,-3.38,104.14,0.47,-1062.21,-4.79,24932.34,24.93
622,Entry short,21/09/2022 19:30,Short,31.95,694.254,22181.4153,-749.79,-3.38,104.14,0.47,-1062.21,-4.79,24932.34,24.93
623,Exit long,21/09/2022 22:30,Long Exit,30.55,583.817,19283.47551,-1447.87,-7.51,46.71,0.24,-1477.06,-7.66,23484.48,23.48
623,Entry long,21/09/2022 20:00,Long,33.03,583.817,19283.47551,-1447.87,-7.51,46.71,0.24,-1477.06,-7.66,23484.48,23.48
624,Exit short,22/09/2022 09:00,Short Exit,31.74,504.049,15398.69695,-599.82,-3.9,272.19,1.77,-609.9,-3.96,22884.66,22.88
624,Entry short,21/09/2022 22:30,Short,30.55,504.049,15398.69695,-599.82,-3.9,272.19,1.77,-609.9,-3.96,22884.66,22.88
625,Exit long,23/09/2022 10:00,Long Exit,31.99,748.943,24767.54501,-808.86,-3.27,172.26,0.7,-876.26,-3.54,22075.8,22.08
625,Entry long,23/09/2022 04:30,Long,33.07,748.943,24767.54501,-808.86,-3.27,172.26,0.7,-876.26,-3.54,22075.8,22.08
626,Exit short,23/09/2022 21:30,Short Exit,32.83,795.999,25272.96825,-859.68,-3.4,437.8,1.73,-859.68,-3.4,21216.12,21.22
626,Entry short,23/09/2022 13:00,Short,31.75,795.999,25272.96825,-859.68,-3.4,437.8,1.73,-859.68,-3.4,21216.12,21.22
627,Exit long,24/09/2022 19:00,Long Exit,33.46,621.828,20837.45628,-31.09,-0.15,795.94,3.82,-93.27,-0.45,21185.03,21.19
627,Entry long,23/09/2022 23:00,Long,33.51,621.828,20837.45628,-31.09,-0.15,795.94,3.82,-93.27,-0.45,21185.03,21.19
628,Exit short,26/09/2022 09:30,Short Exit,32.73,998.367,33195.70275,519.15,1.56,1377.75,4.15,-119.8,-0.36,21704.18,21.7
628,Entry short,25/09/2022 15:00,Short,33.25,998.367,33195.70275,519.15,1.56,1377.75,4.15,-119.8,-0.36,21704.18,21.7
629,Exit long,27/09/2022 17:00,Long Exit,34.38,696.201,23253.1134,682.28,2.93,1399.36,6.02,-55.7,-0.24,22386.46,22.39
629,Entry long,26/09/2022 19:30,Long,33.4,696.201,23253.1134,682.28,2.93,1399.36,6.02,-55.7,-0.24,22386.46,22.39
630,Exit short,28/09/2022 14:30,Short Exit,32.77,605.568,19941.35424,96.89,0.49,775.13,3.89,-6.06,-0.03,22483.35,22.48
630,Entry short,27/09/2022 18:00,Short,32.93,605.568,19941.35424,96.89,0.49,775.13,3.89,-6.06,-0.03,22483.35,22.48
631,Exit long,29/09/2022 15:00,Long Exit,33.15,763.476,25637.52408,-328.29,-1.28,290.12,1.13,-503.89,-1.97,22155.06,22.16
631,Entry long,28/09/2022 21:30,Long,33.58,763.476,25637.52408,-328.29,-1.28,290.12,1.13,-503.89,-1.97,22155.06,22.16
632,Exit long,30/09/2022 14:00,Long Exit,34.15,675.683,22919.16736,155.41,0.68,486.49,2.12,-412.17,-1.8,22310.46,22.31
632,Entry long,29/09/2022 16:00,Long,33.92,675.683,22919.16736,155.41,0.68,486.49,2.12,-412.17,-1.8,22310.46,22.31
633,Exit long,30/09/2022 22:00,Long Exit,33.3,676.724,23732.71068,-1197.8,-5.05,101.51,0.43,-1319.61,-5.56,21112.66,21.11
633,Entry long,30/09/2022 16:00,Long,35.07,676.724,23732.71068,-1197.8,-5.05,101.51,0.43,-1319.61,-5.56,21112.66,21.11
634,Exit short,02/10/2022 06:00,Short Exit,32.98,643.067,21414.1311,205.78,0.96,617.34,2.88,-64.31,-0.3,21318.44,21.32
634,Entry short,30/09/2022 22:00,Short,33.3,643.067,21414.1311,205.78,0.96,617.34,2.88,-64.31,-0.3,21318.44,21.32
635,Exit short,03/10/2022 13:30,Short Exit,32.49,1325.654,42951.1896,-119.31,-0.28,888.19,2.07,-583.29,-1.36,21199.13,21.2
635,Entry short,02/10/2022 11:30,Short,32.4,1325.654,42951.1896,-119.31,-0.28,888.19,2.07,-583.29,-1.36,21199.13,21.2
636,Exit long,05/10/2022 09:30,Long Exit,33.63,1296.264,42374.87016,1218.49,2.88,2216.61,5.23,-285.18,-0.67,22417.62,22.42
636,Entry long,03/10/2022 14:30,Long,32.69,1296.264,42374.87016,1218.49,2.88,2216.61,5.23,-285.18,-0.67,22417.62,22.42
637,Exit short,05/10/2022 20:30,Short Exit,34.17,1197.198,40022.32914,-885.93,-2.21,299.3,0.75,-1017.62,-2.54,21531.7,21.53
637,Entry short,05/10/2022 13:30,Short,33.43,1197.198,40022.32914,-885.93,-2.21,299.3,0.75,-1017.62,-2.54,21531.7,21.53
638,Exit long,06/10/2022 12:00,Long Exit,33.93,1074.241,36792.75425,-343.76,-0.93,268.56,0.73,-440.44,-1.2,21187.94,21.19
638,Entry long,06/10/2022 01:30,Long,34.25,1074.241,36792.75425,-343.76,-0.93,268.56,0.73,-440.44,-1.2,21187.94,21.19
639,Exit short,09/10/2022 12:00,Short Exit,32.77,1192.579,39951.3965,870.58,2.18,1371.47,3.43,-310.07,-0.78,22058.52,22.06
639,Entry short,06/10/2022 22:30,Short,33.5,1192.579,39951.3965,870.58,2.18,1371.47,3.43,-310.07,-0.78,22058.52,22.06
640,Exit long,10/10/2022 00:30,Long Exit,32.79,2115.261,69845.91822,-486.51,-0.7,253.83,0.36,-888.41,-1.27,21572.01,21.57
640,Entry long,09/10/2022 14:00,Long,33.02,2115.261,69845.91822,-486.51,-0.7,253.83,0.36,-888.41,-1.27,21572.01,21.57
641,Exit long,10/10/2022 09:30,Long Exit,32.52,1671.11,55647.963,-1303.47,-2.34,267.38,0.48,-1320.18,-2.37,20268.54,20.27
641,Entry long,10/10/2022 02:00,Long,33.3,1671.11,55647.963,-1303.47,-2.34,267.38,0.48,-1320.18,-2.37,20268.54,20.27
642,Exit short,11/10/2022 13:30,Short Exit,31.7,1504.247,48948.19738,1263.57,2.58,2211.24,4.52,-556.57,-1.14,21532.11,21.53
642,Entry short,10/10/2022 10:00,Short,32.54,1504.247,48948.19738,1263.57,2.58,2211.24,4.52,-556.57,-1.14,21532.11,21.53
643,Exit short,12/10/2022 08:00,Short Exit,31.3,1239.503,38846.02402,49.58,0.13,1140.34,2.94,-111.56,-0.29,21581.69,21.58
643,Entry short,11/10/2022 23:30,Short,31.34,1239.503,38846.02402,49.58,0.13,1140.34,2.94,-111.56,-0.29,21581.69,21.58
644,Exit short,13/10/2022 18:00,Stop Hit,30.06,1545.491,47307.47951,850.02,1.8,4234.65,8.95,-200.91,-0.42,22431.71,22.43
644,Entry short,13/10/2022 06:30,Short,30.61,1545.491,47307.47951,850.02,1.8,4234.65,8.95,-200.91,-0.42,22431.71,22.43
645,Exit long,14/10/2022 15:30,Long Exit,31.07,709.945,22483.95815,-425.97,-1.89,220.08,0.98,-575.06,-2.56,22005.75,22.01
645,Entry long,14/10/2022 03:00,Long,31.67,709.945,22483.95815,-425.97,-1.89,220.08,0.98,-575.06,-2.56,22005.75,22.01
646,Exit short,16/10/2022 09:30,Short Exit,30,846.915,25119.4989,-287.95,-1.15,203.26,0.81,-457.33,-1.82,21717.8,21.72
646,Entry short,14/10/2022 23:00,Short,29.66,846.915,25119.4989,-287.95,-1.15,203.26,0.81,-457.33,-1.82,21717.8,21.72
647,Exit long,18/10/2022 10:00,Long Exit,30.62,1957.309,59482.62051,450.18,0.76,2133.47,3.59,-1076.52,-1.81,22167.98,22.17
647,Entry long,16/10/2022 21:00,Long,30.39,1957.309,59482.62051,450.18,0.76,2133.47,3.59,-1076.52,-1.81,22167.98,22.17
648,Exit short,20/10/2022 12:00,Short Exit,29.44,1198.567,36436.4368,1150.62,3.16,2373.16,6.51,-119.86,-0.33,23318.6,23.32
648,Entry short,18/10/2022 15:30,Short,30.4,1198.567,36436.4368,1150.62,3.16,2373.16,6.51,-119.86,-0.33,23318.6,23.32
649,Exit short,21/10/2022 20:30,Short Exit,28.14,1117.226,31561.6345,122.89,0.39,1575.29,4.99,-346.34,-1.1,23441.49,23.44
649,Entry short,20/10/2022 19:30,Short,28.25,1117.226,31561.6345,122.89,0.39,1575.29,4.99,-346.34,-1.1,23441.49,23.44
650,Exit long,23/10/2022 13:30,Long Exit,27.93,1520.544,43289.88768,-821.09,-1.9,167.26,0.39,-1125.2,-2.6,22620.4,22.62
650,Entry long,23/10/2022 03:30,Long,28.47,1520.544,43289.88768,-821.09,-1.9,167.26,0.39,-1125.2,-2.6,22620.4,22.62
651,Exit long,24/10/2022 08:30,Stop Hit,28.47,1286.482,37037.81678,-411.67,-1.11,913.4,2.47,-501.73,-1.35,22208.73,22.21
651,Entry long,23/10/2022 19:30,Long,28.79,1286.482,37037.81678,-411.67,-1.11,913.4,2.47,-501.73,-1.35,22208.73,22.21
652,Exit short,25/10/2022 08:00,Short Exit,28.52,1263.613,35545.43369,-492.81,-1.39,25.27,0.07,-593.9,-1.67,21715.92,21.72
652,Entry short,25/10/2022 02:30,Short,28.13,1263.613,35545.43369,-492.81,-1.39,25.27,0.07,-593.9,-1.67,21715.92,21.72
653,Exit short,25/10/2022 14:30,Short Exit,28.62,1556.654,43835.37664,-716.06,-1.63,93.4,0.21,-793.89,-1.81,20999.86,21
653,Entry short,25/10/2022 11:30,Short,28.16,1556.654,43835.37664,-716.06,-1.63,93.4,0.21,-793.89,-1.81,20999.86,21
654,Exit long,26/10/2022 14:00,Long Exit,30.99,1312.66,38434.6848,2244.65,5.84,3977.36,10.35,-26.25,-0.07,23244.51,23.24
654,Entry long,25/10/2022 16:30,Long,29.28,1312.66,38434.6848,2244.65,5.84,3977.36,10.35,-26.25,-0.07,23244.51,23.24
655,Exit long,27/10/2022 17:30,Long Exit,31.13,806.127,25796.064,-701.33,-2.72,290.21,1.13,-709.39,-2.75,22543.18,22.54
655,Entry long,27/10/2022 07:00,Long,32,806.127,25796.064,-701.33,-2.72,290.21,1.13,-709.39,-2.75,22543.18,22.54
656,Exit short,28/10/2022 14:30,Short Exit,30.99,714.751,21957.15072,-192.98,-0.88,436,1.99,-307.34,-1.4,22350.19,22.35
656,Entry short,27/10/2022 21:30,Short,30.72,714.751,21957.15072,-192.98,-0.88,436,1.99,-307.34,-1.4,22350.19,22.35
657,Exit long,30/10/2022 00:00,Long Exit,32.73,801.24,25783.9032,440.68,1.71,1330.06,5.16,-488.76,-1.9,22790.88,22.79
657,Entry long,28/10/2022 18:30,Long,32.18,801.24,25783.9032,440.68,1.71,1330.06,5.16,-488.76,-1.9,22790.88,22.79
658,Exit short,30/10/2022 22:00,Short Exit,32.68,847.292,27825.06928,135.57,0.49,711.73,2.56,-118.62,-0.43,22926.44,22.93
658,Entry short,30/10/2022 09:00,Short,32.84,847.292,27825.06928,135.57,0.49,711.73,2.56,-118.62,-0.43,22926.44,22.93
659,Exit short,30/10/2022 23:30,Short Exit,32.8,837.215,27536.00135,75.35,0.27,267.91,0.97,-217.68,-0.79,23001.79,23
659,Entry short,30/10/2022 23:00,Short,32.89,837.215,27536.00135,75.35,0.27,267.91,0.97,-217.68,-0.79,23001.79,23
660,Exit long,31/10/2022 14:30,Stop Hit,32.97,767.676,25824.62064,-514.34,-1.99,575.76,2.23,-721.62,-2.79,22487.45,22.49
660,Entry long,31/10/2022 09:30,Long,33.64,767.676,25824.62064,-514.34,-1.99,575.76,2.23,-721.62,-2.79,22487.45,22.49
661,Exit short,02/11/2022 18:30,Stop Hit,32.85,948.781,30693.06535,-474.39,-1.55,1242.9,4.05,-540.81,-1.76,22013.06,22.01
661,Entry short,01/11/2022 17:00,Short,32.35,948.781,30693.06535,-474.39,-1.55,1242.9,4.05,-540.81,-1.76,22013.06,22.01
662,Exit long,02/11/2022 19:30,Long Exit,31.21,788.02,25886.457,-1292.35,-4.99,78.8,0.3,-1434.2,-5.54,20720.7,20.72
662,Entry long,02/11/2022 18:30,Long,32.85,788.02,25886.457,-1292.35,-4.99,78.8,0.3,-1434.2,-5.54,20720.7,20.72
663,Exit short,04/11/2022 04:00,Short Exit,31.94,589.027,18383.53267,-429.99,-2.34,571.36,3.11,-612.59,-3.33,20290.72,20.29
663,Entry short,02/11/2022 19:30,Short,31.21,589.027,18383.53267,-429.99,-2.34,571.36,3.11,-612.59,-3.33,20290.72,20.29
664,Exit long,05/11/2022 15:00,Long Exit,34.51,869.496,28154.28048,1852.03,6.58,2886.73,10.25,-443.44,-1.58,22142.74,22.14
664,Entry long,04/11/2022 06:30,Long,32.38,869.496,28154.28048,1852.03,6.58,2886.73,10.25,-443.44,-1.58,22142.74,22.14
665,Exit long,06/11/2022 06:00,Stop Hit,35.62,498.464,18408.27552,-652.99,-3.55,927.14,5.04,-697.85,-3.79,21489.75,21.49
665,Entry long,05/11/2022 15:30,Long,36.93,498.464,18408.27552,-652.99,-3.55,927.14,5.04,-697.85,-3.79,21489.75,21.49
666,Exit short,07/11/2022 16:00,Short Exit,32.82,563.464,19411.3348,918.45,4.73,2158.07,11.12,-90.15,-0.46,22408.2,22.41
666,Entry short,06/11/2022 18:30,Short,34.45,563.464,19411.3348,918.45,4.73,2158.07,11.12,-90.15,-0.46,22408.2,22.41
667,Exit short,08/11/2022 16:30,Stop Hit,30.32,390.751,11273.16635,-574.4,-5.1,1504.39,13.34,-1121.46,-9.95,21833.8,21.83
667,Entry short,07/11/2022 22:30,Short,28.85,390.751,11273.16635,-574.4,-5.1,1504.39,13.34,-1121.46,-9.95,21833.8,21.83
668,Exit short,10/11/2022 07:30,Short Exit,15.79,186.871,4531.62175,1580.93,34.89,2220.03,48.99,-295.26,-6.52,23414.73,23.41
668,Entry short,08/11/2022 18:30,Short,24.25,186.871,4531.62175,1580.93,34.89,2220.03,48.99,-295.26,-6.52,23414.73,23.41
669,Exit short,14/11/2022 07:00,Stop Hit,14.58,518.218,7726.63038,171.01,2.21,1471.74,19.05,-528.58,-6.84,23585.74,23.59
669,Entry short,12/11/2022 05:30,Short,14.91,518.218,7726.63038,171.01,2.21,1471.74,19.05,-528.58,-6.84,23585.74,23.59
670,Exit long,16/11/2022 10:00,Long Exit,14.2,590.012,8602.37496,-224.2,-2.61,306.81,3.57,-784.72,-9.12,23361.53,23.36
670,Entry long,14/11/2022 07:00,Long,14.58,590.012,8602.37496,-224.2,-2.61,306.81,3.57,-784.72,-9.12,23361.53,23.36
671,Exit short,16/11/2022 21:30,Short Exit,14.24,1375.797,19343.70582,-247.64,-1.28,577.83,2.99,-385.22,-1.99,23113.89,23.11
671,Entry short,16/11/2022 12:30,Short,14.06,1375.797,19343.70582,-247.64,-1.28,577.83,2.99,-385.22,-1.99,23113.89,23.11
672,Exit short,19/11/2022 22:30,Short Exit,12.93,1492.792,20421.39456,1119.59,5.48,1642.07,8.04,-313.49,-1.54,24233.48,24.23
672,Entry short,17/11/2022 13:00,Short,13.68,1492.792,20421.39456,1119.59,5.48,1642.07,8.04,-313.49,-1.54,24233.48,24.23
673,Exit long,20/11/2022 11:00,Long Exit,12.74,2223.703,29352.8796,-1022.9,-3.48,845.01,2.88,-1178.56,-4.02,23210.58,23.21
673,Entry long,20/11/2022 04:30,Long,13.2,2223.703,29352.8796,-1022.9,-3.48,845.01,2.88,-1178.56,-4.02,23210.58,23.21
674,Exit short,21/11/2022 13:30,Short Exit,12.09,1984.993,24931.51208,932.95,3.74,2024.69,8.12,-1191,-4.78,24143.53,24.14
674,Entry short,20/11/2022 12:00,Short,12.56,1984.993,24931.51208,932.95,3.74,2024.69,8.12,-1191,-4.78,24143.53,24.14
675,Exit short,22/11/2022 14:00,Stop Hit,11.87,1342.841,15335.24422,-604.28,-3.94,644.56,4.2,-886.28,-5.78,23539.25,23.54
675,Entry short,21/11/2022 20:00,Short,11.42,1342.841,15335.24422,-604.28,-3.94,644.56,4.2,-886.28,-5.78,23539.25,23.54
676,Exit long,23/11/2022 14:30,Long Exit,12.78,1127.035,13434.2572,969.25,7.21,1758.17,13.09,-293.03,-2.18,24508.5,24.51
676,Entry long,22/11/2022 16:30,Long,11.92,1127.035,13434.2572,969.25,7.21,1758.17,13.09,-293.03,-2.18,24508.5,24.51
677,Exit long,24/11/2022 11:00,Long Exit,14.03,913.812,12436.98132,383.8,3.09,1233.65,9.92,-36.55,-0.29,24892.3,24.89
677,Entry long,23/11/2022 19:30,Long,13.61,913.812,12436.98132,383.8,3.09,1233.65,9.92,-36.55,-0.29,24892.3,24.89
678,Exit long,26/11/2022 17:00,Long Exit,14.25,1824.342,26763.09714,-766.22,-2.86,565.55,2.11,-839.2,-3.14,24126.07,24.13
678,Entry long,26/11/2022 10:30,Long,14.67,1824.342,26763.09714,-766.22,-2.86,565.55,2.11,-839.2,-3.14,24126.07,24.13
679,Exit short,27/11/2022 05:00,Short Exit,14.43,1922.558,27031.16548,-711.35,-2.63,57.68,0.21,-730.57,-2.7,23414.73,23.41
679,Entry short,26/11/2022 23:00,Short,14.06,1922.558,27031.16548,-711.35,-2.63,57.68,0.21,-730.57,-2.7,23414.73,23.41
680,Exit short,28/11/2022 17:00,Short Exit,13.53,1587.337,21127.45547,-349.21,-1.65,841.29,3.98,-507.95,-2.4,23065.51,23.07
680,Entry short,28/11/2022 01:30,Short,13.31,1587.337,21127.45547,-349.21,-1.65,841.29,3.98,-507.95,-2.4,23065.51,23.07
681,Exit long,29/11/2022 15:30,Long Exit,13.48,1696.282,23408.6916,-542.81,-2.32,271.41,1.16,-797.25,-3.41,22522.7,22.52
681,Entry long,29/11/2022 05:30,Long,13.8,1696.282,23408.6916,-542.81,-2.32,271.41,1.16,-797.25,-3.41,22522.7,22.52
682,Exit short,30/11/2022 19:30,Short Exit,13.75,2086.204,27788.23728,-897.07,-3.23,146.03,0.53,-1105.69,-3.98,21625.64,21.63
682,Entry short,30/11/2022 17:30,Short,13.32,2086.204,27788.23728,-897.07,-3.23,146.03,0.53,-1105.69,-3.98,21625.64,21.63
683,Exit long,01/12/2022 11:30,Long Exit,13.76,1589.361,22553.03259,-683.43,-3.03,63.57,0.28,-715.21,-3.17,20942.21,20.94
683,Entry long,30/11/2022 23:30,Long,14.19,1589.361,22553.03259,-683.43,-3.03,63.57,0.28,-715.21,-3.17,20942.21,20.94
684,Exit short,02/12/2022 13:00,Short Exit,13.68,2049.804,27549.36576,-491.95,-1.79,225.48,0.82,-819.92,-2.98,20450.26,20.45
684,Entry short,02/12/2022 02:30,Short,13.44,2049.804,27549.36576,-491.95,-1.79,225.48,0.82,-819.92,-2.98,20450.26,20.45
685,Exit short,04/12/2022 16:30,Short Exit,13.51,3728.182,50181.32972,-186.41,-0.37,969.33,1.93,-335.54,-0.67,20263.85,20.26
685,Entry short,03/12/2022 21:30,Short,13.46,3728.182,50181.32972,-186.41,-0.37,969.33,1.93,-335.54,-0.67,20263.85,20.26
686,Exit long,05/12/2022 15:30,Long Exit,13.7,3703.473,50626.47591,111.1,0.22,1851.74,3.66,-259.24,-0.51,20374.95,20.37
686,Entry long,04/12/2022 21:00,Long,13.67,3703.473,50626.47591,111.1,0.22,1851.74,3.66,-259.24,-0.51,20374.95,20.37
687,Exit long,07/12/2022 07:00,Long Exit,13.86,2144.649,30389.67633,-664.84,-2.19,450.38,1.48,-707.73,-2.33,19710.11,19.71
687,Entry long,06/12/2022 04:00,Long,14.17,2144.649,30389.67633,-664.84,-2.19,450.38,1.48,-707.73,-2.33,19710.11,19.71
688,Exit short,08/12/2022 15:30,Short Exit,13.58,2896.588,40146.70968,811.04,2.02,1708.99,4.26,-86.9,-0.22,20521.16,20.52
688,Entry short,07/12/2022 07:00,Short,13.86,2896.588,40146.70968,811.04,2.02,1708.99,4.26,-86.9,-0.22,20521.16,20.52
689,Exit long,09/12/2022 18:00,Long Exit,13.65,3014.668,41421.53832,-271.32,-0.66,844.11,2.04,-361.76,-0.87,20249.84,20.25
689,Entry long,08/12/2022 19:00,Long,13.74,3014.668,41421.53832,-271.32,-0.66,844.11,2.04,-361.76,-0.87,20249.84,20.25
690,Exit short,11/12/2022 13:00,Short Exit,13.67,2820.844,38250.64464,-310.29,-0.81,141.04,0.37,-479.54,-1.25,19939.54,19.94
690,Entry short,09/12/2022 21:00,Short,13.56,2820.844,38250.64464,-310.29,-0.81,141.04,0.37,-479.54,-1.25,19939.54,19.94
691,Exit long,11/12/2022 22:30,Stop Hit,13.57,6199.781,84751.00627,-619.98,-0.73,805.97,0.95,-743.97,-0.88,19319.56,19.32
691,Entry long,11/12/2022 15:30,Long,13.67,6199.781,84751.00627,-619.98,-0.73,805.97,0.95,-743.97,-0.88,19319.56,19.32
692,Exit short,12/12/2022 20:30,Short Exit,13.24,4209.88,56749.1824,1010.37,1.78,2778.52,4.9,-168.4,-0.3,20329.94,20.33
692,Entry short,11/12/2022 23:00,Short,13.48,4209.88,56749.1824,1010.37,1.78,2778.52,4.9,-168.4,-0.3,20329.94,20.33
693,Exit short,13/12/2022 12:00,Stop Hit,13.35,2910.45,37486.596,-1367.91,-3.65,58.21,0.16,-1397.02,-3.73,18962.03,18.96
693,Entry short,13/12/2022 07:30,Short,12.88,2910.45,37486.596,-1367.91,-3.65,58.21,0.16,-1397.02,-3.73,18962.03,18.96
694,Exit long,14/12/2022 20:00,Stop Hit,14.3,2290.575,30762.42225,1992.8,6.48,3504.58,11.39,0,0,20954.82,20.95
694,Entry long,13/12/2022 13:30,Long,13.43,2290.575,30762.42225,1992.8,6.48,3504.58,11.39,0,0,20954.82,20.95
695,Exit short,17/12/2022 23:30,Short Exit,12.49,2224.89,30480.993,2692.12,8.83,3960.3,12.99,0,0,23646.94,23.65
695,Entry short,16/12/2022 09:00,Short,13.7,2224.89,30480.993,2692.12,8.83,3960.3,12.99,0,0,23646.94,23.65
696,Exit short,20/12/2022 05:00,Short Exit,12.36,2538.732,31074.07968,-304.65,-0.98,1472.46,4.74,-533.13,-1.72,23342.29,23.34
696,Entry short,19/12/2022 04:00,Short,12.24,2538.732,31074.07968,-304.65,-0.98,1472.46,4.74,-533.13,-1.72,23342.29,23.34
697,Exit long,20/12/2022 17:30,Long Exit,12.21,2456.996,30319.33064,-319.41,-1.05,24.57,0.08,-417.69,-1.38,23022.89,23.02
697,Entry long,20/12/2022 16:00,Long,12.34,2456.996,30319.33064,-319.41,-1.05,24.57,0.08,-417.69,-1.38,23022.89,23.02
698,Exit short,21/12/2022 23:30,Short Exit,12.09,2974.833,35816.98932,-148.74,-0.42,416.48,1.16,-535.47,-1.5,22874.14,22.87
698,Entry short,21/12/2022 04:30,Short,12.04,2974.833,35816.98932,-148.74,-0.42,416.48,1.16,-535.47,-1.5,22874.14,22.87
699,Exit short,23/12/2022 03:30,Stop Hit,12.05,3485.388,41197.28616,-801.64,-1.95,522.81,1.27,-1010.76,-2.45,22072.5,22.07
699,Entry short,22/12/2022 15:00,Short,11.82,3485.388,41197.28616,-801.64,-1.95,522.81,1.27,-1010.76,-2.45,22072.5,22.07
700,Exit short,24/12/2022 17:30,Short Exit,11.41,2935.362,33375.06594,-117.41,-0.35,587.07,1.76,-264.18,-0.79,21955.09,21.96
700,Entry short,24/12/2022 05:30,Short,11.37,2935.362,33375.06594,-117.41,-0.35,587.07,1.76,-264.18,-0.79,21955.09,21.96
701,Exit short,26/12/2022 02:30,Short Exit,11.44,4406.045,50140.7921,-264.36,-0.53,572.79,1.14,-484.66,-0.97,21690.73,21.69
701,Entry short,25/12/2022 15:00,Short,11.38,4406.045,50140.7921,-264.36,-0.53,572.79,1.14,-484.66,-0.97,21690.73,21.69
702,Exit short,27/12/2022 00:30,Short Exit,11.34,4301.177,48130.17063,-645.18,-1.34,559.15,1.16,-1075.29,-2.23,21045.55,21.05
702,Entry short,26/12/2022 16:00,Short,11.19,4301.177,48130.17063,-645.18,-1.34,559.15,1.16,-1075.29,-2.23,21045.55,21.05
703,Exit short,29/12/2022 23:00,Stop Hit,9.17,3781.109,41856.87663,7184.11,17.16,11608.01,27.73,-340.3,-0.81,28229.66,28.23
703,Entry short,27/12/2022 13:00,Short,11.07,3781.109,41856.87663,7184.11,17.16,11608.01,27.73,-340.3,-0.81,28229.66,28.23
704,Exit long,01/01/2023 04:30,Long Exit,9.88,891.271,8172.95507,632.8,7.74,971.49,11.89,-294.12,-3.6,28862.46,28.86
704,Entry long,29/12/2022 23:00,Long,9.17,891.271,8172.95507,632.8,7.74,971.49,11.89,-294.12,-3.6,28862.46,28.86
705,Exit long,03/01/2023 02:00,Long Exit,11.08,1535.893,16956.25872,61.44,0.36,691.15,4.08,-245.74,-1.45,28923.9,28.92
705,Entry long,02/01/2023 07:30,Long,11.04,1535.893,16956.25872,61.44,0.36,691.15,4.08,-245.74,-1.45,28923.9,28.92
706,Exit long,04/01/2023 14:30,Long Exit,13.28,1663.799,19982.22599,2113.02,10.57,3710.27,18.57,-515.78,-2.58,31036.92,31.04
706,Entry long,03/01/2023 06:30,Long,12.01,1663.799,19982.22599,2113.02,10.57,3710.27,18.57,-515.78,-2.58,31036.92,31.04
707,Exit long,06/01/2023 07:30,Long Exit,13.14,1649.333,22496.90212,-824.67,-3.67,412.33,1.83,-1022.59,-4.55,30212.25,30.21
707,Entry long,05/01/2023 20:30,Long,13.64,1649.333,22496.90212,-824.67,-3.67,412.33,1.83,-1022.59,-4.55,30212.25,30.21
708,Exit short,06/01/2023 17:00,Short Exit,13.2,1855.632,24048.99072,-445.35,-1.85,501.02,2.08,-649.47,-2.7,29766.9,29.77
708,Entry short,06/01/2023 11:30,Short,12.96,1855.632,24048.99072,-445.35,-1.85,501.02,2.08,-649.47,-2.7,29766.9,29.77
709,Exit short,08/01/2023 02:30,Short Exit,13.33,3573.29,46595.7016,-1036.25,-2.22,678.93,1.46,-1107.72,-2.38,28730.65,28.73
709,Entry short,07/01/2023 23:00,Short,13.04,3573.29,46595.7016,-1036.25,-2.22,678.93,1.46,-1107.72,-2.38,28730.65,28.73
710,Exit long,09/01/2023 23:30,Long Exit,16.2,2440.385,33189.236,6345,19.12,9517.5,28.68,-414.87,-1.25,35075.65,35.08
710,Entry long,08/01/2023 09:00,Long,13.6,2440.385,33189.236,6345,19.12,9517.5,28.68,-414.87,-1.25,35075.65,35.08
711,Exit short,11/01/2023 23:00,Stop Hit,16.19,1687.869,26735.84496,-590.75,-2.21,945.21,3.54,-759.54,-2.84,34484.89,34.48
711,Entry short,11/01/2023 12:30,Short,15.84,1687.869,26735.84496,-590.75,-2.21,945.21,3.54,-759.54,-2.84,34484.89,34.48
712,Exit long,12/01/2023 13:30,Long Exit,15.94,1118.426,18901.3994,-1073.69,-5.68,44.74,0.24,-1151.98,-6.09,33411.21,33.41
712,Entry long,12/01/2023 01:00,Long,16.9,1118.426,18901.3994,-1073.69,-5.68,44.74,0.24,-1151.98,-6.09,33411.21,33.41
713,Exit long,15/01/2023 07:30,Long Exit,22.23,1069.406,18329.61884,5443.28,29.7,8405.53,45.86,-727.2,-3.97,38854.48,38.85
713,Entry long,13/01/2023 04:30,Long,17.14,1069.406,18329.61884,5443.28,29.7,8405.53,45.86,-727.2,-3.97,38854.48,38.85
714,Exit long,16/01/2023 14:30,Long Exit,23.29,617.831,15223.35584,-834.07,-5.48,222.42,1.46,-1198.59,-7.87,38020.41,38.02
714,Entry long,16/01/2023 07:00,Long,24.64,617.831,15223.35584,-834.07,-5.48,222.42,1.46,-1198.59,-7.87,38020.41,38.02
715,Exit short,16/01/2023 21:00,Short Exit,23.58,612.844,14046.38448,-404.48,-2.88,42.9,0.31,-569.94,-4.06,37615.93,37.62
715,Entry short,16/01/2023 15:30,Short,22.92,612.844,14046.38448,-404.48,-2.88,42.9,0.31,-569.94,-4.06,37615.93,37.62
716,Exit short,18/01/2023 14:30,Short Exit,23.04,1002.787,22923.71082,-180.5,-0.79,742.06,3.24,-501.39,-2.19,37435.43,37.44
716,Entry short,18/01/2023 00:00,Short,22.86,1002.787,22923.71082,-180.5,-0.79,742.06,3.24,-501.39,-2.19,37435.43,37.44
717,Exit short,19/01/2023 19:30,Short Exit,21.61,671.416,14623.44048,114.14,0.78,966.84,6.61,-503.56,-3.44,37549.57,37.55
717,Entry short,18/01/2023 16:00,Short,21.78,671.416,14623.44048,114.14,0.78,966.84,6.61,-503.56,-3.44,37549.57,37.55
718,Exit long,21/01/2023 23:30,Long Exit,24.73,1249.105,27517.78315,3372.58,12.26,5708.41,20.74,-124.91,-0.45,40922.16,40.92
718,Entry long,20/01/2023 17:00,Long,22.03,1249.105,27517.78315,3372.58,12.26,5708.41,20.74,-124.91,-0.45,40922.16,40.92
719,Exit short,24/01/2023 02:30,Long,25,908.362,21927.85868,-781.19,-3.56,581.35,2.65,-999.2,-4.56,40140.96,40.14
719,Entry short,22/01/2023 20:30,Short,24.14,908.362,21927.85868,-781.19,-3.56,581.35,2.65,-999.2,-4.56,40140.96,40.14
720,Exit long,24/01/2023 14:00,Long Exit,24.23,915.48,22887,-704.92,-3.08,64.08,0.28,-942.94,-4.12,39436.04,39.44
720,Entry long,24/01/2023 02:30,Long,25,915.48,22887,-704.92,-3.08,64.08,0.28,-942.94,-4.12,39436.04,39.44
721,Exit short,25/01/2023 12:30,Short Exit,23.68,1092.588,26178.40848,305.92,1.17,1879.25,7.18,-32.78,-0.13,39741.97,39.74
721,Entry short,24/01/2023 22:00,Short,23.96,1092.588,26178.40848,305.92,1.17,1879.25,7.18,-32.78,-0.13,39741.97,39.74
722,Exit long,26/01/2023 11:00,Long Exit,24.24,746.874,18604.63134,-500.41,-2.69,388.37,2.09,-649.78,-3.49,39241.56,39.24
722,Entry long,25/01/2023 22:00,Long,24.91,746.874,18604.63134,-500.41,-2.69,388.37,2.09,-649.78,-3.49,39241.56,39.24
723,Exit short,27/01/2023 15:30,Short Exit,24.09,859.771,20290.5956,-421.29,-2.08,240.74,1.19,-515.86,-2.54,38820.28,38.82
723,Entry short,27/01/2023 02:00,Short,23.6,859.771,20290.5956,-421.29,-2.08,240.74,1.19,-515.86,-2.54,38820.28,38.82
724,Exit long,28/01/2023 12:30,Long Exit,24.25,1039.238,25648.39384,-446.87,-1.74,581.97,2.27,-696.29,-2.71,38373.4,38.37
724,Entry long,27/01/2023 20:30,Long,24.68,1039.238,25648.39384,-446.87,-1.74,581.97,2.27,-696.29,-2.71,38373.4,38.37
725,Exit long,30/01/2023 09:00,Long Exit,25.15,1452.969,35873.80461,668.37,1.86,3065.76,8.55,-464.95,-1.3,39041.77,39.04
725,Entry long,29/01/2023 13:30,Long,24.69,1452.969,35873.80461,668.37,1.86,3065.76,8.55,-464.95,-1.3,39041.77,39.04
726,Exit short,31/01/2023 14:30,Short Exit,24.14,902.361,21927.3723,144.38,0.66,1073.81,4.9,-424.11,-1.93,39186.15,39.19
726,Entry short,30/01/2023 09:30,Short,24.3,902.361,21927.3723,144.38,0.66,1073.81,4.9,-424.11,-1.93,39186.15,39.19
727,Exit short,01/02/2023 20:00,Stop Hit,24.24,1361.441,32007.47791,-993.85,-3.11,1402.28,4.38,-1306.98,-4.08,38192.3,38.19
727,Entry short,01/02/2023 07:00,Short,23.51,1361.441,32007.47791,-993.85,-3.11,1402.28,4.38,-1306.98,-4.08,38192.3,38.19
728,Exit long,02/02/2023 15:00,Long Exit,24.72,765.468,18769.27536,153.09,0.82,964.49,5.14,-61.24,-0.33,38345.39,38.35
728,Entry long,01/02/2023 20:30,Long,24.52,765.468,18769.27536,153.09,0.82,964.49,5.14,-61.24,-0.33,38345.39,38.35
729,Exit long,02/02/2023 22:00,Stop Hit,24.25,941.93,24330.0519,-1488.25,-6.12,150.71,0.62,-1573.02,-6.47,36857.14,36.86
729,Entry long,02/02/2023 18:30,Long,25.83,941.93,24330.0519,-1488.25,-6.12,150.71,0.62,-1573.02,-6.47,36857.14,36.86
730,Exit short,03/02/2023 12:30,Short Exit,24.53,829.872,20207.3832,-149.38,-0.74,265.56,1.31,-224.07,-1.11,36707.76,36.71
730,Entry short,03/02/2023 01:00,Short,24.35,829.872,20207.3832,-149.38,-0.74,265.56,1.31,-224.07,-1.11,36707.76,36.71
731,Exit short,06/02/2023 16:00,Short Exit,23.47,1840.96,44808.9664,1601.64,3.57,2816.67,6.29,-220.92,-0.49,38309.4,38.31
731,Entry short,05/02/2023 00:00,Short,24.34,1840.96,44808.9664,1601.64,3.57,2816.67,6.29,-220.92,-0.49,38309.4,38.31
732,Exit short,07/02/2023 10:00,Short Exit,23.33,1343.613,30405.96219,-940.53,-3.09,120.93,0.4,-1061.45,-3.49,37368.87,37.37
732,Entry short,06/02/2023 23:30,Short,22.63,1343.613,30405.96219,-940.53,-3.09,120.93,0.4,-1061.45,-3.49,37368.87,37.37
733,Exit long,07/02/2023 19:00,Long Exit,22.97,1341.147,31744.94949,-938.8,-2.96,254.82,0.8,-1448.44,-4.56,36430.07,36.43
733,Entry long,07/02/2023 18:00,Long,23.67,1341.147,31744.94949,-938.8,-2.96,254.82,0.8,-1448.44,-4.56,36430.07,36.43
734,Exit long,08/02/2023 15:30,Long Exit,23.48,1075.24,25698.236,-451.6,-1.76,365.58,1.42,-612.89,-2.38,35978.46,35.98
734,Entry long,07/02/2023 23:30,Long,23.9,1075.24,25698.236,-451.6,-1.76,365.58,1.42,-612.89,-2.38,35978.46,35.98
735,Exit short,11/02/2023 14:00,Short Exit,20.52,1317.557,29816.31491,2780.05,9.32,3886.79,13.04,-461.14,-1.55,38758.51,38.76
735,Entry short,09/02/2023 03:00,Short,22.63,1317.557,29816.31491,2780.05,9.32,3886.79,13.04,-461.14,-1.55,38758.51,38.76
736,Exit long,13/02/2023 02:00,Stop Hit,20.82,2482.522,52058.48634,-372.38,-0.72,4021.69,7.73,-1117.13,-2.15,38386.13,38.39
736,Entry long,12/02/2023 07:00,Long,20.97,2482.522,52058.48634,-372.38,-0.72,4021.69,7.73,-1117.13,-2.15,38386.13,38.39
737,Exit short,13/02/2023 23:30,Short Exit,20.78,969.078,20176.20396,38.76,0.19,1056.3,5.24,-474.85,-2.35,38424.89,38.42
737,Entry short,13/02/2023 02:00,Short,20.82,969.078,20176.20396,38.76,0.19,1056.3,5.24,-474.85,-2.35,38424.89,38.42
738,Exit long,15/02/2023 03:00,Long Exit,21.51,1363.365,29257.8129,68.17,0.23,1240.66,4.24,-790.75,-2.7,38493.06,38.49
738,Entry long,14/02/2023 10:00,Long,21.46,1363.365,29257.8129,68.17,0.23,1240.66,4.24,-790.75,-2.7,38493.06,38.49
739,Exit long,16/02/2023 12:00,Long Exit,23.57,1475.37,33033.5343,1740.94,5.27,2670.42,8.08,-236.06,-0.71,40234,40.23
739,Entry long,15/02/2023 12:30,Long,22.39,1475.37,33033.5343,1740.94,5.27,2670.42,8.08,-236.06,-0.71,40234,40.23
740,Exit short,17/02/2023 15:00,Short Exit,22.63,1010.604,22829.54436,-40.42,-0.18,606.36,2.66,-404.24,-1.77,40193.57,40.19
740,Entry short,16/02/2023 22:30,Short,22.59,1010.604,22829.54436,-40.42,-0.18,606.36,2.66,-404.24,-1.77,40193.57,40.19
741,Exit long,18/02/2023 11:00,Long Exit,22.93,1306.032,30783.17424,-835.86,-2.72,39.18,0.13,-835.86,-2.72,39357.71,39.36
741,Entry long,18/02/2023 02:00,Long,23.57,1306.032,30783.17424,-835.86,-2.72,39.18,0.13,-835.86,-2.72,39357.71,39.36
742,Exit long,20/02/2023 16:30,Long Exit,25.91,1654.941,39089.70642,3789.82,9.7,5792.29,14.82,-695.08,-1.78,43147.53,43.15
742,Entry long,18/02/2023 17:00,Long,23.62,1654.941,39089.70642,3789.82,9.7,5792.29,14.82,-695.08,-1.78,43147.53,43.15
743,Exit short,22/02/2023 19:00,Short Exit,23.79,817.087,20639.61762,1201.12,5.82,1675.03,8.12,-196.1,-0.95,44348.65,44.35
743,Entry short,21/02/2023 09:00,Short,25.26,817.087,20639.61762,1201.12,5.82,1675.03,8.12,-196.1,-0.95,44348.65,44.35
744,Exit short,26/02/2023 03:00,Short Exit,22.66,1654.477,39178.01536,1687.57,4.31,3755.66,9.59,-545.98,-1.39,46036.22,46.04
744,Entry short,24/02/2023 10:30,Short,23.68,1654.477,39178.01536,1687.57,4.31,3755.66,9.59,-545.98,-1.39,46036.22,46.04
745,Exit long,27/02/2023 06:00,Long Exit,22.81,1690.038,39293.3835,-743.62,-1.89,473.21,1.2,-828.12,-2.11,45292.6,45.29
745,Entry long,26/02/2023 19:00,Long,23.25,1690.038,39293.3835,-743.62,-1.89,473.21,1.2,-828.12,-2.11,45292.6,45.29
746,Exit short,28/02/2023 16:30,Short Exit,22.55,1374.603,30832.34529,-164.95,-0.53,522.35,1.69,-494.86,-1.6,45127.65,45.13
746,Entry short,27/02/2023 18:30,Short,22.43,1374.603,30832.34529,-164.95,-0.53,522.35,1.69,-494.86,-1.6,45127.65,45.13
747,Exit short,01/03/2023 09:00,Stop Hit,22.77,1617.397,35825.34355,-1002.79,-2.8,808.7,2.26,-1229.22,-3.43,44124.86,44.12
747,Entry short,28/02/2023 20:30,Short,22.15,1617.397,35825.34355,-1002.79,-2.8,808.7,2.26,-1229.22,-3.43,44124.86,44.12
748,Exit long,01/03/2023 19:30,Long Exit,22.36,1619.736,36881.38872,-664.09,-1.8,161.97,0.44,-761.28,-2.06,43460.77,43.46
748,Entry long,01/03/2023 09:00,Long,22.77,1619.736,36881.38872,-664.09,-1.8,161.97,0.44,-761.28,-2.06,43460.77,43.46
749,Exit short,02/03/2023 19:30,Short Exit,22.1,1835.111,40372.442,-183.51,-0.45,605.59,1.5,-275.27,-0.68,43277.26,43.28
749,Entry short,02/03/2023 06:30,Short,22,1835.111,40372.442,-183.51,-0.45,605.59,1.5,-275.27,-0.68,43277.26,43.28
750,Exit short,03/03/2023 14:00,Short Exit,21.34,1641.139,34496.74178,-525.16,-1.52,1115.97,3.24,-656.46,-1.9,42752.09,42.75
750,Entry short,03/03/2023 01:30,Short,21.02,1641.139,34496.74178,-525.16,-1.52,1115.97,3.24,-656.46,-1.9,42752.09,42.75
751,Exit short,05/03/2023 01:00,Stop Hit,21.4,2951.736,61868.38656,-1298.76,-2.1,2243.32,3.63,-1593.94,-2.58,41453.33,41.45
751,Entry short,04/03/2023 16:00,Short,20.96,2951.736,61868.38656,-1298.76,-2.1,2243.32,3.63,-1593.94,-2.58,41453.33,41.45
752,Exit long,05/03/2023 18:00,Long Exit,21.11,1537.815,32986.13175,-522.86,-1.59,184.54,0.56,-753.53,-2.28,40930.47,40.93
752,Entry long,05/03/2023 01:30,Long,21.45,1537.815,32986.13175,-522.86,-1.59,184.54,0.56,-753.53,-2.28,40930.47,40.93
753,Exit short,06/03/2023 16:00,Short Exit,21.05,1851.874,38241.1981,-740.75,-1.94,185.19,0.48,-833.34,-2.18,40189.72,40.19
753,Entry short,06/03/2023 05:30,Short,20.65,1851.874,38241.1981,-740.75,-1.94,185.19,0.48,-833.34,-2.18,40189.72,40.19
754,Exit short,10/03/2023 14:00,Stop Hit,17.58,1991.125,40917.61875,5913.64,14.45,9059.62,22.14,-796.45,-1.95,46103.36,46.1
754,Entry short,06/03/2023 21:00,Short,20.55,1991.125,40917.61875,5913.64,14.45,9059.62,22.14,-796.45,-1.95,46103.36,46.1
755,Exit long,11/03/2023 08:00,Stop Hit,17.06,975.319,17643.52071,-1004.58,-5.69,780.26,4.42,-1102.11,-6.25,45098.79,45.1
755,Entry long,10/03/2023 23:00,Long,18.09,975.319,17643.52071,-1004.58,-5.69,780.26,4.42,-1102.11,-6.25,45098.79,45.1
756,Exit long,13/03/2023 10:00,Long Exit,19.06,1546.396,28128.94324,1345.36,4.78,3695.89,13.14,-695.88,-2.47,46444.15,46.44
756,Entry long,12/03/2023 11:30,Long,18.19,1546.396,28128.94324,1345.36,4.78,3695.89,13.14,-695.88,-2.47,46444.15,46.44
757,Exit long,14/03/2023 07:30,Long Exit,20.09,806.955,17131.65465,-919.93,-5.37,24.21,0.14,-928,-5.42,45524.22,45.52
757,Entry long,13/03/2023 15:30,Long,21.23,806.955,17131.65465,-919.93,-5.37,24.21,0.14,-928,-5.42,45524.22,45.52
758,Exit long,14/03/2023 21:30,Stop Hit,20.52,947.528,20286.57448,-843.3,-4.16,672.74,3.32,-1118.08,-5.51,44680.92,44.68
758,Entry long,14/03/2023 13:00,Long,21.41,947.528,20286.57448,-843.3,-4.16,672.74,3.32,-1118.08,-5.51,44680.92,44.68
759,Exit short,16/03/2023 07:30,Short Exit,19.59,904.337,18159.08696,443.13,2.44,1247.99,6.87,-27.13,-0.15,45124.05,45.12
759,Entry short,15/03/2023 15:00,Short,20.08,904.337,18159.08696,443.13,2.44,1247.99,6.87,-27.13,-0.15,45124.05,45.12
760,Exit long,17/03/2023 15:00,Long Exit,20.01,1175.366,23260.49314,258.58,1.11,1104.84,4.75,-611.19,-2.63,45382.63,45.38
760,Entry long,16/03/2023 19:30,Long,19.79,1175.366,23260.49314,258.58,1.11,1104.84,4.75,-611.19,-2.63,45382.63,45.38
761,Exit long,18/03/2023 16:00,Long Exit,21.83,1203.174,24917.73354,1347.55,5.41,2683.08,10.77,-192.51,-0.77,46730.18,46.73
761,Entry long,17/03/2023 22:00,Long,20.71,1203.174,24917.73354,1347.55,5.41,2683.08,10.77,-192.51,-0.77,46730.18,46.73
762,Exit long,20/03/2023 04:30,Long Exit,22.3,1187.008,26446.53824,23.74,0.09,819.04,3.1,-1103.92,-4.17,46753.92,46.75
762,Entry long,19/03/2023 17:00,Long,22.28,1187.008,26446.53824,23.74,0.09,819.04,3.1,-1103.92,-4.17,46753.92,46.75
763,Exit long,20/03/2023 19:30,Long Exit,22.04,734.057,16956.7167,-778.1,-4.59,594.59,3.51,-800.12,-4.72,45975.82,45.98
763,Entry long,20/03/2023 08:00,Long,23.1,734.057,16956.7167,-778.1,-4.59,594.59,3.51,-800.12,-4.72,45975.82,45.98
764,Exit short,21/03/2023 13:00,Short Exit,22.88,805.09,17446.3003,-974.16,-5.58,96.61,0.55,-1070.77,-6.14,45001.66,45
764,Entry short,21/03/2023 08:30,Short,21.67,805.09,17446.3003,-974.16,-5.58,96.61,0.55,-1070.77,-6.14,45001.66,45
765,Exit short,23/03/2023 15:00,Short Exit,21.99,901.688,20152.7268,324.61,1.61,1280.4,6.35,-18.03,-0.09,45326.27,45.33
765,Entry short,22/03/2023 19:00,Short,22.35,901.688,20152.7268,324.61,1.61,1280.4,6.35,-18.03,-0.09,45326.27,45.33
766,Exit short,25/03/2023 14:30,Short Exit,20.87,1435.33,30428.996,473.66,1.56,1349.21,4.43,-186.59,-0.61,45799.93,45.8
766,Entry short,24/03/2023 15:30,Short,21.2,1435.33,30428.996,473.66,1.56,1349.21,4.43,-186.59,-0.61,45799.93,45.8
767,Exit short,26/03/2023 07:00,Short Exit,20.8,1626.171,32799.86907,-1024.49,-3.12,130.09,0.4,-1073.27,-3.27,44775.44,44.78
767,Entry short,25/03/2023 19:30,Short,20.17,1626.171,32799.86907,-1024.49,-3.12,130.09,0.4,-1073.27,-3.27,44775.44,44.78
768,Exit long,27/03/2023 03:30,Long Exit,20.65,2228.068,47056.79616,-1047.19,-2.23,22.28,0.05,-1225.44,-2.6,43728.25,43.73
768,Entry long,26/03/2023 15:00,Long,21.12,2228.068,47056.79616,-1047.19,-2.23,22.28,0.05,-1225.44,-2.6,43728.25,43.73
769,Exit short,28/03/2023 07:30,Short Exit,20.01,2306.018,47296.42918,1153.01,2.44,2721.1,5.75,-461.2,-0.98,44881.26,44.88
769,Entry short,27/03/2023 07:00,Short,20.51,2306.018,47296.42918,1153.01,2.44,2721.1,5.75,-461.2,-0.98,44881.26,44.88
770,Exit long,29/03/2023 23:30,Long Exit,21.1,1472.277,30417.24282,647.8,2.13,1325.05,4.36,-633.08,-2.08,45529.06,45.53
770,Entry long,28/03/2023 20:00,Long,20.66,1472.277,30417.24282,647.8,2.13,1325.05,4.36,-633.08,-2.08,45529.06,45.53
771,Exit long,30/03/2023 04:30,Stop Hit,20.92,1528.778,32715.8492,-733.81,-2.24,91.73,0.28,-1253.6,-3.83,44795.25,44.8
771,Entry long,30/03/2023 04:00,Long,21.4,1528.778,32715.8492,-733.81,-2.24,91.73,0.28,-1253.6,-3.83,44795.25,44.8
772,Exit short,31/03/2023 02:30,Short Exit,20.68,1455.927,30064.89255,-43.68,-0.15,713.4,2.37,-262.07,-0.87,44751.57,44.75
772,Entry short,30/03/2023 10:30,Short,20.65,1455.927,30064.89255,-43.68,-0.15,713.4,2.37,-262.07,-0.87,44751.57,44.75
773,Exit short,31/03/2023 15:00,Short Exit,20.65,1987.92,40215.6216,-834.93,-2.08,377.7,0.94,-1073.48,-2.67,43916.64,43.92
773,Entry short,31/03/2023 08:30,Short,20.23,1987.92,40215.6216,-834.93,-2.08,377.7,0.94,-1073.48,-2.67,43916.64,43.92
774,Exit long,01/04/2023 18:00,Long Exit,20.84,1870.895,38839.7802,149.67,0.39,1365.75,3.52,-130.96,-0.34,44066.31,44.07
774,Entry long,31/03/2023 15:30,Long,20.76,1870.895,38839.7802,149.67,0.39,1365.75,3.52,-130.96,-0.34,44066.31,44.07
775,Exit long,02/04/2023 14:30,Stop Hit,20.82,2742.34,58274.725,-1179.21,-2.02,137.12,0.24,-1480.86,-2.54,42887.11,42.89
775,Entry long,02/04/2023 08:30,Long,21.25,2742.34,58274.725,-1179.21,-2.02,137.12,0.24,-1480.86,-2.54,42887.11,42.89
776,Exit short,03/04/2023 09:30,Short Exit,20.51,2697.588,56163.78216,836.25,1.49,2373.88,4.23,-242.78,-0.43,43723.36,43.72
776,Entry short,02/04/2023 14:30,Short,20.82,2697.588,56163.78216,836.25,1.49,2373.88,4.23,-242.78,-0.43,43723.36,43.72
777,Exit long,03/04/2023 22:30,Long Exit,20.26,1865.989,38495.35307,-690.42,-1.79,671.76,1.75,-1082.27,-2.81,43032.94,43.03
777,Entry long,03/04/2023 20:00,Long,20.63,1865.989,38495.35307,-690.42,-1.79,671.76,1.75,-1082.27,-2.81,43032.94,43.03
778,Exit long,05/04/2023 14:00,Long Exit,21.12,1936.654,40417.96898,484.16,1.2,910.23,2.25,-367.96,-0.91,43517.11,43.52
778,Entry long,04/04/2023 12:30,Long,20.87,1936.654,40417.96898,484.16,1.2,910.23,2.25,-367.96,-0.91,43517.11,43.52
779,Exit short,06/04/2023 18:00,Short Exit,20.73,1992.066,41335.3695,39.84,0.1,637.46,1.54,-577.7,-1.4,43556.95,43.56
779,Entry short,05/04/2023 16:30,Short,20.75,1992.066,41335.3695,39.84,0.1,637.46,1.54,-577.7,-1.4,43556.95,43.56
780,Exit short,07/04/2023 16:00,Short Exit,20.5,2568.785,52737.15605,77.06,0.15,796.32,1.51,-282.57,-0.54,43634.01,43.63
780,Entry short,07/04/2023 04:00,Short,20.53,2568.785,52737.15605,77.06,0.15,796.32,1.51,-282.57,-0.54,43634.01,43.63
781,Exit long,08/04/2023 19:00,Stop Hit,20.28,3241.771,67072.24199,-1329.13,-1.98,162.09,0.24,-1685.72,-2.51,42304.89,42.3
781,Entry long,08/04/2023 07:00,Long,20.69,3241.771,67072.24199,-1329.13,-1.98,162.09,0.24,-1685.72,-2.51,42304.89,42.3
782,Exit short,09/04/2023 13:30,Short Exit,20.25,3685.804,74748.10512,110.57,0.15,1584.9,2.12,-147.43,-0.2,42415.46,42.42
782,Entry short,08/04/2023 19:00,Short,20.28,3685.804,74748.10512,110.57,0.15,1584.9,2.12,-147.43,-0.2,42415.46,42.42
783,Exit long,10/04/2023 15:00,Long Exit,20.12,3000.725,61184.78275,-810.2,-1.32,150.04,0.25,-930.22,-1.52,41605.27,41.61
783,Entry long,09/04/2023 23:30,Long,20.39,3000.725,61184.78275,-810.2,-1.32,150.04,0.25,-930.22,-1.52,41605.27,41.61
784,Exit long,12/04/2023 03:30,Long Exit,22.58,3168.198,64853.01306,6684.9,10.31,10169.92,15.68,0,0,48290.16,48.29
784,Entry long,10/04/2023 18:00,Long,20.47,3168.198,64853.01306,6684.9,10.31,10169.92,15.68,0,0,48290.16,48.29
785,Exit long,14/04/2023 01:30,Long Exit,24.32,945.843,22577.27241,425.63,1.89,1352.56,5.99,-576.96,-2.56,48715.79,48.72
785,Entry long,12/04/2023 08:30,Long,23.87,945.843,22577.27241,425.63,1.89,1352.56,5.99,-576.96,-2.56,48715.79,48.72
786,Exit long,14/04/2023 14:00,Long Exit,24.54,1098.935,27572.27915,-604.41,-2.19,439.57,1.59,-736.29,-2.67,48111.38,48.11
786,Entry long,14/04/2023 05:00,Long,25.09,1098.935,27572.27915,-604.41,-2.19,439.57,1.59,-736.29,-2.67,48111.38,48.11
787,Exit short,16/04/2023 04:00,Short Exit,24.47,1092.736,26291.22816,-448.02,-1.7,360.6,1.37,-1005.32,-3.82,47663.36,47.66
787,Entry short,14/04/2023 16:30,Short,24.06,1092.736,26291.22816,-448.02,-1.7,360.6,1.37,-1005.32,-3.82,47663.36,47.66
788,Exit long,17/04/2023 13:00,Long Exit,24.91,2082.136,51262.18832,603.82,1.18,2873.35,5.61,-645.46,-1.26,48267.18,48.27
788,Entry long,16/04/2023 20:00,Long,24.62,2082.136,51262.18832,603.82,1.18,2873.35,5.61,-645.46,-1.26,48267.18,48.27
789,Exit short,18/04/2023 07:30,Short Exit,25.12,1307.782,31661.40222,-1190.08,-3.76,26.16,0.08,-1229.32,-3.88,47077.09,47.08
789,Entry short,18/04/2023 02:30,Short,24.21,1307.782,31661.40222,-1190.08,-3.76,26.16,0.08,-1229.32,-3.88,47077.09,47.08
790,Exit short,20/04/2023 15:00,Short Exit,22.85,1685.455,40939.70195,2427.06,5.93,4348.47,10.62,-235.96,-0.58,49504.15,49.5
790,Entry short,19/04/2023 08:00,Short,24.29,1685.455,40939.70195,2427.06,5.93,4348.47,10.62,-235.96,-0.58,49504.15,49.5
791,Exit short,22/04/2023 14:00,Short Exit,21.5,1114.94,24673.6222,702.41,2.85,1259.88,5.11,-345.63,-1.4,50206.56,50.21
791,Entry short,20/04/2023 17:00,Short,22.13,1114.94,24673.6222,702.41,2.85,1259.88,5.11,-345.63,-1.4,50206.56,50.21
792,Exit long,23/04/2023 16:30,Stop Hit,21.59,2187.712,47954.64704,-721.94,-1.51,721.94,1.51,-1050.1,-2.19,49484.61,49.48
792,Entry long,22/04/2023 23:30,Long,21.92,2187.712,47954.64704,-721.94,-1.51,721.94,1.51,-1050.1,-2.19,49484.61,49.48
793,Exit short,24/04/2023 02:30,Stop Hit,21.82,1850.747,39865.09038,-518.21,-1.3,1165.97,2.92,-888.36,-2.23,48966.41,48.97
793,Entry short,23/04/2023 17:30,Short,21.54,1850.747,39865.09038,-518.21,-1.3,1165.97,2.92,-888.36,-2.23,48966.41,48.97
794,Exit short,25/04/2023 19:00,Short Exit,21.21,1771.909,36997.45992,-584.73,-1.58,265.79,0.72,-655.61,-1.77,48381.68,48.38
794,Entry short,25/04/2023 05:00,Short,20.88,1771.909,36997.45992,-584.73,-1.58,265.79,0.72,-655.61,-1.77,48381.68,48.38
795,Exit long,26/04/2023 21:00,Stop Hit,21.09,1616.545,35176.0192,-1083.09,-3.08,1956.02,5.56,-1551.88,-4.41,47298.59,47.3
795,Entry long,25/04/2023 22:30,Long,21.76,1616.545,35176.0192,-1083.09,-3.08,1956.02,5.56,-1551.88,-4.41,47298.59,47.3
796,Exit short,27/04/2023 16:30,Stop Hit,22.21,1043.305,21732.04315,-1439.76,-6.63,20.87,0.1,-1533.66,-7.06,45858.83,45.86
796,Entry short,26/04/2023 21:30,Short,20.83,1043.305,21732.04315,-1439.76,-6.63,20.87,0.1,-1533.66,-7.06,45858.83,45.86
797,Exit long,28/04/2023 15:00,Long Exit,22.38,1343.1,30112.302,-53.72,-0.18,604.4,2.01,-322.34,-1.07,45805.11,45.81
797,Entry long,28/04/2023 02:30,Long,22.42,1343.1,30112.302,-53.72,-0.18,604.4,2.01,-322.34,-1.07,45805.11,45.81
798,Exit long,29/04/2023 19:00,Long Exit,23.18,1304.588,30031.61576,208.73,0.7,1134.99,3.78,-352.24,-1.17,46013.84,46.01
798,Entry long,28/04/2023 18:00,Long,23.02,1304.588,30031.61576,208.73,0.7,1134.99,3.78,-352.24,-1.17,46013.84,46.01
799,Exit long,30/04/2023 20:30,Stop Hit,23.13,1808.21,42818.4128,-994.52,-2.32,361.64,0.84,-1157.25,-2.7,45019.32,45.02
799,Entry long,30/04/2023 17:00,Long,23.68,1808.21,42818.4128,-994.52,-2.32,361.64,0.84,-1157.25,-2.7,45019.32,45.02
800,Exit short,02/05/2023 14:00,Short Exit,22.05,1604.229,36464.12517,1090.88,2.99,1909.03,5.24,-240.63,-0.66,46110.2,46.11
800,Entry short,01/05/2023 01:00,Short,22.73,1604.229,36464.12517,1090.88,2.99,1909.03,5.24,-240.63,-0.66,46110.2,46.11
801,Exit long,03/05/2023 03:30,Long Exit,21.81,1967.831,43843.27468,-924.88,-2.11,196.78,0.45,-1042.95,-2.38,45185.32,45.19
801,Entry long,02/05/2023 20:00,Long,22.28,1967.831,43843.27468,-924.88,-2.11,196.78,0.45,-1042.95,-2.38,45185.32,45.19
802,Exit short,03/05/2023 22:30,Short Exit,21.85,2138.521,46491.44654,-235.24,-0.51,1090.65,2.35,-427.7,-0.92,44950.08,44.95
802,Entry short,03/05/2023 08:00,Short,21.74,2138.521,46491.44654,-235.24,-0.51,1090.65,2.35,-427.7,-0.92,44950.08,44.95
803,Exit long,04/05/2023 14:30,Long Exit,22.08,1574.559,35254.37601,-488.11,-1.38,157.46,0.45,-566.84,-1.61,44461.97,44.46
803,Entry long,04/05/2023 01:30,Long,22.39,1574.559,35254.37601,-488.11,-1.38,157.46,0.45,-566.84,-1.61,44461.97,44.46
804,Exit short,05/05/2023 15:00,Short Exit,22.13,2083.896,45408.09384,-708.52,-1.56,145.87,0.32,-875.24,-1.93,43753.45,43.75
804,Entry short,05/05/2023 14:00,Short,21.79,2083.896,45408.09384,-708.52,-1.56,145.87,0.32,-875.24,-1.93,43753.45,43.75
805,Exit long,06/05/2023 06:30,Long Exit,22.61,1726.542,38605.47912,431.64,1.12,1502.09,3.89,-258.98,-0.67,44185.08,44.19
805,Entry long,05/05/2023 16:00,Long,22.36,1726.542,38605.47912,431.64,1.12,1502.09,3.89,-258.98,-0.67,44185.08,44.19
806,Exit long,08/05/2023 01:00,Stop Hit,21.65,2070.69,46756.1802,-1925.74,-4.12,331.31,0.71,-1967.16,-4.21,42259.34,42.26
806,Entry long,07/05/2023 18:30,Long,22.58,2070.69,46756.1802,-1925.74,-4.12,331.31,0.71,-1967.16,-4.21,42259.34,42.26
807,Exit short,09/05/2023 13:00,Short Exit,20.81,1708.992,36999.6768,1435.55,3.88,2819.84,7.62,-273.44,-0.74,43694.89,43.69
807,Entry short,08/05/2023 01:00,Short,21.65,1708.992,36999.6768,1435.55,3.88,2819.84,7.62,-273.44,-0.74,43694.89,43.69
808,Exit long,10/05/2023 18:30,Stop Hit,20.35,2154.957,45577.34055,-1723.97,-3.78,344.79,0.76,-3038.49,-6.67,41970.93,41.97
808,Entry long,10/05/2023 14:00,Long,21.15,2154.957,45577.34055,-1723.97,-3.78,344.79,0.76,-3038.49,-6.67,41970.93,41.97
809,Exit short,12/05/2023 11:30,Short Exit,20.25,1404.307,28577.64745,140.43,0.49,926.84,3.24,-1306.01,-4.57,42111.36,42.11
809,Entry short,10/05/2023 18:30,Short,20.35,1404.307,28577.64745,140.43,0.49,926.84,3.24,-1306.01,-4.57,42111.36,42.11
810,Exit long,13/05/2023 15:00,Long Exit,20.91,1481.781,30806.22699,177.81,0.58,740.89,2.41,-192.63,-0.63,42289.17,42.29
810,Entry long,12/05/2023 22:30,Long,20.79,1481.781,30806.22699,177.81,0.58,740.89,2.41,-192.63,-0.63,42289.17,42.29
811,Exit short,14/05/2023 06:30,Short Exit,21.04,2209.085,45617.60525,-861.54,-1.89,22.09,0.05,-1082.45,-2.37,41427.63,41.43
811,Entry short,14/05/2023 02:30,Short,20.65,2209.085,45617.60525,-861.54,-1.89,22.09,0.05,-1082.45,-2.37,41427.63,41.43
812,Exit long,14/05/2023 21:30,Long Exit,20.91,2471.179,52290.14764,-617.79,-1.18,172.98,0.33,-840.2,-1.61,40809.83,40.81
812,Entry long,14/05/2023 16:30,Long,21.16,2471.179,52290.14764,-617.79,-1.18,172.98,0.33,-840.2,-1.61,40809.83,40.81
813,Exit short,15/05/2023 03:00,Stop Hit,21.12,2512.15,51926.1405,-1130.47,-2.18,75.36,0.15,-1331.44,-2.56,39679.36,39.68
813,Entry short,15/05/2023 02:00,Short,20.67,2512.15,51926.1405,-1130.47,-2.18,75.36,0.15,-1331.44,-2.56,39679.36,39.68
814,Exit long,15/05/2023 20:30,Long Exit,21.2,2236.481,47480.49163,-67.09,-0.14,648.58,1.37,-290.74,-0.61,39612.27,39.61
814,Entry long,15/05/2023 05:00,Long,21.23,2236.481,47480.49163,-67.09,-0.14,648.58,1.37,-290.74,-0.61,39612.27,39.61
815,Exit short,17/05/2023 02:30,Short Exit,20.85,2524.967,52468.81426,-176.75,-0.34,883.74,1.68,-303,-0.58,39435.52,39.44
815,Entry short,16/05/2023 15:30,Short,20.78,2524.967,52468.81426,-176.75,-0.34,883.74,1.68,-303,-0.58,39435.52,39.44
816,Exit short,17/05/2023 19:00,Short Exit,20.8,2227.978,45829.50746,-512.43,-1.12,89.12,0.19,-601.55,-1.31,38923.09,38.92
816,Entry short,17/05/2023 16:00,Short,20.57,2227.978,45829.50746,-512.43,-1.12,89.12,0.19,-601.55,-1.31,38923.09,38.92
817,Exit long,18/05/2023 07:30,Long Exit,20.77,2137.915,45067.2482,-662.75,-1.47,320.69,0.71,-705.51,-1.57,38260.34,38.26
817,Entry long,17/05/2023 20:30,Long,21.08,2137.915,45067.2482,-662.75,-1.47,320.69,0.71,-705.51,-1.57,38260.34,38.26
818,Exit short,19/05/2023 13:30,Short Exit,20.48,2107.762,42597.87002,-569.1,-1.34,126.47,0.3,-674.48,-1.58,37691.24,37.69
818,Entry short,18/05/2023 19:00,Short,20.21,2107.762,42597.87002,-569.1,-1.34,126.47,0.3,-674.48,-1.58,37691.24,37.69
819,Exit short,20/05/2023 17:00,Short Exit,20.28,3440.284,69528.13964,-240.82,-0.35,447.24,0.64,-344.03,-0.49,37450.42,37.45
819,Entry short,20/05/2023 02:00,Short,20.21,3440.284,69528.13964,-240.82,-0.35,447.24,0.64,-344.03,-0.49,37450.42,37.45
820,Exit long,21/05/2023 12:30,Stop Hit,20.17,4631.601,94114.13232,-694.74,-0.74,46.32,0.05,-1111.58,-1.18,36755.68,36.76
820,Entry long,21/05/2023 02:30,Long,20.32,4631.601,94114.13232,-694.74,-0.74,46.32,0.05,-1111.58,-1.18,36755.68,36.76
821,Exit short,22/05/2023 10:30,Short Exit,19.82,4775.468,96321.18956,1671.41,1.74,4250.17,4.41,-95.51,-0.1,38427.09,38.43
821,Entry short,21/05/2023 12:30,Short,20.17,4775.468,96321.18956,1671.41,1.74,4250.17,4.41,-95.51,-0.1,38427.09,38.43
822,Exit long,24/05/2023 03:00,Long Exit,19.83,2224.606,44692.33454,-578.4,-1.29,155.72,0.35,-778.61,-1.74,37848.7,37.85
822,Entry long,23/05/2023 04:30,Long,20.09,2224.606,44692.33454,-578.4,-1.29,155.72,0.35,-778.61,-1.74,37848.7,37.85
823,Exit short,25/05/2023 05:00,Short Exit,19.38,2439.534,47497.72698,219.56,0.46,1976.02,4.16,-219.56,-0.46,38068.25,38.07
823,Entry short,24/05/2023 07:30,Short,19.47,2439.534,47497.72698,219.56,0.46,1976.02,4.16,-219.56,-0.46,38068.25,38.07
824,Exit long,25/05/2023 17:00,Long Exit,19.24,2531.733,49343.47617,-632.93,-1.28,25.32,0.05,-784.84,-1.59,37435.32,37.44
824,Entry long,25/05/2023 13:30,Long,19.49,2531.733,49343.47617,-632.93,-1.28,25.32,0.05,-784.84,-1.59,37435.32,37.44
825,Exit short,26/05/2023 14:00,Short Exit,19.28,3409.371,65255.36094,-477.31,-0.73,68.19,0.1,-818.25,-1.25,36958.01,36.96
825,Entry short,26/05/2023 07:30,Short,19.14,3409.371,65255.36094,-477.31,-0.73,68.19,0.1,-818.25,-1.25,36958.01,36.96
826,Exit long,29/05/2023 17:00,Long Exit,20.47,4393.938,86165.12418,3778.79,4.39,6942.42,8.06,-790.91,-0.92,40736.79,40.74
826,Entry long,27/05/2023 08:00,Long,19.61,4393.938,86165.12418,3778.79,4.39,6942.42,8.06,-790.91,-0.92,40736.79,40.74
827,Exit short,30/05/2023 03:00,Short Exit,20.87,2638.666,54013.49302,-1055.47,-1.95,554.12,1.03,-1266.56,-2.34,39681.33,39.68
827,Entry short,29/05/2023 17:00,Short,20.47,2638.666,54013.49302,-1055.47,-1.95,554.12,1.03,-1266.56,-2.34,39681.33,39.68
828,Exit long,31/05/2023 06:00,Stop Hit,20.74,2276.875,47746.06875,-523.68,-1.1,979.06,2.05,-705.83,-1.48,39157.65,39.16
828,Entry long,30/05/2023 04:00,Long,20.97,2276.875,47746.06875,-523.68,-1.1,979.06,2.05,-705.83,-1.48,39157.65,39.16
829,Exit short,31/05/2023 23:30,Short Exit,20.74,1776.439,37003.22437,159.88,0.43,817.16,2.21,-35.53,-0.1,39317.53,39.32
829,Entry short,31/05/2023 06:30,Short,20.83,1776.439,37003.22437,159.88,0.43,817.16,2.21,-35.53,-0.1,39317.53,39.32
830,Exit short,02/06/2023 06:00,Stop Hit,20.94,2564.366,52415.64104,-1282.18,-2.45,359.01,0.68,-1384.76,-2.64,38035.34,38.04
830,Entry short,02/06/2023 01:30,Short,20.44,2564.366,52415.64104,-1282.18,-2.45,359.01,0.68,-1384.76,-2.64,38035.34,38.04
831,Exit long,03/06/2023 07:00,Long Exit,21.06,2395.424,50160.17856,287.45,0.57,1030.03,2.05,-23.95,-0.05,38322.79,38.32
831,Entry long,02/06/2023 06:00,Long,20.94,2395.424,50160.17856,287.45,0.57,1030.03,2.05,-23.95,-0.05,38322.79,38.32
832,Exit short,04/06/2023 06:00,Long,21.31,3276.44,69034.5908,-786.35,-1.14,393.17,0.57,-982.93,-1.42,37536.45,37.54
832,Entry short,03/06/2023 21:30,Short,21.07,3276.44,69034.5908,-786.35,-1.14,393.17,0.57,-982.93,-1.42,37536.45,37.54
833,Exit long,05/06/2023 04:00,Long Exit,21.58,3413.118,72733.54458,921.54,1.27,3378.99,4.65,-170.66,-0.23,38457.99,38.46
833,Entry long,04/06/2023 06:00,Long,21.31,3413.118,72733.54458,921.54,1.27,3378.99,4.65,-170.66,-0.23,38457.99,38.46
834,Exit short,06/06/2023 17:30,Short Exit,20.11,2400.124,51506.66104,3240.17,6.29,5832.3,11.32,-216.01,-0.42,41698.16,41.7
834,Entry short,05/06/2023 14:30,Short,21.46,2400.124,51506.66104,3240.17,6.29,5832.3,11.32,-216.01,-0.42,41698.16,41.7
835,Exit long,07/06/2023 08:30,Long Exit,20.03,1471.277,30278.88066,-809.2,-2.67,176.55,0.58,-912.19,-3.01,40888.96,40.89
835,Entry long,06/06/2023 21:00,Long,20.58,1471.277,30278.88066,-809.2,-2.67,176.55,0.58,-912.19,-3.01,40888.96,40.89
836,Exit short,08/06/2023 14:00,Short Exit,18.85,1643.531,31983.11326,1002.55,3.13,2021.54,6.32,-131.48,-0.41,41891.51,41.89
836,Entry short,07/06/2023 16:30,Short,19.46,1643.531,31983.11326,1002.55,3.13,2021.54,6.32,-131.48,-0.41,41891.51,41.89
837,Exit long,09/06/2023 17:00,Stop Hit,18.71,2181.996,41676.1236,-850.98,-2.04,589.14,1.41,-1331.02,-3.19,41040.53,41.04
837,Entry long,09/06/2023 12:00,Long,19.1,2181.996,41676.1236,-850.98,-2.04,589.14,1.41,-1331.02,-3.19,41040.53,41.04
838,Exit short,10/06/2023 18:30,Short Exit,15.31,1808.925,33483.20175,5788.56,17.29,10328.96,30.85,-18.09,-0.05,46829.09,46.83
838,Entry short,09/06/2023 18:00,Short,18.51,1808.925,33483.20175,5788.56,17.29,10328.96,30.85,-18.09,-0.05,46829.09,46.83
839,Exit long,12/06/2023 03:30,Long Exit,15.1,1287.387,20405.08395,-965.54,-4.73,424.84,2.08,-1171.52,-5.74,45863.55,45.86
839,Entry long,11/06/2023 20:30,Long,15.85,1287.387,20405.08395,-965.54,-4.73,424.84,2.08,-1171.52,-5.74,45863.55,45.86
840,Exit short,13/06/2023 04:00,Short Exit,15.43,1269.832,19174.4632,-419.04,-2.19,457.14,2.38,-749.2,-3.91,45444.51,45.44
840,Entry short,12/06/2023 03:30,Short,15.1,1269.832,19174.4632,-419.04,-2.19,457.14,2.38,-749.2,-3.91,45444.51,45.44
841,Exit long,13/06/2023 15:30,Long Exit,15.14,1686.869,26534.44937,-995.25,-3.75,455.45,1.72,-1113.33,-4.2,44449.25,44.45
841,Entry long,13/06/2023 13:30,Long,15.73,1686.869,26534.44937,-995.25,-3.75,455.45,1.72,-1113.33,-4.2,44449.25,44.45
842,Exit long,14/06/2023 19:30,Long Exit,15.05,2445.526,37514.36884,-709.2,-1.89,24.46,0.07,-1149.4,-3.06,43740.05,43.74
842,Entry long,14/06/2023 19:00,Long,15.34,2445.526,37514.36884,-709.2,-1.89,24.46,0.07,-1149.4,-3.06,43740.05,43.74
843,Exit short,15/06/2023 22:30,Short Exit,14.96,1596.761,23376.58104,-510.96,-2.19,926.12,3.96,-702.57,-3.01,43229.09,43.23
843,Entry short,14/06/2023 21:30,Short,14.64,1596.761,23376.58104,-510.96,-2.19,926.12,3.96,-702.57,-3.01,43229.09,43.23
844,Exit long,18/06/2023 01:30,Long Exit,15.53,1980.237,29604.54315,1148.54,3.88,2316.88,7.83,-297.04,-1,44377.63,44.38
844,Entry long,16/06/2023 16:30,Long,14.95,1980.237,29604.54315,1148.54,3.88,2316.88,7.83,-297.04,-1,44377.63,44.38
845,Exit long,18/06/2023 21:30,Short,15.53,2658.268,41282.90204,0,0,0,0,0,0,44377.63,44.38
845,Entry long,18/06/2023 21:30,Long,15.53,2658.268,41282.90204,0,0,0,0,0,0,44377.63,44.38
846,Exit short,19/06/2023 13:30,Short Exit,15.65,2658.268,41282.90204,-318.99,-0.77,664.57,1.61,-372.16,-0.9,44058.63,44.06
846,Entry short,18/06/2023 21:30,Short,15.53,2658.268,41282.90204,-318.99,-0.77,664.57,1.61,-372.16,-0.9,44058.63,44.06
847,Exit long,20/06/2023 12:30,Long Exit,15.84,2803.838,44384.75554,28.04,0.06,1317.8,2.97,-757.04,-1.71,44086.67,44.09
847,Entry long,19/06/2023 19:30,Long,15.83,2803.838,44384.75554,28.04,0.06,1317.8,2.97,-757.04,-1.71,44086.67,44.09
848,Exit long,21/06/2023 14:00,Long Exit,16.61,2080.327,33950.93664,603.29,1.78,1851.49,5.45,-187.23,-0.55,44689.97,44.69
848,Entry long,20/06/2023 19:00,Long,16.32,2080.327,33950.93664,603.29,1.78,1851.49,5.45,-187.23,-0.55,44689.97,44.69
849,Exit long,22/06/2023 12:30,Stop Hit,17.03,1689.301,29089.76322,-320.97,-1.1,895.33,3.08,-1013.58,-3.48,44369,44.37
849,Entry long,21/06/2023 17:30,Long,17.22,1689.301,29089.76322,-320.97,-1.1,895.33,3.08,-1013.58,-3.48,44369,44.37
850,Exit short,23/06/2023 17:00,Stop Hit,16.98,1819.653,30224.43633,-673.27,-2.23,818.84,2.71,-800.65,-2.65,43695.73,43.7
850,Entry short,23/06/2023 00:00,Short,16.61,1819.653,30224.43633,-673.27,-2.23,818.84,2.71,-800.65,-2.65,43695.73,43.7
851,Exit long,24/06/2023 16:30,Long Exit,16.94,1655.837,28182.34574,-132.47,-0.47,844.48,3,-264.93,-0.94,43563.26,43.56
851,Entry long,23/06/2023 17:30,Long,17.02,1655.837,28182.34574,-132.47,-0.47,844.48,3,-264.93,-0.94,43563.26,43.56
852,Exit short,25/06/2023 05:00,Short Exit,16.98,1891.279,31243.92908,-869.99,-2.78,56.74,0.18,-888.9,-2.85,42693.27,42.69
852,Entry short,24/06/2023 22:30,Short,16.52,1891.279,31243.92908,-869.99,-2.78,56.74,0.18,-888.9,-2.85,42693.27,42.69
853,Exit short,27/06/2023 06:00,Short Exit,16.53,1795.805,29361.41175,-323.24,-1.1,826.07,2.81,-377.12,-1.28,42370.03,42.37
853,Entry short,26/06/2023 18:00,Short,16.35,1795.805,29361.41175,-323.24,-1.1,826.07,2.81,-377.12,-1.28,42370.03,42.37
854,Exit long,28/06/2023 01:30,Long Exit,16.42,2109.674,35653.4906,-1012.64,-2.84,42.19,0.12,-1455.67,-4.08,41357.38,41.36
854,Entry long,27/06/2023 23:00,Long,16.9,2109.674,35653.4906,-1012.64,-2.84,42.19,0.12,-1455.67,-4.08,41357.38,41.36
855,Exit short,28/06/2023 16:00,Short Exit,16.33,1904.888,30744.89232,-361.93,-1.18,666.71,2.17,-723.86,-2.35,40995.45,41
855,Entry short,28/06/2023 07:30,Short,16.14,1904.888,30744.89232,-361.93,-1.18,666.71,2.17,-723.86,-2.35,40995.45,41
856,Exit short,29/06/2023 08:00,Short Exit,16.23,1771.118,28160.7762,-584.47,-2.08,230.25,0.82,-619.89,-2.2,40410.98,40.41
856,Entry short,28/06/2023 21:00,Short,15.9,1771.118,28160.7762,-584.47,-2.08,230.25,0.82,-619.89,-2.2,40410.98,40.41
857,Exit long,30/06/2023 15:00,Stop Hit,18.06,1820.512,30930.49888,1947.95,6.3,4678.72,15.13,-200.26,-0.65,42358.93,42.36
857,Entry long,29/06/2023 10:30,Long,16.99,1820.512,30930.49888,1947.95,6.3,4678.72,15.13,-200.26,-0.65,42358.93,42.36
858,Exit short,30/06/2023 18:00,Stop Hit,18.93,750.283,13550.11098,-652.75,-4.82,172.57,1.27,-705.27,-5.2,41706.19,41.71
858,Entry short,30/06/2023 15:00,Short,18.06,750.283,13550.11098,-652.75,-4.82,172.57,1.27,-705.27,-5.2,41706.19,41.71
859,Exit long,01/07/2023 05:30,Long Exit,18.02,658.856,12959.69752,-1087.11,-8.39,92.24,0.71,-1126.64,-8.69,40619.07,40.62
859,Entry long,30/06/2023 18:30,Long,19.67,658.856,12959.69752,-1087.11,-8.39,92.24,0.71,-1126.64,-8.69,40619.07,40.62
860,Exit long,03/07/2023 14:30,Long Exit,19.2,1462.202,27811.08204,263.2,0.95,1052.79,3.79,-365.55,-1.31,40882.27,40.88
860,Entry long,02/07/2023 05:30,Long,19.02,1462.202,27811.08204,263.2,0.95,1052.79,3.79,-365.55,-1.31,40882.27,40.88
861,Exit short,04/07/2023 02:30,Short Exit,19.48,1700.687,32279.03926,-850.34,-2.63,51.02,0.16,-884.36,-2.74,40031.93,40.03
861,Entry short,03/07/2023 22:30,Short,18.98,1700.687,32279.03926,-850.34,-2.63,51.02,0.16,-884.36,-2.74,40031.93,40.03
862,Exit long,05/07/2023 01:00,Stop Hit,19.14,2229.745,43480.0275,-802.71,-1.85,981.09,2.26,-914.2,-2.1,39229.22,39.23
862,Entry long,04/07/2023 15:30,Long,19.5,2229.745,43480.0275,-802.71,-1.85,981.09,2.26,-914.2,-2.1,39229.22,39.23
863,Exit short,05/07/2023 12:00,Short Exit,18.63,2263.252,43205.48068,1041.1,2.41,1742.7,4.03,-995.83,-2.3,40270.32,40.27
863,Entry short,05/07/2023 11:30,Short,19.09,2263.252,43205.48068,1041.1,2.41,1742.7,4.03,-995.83,-2.3,40270.32,40.27
864,Exit long,06/07/2023 15:30,Stop Hit,18.85,1583.443,30987.97951,-1140.08,-3.68,1250.92,4.04,-1187.58,-3.83,39130.24,39.13
864,Entry long,06/07/2023 01:30,Long,19.57,1583.443,30987.97951,-1140.08,-3.68,1250.92,4.04,-1187.58,-3.83,39130.24,39.13
865,Exit long,07/07/2023 09:00,Long Exit,19.45,834.159,17317.14084,-1092.75,-6.31,200.2,1.16,-1251.24,-7.23,38037.49,38.04
865,Entry long,06/07/2023 20:00,Long,20.76,834.159,17317.14084,-1092.75,-6.31,200.2,1.16,-1251.24,-7.23,38037.49,38.04
866,Exit long,09/07/2023 09:00,Long Exit,21.57,809.862,17104.28544,364.44,2.13,1117.61,6.53,-251.06,-1.47,38401.93,38.4
866,Entry long,07/07/2023 15:30,Long,21.12,809.862,17104.28544,364.44,2.13,1117.61,6.53,-251.06,-1.47,38401.93,38.4
867,Exit short,10/07/2023 20:00,Short Exit,21.37,1397.513,29962.67872,97.83,0.33,1355.59,4.52,-55.9,-0.19,38499.75,38.5
867,Entry short,09/07/2023 16:30,Short,21.44,1397.513,29962.67872,97.83,0.33,1355.59,4.52,-55.9,-0.19,38499.75,38.5
868,Exit long,11/07/2023 22:30,Long Exit,21.82,1375.027,29453.07834,550.01,1.87,1306.28,4.44,-467.51,-1.59,39049.76,39.05
868,Entry long,10/07/2023 20:30,Long,21.42,1375.027,29453.07834,550.01,1.87,1306.28,4.44,-467.51,-1.59,39049.76,39.05
869,Exit long,12/07/2023 20:30,Long Exit,22.03,1759.794,39331.3959,-563.13,-1.43,703.92,1.79,-739.11,-1.88,38486.63,38.49
869,Entry long,12/07/2023 14:00,Long,22.35,1759.794,39331.3959,-563.13,-1.43,703.92,1.79,-739.11,-1.88,38486.63,38.49
870,Exit short,13/07/2023 11:00,Short Exit,22.05,1561.215,33784.6926,-640.1,-1.89,343.47,1.02,-765,-2.26,37846.53,37.85
870,Entry short,13/07/2023 02:30,Short,21.64,1561.215,33784.6926,-640.1,-1.89,343.47,1.02,-765,-2.26,37846.53,37.85
871,Exit long,14/07/2023 14:00,Long Exit,27.52,843.131,20285.73186,2917.23,14.38,6804.07,33.54,0,0,40763.77,40.76
871,Entry long,13/07/2023 17:00,Long,24.06,843.131,20285.73186,2917.23,14.38,6804.07,33.54,0,0,40763.77,40.76
872,Exit short,19/07/2023 02:00,Short Exit,26.15,809.511,21856.797,688.08,3.15,1813.3,8.3,-356.18,-1.63,41451.85,41.45
872,Entry short,17/07/2023 11:30,Short,27,809.511,21856.797,688.08,3.15,1813.3,8.3,-356.18,-1.63,41451.85,41.45
873,Exit long,20/07/2023 16:00,Stop Hit,26.08,964.957,25455.56566,-289.49,-1.14,964.96,3.79,-530.73,-2.08,41162.36,41.16
873,Entry long,19/07/2023 15:00,Long,26.38,964.957,25455.56566,-289.49,-1.14,964.96,3.79,-530.73,-2.08,41162.36,41.16
874,Exit short,21/07/2023 19:30,Short Exit,25.87,964.962,24789.87378,-173.69,-0.7,636.87,2.57,-250.89,-1.01,40988.67,40.99
874,Entry short,20/07/2023 17:00,Short,25.69,964.962,24789.87378,-173.69,-0.7,636.87,2.57,-250.89,-1.01,40988.67,40.99
875,Exit short,23/07/2023 18:00,Short Exit,24.99,1843.605,46624.77045,553.08,1.19,2378.25,5.1,-147.49,-0.32,41541.75,41.54
875,Entry short,22/07/2023 22:00,Short,25.29,1843.605,46624.77045,553.08,1.19,2378.25,5.1,-147.49,-0.32,41541.75,41.54
876,Exit short,25/07/2023 15:30,Short Exit,23.42,1680.798,40792.96746,1428.68,3.5,2588.43,6.35,-705.94,-1.73,42970.43,42.97
876,Entry short,24/07/2023 05:30,Short,24.27,1680.798,40792.96746,1428.68,3.5,2588.43,6.35,-705.94,-1.73,42970.43,42.97
877,Exit long,27/07/2023 20:00,Long Exit,24.93,1621.265,38326.7046,2091.43,5.46,3307.38,8.63,-437.74,-1.14,45061.86,45.06
877,Entry long,26/07/2023 04:30,Long,23.64,1621.265,38326.7046,2091.43,5.46,3307.38,8.63,-437.74,-1.14,45061.86,45.06
878,Exit short,28/07/2023 16:00,Short Exit,25.14,1495.495,36908.8166,-687.93,-1.86,209.37,0.57,-702.88,-1.9,44373.93,44.37
878,Entry short,28/07/2023 07:00,Short,24.68,1495.495,36908.8166,-687.93,-1.86,209.37,0.57,-702.88,-1.9,44373.93,44.37
879,Exit short,01/08/2023 20:00,Short Exit,23.69,2790.814,69491.2686,3376.89,4.86,5749.08,8.27,-558.16,-0.8,47750.82,47.75
879,Entry short,30/07/2023 08:30,Short,24.9,2790.814,69491.2686,3376.89,4.86,5749.08,8.27,-558.16,-0.8,47750.82,47.75
880,Exit long,02/08/2023 09:30,Long Exit,23.56,1736.641,41783.58246,-868.32,-2.08,399.43,0.96,-1111.45,-2.66,46882.5,46.88
880,Entry long,02/08/2023 01:00,Long,24.06,1736.641,41783.58246,-868.32,-2.08,399.43,0.96,-1111.45,-2.66,46882.5,46.88
881,Exit short,03/08/2023 03:30,Short Exit,23.23,1748.691,40219.893,-402.2,-1,104.92,0.26,-664.5,-1.65,46480.3,46.48
881,Entry short,02/08/2023 18:00,Short,23,1748.691,40219.893,-402.2,-1,104.92,0.26,-664.5,-1.65,46480.3,46.48
882,Exit short,04/08/2023 14:00,Long,23.14,1895.526,43009.48494,-852.99,-1.98,454.93,1.06,-985.67,-2.29,45627.31,45.63
882,Entry short,03/08/2023 08:30,Short,22.69,1895.526,43009.48494,-852.99,-1.98,454.93,1.06,-985.67,-2.29,45627.31,45.63
883,Exit long,04/08/2023 20:00,Long Exit,22.95,1996.464,46198.17696,-379.33,-0.82,858.48,1.86,-758.66,-1.64,45247.98,45.25
883,Entry long,04/08/2023 14:00,Long,23.14,1996.464,46198.17696,-379.33,-0.82,858.48,1.86,-758.66,-1.64,45247.98,45.25
884,Exit short,06/08/2023 03:30,Short Exit,22.86,2105.008,47194.27936,-926.2,-1.96,42.1,0.09,-1010.4,-2.14,44321.78,44.32
884,Entry short,05/08/2023 18:00,Short,22.42,2105.008,47194.27936,-926.2,-1.96,42.1,0.09,-1010.4,-2.14,44321.78,44.32
885,Exit long,07/08/2023 08:00,Long Exit,23.02,2467.316,56526.20956,271.4,0.48,1875.16,3.32,-148.04,-0.26,44593.18,44.59
885,Entry long,06/08/2023 05:30,Long,22.91,2467.316,56526.20956,271.4,0.48,1875.16,3.32,-148.04,-0.26,44593.18,44.59
886,Exit short,08/08/2023 01:30,Short Exit,23.15,2177.118,49703.60394,-696.68,-1.4,1219.19,2.45,-849.08,-1.71,43896.51,43.9
886,Entry short,07/08/2023 15:00,Short,22.83,2177.118,49703.60394,-696.68,-1.4,1219.19,2.45,-849.08,-1.71,43896.51,43.9
887,Exit long,09/08/2023 21:00,Long Exit,24.3,2508.484,58548.01656,2408.14,4.11,4139,7.07,-426.44,-0.73,46304.65,46.3
887,Entry long,08/08/2023 13:30,Long,23.34,2508.484,58548.01656,2408.14,4.11,4139,7.07,-426.44,-0.73,46304.65,46.3
888,Exit long,11/08/2023 09:00,Long Exit,24.49,2213.516,54784.521,-575.51,-1.05,398.43,0.73,-619.78,-1.13,45729.14,45.73
888,Entry long,11/08/2023 04:00,Long,24.75,2213.516,54784.521,-575.51,-1.05,398.43,0.73,-619.78,-1.13,45729.14,45.73
889,Exit short,12/08/2023 16:00,Short Exit,24.64,2153.168,52558.83088,-495.23,-0.94,64.6,0.12,-753.61,-1.43,45233.91,45.23
889,Entry short,11/08/2023 20:30,Short,24.41,2153.168,52558.83088,-495.23,-0.94,64.6,0.12,-753.61,-1.43,45233.91,45.23
890,Exit long,13/08/2023 13:30,Long Exit,24.68,3322.351,82261.41076,-265.79,-0.32,1594.73,1.94,-564.8,-0.69,44968.12,44.97
890,Entry long,12/08/2023 20:30,Long,24.76,3322.351,82261.41076,-265.79,-0.32,1594.73,1.94,-564.8,-0.69,44968.12,44.97
891,Exit short,14/08/2023 10:00,Short Exit,24.51,2913.727,71619.40966,203.96,0.28,1515.14,2.12,-320.51,-0.45,45172.08,45.17
891,Entry short,13/08/2023 17:00,Short,24.58,2913.727,71619.40966,203.96,0.28,1515.14,2.12,-320.51,-0.45,45172.08,45.17
892,Exit long,15/08/2023 08:30,Long Exit,24.77,2571.954,63681.58104,25.72,0.04,1697.49,2.67,-591.55,-0.93,45197.8,45.2
892,Entry long,14/08/2023 16:30,Long,24.76,2571.954,63681.58104,25.72,0.04,1697.49,2.67,-591.55,-0.93,45197.8,45.2
893,Exit short,16/08/2023 19:30,Short Exit,23.57,1650.079,39568.89442,676.53,1.71,1831.59,4.63,-297.01,-0.75,45874.33,45.87
893,Entry short,15/08/2023 20:30,Short,23.98,1650.079,39568.89442,676.53,1.71,1831.59,4.63,-297.01,-0.75,45874.33,45.87
894,Exit short,19/08/2023 08:00,Short Exit,21.61,1348.456,30596.46664,1456.33,4.76,3627.35,11.86,-997.86,-3.26,47330.66,47.33
894,Entry short,16/08/2023 21:30,Short,22.69,1348.456,30596.46664,1456.33,4.76,3627.35,11.86,-997.86,-3.26,47330.66,47.33
895,Exit long,20/08/2023 06:00,Long Exit,21.76,1984.261,43951.38115,-773.86,-1.76,0,0,-912.76,-2.08,46556.81,46.56
895,Entry long,19/08/2023 18:00,Long,22.15,1984.261,43951.38115,-773.86,-1.76,0,0,-912.76,-2.08,46556.81,46.56
896,Exit short,21/08/2023 23:00,Short Exit,21.35,2571.971,55554.5736,642.99,1.16,3343.56,6.02,-257.2,-0.46,47199.8,47.2
896,Entry short,21/08/2023 02:00,Short,21.6,2571.971,55554.5736,642.99,1.16,3343.56,6.02,-257.2,-0.46,47199.8,47.2
897,Exit short,23/08/2023 08:00,Short Exit,20.77,1774.118,35766.21888,-1082.21,-3.03,1437.04,4.02,-1312.85,-3.67,46117.58,46.12
897,Entry short,22/08/2023 19:00,Short,20.16,1774.118,35766.21888,-1082.21,-3.03,1437.04,4.02,-1312.85,-3.67,46117.58,46.12
898,Exit long,24/08/2023 14:00,Long Exit,21.6,1638.127,34744.67367,638.87,1.84,1326.88,3.82,-114.67,-0.33,46756.45,46.76
898,Entry long,23/08/2023 17:30,Long,21.21,1638.127,34744.67367,638.87,1.84,1326.88,3.82,-114.67,-0.33,46756.45,46.76
899,Exit short,26/08/2023 08:30,Short Exit,20.39,1699.375,35347,696.74,1.97,1206.56,3.41,-492.82,-1.39,47453.2,47.45
899,Entry short,24/08/2023 22:00,Short,20.8,1699.375,35347,696.74,1.97,1206.56,3.41,-492.82,-1.39,47453.2,47.45
900,Exit long,28/08/2023 02:00,Long Exit,20.57,4106.437,84305.15161,164.26,0.19,1601.51,1.9,-287.45,-0.34,47617.45,47.62
900,Entry long,27/08/2023 10:00,Long,20.53,4106.437,84305.15161,164.26,0.19,1601.51,1.9,-287.45,-0.34,47617.45,47.62
901,Exit short,28/08/2023 13:30,Stop Hit,20.72,2786.208,56727.19488,-1003.03,-1.77,919.45,1.62,-1225.93,-2.16,46614.42,46.61
901,Entry short,28/08/2023 07:00,Short,20.36,2786.208,56727.19488,-1003.03,-1.77,919.45,1.62,-1225.93,-2.16,46614.42,46.61
902,Exit long,30/08/2023 12:30,Long Exit,21.44,1896.833,40269.76459,398.33,0.99,1555.4,3.86,-189.68,-0.47,47012.75,47.01
902,Entry long,29/08/2023 15:30,Long,21.23,1896.833,40269.76459,398.33,0.99,1555.4,3.86,-189.68,-0.47,47012.75,47.01
903,Exit short,02/09/2023 05:00,Short Exit,19.58,2465.153,50757.50027,2489.8,4.91,3870.29,7.63,-271.17,-0.53,49502.56,49.5
903,Entry short,31/08/2023 15:30,Short,20.59,2465.153,50757.50027,2489.8,4.91,3870.29,7.63,-271.17,-0.53,49502.56,49.5
904,Exit long,04/09/2023 13:30,Long Exit,19.56,2942.135,58018.9022,-470.74,-0.81,970.9,1.67,-647.27,-1.12,49031.82,49.03
904,Entry long,04/09/2023 02:00,Long,19.72,2942.135,58018.9022,-470.74,-0.81,970.9,1.67,-647.27,-1.12,49031.82,49.03
905,Exit short,05/09/2023 11:30,Short Exit,19.62,2337.811,44979.48364,-888.37,-1.98,490.94,1.09,-911.75,-2.03,48143.45,48.14
905,Entry short,04/09/2023 23:00,Short,19.24,2337.811,44979.48364,-888.37,-1.98,490.94,1.09,-911.75,-2.03,48143.45,48.14
906,Exit long,06/09/2023 06:00,Long Exit,20.04,2059.684,41090.6958,185.37,0.45,1338.79,3.26,-411.94,-1,48328.82,48.33
906,Entry long,05/09/2023 15:00,Long,19.95,2059.684,41090.6958,185.37,0.45,1338.79,3.26,-411.94,-1,48328.82,48.33
907,Exit short,07/09/2023 18:00,Short Exit,19.63,2053.947,39969.80862,-349.17,-0.87,657.26,1.64,-842.12,-2.11,47979.65,47.98
907,Entry short,06/09/2023 15:30,Short,19.46,2053.947,39969.80862,-349.17,-0.87,657.26,1.64,-842.12,-2.11,47979.65,47.98
908,Exit long,08/09/2023 10:30,Long Exit,19.71,2511.916,49761.05596,-251.19,-0.5,1180.6,2.37,-276.31,-0.56,47728.46,47.73
908,Entry long,07/09/2023 22:30,Long,19.81,2511.916,49761.05596,-251.19,-0.5,1180.6,2.37,-276.31,-0.56,47728.46,47.73
909,Exit short,10/09/2023 21:30,Short Exit,18.39,4245.915,81988.61865,3906.24,4.76,6496.25,7.92,-297.21,-0.36,51634.7,51.63
909,Entry short,10/09/2023 01:30,Short,19.31,4245.915,81988.61865,3906.24,4.76,6496.25,7.92,-297.21,-0.36,51634.7,51.63
910,Exit short,12/09/2023 04:30,Stop Hit,18.35,1772.455,31549.699,-974.85,-3.09,833.05,2.64,-1293.89,-4.1,50659.85,50.66
910,Entry short,11/09/2023 10:30,Short,17.8,1772.455,31549.699,-974.85,-3.09,833.05,2.64,-1293.89,-4.1,50659.85,50.66
911,Exit long,12/09/2023 18:30,Long Exit,17.88,1462.188,26831.1498,-687.23,-2.56,657.98,2.45,-935.8,-3.49,49972.62,49.97
911,Entry long,12/09/2023 04:30,Long,18.35,1462.188,26831.1498,-687.23,-2.56,657.98,2.45,-935.8,-3.49,49972.62,49.97
912,Exit long,15/09/2023 02:30,Long Exit,18.88,1545.982,28801.64466,386.5,1.34,1082.19,3.76,-139.14,-0.48,50359.12,50.36
912,Entry long,14/09/2023 01:30,Long,18.63,1545.982,28801.64466,386.5,1.34,1082.19,3.76,-139.14,-0.48,50359.12,50.36
913,Exit long,15/09/2023 15:30,Long Exit,18.89,2093.314,40275.36136,-732.66,-1.82,62.8,0.16,-837.33,-2.08,49626.46,49.63
913,Entry long,15/09/2023 06:30,Long,19.24,2093.314,40275.36136,-732.66,-1.82,62.8,0.16,-837.33,-2.08,49626.46,49.63
914,Exit short,16/09/2023 00:00,Short Exit,19.16,2439.351,45493.89615,-1244.07,-2.73,243.94,0.54,-1390.43,-3.06,48382.39,48.38
914,Entry short,15/09/2023 19:00,Short,18.65,2439.351,45493.89615,-1244.07,-2.73,243.94,0.54,-1390.43,-3.06,48382.39,48.38
915,Exit long,16/09/2023 14:30,Long Exit,18.96,2163.999,41527.14081,-497.72,-1.2,584.28,1.41,-605.92,-1.46,47884.67,47.88
915,Entry long,16/09/2023 00:30,Long,19.19,2163.999,41527.14081,-497.72,-1.2,584.28,1.41,-605.92,-1.46,47884.67,47.88
916,Exit short,18/09/2023 03:30,Short Exit,19.04,3327.641,62260.16311,-1098.12,-1.76,432.59,0.69,-1197.95,-1.92,46786.55,46.79
916,Entry short,17/09/2023 22:00,Short,18.71,3327.641,62260.16311,-1098.12,-1.76,432.59,0.69,-1197.95,-1.92,46786.55,46.79
917,Exit long,20/09/2023 07:30,Long Exit,19.92,2490.228,47563.3548,2041.99,4.29,3287.1,6.91,-273.93,-0.58,48828.54,48.83
917,Entry long,18/09/2023 04:00,Long,19.1,2490.228,47563.3548,2041.99,4.29,3287.1,6.91,-273.93,-0.58,48828.54,48.83
918,Exit long,21/09/2023 07:30,Long Exit,19.77,2125.54,43063.4404,-1041.51,-2.42,595.15,1.38,-1062.77,-2.47,47787.02,47.79
918,Entry long,20/09/2023 16:00,Long,20.26,2125.54,43063.4404,-1041.51,-2.42,595.15,1.38,-1062.77,-2.47,47787.02,47.79
919,Exit short,22/09/2023 05:30,Short Exit,19.69,2165.19,42805.8063,173.22,0.4,1169.2,2.73,-411.39,-0.96,47960.23,47.96
919,Entry short,21/09/2023 07:30,Short,19.77,2165.19,42805.8063,173.22,0.4,1169.2,2.73,-411.39,-0.96,47960.23,47.96
920,Exit short,24/09/2023 01:30,Short Exit,19.56,2706.51,52235.643,-703.69,-1.35,27.07,0.05,-730.76,-1.4,47256.54,47.26
920,Entry short,22/09/2023 22:30,Short,19.3,2706.51,52235.643,-703.69,-1.35,27.07,0.05,-730.76,-1.4,47256.54,47.26
921,Exit long,24/09/2023 15:30,Long Exit,19.52,4051.707,79008.2865,81.03,0.1,729.31,0.92,-162.07,-0.21,47337.57,47.34
921,Entry long,24/09/2023 02:00,Long,19.5,4051.707,79008.2865,81.03,0.1,729.31,0.92,-162.07,-0.21,47337.57,47.34
922,Exit short,25/09/2023 13:30,Short Exit,19.56,3000.127,57962.45364,-720.03,-1.24,750.03,1.29,-870.04,-1.5,46617.55,46.62
922,Entry short,25/09/2023 00:30,Short,19.32,3000.127,57962.45364,-720.03,-1.24,750.03,1.29,-870.04,-1.5,46617.55,46.62
923,Exit long,25/09/2023 23:30,Long Exit,19.39,2878.729,56192.79008,-374.23,-0.67,633.32,1.13,-403.02,-0.72,46243.31,46.24
923,Entry long,25/09/2023 15:30,Long,19.52,2878.729,56192.79008,-374.23,-0.67,633.32,1.13,-403.02,-0.72,46243.31,46.24
924,Exit short,27/09/2023 11:00,Short Exit,19.18,3714.676,71730.39356,482.91,0.67,1745.9,2.43,-445.76,-0.62,46726.22,46.73
924,Entry short,26/09/2023 10:30,Short,19.31,3714.676,71730.39356,482.91,0.67,1745.9,2.43,-445.76,-0.62,46726.22,46.73
925,Exit long,27/09/2023 16:00,Stop Hit,18.86,3042.977,59003.32403,-1612.78,-2.73,213.01,0.36,-1917.08,-3.25,45113.44,45.11
925,Entry long,27/09/2023 13:00,Long,19.39,3042.977,59003.32403,-1612.78,-2.73,213.01,0.36,-1917.08,-3.25,45113.44,45.11
926,Exit short,28/09/2023 03:30,Short Exit,19.3,2332.743,43995.53298,-1026.41,-2.33,303.26,0.69,-1352.99,-3.08,44087.04,44.09
926,Entry short,27/09/2023 16:00,Short,18.86,2332.743,43995.53298,-1026.41,-2.33,303.26,0.69,-1352.99,-3.08,44087.04,44.09
927,Exit long,30/09/2023 07:00,Long Exit,20.18,2965.456,57678.1192,2164.78,3.75,2995.11,5.19,-148.27,-0.26,46251.82,46.25
927,Entry long,28/09/2023 16:00,Long,19.45,2965.456,57678.1192,2164.78,3.75,2995.11,5.19,-148.27,-0.26,46251.82,46.25
928,Exit long,01/10/2023 04:00,Long Exit,21.23,3051.252,62642.20356,2135.88,3.41,3905.6,6.23,-30.51,-0.05,48387.69,48.39
928,Entry long,30/09/2023 14:00,Long,20.53,3051.252,62642.20356,2135.88,3.41,3905.6,6.23,-30.51,-0.05,48387.69,48.39
929,Exit long,02/10/2023 15:30,Long Exit,23.69,2208.565,48168.80265,4152.1,8.62,6603.61,13.71,-22.09,-0.05,52539.8,52.54
929,Entry long,01/10/2023 11:00,Long,21.81,2208.565,48168.80265,4152.1,8.62,6603.61,13.71,-22.09,-0.05,52539.8,52.54
930,Exit long,03/10/2023 20:00,Long Exit,23.63,1047.076,25768.54036,-1026.13,-3.98,20.94,0.08,-1068.02,-4.14,51513.66,51.51
930,Entry long,03/10/2023 14:30,Long,24.61,1047.076,25768.54036,-1026.13,-3.98,20.94,0.08,-1068.02,-4.14,51513.66,51.51
931,Exit short,04/10/2023 11:00,Short Exit,23.75,977.465,22726.06125,-488.73,-2.15,459.41,2.02,-547.38,-2.41,51024.93,51.02
931,Entry short,04/10/2023 03:30,Short,23.25,977.465,22726.06125,-488.73,-2.15,459.41,2.02,-547.38,-2.41,51024.93,51.02
932,Exit short,05/10/2023 02:00,Short Exit,23.61,1185.662,26902.67078,-1090.81,-4.05,130.42,0.48,-1268.66,-4.72,49934.12,49.93
932,Entry short,04/10/2023 17:00,Short,22.69,1185.662,26902.67078,-1090.81,-4.05,130.42,0.48,-1268.66,-4.72,49934.12,49.93
933,Exit short,06/10/2023 08:30,Short Exit,23.34,1369.798,31039.62268,-931.46,-3,109.58,0.35,-1082.14,-3.49,49002.66,49
933,Entry short,05/10/2023 19:30,Short,22.66,1369.798,31039.62268,-931.46,-3,109.58,0.35,-1082.14,-3.49,49002.66,49
934,Exit long,07/10/2023 17:00,Long Exit,23.34,1405.73,33048.7123,-238.97,-0.72,984.01,2.98,-309.26,-0.94,48763.68,48.76
934,Entry long,06/10/2023 17:00,Long,23.51,1405.73,33048.7123,-238.97,-0.72,984.01,2.98,-309.26,-0.94,48763.68,48.76
935,Exit short,08/10/2023 04:30,Short Exit,23.58,1878.689,43435.28968,-864.2,-1.99,75.15,0.17,-976.92,-2.25,47899.48,47.9
935,Entry short,07/10/2023 20:30,Short,23.12,1878.689,43435.28968,-864.2,-1.99,75.15,0.17,-976.92,-2.25,47899.48,47.9
936,Exit short,08/10/2023 17:30,Short Exit,23.45,2062.527,48015.62856,-350.63,-0.73,82.5,0.17,-577.51,-1.2,47548.86,47.55
936,Entry short,08/10/2023 14:30,Short,23.28,2062.527,48015.62856,-350.63,-0.73,82.5,0.17,-577.51,-1.2,47548.86,47.55
937,Exit short,10/10/2023 08:00,Short Exit,22.31,2414.119,55355.74867,1496.75,2.7,3234.92,5.84,-193.13,-0.35,49045.61,49.05
937,Entry short,09/10/2023 08:30,Short,22.93,2414.119,55355.74867,1496.75,2.7,3234.92,5.84,-193.13,-0.35,49045.61,49.05
938,Exit long,10/10/2023 16:30,Long Exit,22.03,2082.457,46605.38766,-728.86,-1.56,104.12,0.22,-937.11,-2.01,48316.75,48.32
938,Entry long,10/10/2023 15:30,Long,22.38,2082.457,46605.38766,-728.86,-1.56,104.12,0.22,-937.11,-2.01,48316.75,48.32
939,Exit short,13/10/2023 12:30,Short Exit,21.49,1870.493,40795.45233,598.56,1.47,1646.03,4.03,-448.92,-1.1,48915.31,48.92
939,Entry short,11/10/2023 19:30,Short,21.81,1870.493,40795.45233,598.56,1.47,1646.03,4.03,-448.92,-1.1,48915.31,48.92
940,Exit long,15/10/2023 02:00,Long Exit,21.89,2694.339,58063.00545,916.08,1.58,2047.7,3.53,-538.87,-0.93,49831.38,49.83
940,Entry long,13/10/2023 13:30,Long,21.55,2694.339,58063.00545,916.08,1.58,2047.7,3.53,-538.87,-0.93,49831.38,49.83
941,Exit short,15/10/2023 22:00,Short Exit,22.08,3708.813,81037.56405,-853.03,-1.05,704.67,0.87,-927.2,-1.14,48978.36,48.98
941,Entry short,15/10/2023 12:30,Short,21.85,3708.813,81037.56405,-853.03,-1.05,704.67,0.87,-927.2,-1.14,48978.36,48.98
942,Exit long,16/10/2023 15:30,Stop Hit,23.37,2854.42,63168.3146,3539.48,5.6,7478.58,11.84,-313.99,-0.5,52517.84,52.52
942,Entry long,16/10/2023 03:00,Long,22.13,2854.42,63168.3146,3539.48,5.6,7478.58,11.84,-313.99,-0.5,52517.84,52.52
943,Exit short,19/10/2023 07:30,Short Exit,23.74,1936.465,45719.93865,-251.74,-0.55,968.23,2.12,-406.66,-0.89,52266.1,52.27
943,Entry short,18/10/2023 19:00,Short,23.61,1936.465,45719.93865,-251.74,-0.55,968.23,2.12,-406.66,-0.89,52266.1,52.27
944,Exit long,22/10/2023 08:30,Long Exit,29.17,1986.862,47525.73904,10431.03,21.95,12696.05,26.71,-99.34,-0.21,62697.12,62.7
944,Entry long,19/10/2023 11:30,Long,23.92,1986.862,47525.73904,10431.03,21.95,12696.05,26.71,-99.34,-0.21,62697.12,62.7
945,Exit long,23/10/2023 14:30,Stop Hit,29.15,904.007,27084.04972,-732.25,-2.7,1265.61,4.67,-750.33,-2.77,61964.88,61.96
945,Entry long,23/10/2023 04:00,Long,29.96,904.007,27084.04972,-732.25,-2.7,1265.61,4.67,-750.33,-2.77,61964.88,61.96
946,Exit long,24/10/2023 17:00,Long Exit,30.89,651.62,21119.0042,-990.46,-4.69,260.65,1.23,-1244.59,-5.89,60974.41,60.97
946,Entry long,24/10/2023 00:00,Long,32.41,651.62,21119.0042,-990.46,-4.69,260.65,1.23,-1244.59,-5.89,60974.41,60.97
947,Exit long,26/10/2023 00:30,Long Exit,32.3,572.779,19216.73545,-715.97,-3.73,171.83,0.89,-962.27,-5.01,60258.44,60.26
947,Entry long,25/10/2023 13:30,Long,33.55,572.779,19216.73545,-715.97,-3.73,171.83,0.89,-962.27,-5.01,60258.44,60.26
948,Exit short,26/10/2023 22:00,Short Exit,32.39,739.647,23461.60284,-495.56,-2.11,732.25,3.12,-628.7,-2.68,59762.88,59.76
948,Entry short,26/10/2023 16:00,Short,31.72,739.647,23461.60284,-495.56,-2.11,732.25,3.12,-628.7,-2.68,59762.88,59.76
949,Exit long,27/10/2023 16:00,Long Exit,32.09,762.317,25110.72198,-647.97,-2.58,137.22,0.55,-716.58,-2.85,59114.91,59.11
949,Entry long,27/10/2023 14:00,Long,32.94,762.317,25110.72198,-647.97,-2.58,137.22,0.55,-716.58,-2.85,59114.91,59.11
950,Exit short,29/10/2023 06:00,Short Exit,32.05,1352.4,42722.316,-622.1,-1.46,432.77,1.01,-689.72,-1.61,58492.81,58.49
950,Entry short,29/10/2023 00:30,Short,31.59,1352.4,42722.316,-622.1,-1.46,432.77,1.01,-689.72,-1.61,58492.81,58.49
951,Exit long,30/10/2023 05:30,Long Exit,32.49,1457.808,47189.24496,174.94,0.37,1195.4,2.53,-189.52,-0.4,58667.74,58.67
951,Entry long,29/10/2023 14:00,Long,32.37,1457.808,47189.24496,174.94,0.37,1195.4,2.53,-189.52,-0.4,58667.74,58.67
952,Exit long,02/11/2023 15:30,Long Exit,41.43,1023.075,34631.08875,7754.91,22.39,13351.13,38.55,-10.23,-0.03,66422.65,66.42
952,Entry long,30/10/2023 09:00,Long,33.85,1023.075,34631.08875,7754.91,22.39,13351.13,38.55,-10.23,-0.03,66422.65,66.42
953,Exit short,03/11/2023 13:00,Short Exit,39.7,342.332,13443.37764,-147.2,-1.09,441.61,3.28,-979.07,-7.28,66275.45,66.28
953,Entry short,02/11/2023 17:30,Short,39.27,342.332,13443.37764,-147.2,-1.09,441.61,3.28,-979.07,-7.28,66275.45,66.28
954,Exit long,05/11/2023 09:00,Long Exit,41.2,571.343,23013.69604,525.64,2.28,1468.35,6.38,-114.27,-0.5,66801.08,66.8
954,Entry long,04/11/2023 02:00,Long,40.28,571.343,23013.69604,525.64,2.28,1468.35,6.38,-114.27,-0.5,66801.08,66.8
955,Exit short,06/11/2023 01:30,Short Exit,41.73,764.386,31118.15406,-779.67,-2.51,466.28,1.5,-802.61,-2.58,66021.41,66.02
955,Entry short,05/11/2023 14:00,Short,40.71,764.386,31118.15406,-779.67,-2.51,466.28,1.5,-802.61,-2.58,66021.41,66.02
956,Exit short,06/11/2023 23:00,Short Exit,41.3,720.472,28998.998,-756.5,-2.61,425.08,1.47,-850.16,-2.93,65264.91,65.26
956,Entry short,06/11/2023 05:00,Short,40.25,720.472,28998.998,-756.5,-2.61,425.08,1.47,-850.16,-2.93,65264.91,65.26
957,Exit long,08/11/2023 15:00,Long Exit,42.77,779.677,32660.66953,686.12,2.1,2253.27,6.9,-1411.22,-4.32,65951.03,65.95
957,Entry long,06/11/2023 23:30,Long,41.89,779.677,32660.66953,686.12,2.1,2253.27,6.9,-1411.22,-4.32,65951.03,65.95
958,Exit long,09/11/2023 16:30,Stop Hit,44.81,751.432,33032.95072,638.72,1.93,3697.05,11.19,-1953.72,-5.91,66589.74,66.59
958,Entry long,09/11/2023 03:00,Long,43.96,751.432,33032.95072,638.72,1.93,3697.05,11.19,-1953.72,-5.91,66589.74,66.59
959,Exit short,10/11/2023 03:30,Stop Hit,47.46,336.219,15065.97339,-890.98,-5.91,608.56,4.04,-938.05,-6.23,65698.77,65.7
959,Entry short,09/11/2023 16:30,Short,44.81,336.219,15065.97339,-890.98,-5.91,608.56,4.04,-938.05,-6.23,65698.77,65.7
960,Exit long,12/11/2023 00:00,Stop Hit,56.36,343.785,16872.9678,2502.76,14.83,5112.08,30.3,-192.52,-1.14,68201.52,68.2
960,Entry long,10/11/2023 10:00,Long,49.08,343.785,16872.9678,2502.76,14.83,5112.08,30.3,-192.52,-1.14,68201.52,68.2
961,Exit short,14/11/2023 07:30,Short Exit,55.2,254.773,14267.288,203.82,1.43,1243.29,8.71,-229.3,-1.61,68405.34,68.41
961,Entry short,13/11/2023 15:00,Short,56,254.773,14267.288,203.82,1.43,1243.29,8.71,-229.3,-1.61,68405.34,68.41
962,Exit long,16/11/2023 09:30,Long Exit,64.86,303.853,17817.93992,1889.97,10.61,2904.83,16.3,-276.51,-1.55,70295.3,70.3
962,Entry long,15/11/2023 06:00,Long,58.64,303.853,17817.93992,1889.97,10.61,2904.83,16.3,-276.51,-1.55,70295.3,70.3
963,Exit short,18/11/2023 15:30,Short Exit,58.03,267.177,16460.77497,956.49,5.81,2006.5,12.19,-341.99,-2.08,71251.8,71.25
963,Entry short,16/11/2023 16:00,Short,61.61,267.177,16460.77497,956.49,5.81,2006.5,12.19,-341.99,-2.08,71251.8,71.25
964,Exit long,20/11/2023 05:30,Long Exit,59.57,463.556,27966.33348,-352.3,-1.26,820.49,2.93,-579.45,-2.07,70899.49,70.9
964,Entry long,19/11/2023 07:00,Long,60.33,463.556,27966.33348,-352.3,-1.26,820.49,2.93,-579.45,-2.07,70899.49,70.9
965,Exit short,22/11/2023 13:30,Short Exit,54.59,469.769,27890.18553,2245.5,8.05,3823.92,13.71,-375.82,-1.35,73144.99,73.14
965,Entry short,20/11/2023 14:30,Short,59.37,469.769,27890.18553,2245.5,8.05,3823.92,13.71,-375.82,-1.35,73144.99,73.14
966,Exit long,23/11/2023 15:00,Long Exit,57.43,446.162,25154.61356,468.47,1.86,1450.03,5.76,-182.93,-0.73,73613.46,73.61
966,Entry long,22/11/2023 18:30,Long,56.38,446.162,25154.61356,468.47,1.86,1450.03,5.76,-182.93,-0.73,73613.46,73.61
967,Exit short,25/11/2023 02:00,Stop Hit,58.79,678.832,38347.21968,-1561.31,-4.07,33.94,0.09,-1703.87,-4.44,72052.15,72.05
967,Entry short,25/11/2023 00:30,Short,56.49,678.832,38347.21968,-1561.31,-4.07,33.94,0.09,-1703.87,-4.44,72052.15,72.05
968,Exit long,26/11/2023 02:00,Long Exit,58.08,603.279,35466.77241,-428.33,-1.21,621.38,1.75,-880.79,-2.48,71623.82,71.62
968,Entry long,25/11/2023 02:00,Long,58.79,603.279,35466.77241,-428.33,-1.21,621.38,1.75,-880.79,-2.48,71623.82,71.62
969,Exit short,26/11/2023 21:00,Short Exit,57.92,930.128,53082.40496,-790.61,-1.49,883.62,1.66,-1506.81,-2.84,70833.21,70.83
969,Entry short,26/11/2023 14:30,Short,57.07,930.128,53082.40496,-790.61,-1.49,883.62,1.66,-1506.81,-2.84,70833.21,70.83
970,Exit short,28/11/2023 00:30,Short Exit,55.1,687.684,38386.52088,495.13,1.29,1616.06,4.21,-323.21,-0.84,71328.34,71.33
970,Entry short,27/11/2023 07:30,Short,55.82,687.684,38386.52088,495.13,1.29,1616.06,4.21,-323.21,-0.84,71328.34,71.33
971,Exit long,29/11/2023 21:30,Long Exit,58.9,665.713,37406.41347,1804.08,4.82,3721.34,9.95,-519.26,-1.39,73132.42,73.13
971,Entry long,28/11/2023 12:00,Long,56.19,665.713,37406.41347,1804.08,4.82,3721.34,9.95,-519.26,-1.39,73132.42,73.13
972,Exit long,01/12/2023 14:30,Long Exit,60.35,673.182,41528.59758,-902.06,-2.17,141.37,0.34,-1077.09,-2.59,72230.36,72.23
972,Entry long,01/12/2023 10:00,Long,61.69,673.182,41528.59758,-902.06,-2.17,141.37,0.34,-1077.09,-2.59,72230.36,72.23
973,Exit long,03/12/2023 13:00,Stop Hit,62.61,763.171,47324.23371,457.9,0.97,2686.36,5.68,-534.22,-1.13,72688.27,72.69
973,Entry long,02/12/2023 07:00,Long,62.01,763.171,47324.23371,457.9,0.97,2686.36,5.68,-534.22,-1.13,72688.27,72.69
974,Exit long,04/12/2023 11:30,Stop Hit,61.27,600.642,38933.61444,-2132.28,-5.48,144.15,0.37,-3045.25,-7.82,70555.98,70.56
974,Entry long,04/12/2023 06:00,Long,64.82,600.642,38933.61444,-2132.28,-5.48,144.15,0.37,-3045.25,-7.82,70555.98,70.56
975,Exit short,05/12/2023 01:00,Short Exit,62.02,461.132,28253.55764,-345.85,-1.22,613.31,2.17,-461.13,-1.63,70210.13,70.21
975,Entry short,04/12/2023 11:30,Short,61.27,461.132,28253.55764,-345.85,-1.22,613.31,2.17,-461.13,-1.63,70210.13,70.21
976,Exit short,05/12/2023 14:30,Short Exit,60.7,486.553,29266.16295,-267.6,-0.91,506.02,1.73,-287.07,-0.98,69942.53,69.94
976,Entry short,05/12/2023 02:30,Short,60.15,486.553,29266.16295,-267.6,-0.91,506.02,1.73,-287.07,-0.98,69942.53,69.94
977,Exit long,07/12/2023 00:00,Stop Hit,61.85,512.558,31722.21462,-20.5,-0.06,2455.15,7.74,-861.1,-2.71,69922.03,69.92
977,Entry long,05/12/2023 18:30,Long,61.89,512.558,31722.21462,-20.5,-0.06,2455.15,7.74,-861.1,-2.71,69922.03,69.92
978,Exit long,09/12/2023 17:30,Long Exit,73.63,413.908,27239.28548,3236.76,11.88,4954.48,18.19,-542.22,-1.99,73158.79,73.16
978,Entry long,07/12/2023 16:00,Long,65.81,413.908,27239.28548,3236.76,11.88,4954.48,18.19,-542.22,-1.99,73158.79,73.16
979,Exit short,10/12/2023 15:30,Short Exit,74,361.471,26137.96801,-610.89,-2.34,592.81,2.27,-842.23,-3.22,72547.91,72.55
979,Entry short,10/12/2023 00:00,Short,72.31,361.471,26137.96801,-610.89,-2.34,592.81,2.27,-842.23,-3.22,72547.91,72.55
980,Exit long,11/12/2023 02:30,Stop Hit,70.09,442.496,33134.10048,-2119.56,-6.4,53.1,0.16,-4734.71,-14.29,70428.35,70.43
980,Entry long,11/12/2023 00:00,Long,74.88,442.496,33134.10048,-2119.56,-6.4,53.1,0.16,-4734.71,-14.29,70428.35,70.43
981,Exit short,11/12/2023 17:00,Short Exit,70.35,283.032,19837.71288,-73.59,-0.37,897.21,4.52,-602.86,-3.04,70354.76,70.35
981,Entry short,11/12/2023 02:30,Short,70.09,283.032,19837.71288,-73.59,-0.37,897.21,4.52,-602.86,-3.04,70354.76,70.35
982,Exit short,13/12/2023 14:00,Short Exit,67.07,347.956,23233.02212,-104.39,-0.45,1078.66,4.64,-807.26,-3.47,70250.38,70.25
982,Entry short,12/12/2023 17:30,Short,66.77,347.956,23233.02212,-104.39,-0.45,1078.66,4.64,-807.26,-3.47,70250.38,70.25
983,Exit long,14/12/2023 14:00,Stop Hit,72.24,379.513,26698.73955,717.28,2.69,1335.89,5,-823.54,-3.08,70967.65,70.97
983,Entry long,13/12/2023 20:00,Long,70.35,379.513,26698.73955,717.28,2.69,1335.89,5,-823.54,-3.08,70967.65,70.97
984,Exit long,15/12/2023 16:30,Long Exit,75.52,302.845,22150.0833,720.77,3.25,1926.09,8.7,-148.39,-0.67,71688.42,71.69
984,Entry long,14/12/2023 16:30,Long,73.14,302.845,22150.0833,720.77,3.25,1926.09,8.7,-148.39,-0.67,71688.42,71.69
985,Exit short,16/12/2023 12:00,Short Exit,75.14,295.432,21421.77432,-776.99,-3.63,392.92,1.83,-779.94,-3.64,70911.44,70.91
985,Entry short,16/12/2023 00:00,Short,72.51,295.432,21421.77432,-776.99,-3.63,392.92,1.83,-779.94,-3.64,70911.44,70.91
986,Exit short,17/12/2023 17:30,Short Exit,74.18,441.891,32196.17826,-583.3,-1.81,649.58,2.02,-790.98,-2.46,70328.14,70.33
986,Entry short,17/12/2023 06:00,Short,72.86,441.891,32196.17826,-583.3,-1.81,649.58,2.02,-790.98,-2.46,70328.14,70.33
987,Exit short,18/12/2023 14:00,Short Exit,70.54,415.712,29453.1952,128.87,0.44,1600.49,5.43,-465.6,-1.58,70457.01,70.46
987,Entry short,18/12/2023 00:00,Short,70.85,415.712,29453.1952,128.87,0.44,1600.49,5.43,-465.6,-1.58,70457.01,70.46
988,Exit long,19/12/2023 13:00,Long Exit,74.51,348.775,26130.223,-143,-0.55,505.72,1.94,-380.16,-1.45,70314.02,70.31
988,Entry long,18/12/2023 22:00,Long,74.92,348.775,26130.223,-143,-0.55,505.72,1.94,-380.16,-1.45,70314.02,70.31
989,Exit long,22/12/2023 09:30,Stop Hit,90.8,397.766,30214.30536,5902.85,19.54,9363.41,30.99,-3.98,-0.01,76216.86,76.22
989,Entry long,20/12/2023 08:30,Long,75.96,397.766,30214.30536,5902.85,19.54,9363.41,30.99,-3.98,-0.01,76216.86,76.22
990,Exit long,25/12/2023 01:00,Long Exit,109.21,321.431,31574.16713,3529.31,11.18,6386.83,20.23,-151.07,-0.48,79746.17,79.75
990,Entry long,23/12/2023 18:00,Long,98.23,321.431,31574.16713,3529.31,11.18,6386.83,20.23,-151.07,-0.48,79746.17,79.75
991,Exit long,26/12/2023 06:00,Stop Hit,114.88,189.025,22510.98725,-795.8,-3.54,1374.21,6.1,-1037.75,-4.61,78950.38,78.95
991,Entry long,25/12/2023 15:00,Long,119.09,189.025,22510.98725,-795.8,-3.54,1374.21,6.1,-1037.75,-4.61,78950.38,78.95
992,Exit short,27/12/2023 09:00,Short Exit,112.74,161.78,18098.3286,-140.75,-0.78,1582.21,8.74,-284.73,-1.57,78809.63,78.81
992,Entry short,26/12/2023 16:30,Short,111.87,161.78,18098.3286,-140.75,-0.78,1582.21,8.74,-284.73,-1.57,78809.63,78.81
993,Exit short,29/12/2023 02:00,Short Exit,102.77,178.077,18714.11193,413.14,2.21,1415.71,7.56,-242.18,-1.29,79222.77,79.22
993,Entry short,28/12/2023 02:00,Short,105.09,178.077,18714.11193,413.14,2.21,1415.71,7.56,-242.18,-1.29,79222.77,79.22
994,Exit long,29/12/2023 17:00,Long Exit,103.8,196.011,20841.84963,-495.91,-2.38,719.36,3.45,-554.71,-2.66,78726.86,78.73
994,Entry long,29/12/2023 06:00,Long,106.33,196.011,20841.84963,-495.91,-2.38,719.36,3.45,-554.71,-2.66,78726.86,78.73
995,Exit short,31/12/2023 08:00,Short Exit,103.98,250.429,25533.74084,-505.87,-1.98,606.04,2.37,-753.79,-2.95,78220.99,78.22
995,Entry short,30/12/2023 08:30,Short,101.96,250.429,25533.74084,-505.87,-1.98,606.04,2.37,-753.79,-2.95,78220.99,78.22
996,Exit long,31/12/2023 23:00,Long Exit,100.53,334.045,34887.6598,-1306.12,-3.74,257.21,0.74,-1483.16,-4.25,76914.88,76.91
996,Entry long,31/12/2023 10:00,Long,104.44,334.045,34887.6598,-1306.12,-3.74,257.21,0.74,-1483.16,-4.25,76914.88,76.91
997,Exit long,02/01/2024 15:00,Stop Hit,110.01,322.451,33779.96676,1692.87,5.01,3930.68,11.64,-196.7,-0.58,78607.74,78.61
997,Entry long,01/01/2024 13:00,Long,104.76,322.451,33779.96676,1692.87,5.01,3930.68,11.64,-196.7,-0.58,78607.74,78.61
998,Exit short,03/01/2024 06:30,Short Exit,109.48,256.549,27378.90928,-708.08,-2.59,61.57,0.22,-787.61,-2.88,77899.67,77.9
998,Entry short,03/01/2024 00:00,Short,106.72,256.549,27378.90928,-708.08,-2.59,61.57,0.22,-787.61,-2.88,77899.67,77.9
999,Exit short,04/01/2024 15:00,Short Exit,102.29,255.567,26696.52882,554.58,2.08,4973.33,18.63,-263.23,-0.99,78454.25,78.45
999,Entry short,03/01/2024 11:30,Short,104.46,255.567,26696.52882,554.58,2.08,4973.33,18.63,-263.23,-0.99,78454.25,78.45
1000,Exit long,05/01/2024 02:00,Stop Hit,101.02,220.907,22899.21962,-583.19,-2.55,991.87,4.33,-1139.88,-4.98,77871.05,77.87
1000,Entry long,04/01/2024 16:00,Long,103.66,220.907,22899.21962,-583.19,-2.55,991.87,4.33,-1139.88,-4.98,77871.05,77.87
1001,Exit short,06/01/2024 18:00,Short Exit,96.79,229.3,22347.578,153.63,0.69,1359.75,6.08,-690.19,-3.09,78024.69,78.02
1001,Entry short,05/01/2024 15:00,Short,97.46,229.3,22347.578,153.63,0.69,1359.75,6.08,-690.19,-3.09,78024.69,78.02
1002,Exit short,07/01/2024 13:30,Short Exit,96.17,268.977,24842.71572,-1024.8,-4.13,24.21,0.1,-1078.6,-4.34,76999.88,77
1002,Entry short,07/01/2024 03:00,Short,92.36,268.977,24842.71572,-1024.8,-4.13,24.21,0.1,-1078.6,-4.34,76999.88,77
1003,Exit short,08/01/2024 12:00,Short Exit,92.23,295.466,26754.4463,-496.38,-1.86,1592.56,5.95,-499.34,-1.87,76503.5,76.5
1003,Entry short,07/01/2024 22:30,Short,90.55,295.466,26754.4463,-496.38,-1.86,1592.56,5.95,-499.34,-1.87,76503.5,76.5
1004,Exit long,09/01/2024 13:00,Long Exit,98.49,237.158,22916.57754,441.11,1.92,1736,7.58,-327.28,-1.43,76944.62,76.94
1004,Entry long,08/01/2024 18:00,Long,96.63,237.158,22916.57754,441.11,1.92,1736,7.58,-327.28,-1.43,76944.62,76.94
1005,Exit long,09/01/2024 22:00,Long Exit,96.25,176.165,17376.9156,-421.03,-2.42,269.53,1.55,-553.16,-3.18,76523.58,76.52
1005,Entry long,09/01/2024 21:30,Long,98.64,176.165,17376.9156,-421.03,-2.42,269.53,1.55,-553.16,-3.18,76523.58,76.52
1006,Exit short,10/01/2024 21:30,Short Exit,97.57,236.468,22551.95316,-520.23,-2.31,872.57,3.87,-766.16,-3.4,76003.35,76
1006,Entry short,10/01/2024 12:30,Short,95.37,236.468,22551.95316,-520.23,-2.31,872.57,3.87,-766.16,-3.4,76003.35,76
1007,Exit long,11/01/2024 17:00,Long Exit,99.36,161.643,16621.74969,-560.9,-3.37,725.78,4.37,-834.08,-5.02,75442.45,75.44
1007,Entry long,10/01/2024 23:30,Long,102.83,161.643,16621.74969,-560.9,-3.37,725.78,4.37,-834.08,-5.02,75442.45,75.44
1008,Exit short,13/01/2024 16:00,Short Exit,92.9,274.091,26729.35432,1266.3,4.74,2883.44,10.79,-386.47,-1.45,76708.75,76.71
1008,Entry short,12/01/2024 13:00,Short,97.52,274.091,26729.35432,1266.3,4.74,2883.44,10.79,-386.47,-1.45,76708.75,76.71
1009,Exit long,14/01/2024 20:00,Long Exit,96.14,322.396,31166.02132,-170.87,-0.55,1998.86,6.41,-757.63,-2.43,76537.88,76.54
1009,Entry long,13/01/2024 21:00,Long,96.67,322.396,31166.02132,-170.87,-0.55,1998.86,6.41,-757.63,-2.43,76537.88,76.54
1010,Exit short,15/01/2024 18:30,Short Exit,96.34,251.642,23606.53602,-636.65,-2.7,211.38,0.9,-792.67,-3.36,75901.23,75.9
1010,Entry short,15/01/2024 00:00,Short,93.81,251.642,23606.53602,-636.65,-2.7,211.38,0.9,-792.67,-3.36,75901.23,75.9
1011,Exit long,16/01/2024 15:00,Long Exit,96.06,411.922,40257.13706,-687.91,-1.71,230.68,0.57,-1470.56,-3.65,75213.32,75.21
1011,Entry long,16/01/2024 08:00,Long,97.73,411.922,40257.13706,-687.91,-1.71,230.68,0.57,-1470.56,-3.65,75213.32,75.21
1012,Exit long,17/01/2024 08:30,Long Exit,97.58,420.377,41348.28172,-327.89,-0.79,1147.63,2.78,-781.9,-1.89,74885.42,74.89
1012,Entry long,16/01/2024 22:00,Long,98.36,420.377,41348.28172,-327.89,-0.79,1147.63,2.78,-781.9,-1.89,74885.42,74.89
1013,Exit long,18/01/2024 07:30,Long Exit,100.42,335.896,34234.52032,-503.84,-1.47,560.95,1.64,-1568.63,-4.58,74381.58,74.38
1013,Entry long,17/01/2024 11:00,Long,101.92,335.896,34234.52032,-503.84,-1.47,560.95,1.64,-1568.63,-4.58,74381.58,74.38
1014,Exit short,19/01/2024 07:00,Short Exit,95.05,355.606,34547.1229,746.77,2.16,2041.18,5.91,-60.45,-0.17,75128.35,75.13
1014,Entry short,18/01/2024 16:30,Short,97.15,355.606,34547.1229,746.77,2.16,2041.18,5.91,-60.45,-0.17,75128.35,75.13
1015,Exit short,19/01/2024 20:00,Stop Hit,94.12,353.415,32160.765,-1102.65,-3.43,1399.52,4.35,-1318.24,-4.1,74025.7,74.03
1015,Entry short,19/01/2024 15:30,Short,91,353.415,32160.765,-1102.65,-3.43,1399.52,4.35,-1318.24,-4.1,74025.7,74.03
1016,Exit long,21/01/2024 17:00,Long Exit,92.34,594.722,55796.81804,-880.19,-1.58,0,0,-1278.65,-2.29,73145.51,73.15
1016,Entry long,21/01/2024 10:30,Long,93.82,594.722,55796.81804,-880.19,-1.58,0,0,-1278.65,-2.29,73145.51,73.15
1017,Exit short,23/01/2024 23:30,Short Exit,84.03,596.329,54558.14021,4448.61,8.15,7448.15,13.65,-244.49,-0.45,77594.13,77.59
1017,Entry short,21/01/2024 23:00,Short,91.49,596.329,54558.14021,4448.61,8.15,7448.15,13.65,-244.49,-0.45,77594.13,77.59
1018,Exit long,25/01/2024 10:30,Long Exit,87.09,326.811,28256.07906,205.89,0.73,1039.26,3.68,-398.71,-1.41,77800.02,77.8
1018,Entry long,24/01/2024 07:30,Long,86.46,326.811,28256.07906,205.89,0.73,1039.26,3.68,-398.71,-1.41,77800.02,77.8
1019,Exit short,26/01/2024 03:30,Short Exit,87.81,363.152,31147.54704,-740.83,-2.38,21.79,0.07,-918.77,-2.95,77059.19,77.06
1019,Entry short,25/01/2024 17:30,Short,85.77,363.152,31147.54704,-740.83,-2.38,21.79,0.07,-918.77,-2.95,77059.19,77.06
1020,Exit long,27/01/2024 06:00,Long Exit,91.59,388.089,35137.57806,407.49,1.16,1257.41,3.58,-163,-0.46,77466.68,77.47
1020,Entry long,26/01/2024 11:00,Long,90.54,388.089,35137.57806,407.49,1.16,1257.41,3.58,-163,-0.46,77466.68,77.47
1021,Exit long,28/01/2024 18:30,Long Exit,95.46,629.908,59179.8566,951.16,1.61,3458.19,5.84,-403.14,-0.68,78417.84,78.42
1021,Entry long,27/01/2024 23:30,Long,93.95,629.908,59179.8566,951.16,1.61,3458.19,5.84,-403.14,-0.68,78417.84,78.42
1022,Exit long,30/01/2024 23:30,Long Exit,102.28,329.548,32925.14068,781.03,2.37,2168.43,6.59,-309.78,-0.94,79198.87,79.2
1022,Entry long,29/01/2024 16:00,Long,99.91,329.548,32925.14068,781.03,2.37,2168.43,6.59,-309.78,-0.94,79198.87,79.2
1023,Exit short,31/01/2024 16:30,Short Exit,101.59,302.98,30410.1026,-369.64,-1.22,918.03,3.02,-618.08,-2.03,78829.23,78.83
1023,Entry short,31/01/2024 00:30,Short,100.37,302.98,30410.1026,-369.64,-1.22,918.03,3.02,-618.08,-2.03,78829.23,78.83
1024,Exit short,01/02/2024 15:00,Short Exit,96.72,244.395,23447.2563,-190.63,-0.81,691.64,2.95,-479.01,-2.04,78638.6,78.64
1024,Entry short,31/01/2024 21:30,Short,95.94,244.395,23447.2563,-190.63,-0.81,691.64,2.95,-479.01,-2.04,78638.6,78.64
1025,Exit long,02/02/2024 18:30,Long Exit,98.98,379.977,37792.51242,-182.39,-0.48,1181.73,3.13,-467.37,-1.24,78456.21,78.46
1025,Entry long,02/02/2024 03:30,Long,99.46,379.977,37792.51242,-182.39,-0.48,1181.73,3.13,-467.37,-1.24,78456.21,78.46
1026,Exit short,05/02/2024 07:30,Short Exit,97.19,452.61,44858.1771,869.01,1.94,2263.05,5.04,-122.2,-0.27,79325.23,79.33
1026,Entry short,03/02/2024 08:00,Short,99.11,452.61,44858.1771,869.01,1.94,2263.05,5.04,-122.2,-0.27,79325.23,79.33
1027,Exit long,05/02/2024 16:00,Long Exit,95.61,554.176,54458.87552,-1474.11,-2.71,199.5,0.37,-1684.7,-3.09,77851.12,77.85
1027,Entry long,05/02/2024 14:00,Long,98.27,554.176,54458.87552,-1474.11,-2.71,199.5,0.37,-1684.7,-3.09,77851.12,77.85
1028,Exit short,06/02/2024 19:00,Short Exit,96.38,481.507,45232.76758,-1174.88,-2.6,510.4,1.13,-1271.18,-2.81,76676.24,76.68
1028,Entry short,06/02/2024 11:00,Short,93.94,481.507,45232.76758,-1174.88,-2.6,510.4,1.13,-1271.18,-2.81,76676.24,76.68
1029,Exit long,07/02/2024 04:30,Long Exit,95.22,416.583,40329.40023,-662.37,-1.64,445.74,1.11,-749.85,-1.86,76013.88,76.01
1029,Entry long,06/02/2024 19:30,Long,96.81,416.583,40329.40023,-662.37,-1.64,445.74,1.11,-749.85,-1.86,76013.88,76.01
1030,Exit long,10/02/2024 14:00,Long Exit,108.05,522.96,50941.5336,5564.29,10.92,7033.81,13.81,-240.56,-0.47,81578.17,81.58
1030,Entry long,07/02/2024 18:00,Long,97.41,522.96,50941.5336,5564.29,10.92,7033.81,13.81,-240.56,-0.47,81578.17,81.58
1031,Exit long,11/02/2024 16:30,Long Exit,108.52,478.428,52435.7088,-516.7,-0.99,133.96,0.26,-731.99,-1.4,81061.47,81.06
1031,Entry long,11/02/2024 13:00,Long,109.6,478.428,52435.7088,-516.7,-0.99,133.96,0.26,-731.99,-1.4,81061.47,81.06
1032,Exit short,12/02/2024 15:00,Short Exit,106.66,502.02,54403.9074,858.45,1.58,2495.04,4.59,-486.96,-0.9,81919.92,81.92
1032,Entry short,11/02/2024 19:00,Short,108.37,502.02,54403.9074,858.45,1.58,2495.04,4.59,-486.96,-0.9,81919.92,81.92
1033,Exit long,13/02/2024 14:00,Long Exit,112.12,376.796,41432.48816,813.88,1.96,1955.57,4.72,-403.17,-0.97,82733.8,82.73
1033,Entry long,12/02/2024 17:30,Long,109.96,376.796,41432.48816,813.88,1.96,1955.57,4.72,-403.17,-0.97,82733.8,82.73
1034,Exit long,15/02/2024 06:30,Long Exit,115.02,381.161,44142.25541,-301.12,-0.68,1097.74,2.49,-564.12,-1.28,82432.68,82.43
1034,Entry long,14/02/2024 09:30,Long,115.81,381.161,44142.25541,-301.12,-0.68,1097.74,2.49,-564.12,-1.28,82432.68,82.43
1035,Exit short,18/02/2024 00:30,Short Exit,109.23,355.783,40573.49332,1711.32,4.22,3216.28,7.93,-362.9,-0.89,84144,84.14
1035,Entry short,15/02/2024 16:00,Short,114.04,355.783,40573.49332,1711.32,4.22,3216.28,7.93,-362.9,-0.89,84144,84.14
1036,Exit long,19/02/2024 03:00,Long Exit,112.1,486.468,53944.43652,588.63,1.09,1532.37,2.84,-102.16,-0.19,84732.63,84.73
1036,Entry long,18/02/2024 10:00,Long,110.89,486.468,53944.43652,588.63,1.09,1532.37,2.84,-102.16,-0.19,84732.63,84.73
1037,Exit long,20/02/2024 00:00,Long Exit,111.53,384.414,43900.0788,-1026.39,-2.34,257.56,0.59,-1191.68,-2.71,83706.24,83.71
1037,Entry long,19/02/2024 13:30,Long,114.2,384.414,43900.0788,-1026.39,-2.34,257.56,0.59,-1191.68,-2.71,83706.24,83.71
1038,Exit short,21/02/2024 22:00,Short Exit,104.62,420.4,46555.096,2572.85,5.53,4418.4,9.49,-155.55,-0.33,86279.09,86.28
1038,Entry short,20/02/2024 01:00,Short,110.74,420.4,46555.096,2572.85,5.53,4418.4,9.49,-155.55,-0.33,86279.09,86.28
1039,Exit long,22/02/2024 22:30,Long Exit,102.32,373.131,39801.88377,-1623.12,-4.08,160.45,0.4,-1638.04,-4.12,84655.97,84.66
1039,Entry long,22/02/2024 10:00,Long,106.67,373.131,39801.88377,-1623.12,-4.08,160.45,0.4,-1638.04,-4.12,84655.97,84.66
1040,Exit short,24/02/2024 08:00,Short Exit,102.24,374.349,37988.93652,-284.51,-0.75,1123.05,2.96,-606.45,-1.6,84371.46,84.37
1040,Entry short,23/02/2024 03:00,Short,101.48,374.349,37988.93652,-284.51,-0.75,1123.05,2.96,-606.45,-1.6,84371.46,84.37
1041,Exit long,25/02/2024 10:30,Long Exit,102.15,586.052,60345.77444,-480.56,-0.8,1101.78,1.83,-568.47,-0.94,83890.9,83.89
1041,Entry long,24/02/2024 17:30,Long,102.97,586.052,60345.77444,-480.56,-0.8,1101.78,1.83,-568.47,-0.94,83890.9,83.89
1042,Exit short,26/02/2024 16:00,Stop Hit,104.96,504.131,51159.21388,-1754.38,-3.43,599.92,1.17,-1799.75,-3.52,82136.52,82.14
1042,Entry short,26/02/2024 10:00,Short,101.48,504.131,51159.21388,-1754.38,-3.43,599.92,1.17,-1799.75,-3.52,82136.52,82.14
1043,Exit long,27/02/2024 15:00,Long Exit,109.19,434.638,45619.60448,1838.52,4.03,3190.24,6.99,-186.89,-0.41,83975.04,83.98
1043,Entry long,26/02/2024 16:00,Long,104.96,434.638,45619.60448,1838.52,4.03,3190.24,6.99,-186.89,-0.41,83975.04,83.98
1044,Exit long,28/02/2024 18:00,Stop Hit,114.68,374.871,41824.35747,1165.85,2.79,1983.07,4.74,-1769.39,-4.23,85140.89,85.14
1044,Entry long,28/02/2024 10:30,Long,111.57,374.871,41824.35747,1165.85,2.79,1983.07,4.74,-1769.39,-4.23,85140.89,85.14
1045,Exit long,29/02/2024 21:30,Long Exit,126.5,167.136,19518.14208,1624.56,8.32,2986.72,15.3,-240.68,-1.23,86765.45,86.77
1045,Entry long,28/02/2024 22:30,Long,116.78,167.136,19518.14208,1624.56,8.32,2986.72,15.3,-240.68,-1.23,86765.45,86.77
1046,Exit long,01/03/2024 16:00,Long Exit,131.18,129.544,17579.1208,-585.54,-3.33,272.04,1.55,-708.61,-4.03,86179.91,86.18
1046,Entry long,01/03/2024 02:00,Long,135.7,129.544,17579.1208,-585.54,-3.33,272.04,1.55,-708.61,-4.03,86179.91,86.18
1047,Exit short,03/03/2024 10:00,Short Exit,129.93,260.77,32971.7588,-910.09,-2.76,375.51,1.14,-1280.38,-3.88,85269.83,85.27
1047,Entry short,03/03/2024 07:30,Short,126.44,260.77,32971.7588,-910.09,-2.76,375.51,1.14,-1280.38,-3.88,85269.83,85.27
1048,Exit long,04/03/2024 04:00,Long Exit,128.97,306.896,40188.0312,-607.65,-1.51,629.14,1.57,-776.45,-1.93,84662.17,84.66
1048,Entry long,03/03/2024 23:00,Long,130.95,306.896,40188.0312,-607.65,-1.51,629.14,1.57,-776.45,-1.93,84662.17,84.66
1049,Exit long,04/03/2024 17:30,Long Exit,130.57,272.926,36653.9618,-1018.01,-2.78,43.67,0.12,-1719.43,-4.69,83644.16,83.64
1049,Entry long,04/03/2024 10:00,Long,134.3,272.926,36653.9618,-1018.01,-2.78,43.67,0.12,-1719.43,-4.69,83644.16,83.64
1050,Exit short,05/03/2024 14:00,Short Exit,132.65,226.993,29638.47601,-472.15,-1.59,730.92,2.47,-628.77,-2.12,83172.02,83.17
1050,Entry short,04/03/2024 17:30,Short,130.57,226.993,29638.47601,-472.15,-1.59,730.92,2.47,-628.77,-2.12,83172.02,83.17
1051,Exit long,05/03/2024 17:30,Stop Hit,130.76,214.39,29384.2934,-1350.66,-4.6,1213.45,4.13,-1965.96,-6.69,81821.36,81.82
1051,Entry long,05/03/2024 15:00,Long,137.06,214.39,29384.2934,-1350.66,-4.6,1213.45,4.13,-1965.96,-6.69,81821.36,81.82
1052,Exit short,06/03/2024 07:00,Short Exit,132.02,88.859,10595.54716,-1135.62,-10.72,292.35,2.76,-1224.48,-11.56,80685.74,80.69
1052,Entry short,05/03/2024 20:00,Short,119.24,88.859,10595.54716,-1135.62,-10.72,292.35,2.76,-1224.48,-11.56,80685.74,80.69
1053,Exit long,08/03/2024 02:00,Long Exit,144.66,170.754,22911.77172,1789.5,7.81,2581.8,11.27,-175.88,-0.77,82475.24,82.48
1053,Entry long,07/03/2024 01:30,Long,134.18,170.754,22911.77172,1789.5,7.81,2581.8,11.27,-175.88,-0.77,82475.24,82.48
1054,Exit long,09/03/2024 17:30,Long Exit,144.09,218.321,32636.80629,-1178.93,-3.61,687.71,2.11,-1628.67,-4.99,81296.3,81.3
1054,Entry long,08/03/2024 12:30,Long,149.49,218.321,32636.80629,-1178.93,-3.61,687.71,2.11,-1628.67,-4.99,81296.3,81.3
1055,Exit short,11/03/2024 07:30,Short Exit,145.84,311.004,44781.46596,-575.36,-1.28,2332.53,5.21,-842.82,-1.88,80720.95,80.72
1055,Entry short,10/03/2024 15:00,Short,143.99,311.004,44781.46596,-575.36,-1.28,2332.53,5.21,-842.82,-1.88,80720.95,80.72
1056,Exit long,12/03/2024 15:30,Long Exit,150.57,199.237,29789.91624,209.2,0.7,1091.82,3.67,-784.99,-2.64,80930.15,80.93
1056,Entry long,11/03/2024 08:30,Long,149.52,199.237,29789.91624,209.2,0.7,1091.82,3.67,-784.99,-2.64,80930.15,80.93
1057,Exit short,13/03/2024 05:30,Short Exit,152.23,147.937,21277.77871,-1242.67,-5.84,1.48,0.01,-1267.82,-5.96,79687.48,79.69
1057,Entry short,12/03/2024 17:30,Short,143.83,147.937,21277.77871,-1242.67,-5.84,1.48,0.01,-1267.82,-5.96,79687.48,79.69
1058,Exit long,14/03/2024 14:00,Long Exit,166.35,229.971,35351.14212,2904.53,8.22,4679.91,13.24,-945.18,-2.67,82592.01,82.59
1058,Entry long,13/03/2024 11:30,Long,153.72,229.971,35351.14212,2904.53,8.22,4679.91,13.24,-945.18,-2.67,82592.01,82.59
1059,Exit long,15/03/2024 09:00,Stop Hit,167.21,112.472,19648.8584,-842.42,-4.29,1357.54,6.91,-878.41,-4.47,81749.59,81.75
1059,Entry long,14/03/2024 23:30,Long,174.7,112.472,19648.8584,-842.42,-4.29,1357.54,6.91,-878.41,-4.47,81749.59,81.75
1060,Exit long,16/03/2024 18:00,Long Exit,188.37,83.57,15601.6833,140.4,0.9,941,6.03,-956.04,-6.13,81889.99,81.89
1060,Entry long,15/03/2024 19:00,Long,186.69,83.57,15601.6833,140.4,0.9,941,6.03,-956.04,-6.13,81889.99,81.89
1061,Exit long,18/03/2024 17:30,Long Exit,197.92,106.988,20720.36596,454.7,2.19,1766.37,8.52,-151.92,-0.73,82344.7,82.34
1061,Entry long,17/03/2024 16:30,Long,193.67,106.988,20720.36596,454.7,2.19,1766.37,8.52,-151.92,-0.73,82344.7,82.34
1062,Exit short,20/03/2024 18:30,Short Exit,176,101.321,19636.0098,1803.51,9.18,3176.41,16.18,-16.21,-0.08,84148.2,84.15
1062,Entry short,19/03/2024 01:00,Short,193.8,101.321,19636.0098,1803.51,9.18,3176.41,16.18,-16.21,-0.08,84148.2,84.15
1063,Exit long,21/03/2024 15:30,Long Exit,185.02,89.632,16723.53856,-139.83,-0.84,815.65,4.88,-173.89,-1.04,84008.38,84.01
1063,Entry long,20/03/2024 21:00,Long,186.58,89.632,16723.53856,-139.83,-0.84,815.65,4.88,-173.89,-1.04,84008.38,84.01
1064,Exit short,23/03/2024 00:00,Short Exit,175.21,129.846,22654.23162,-96.09,-0.42,895.94,3.95,-833.61,-3.68,83912.3,83.91
1064,Entry short,22/03/2024 02:00,Short,174.47,129.846,22654.23162,-96.09,-0.42,895.94,3.95,-833.61,-3.68,83912.3,83.91
1065,Exit long,23/03/2024 20:30,Long Exit,173.67,195.139,34658.63779,-768.85,-2.22,93.67,0.27,-880.08,-2.54,83143.45,83.14
1065,Entry long,23/03/2024 15:00,Long,177.61,195.139,34658.63779,-768.85,-2.22,93.67,0.27,-880.08,-2.54,83143.45,83.14
1066,Exit long,26/03/2024 14:30,Long Exit,190.34,240.169,42862.96143,2850.81,6.65,4347.06,10.14,-139.3,-0.32,85994.25,85.99
1066,Entry long,24/03/2024 20:30,Long,178.47,240.169,42862.96143,2850.81,6.65,4347.06,10.14,-139.3,-0.32,85994.25,85.99
1067,Exit short,28/03/2024 15:00,Short Exit,188.94,175.831,33184.58463,-36.92,-0.11,1535,4.63,-705.08,-2.12,85957.33,85.96
1067,Entry short,26/03/2024 17:30,Short,188.73,175.831,33184.58463,-36.92,-0.11,1535,4.63,-705.08,-2.12,85957.33,85.96
1068,Exit long,29/03/2024 06:30,Long Exit,186.34,224.026,42549.25818,-804.25,-1.89,224.03,0.53,-1030.52,-2.42,85153.08,85.15
1068,Entry long,28/03/2024 23:00,Long,189.93,224.026,42549.25818,-804.25,-1.89,224.03,0.53,-1030.52,-2.42,85153.08,85.15
1069,Exit long,30/03/2024 23:30,Long Exit,193.39,212.517,40594.99734,503.67,1.24,1908.4,4.7,-65.88,-0.16,85656.74,85.66
1069,Entry long,29/03/2024 22:30,Long,191.02,212.517,40594.99734,503.67,1.24,1908.4,4.7,-65.88,-0.16,85656.74,85.66
1070,Exit long,01/04/2024 07:00,Stop Hit,194.74,330.876,65622.63708,-1187.84,-1.81,2028.27,3.09,-1680.85,-2.56,84468.9,84.47
1070,Entry long,31/03/2024 20:00,Long,198.33,330.876,65622.63708,-1187.84,-1.81,2028.27,3.09,-1680.85,-2.56,84468.9,84.47
1071,Exit short,02/04/2024 20:30,Short Exit,186.04,207.335,40376.4179,1803.81,4.47,3902.04,9.66,-945.45,-2.34,86272.71,86.27
1071,Entry short,01/04/2024 07:00,Short,194.74,207.335,40376.4179,1803.81,4.47,3902.04,9.66,-945.45,-2.34,86272.71,86.27
1072,Exit long,03/04/2024 19:30,Long Exit,184.91,158.75,30392.6875,-1038.22,-3.42,66.68,0.22,-1108.07,-3.65,85234.48,85.23
1072,Entry long,03/04/2024 07:30,Long,191.45,158.75,30392.6875,-1038.22,-3.42,66.68,0.22,-1108.07,-3.65,85234.48,85.23
1073,Exit short,06/04/2024 06:30,Short Exit,177.46,213.817,38692.32432,748.36,1.93,2805.28,7.25,-62.01,-0.16,85982.84,85.98
1073,Entry short,05/04/2024 03:30,Short,180.96,213.817,38692.32432,748.36,1.93,2805.28,7.25,-62.01,-0.16,85982.84,85.98
1074,Exit long,07/04/2024 19:30,Long Exit,178.88,252.254,44812.9231,310.27,0.69,1276.41,2.85,-973.7,-2.17,86293.12,86.29
1074,Entry long,06/04/2024 10:30,Long,177.65,252.254,44812.9231,310.27,0.69,1276.41,2.85,-973.7,-2.17,86293.12,86.29
1075,Exit short,08/04/2024 09:00,Short Exit,180.15,280.813,49776.91238,-811.55,-1.63,564.43,1.13,-1083.94,-2.18,85481.57,85.48
1075,Entry short,08/04/2024 03:30,Short,177.26,280.813,49776.91238,-811.55,-1.63,564.43,1.13,-1083.94,-2.18,85481.57,85.48
1076,Exit long,08/04/2024 21:00,Long Exit,179.38,265.677,48422.29002,-765.15,-1.58,642.94,1.33,-988.32,-2.04,84716.41,84.72
1076,Entry long,08/04/2024 09:30,Long,182.26,265.677,48422.29002,-765.15,-1.58,642.94,1.33,-988.32,-2.04,84716.41,84.72
1077,Exit short,09/04/2024 18:30,Stop Hit,177.03,289.129,50773.94369,-410.56,-0.81,1879.34,3.7,-413.45,-0.81,84305.85,84.31
1077,Entry short,09/04/2024 09:00,Short,175.61,289.129,50773.94369,-410.56,-0.81,1879.34,3.7,-413.45,-0.81,84305.85,84.31
1078,Exit short,10/04/2024 23:30,Short Exit,175.09,251.49,42713.0616,-1320.32,-3.09,1901.26,4.45,-1403.31,-3.29,82985.53,82.99
1078,Entry short,10/04/2024 12:00,Short,169.84,251.49,42713.0616,-1320.32,-3.09,1901.26,4.45,-1403.31,-3.29,82985.53,82.99
1079,Exit long,11/04/2024 13:00,Long Exit,170.52,241.026,42244.62702,-1144.87,-2.71,106.05,0.25,-1236.46,-2.93,81840.66,81.84
1079,Entry long,11/04/2024 08:30,Long,175.27,241.026,42244.62702,-1144.87,-2.71,106.05,0.25,-1236.46,-2.93,81840.66,81.84
1080,Exit long,12/04/2024 12:00,Long Exit,172.11,202.772,35468.87824,-569.79,-1.61,214.94,0.61,-725.92,-2.05,81270.87,81.27
1080,Entry long,11/04/2024 20:00,Long,174.92,202.772,35468.87824,-569.79,-1.61,214.94,0.61,-725.92,-2.05,81270.87,81.27
1081,Exit short,14/04/2024 08:00,Short Exit,143.1,295.661,50158.88865,7849.8,15.65,15862.21,31.62,0,0,89120.67,89.12
1081,Entry short,12/04/2024 14:00,Short,169.65,295.661,50158.88865,7849.8,15.65,15862.21,31.62,0,0,89120.67,89.12
1082,Exit long,15/04/2024 16:00,Long Exit,144.73,108.044,16127.72788,-490.52,-3.04,733.62,4.55,-575.87,-3.57,88630.15,88.63
1082,Entry long,14/04/2024 23:30,Long,149.27,108.044,16127.72788,-490.52,-3.04,733.62,4.55,-575.87,-3.57,88630.15,88.63
1083,Exit short,16/04/2024 23:00,Short Exit,137.13,139.891,18539.75423,-643.5,-3.47,857.53,4.63,-891.11,-4.81,87986.65,87.99
1083,Entry short,16/04/2024 05:30,Short,132.53,139.891,18539.75423,-643.5,-3.47,857.53,4.63,-891.11,-4.81,87986.65,87.99
1084,Exit long,17/04/2024 13:00,Long Exit,134.28,157.437,22271.03802,-1130.4,-5.08,107.06,0.48,-1174.48,-5.27,86856.25,86.86
1084,Entry long,17/04/2024 06:00,Long,141.46,157.437,22271.03802,-1130.4,-5.08,107.06,0.48,-1174.48,-5.27,86856.25,86.86
1085,Exit long,19/04/2024 03:00,Long Exit,132.29,149.891,20857.33265,-1028.25,-4.93,764.44,3.67,-1160.16,-5.56,85828,85.83
1085,Entry long,18/04/2024 15:30,Long,139.15,149.891,20857.33265,-1028.25,-4.93,764.44,3.67,-1160.16,-5.56,85828,85.83
1086,Exit long,20/04/2024 00:30,Long Exit,141.26,129.591,18797.17455,-491.15,-2.61,316.2,1.68,-658.32,-3.5,85336.85,85.34
1086,Entry long,19/04/2024 08:00,Long,145.05,129.591,18797.17455,-491.15,-2.61,316.2,1.68,-658.32,-3.5,85336.85,85.34
1087,Exit long,21/04/2024 14:30,Long Exit,150.62,225.119,33137.5168,769.91,2.32,1418.25,4.28,-198.1,-0.6,86106.76,86.11
1087,Entry long,20/04/2024 17:00,Long,147.2,225.119,33137.5168,769.91,2.32,1418.25,4.28,-198.1,-0.6,86106.76,86.11
1088,Exit short,22/04/2024 05:30,Short Exit,151.24,246.771,36282.74013,-1038.91,-2.86,51.82,0.14,-1110.47,-3.06,85067.85,85.07
1088,Entry short,22/04/2024 03:30,Short,147.03,246.771,36282.74013,-1038.91,-2.86,51.82,0.14,-1110.47,-3.06,85067.85,85.07
1089,Exit long,23/04/2024 09:00,Long Exit,153.62,220.556,34382.47484,-500.66,-1.46,758.71,2.21,-957.21,-2.78,84567.19,84.57
1089,Entry long,22/04/2024 07:30,Long,155.89,220.556,34382.47484,-500.66,-1.46,758.71,2.21,-957.21,-2.78,84567.19,84.57
1090,Exit long,24/04/2024 15:30,Long Exit,154.89,272.496,43403.16288,-1196.26,-2.76,196.2,0.45,-1343.41,-3.1,83370.93,83.37
1090,Entry long,23/04/2024 16:30,Long,159.28,272.496,43403.16288,-1196.26,-2.76,196.2,0.45,-1343.41,-3.1,83370.93,83.37
1091,Exit short,25/04/2024 18:00,Short Exit,148.55,246.116,38167.66928,1607.14,4.21,3197.05,8.38,-17.23,-0.05,84978.07,84.98
1091,Entry short,24/04/2024 16:00,Short,155.08,246.116,38167.66928,1607.14,4.21,3197.05,8.38,-17.23,-0.05,84978.07,84.98
1092,Exit short,26/04/2024 15:30,Short Exit,144.81,236.436,33703.9518,-534.35,-1.59,340.47,1.01,-860.63,-2.55,84443.73,84.44
1092,Entry short,26/04/2024 02:30,Short,142.55,236.436,33703.9518,-534.35,-1.59,340.47,1.01,-860.63,-2.55,84443.73,84.44
1093,Exit short,27/04/2024 14:30,Short Exit,138.19,258.864,36259.08048,486.66,1.34,1861.23,5.13,-119.08,-0.33,84930.39,84.93
1093,Entry short,26/04/2024 23:30,Short,140.07,258.864,36259.08048,486.66,1.34,1861.23,5.13,-119.08,-0.33,84930.39,84.93
1094,Exit long,28/04/2024 23:30,Long Exit,140.62,298.447,42719.70358,-752.09,-1.76,501.39,1.17,-877.43,-2.05,84178.31,84.18
1094,Entry long,28/04/2024 03:00,Long,143.14,298.447,42719.70358,-752.09,-1.76,501.39,1.17,-877.43,-2.05,84178.31,84.18
1095,Exit short,29/04/2024 16:00,Short Exit,136.78,377.649,52519.64643,864.82,1.65,2039.3,3.88,0,0,85043.12,85.04
1095,Entry short,29/04/2024 00:00,Short,139.07,377.649,52519.64643,864.82,1.65,2039.3,3.88,0,0,85043.12,85.04
1096,Exit short,30/04/2024 00:00,Short Exit,137.63,282.817,37792.83571,-1131.27,-2.99,31.11,0.08,-1269.85,-3.36,83911.85,83.91
1096,Entry short,29/04/2024 18:00,Short,133.63,282.817,37792.83571,-1131.27,-2.99,31.11,0.08,-1269.85,-3.36,83911.85,83.91
1097,Exit short,01/05/2024 18:00,Short Exit,124.55,268.264,35110.39232,1698.11,4.84,3329.16,9.48,-217.29,-0.62,85609.96,85.61
1097,Entry short,30/04/2024 10:00,Short,130.88,268.264,35110.39232,1698.11,4.84,3329.16,9.48,-217.29,-0.62,85609.96,85.61
1098,Exit long,03/05/2024 12:00,Long Exit,137.3,163.41,21890.4036,545.79,2.49,1307.28,5.97,-942.88,-4.31,86155.75,86.16
1098,Entry long,01/05/2024 20:00,Long,133.96,163.41,21890.4036,545.79,2.49,1307.28,5.97,-942.88,-4.31,86155.75,86.16
1099,Exit long,05/05/2024 02:00,Long Exit,145.19,229.045,32515.2282,739.82,2.28,1644.54,5.06,-254.24,-0.78,86895.56,86.9
1099,Entry long,03/05/2024 14:00,Long,141.96,229.045,32515.2282,739.82,2.28,1644.54,5.06,-254.24,-0.78,86895.56,86.9
1100,Exit long,06/05/2024 14:00,Stop Hit,151,409.21,60350.2908,1440.42,2.39,3850.67,6.38,-851.16,-1.41,88335.98,88.34
1100,Entry long,06/05/2024 02:30,Long,147.48,409.21,60350.2908,1440.42,2.39,3850.67,6.38,-851.16,-1.41,88335.98,88.34
1101,Exit long,07/05/2024 15:00,Long Exit,153.35,218.536,34406.30784,-893.81,-2.6,382.44,1.11,-1107.98,-3.22,87442.17,87.44
1101,Entry long,07/05/2024 03:00,Long,157.44,218.536,34406.30784,-893.81,-2.6,382.44,1.11,-1107.98,-3.22,87442.17,87.44
1102,Exit short,09/05/2024 16:30,Short Exit,147.49,216.86,32915.0108,930.33,2.83,2554.61,7.76,-140.96,-0.43,88372.5,88.37
1102,Entry short,07/05/2024 20:00,Short,151.78,216.86,32915.0108,930.33,2.83,2554.61,7.76,-140.96,-0.43,88372.5,88.37
1103,Exit long,10/05/2024 15:30,Long Exit,150.42,243.9,36792.315,-104.88,-0.29,1195.11,3.25,-390.24,-1.06,88267.63,88.27
1103,Entry long,09/05/2024 21:00,Long,150.85,243.9,36792.315,-104.88,-0.29,1195.11,3.25,-390.24,-1.06,88267.63,88.27
1104,Exit short,11/05/2024 16:30,Short Exit,145.46,229.938,33331.81248,-114.97,-0.34,423.09,1.27,-630.03,-1.89,88152.66,88.15
1104,Entry short,10/05/2024 23:30,Short,144.96,229.938,33331.81248,-114.97,-0.34,423.09,1.27,-630.03,-1.89,88152.66,88.15
1105,Exit long,12/05/2024 08:30,Long Exit,144.39,440.591,64995.98432,-1379.05,-2.12,123.37,0.19,-1418.7,-2.18,86773.61,86.77
1105,Entry long,12/05/2024 07:00,Long,147.52,440.591,64995.98432,-1379.05,-2.12,123.37,0.19,-1418.7,-2.18,86773.61,86.77
1106,Exit short,13/05/2024 09:00,Stop Hit,143.56,415.124,59524.63036,-70.57,-0.12,2328.85,3.91,-1058.57,-1.78,86703.04,86.7
1106,Entry short,12/05/2024 22:30,Short,143.39,415.124,59524.63036,-70.57,-0.12,2328.85,3.91,-1058.57,-1.78,86703.04,86.7
1107,Exit long,14/05/2024 04:30,Long Exit,146.21,267.305,39363.3343,-280.67,-0.71,967.64,2.46,-417,-1.06,86422.37,86.42
1107,Entry long,13/05/2024 17:00,Long,147.26,267.305,39363.3343,-280.67,-0.71,967.64,2.46,-417,-1.06,86422.37,86.42
1108,Exit short,15/05/2024 09:30,Short Exit,143.85,252.822,36606.09738,237.65,0.65,905.1,2.47,-192.14,-0.52,86660.02,86.66
1108,Entry short,14/05/2024 15:30,Short,144.79,252.822,36606.09738,237.65,0.65,905.1,2.47,-192.14,-0.52,86660.02,86.66
1109,Exit long,16/05/2024 16:00,Long Exit,158.52,273.385,40726.16345,2610.83,6.41,4324.95,10.62,-188.64,-0.46,89270.84,89.27
1109,Entry long,15/05/2024 14:00,Long,148.97,273.385,40726.16345,2610.83,6.41,4324.95,10.62,-188.64,-0.46,89270.84,89.27
1110,Exit long,18/05/2024 16:00,Long Exit,172.36,225.41,37596.1339,1255.53,3.34,2089.55,5.56,-227.66,-0.61,90526.38,90.53
1110,Entry long,17/05/2024 08:00,Long,166.79,225.41,37596.1339,1255.53,3.34,2089.55,5.56,-227.66,-0.61,90526.38,90.53
1111,Exit short,20/05/2024 03:30,Short Exit,172.21,303.519,51513.24468,-755.76,-1.47,1141.23,2.22,-825.57,-1.6,89770.62,89.77
1111,Entry short,19/05/2024 13:30,Short,169.72,303.519,51513.24468,-755.76,-1.47,1141.23,2.22,-825.57,-1.6,89770.62,89.77
1112,Exit long,21/05/2024 08:30,Long Exit,181.02,237.836,41752.1098,1300.96,3.12,3172.73,7.6,-111.78,-0.27,91071.58,91.07
1112,Entry long,20/05/2024 06:00,Long,175.55,237.836,41752.1098,1300.96,3.12,3172.73,7.6,-111.78,-0.27,91071.58,91.07
1113,Exit short,22/05/2024 07:00,Short Exit,181.5,213.782,37557.22176,-1244.21,-3.31,280.05,0.75,-1274.14,-3.39,89827.37,89.83
1113,Entry short,21/05/2024 20:30,Short,175.68,213.782,37557.22176,-1244.21,-3.31,280.05,0.75,-1274.14,-3.39,89827.37,89.83
1114,Exit long,23/05/2024 02:30,Long Exit,177.63,187.749,34202.23533,-852.38,-2.49,24.41,0.07,-1229.76,-3.6,88974.98,88.97
1114,Entry long,22/05/2024 17:30,Long,182.17,187.749,34202.23533,-852.38,-2.49,24.41,0.07,-1229.76,-3.6,88974.98,88.97
1115,Exit short,23/05/2024 22:30,Short Exit,176.16,261.662,45921.681,-172.7,-0.38,2655.87,5.78,-654.15,-1.42,88802.29,88.8
1115,Entry short,23/05/2024 11:30,Short,175.5,261.662,45921.681,-172.7,-0.38,2655.87,5.78,-654.15,-1.42,88802.29,88.8
1116,Exit long,24/05/2024 06:30,Stop Hit,167.76,141.411,25309.74078,-1586.63,-6.27,86.26,0.34,-1694.1,-6.69,87215.66,87.22
1116,Entry long,23/05/2024 23:00,Long,178.98,141.411,25309.74078,-1586.63,-6.27,86.26,0.34,-1694.1,-6.69,87215.66,87.22
1117,Exit short,24/05/2024 19:30,Short Exit,169.37,177.286,29565.98622,-460.94,-1.56,757.01,2.56,-680.78,-2.3,86754.72,86.75
1117,Entry short,24/05/2024 08:30,Short,166.77,177.286,29565.98622,-460.94,-1.56,757.01,2.56,-680.78,-2.3,86754.72,86.75
1118,Exit short,27/05/2024 02:00,Short Exit,165.6,416.936,69140.49688,95.9,0.14,2013.8,2.91,-496.15,-0.72,86850.61,86.85
1118,Entry short,26/05/2024 03:30,Short,165.83,416.936,69140.49688,95.9,0.14,2013.8,2.91,-496.15,-0.72,86850.61,86.85
1119,Exit long,28/05/2024 03:30,Long Exit,168.46,322.138,53932.34396,335.02,0.62,1565.59,2.9,-360.79,-0.67,87185.63,87.19
1119,Entry long,27/05/2024 12:30,Long,167.42,322.138,53932.34396,335.02,0.62,1565.59,2.9,-360.79,-0.67,87185.63,87.19
1120,Exit long,29/05/2024 14:00,Long Exit,168.79,256.044,44231.601,-1013.93,-2.29,302.13,0.68,-1728.3,-3.91,86171.7,86.17
1120,Entry long,28/05/2024 14:30,Long,172.75,256.044,44231.601,-1013.93,-2.29,302.13,0.68,-1728.3,-3.91,86171.7,86.17
1121,Exit short,30/05/2024 18:30,Short Exit,171.07,278.84,46638.7784,-1062.38,-2.28,1034.5,2.22,-1087.48,-2.33,85109.32,85.11
1121,Entry short,30/05/2024 07:30,Short,167.26,278.84,46638.7784,-1062.38,-2.28,1034.5,2.22,-1087.48,-2.33,85109.32,85.11
1122,Exit long,31/05/2024 01:30,Long Exit,166.02,267.761,45880.84735,-1427.17,-3.11,136.56,0.3,-1448.59,-3.16,83682.16,83.68
1122,Entry long,30/05/2024 19:00,Long,171.35,267.761,45880.84735,-1427.17,-3.11,136.56,0.3,-1448.59,-3.16,83682.16,83.68
1123,Exit short,01/06/2024 03:30,Short Exit,166.91,320.194,52771.17314,-672.41,-1.27,365.02,0.69,-806.89,-1.53,83009.74,83.01
1123,Entry short,31/05/2024 17:00,Short,164.81,320.194,52771.17314,-672.41,-1.27,365.02,0.69,-806.89,-1.53,83009.74,83.01
1124,Exit short,03/06/2024 07:30,Short Exit,165.49,645.947,106865.4717,-32.3,-0.03,2661.3,2.49,-549.05,-0.51,82977.45,82.98
1124,Entry short,02/06/2024 08:30,Short,165.44,645.947,106865.4717,-32.3,-0.03,2661.3,2.49,-549.05,-0.51,82977.45,82.98
1125,Exit long,05/06/2024 15:30,Long Exit,172.37,372.243,61691.83239,2471.69,4.01,3398.58,5.51,-1016.22,-1.65,85449.14,85.45
1125,Entry long,03/06/2024 10:00,Long,165.73,372.243,61691.83239,2471.69,4.01,3398.58,5.51,-1016.22,-1.65,85449.14,85.45
1126,Exit long,06/06/2024 06:30,Long Exit,172.4,318.114,55587.24036,-744.39,-1.34,273.58,0.49,-785.74,-1.41,84704.76,84.7
1126,Entry long,05/06/2024 17:00,Long,174.74,318.114,55587.24036,-744.39,-1.34,273.58,0.49,-785.74,-1.41,84704.76,84.7
1127,Exit short,07/06/2024 07:00,Short Exit,172.05,488.028,83033.08392,-932.13,-1.12,1283.51,1.55,-1146.87,-1.38,83772.63,83.77
1127,Entry short,06/06/2024 20:30,Short,170.14,488.028,83033.08392,-932.13,-1.12,1283.51,1.55,-1146.87,-1.38,83772.63,83.77
1128,Exit short,08/06/2024 08:30,Short Exit,163.66,382.6,64184.976,1568.66,2.44,5677.78,8.85,-176,-0.27,85341.28,85.34
1128,Entry short,07/06/2024 18:30,Short,167.76,382.6,64184.976,1568.66,2.44,5677.78,8.85,-176,-0.27,85341.28,85.34
1129,Exit short,09/06/2024 11:00,Short Exit,159.49,380.588,59912.16296,-787.82,-1.31,342.53,0.57,-909.61,-1.52,84553.46,84.55
1129,Entry short,08/06/2024 23:30,Short,157.42,380.588,59912.16296,-787.82,-1.31,342.53,0.57,-909.61,-1.52,84553.46,84.55
1130,Exit long,10/06/2024 04:30,Long Exit,160.61,445.747,72046.08761,-454.66,-0.63,628.5,0.87,-561.64,-0.78,84098.81,84.1
1130,Entry long,09/06/2024 17:00,Long,161.63,445.747,72046.08761,-454.66,-0.63,628.5,0.87,-561.64,-0.78,84098.81,84.1
1131,Exit long,11/06/2024 01:00,Stop Hit,159.04,381.714,61978.90218,-1271.11,-2.05,209.94,0.34,-1603.2,-2.59,82827.7,82.83
1131,Entry long,10/06/2024 17:00,Long,162.37,381.714,61978.90218,-1271.11,-2.05,209.94,0.34,-1603.2,-2.59,82827.7,82.83
1132,Exit short,12/06/2024 05:30,Short Exit,151.2,309.93,48469.9527,1608.54,3.32,3468.12,7.16,-477.29,-0.98,84436.23,84.44
1132,Entry short,11/06/2024 03:00,Short,156.39,309.93,48469.9527,1608.54,3.32,3468.12,7.16,-477.29,-0.98,84436.23,84.44
1133,Exit long,13/06/2024 04:30,Long Exit,150.55,253.798,40318.35028,-2109.06,-5.23,756.32,1.88,-2337.48,-5.8,82327.17,82.33
1133,Entry long,12/06/2024 14:00,Long,158.86,253.798,40318.35028,-2109.06,-5.23,756.32,1.88,-2337.48,-5.8,82327.17,82.33
1134,Exit short,14/06/2024 07:00,Short Exit,148.67,277.817,41572.53588,269.48,0.65,1041.81,2.51,-738.99,-1.78,82596.66,82.6
1134,Entry short,13/06/2024 13:00,Short,149.64,277.817,41572.53588,269.48,0.65,1041.81,2.51,-738.99,-1.78,82596.66,82.6
1135,Exit short,15/06/2024 06:00,Short Exit,144.76,329.237,47986.29275,325.94,0.68,2001.76,4.17,-118.53,-0.25,82922.59,82.92
1135,Entry short,14/06/2024 15:30,Short,145.75,329.237,47986.29275,325.94,0.68,2001.76,4.17,-118.53,-0.25,82922.59,82.92
1136,Exit long,17/06/2024 05:00,Long Exit,147.36,554.301,80844.80085,836.99,1.04,3292.55,4.07,-332.58,-0.41,83759.59,83.76
1136,Entry long,16/06/2024 14:30,Long,145.85,554.301,80844.80085,836.99,1.04,3292.55,4.07,-332.58,-0.41,83759.59,83.76
1137,Exit short,18/06/2024 22:30,Short Exit,137.32,295.622,42140.9161,1546.1,3.67,4316.08,10.24,-1262.31,-3,85305.7,85.31
1137,Entry short,17/06/2024 11:30,Short,142.55,295.622,42140.9161,1546.1,3.67,4316.08,10.24,-1262.31,-3,85305.7,85.31
1138,Exit long,19/06/2024 15:30,Long Exit,135.83,221.107,31308.7512,-1275.79,-4.07,66.33,0.21,-1315.59,-4.2,84029.91,84.03
1138,Entry long,19/06/2024 08:00,Long,141.6,221.107,31308.7512,-1275.79,-4.07,66.33,0.21,-1315.59,-4.2,84029.91,84.03
1139,Exit short,20/06/2024 09:00,Short Exit,137.19,269.093,36190.31757,-726.55,-2.01,527.42,1.46,-992.95,-2.74,83303.36,83.3
1139,Entry short,20/06/2024 03:30,Short,134.49,269.093,36190.31757,-726.55,-2.01,527.42,1.46,-992.95,-2.74,83303.36,83.3
1140,Exit long,20/06/2024 15:30,Stop Hit,134.51,264.277,37133.56127,-1585.66,-4.27,129.5,0.35,-2103.64,-5.67,81717.7,81.72
1140,Entry long,20/06/2024 12:30,Long,140.51,264.277,37133.56127,-1585.66,-4.27,129.5,0.35,-2103.64,-5.67,81717.7,81.72
1141,Exit short,21/06/2024 16:00,Short Exit,132.95,236.813,31358.77746,-125.51,-0.4,715.18,2.28,-807.53,-2.58,81592.19,81.59
1141,Entry short,20/06/2024 17:30,Short,132.42,236.813,31358.77746,-125.51,-0.4,715.18,2.28,-807.53,-2.58,81592.19,81.59
1142,Exit short,21/06/2024 21:00,Short Exit,132.63,263.148,34017.14196,-884.18,-2.6,134.21,0.39,-1231.53,-3.62,80708.01,80.71
1142,Entry short,21/06/2024 18:30,Short,129.27,263.148,34017.14196,-884.18,-2.6,134.21,0.39,-1231.53,-3.62,80708.01,80.71
1143,Exit long,23/06/2024 00:30,Long Exit,133.81,245.03,33034.9446,-247.48,-0.75,470.46,1.42,-445.95,-1.35,80460.52,80.46
1143,Entry long,22/06/2024 00:00,Long,134.82,245.03,33034.9446,-247.48,-0.75,470.46,1.42,-445.95,-1.35,80460.52,80.46
1144,Exit short,24/06/2024 15:00,Short Exit,129.04,658.926,87689.87208,2662.06,3.04,7300.9,8.33,-46.12,-0.05,83122.59,83.12
1144,Entry short,23/06/2024 15:30,Short,133.08,658.926,87689.87208,2662.06,3.04,7300.9,8.33,-46.12,-0.05,83122.59,83.12
1145,Exit long,26/06/2024 00:30,Long Exit,136.29,212.201,28082.68034,838.19,2.98,1604.24,5.71,-241.91,-0.86,83960.78,83.96
1145,Entry long,25/06/2024 01:00,Long,132.34,212.201,28082.68034,838.19,2.98,1604.24,5.71,-241.91,-0.86,83960.78,83.96
1146,Exit long,26/06/2024 18:00,Long Exit,136.11,294.94,41026.154,-881.87,-2.15,120.93,0.29,-1038.19,-2.53,83078.91,83.08
1146,Entry long,26/06/2024 03:30,Long,139.1,294.94,41026.154,-881.87,-2.15,120.93,0.29,-1038.19,-2.53,83078.91,83.08
1147,Exit short,27/06/2024 11:00,Short Exit,138.29,325.718,44333.47698,-710.07,-1.6,410.4,0.93,-765.44,-1.73,82368.84,82.37
1147,Entry short,26/06/2024 18:00,Short,136.11,325.718,44333.47698,-710.07,-1.6,410.4,0.93,-765.44,-1.73,82368.84,82.37
1148,Exit long,28/06/2024 04:00,Long Exit,147.08,379.563,53085.68118,2740.44,5.16,4308.04,8.12,-508.61,-0.96,85109.29,85.11
1148,Entry long,27/06/2024 13:30,Long,139.86,379.563,53085.68118,2740.44,5.16,4308.04,8.12,-508.61,-0.96,85109.29,85.11
1149,Exit short,29/06/2024 11:00,Short Exit,142.87,228.636,32313.12588,-352.1,-1.09,530.44,1.64,-356.67,-1.1,84757.19,84.76
1149,Entry short,28/06/2024 19:00,Short,141.33,228.636,32313.12588,-352.1,-1.09,530.44,1.64,-356.67,-1.1,84757.19,84.76
1150,Exit short,30/06/2024 09:30,Stop Hit,140.82,474.407,66056.43068,-749.56,-1.13,1019.98,1.54,-1076.9,-1.63,84007.63,84.01
1150,Entry short,30/06/2024 03:30,Short,139.24,474.407,66056.43068,-749.56,-1.13,1019.98,1.54,-1076.9,-1.63,84007.63,84.01
1151,Exit long,01/07/2024 13:00,Long Exit,146.15,452.122,64486.16086,1591.47,2.47,2938.79,4.56,-4.52,-0.01,85599.09,85.6
1151,Entry long,30/06/2024 16:30,Long,142.63,452.122,64486.16086,1591.47,2.47,2938.79,4.56,-4.52,-0.01,85599.09,85.6
1152,Exit long,03/07/2024 05:30,Stop Hit,149.47,334.975,49623.1965,445.52,0.9,2297.93,4.63,-716.85,-1.44,86044.62,86.04
1152,Entry long,01/07/2024 17:30,Long,148.14,334.975,49623.1965,445.52,0.9,2297.93,4.63,-716.85,-1.44,86044.62,86.04
1153,Exit short,04/07/2024 21:00,Short Exit,134,289.623,42464.52426,3655.04,8.61,4935.18,11.62,-243.28,-0.57,89699.66,89.7
1153,Entry short,03/07/2024 08:30,Short,146.62,289.623,42464.52426,3655.04,8.61,4935.18,11.62,-243.28,-0.57,89699.66,89.7
1154,Exit short,05/07/2024 13:00,Short Exit,130.13,224.632,28719.2012,-512.16,-1.78,1538.73,5.36,-676.14,-2.35,89187.49,89.19
1154,Entry short,05/07/2024 01:00,Short,127.85,224.632,28719.2012,-512.16,-1.78,1538.73,5.36,-676.14,-2.35,89187.49,89.19
1155,Exit long,07/07/2024 06:00,Long Exit,139.48,156.004,21165.06268,594.38,2.81,1354.11,6.4,-521.05,-2.46,89781.87,89.78
1155,Entry long,05/07/2024 17:30,Long,135.67,156.004,21165.06268,594.38,2.81,1354.11,6.4,-521.05,-2.46,89781.87,89.78
1156,Exit short,08/07/2024 09:30,Stop Hit,137.28,289.967,39908.15821,101.49,0.25,2859.07,7.16,-571.23,-1.43,89883.36,89.88
1156,Entry short,07/07/2024 14:30,Short,137.63,289.967,39908.15821,101.49,0.25,2859.07,7.16,-571.23,-1.43,89883.36,89.88
1157,Exit long,10/07/2024 02:30,Long Exit,140.25,199.113,28088.87091,-163.27,-0.58,649.11,2.31,-1501.31,-5.34,89720.09,89.72
1157,Entry long,08/07/2024 10:30,Long,141.07,199.113,28088.87091,-163.27,-0.58,649.11,2.31,-1501.31,-5.34,89720.09,89.72
1158,Exit long,10/07/2024 16:00,Long Exit,140.81,256.587,37292.35458,-1162.34,-3.12,220.66,0.59,-1347.08,-3.61,88557.75,88.56
1158,Entry long,10/07/2024 05:30,Long,145.34,256.587,37292.35458,-1162.34,-3.12,220.66,0.59,-1347.08,-3.61,88557.75,88.56
1159,Exit long,11/07/2024 17:00,Stop Hit,138.44,354.771,50987.68812,-1873.19,-3.67,42.57,0.08,-2142.82,-4.2,86684.56,86.68
1159,Entry long,11/07/2024 14:00,Long,143.72,354.771,50987.68812,-1873.19,-3.67,42.57,0.08,-2142.82,-4.2,86684.56,86.68
1160,Exit short,12/07/2024 15:00,Short Exit,138.76,295.629,40926.87876,-94.6,-0.23,1336.24,3.26,-254.24,-0.62,86589.95,86.59
1160,Entry short,11/07/2024 17:00,Short,138.44,295.629,40926.87876,-94.6,-0.23,1336.24,3.26,-254.24,-0.62,86589.95,86.59
1161,Exit long,14/07/2024 00:00,Long Exit,142.2,425.506,59830.39866,676.55,1.13,693.57,1.16,-642.51,-1.07,87266.51,87.27
1161,Entry long,13/07/2024 11:00,Long,140.61,425.506,59830.39866,676.55,1.13,693.57,1.16,-642.51,-1.07,87266.51,87.27
1162,Exit long,14/07/2024 16:00,Long Exit,145.02,439.771,62487.06139,1288.53,2.06,2159.28,3.46,-272.66,-0.44,88555.04,88.56
1162,Entry long,14/07/2024 00:30,Long,142.09,439.771,62487.06139,1288.53,2.06,2159.28,3.46,-272.66,-0.44,88555.04,88.56
1163,Exit long,16/07/2024 08:00,Long Exit,154.03,404.68,59520.3344,2812.53,4.73,5317.5,8.93,-190.2,-0.32,91367.56,91.37
1163,Entry long,14/07/2024 22:30,Long,147.08,404.68,59520.3344,2812.53,4.73,5317.5,8.93,-190.2,-0.32,91367.56,91.37
1164,Exit long,17/07/2024 16:30,Long Exit,160.23,221.035,35582.2143,-165.78,-0.47,623.32,1.75,-464.17,-1.3,91201.79,91.2
1164,Entry long,16/07/2024 17:00,Long,160.98,221.035,35582.2143,-165.78,-0.47,623.32,1.75,-464.17,-1.3,91201.79,91.2
1165,Exit long,20/07/2024 12:30,Long Exit,168.41,274.986,44503.73424,1806.66,4.06,2909.35,6.54,-742.46,-1.67,93008.45,93.01
1165,Entry long,19/07/2024 05:00,Long,161.84,274.986,44503.73424,1806.66,4.06,2909.35,6.54,-742.46,-1.67,93008.45,93.01
1166,Exit long,21/07/2024 07:30,Long Exit,172.55,306.537,53411.00688,-518.05,-0.97,386.24,0.72,-741.82,-1.39,92490.4,92.49
1166,Entry long,20/07/2024 19:00,Long,174.24,306.537,53411.00688,-518.05,-0.97,386.24,0.72,-741.82,-1.39,92490.4,92.49
1167,Exit long,21/07/2024 19:30,Stop Hit,176.52,333.712,58533.0848,373.76,0.64,624.04,1.07,-1711.94,-2.92,92864.16,92.86
1167,Entry long,21/07/2024 17:00,Long,175.4,333.712,58533.0848,373.76,0.64,624.04,1.07,-1711.94,-2.92,92864.16,92.86
1168,Exit long,22/07/2024 10:00,Long Exit,177.23,217.778,38111.15,485.64,1.27,2214.8,5.81,-156.8,-0.41,93349.81,93.35
1168,Entry long,21/07/2024 20:00,Long,175,217.778,38111.15,485.64,1.27,2214.8,5.81,-156.8,-0.41,93349.81,93.35
1169,Exit short,24/07/2024 09:30,Short Exit,176.14,245.951,43196.37413,-125.44,-0.29,1453.57,3.37,-762.45,-1.77,93224.37,93.22
1169,Entry short,23/07/2024 06:00,Short,175.63,245.951,43196.37413,-125.44,-0.29,1453.57,3.37,-762.45,-1.77,93224.37,93.22
1170,Exit long,24/07/2024 23:00,Long Exit,177.5,263.812,46792.33444,34.3,0.07,1353.36,2.89,-485.41,-1.04,93258.66,93.26
1170,Entry long,24/07/2024 15:00,Long,177.37,263.812,46792.33444,34.3,0.07,1353.36,2.89,-485.41,-1.04,93258.66,93.26
1171,Exit short,25/07/2024 23:00,Short Exit,171.91,156.916,26809.0986,-166.33,-0.62,852.05,3.18,-335.8,-1.25,93092.33,93.09
1171,Entry short,25/07/2024 04:00,Short,170.85,156.916,26809.0986,-166.33,-0.62,852.05,3.18,-335.8,-1.25,93092.33,93.09
1172,Exit long,27/07/2024 17:00,Long Exit,182.53,226.249,40181.8224,1115.41,2.78,2427.65,6.04,-438.92,-1.09,94207.73,94.21
1172,Entry long,26/07/2024 06:30,Long,177.6,226.249,40181.8224,1115.41,2.78,2427.65,6.04,-438.92,-1.09,94207.73,94.21
1173,Exit short,28/07/2024 15:00,Short Exit,186.42,257.29,46551.4797,-1412.52,-3.03,725.56,1.56,-1512.87,-3.25,92795.22,92.8
1173,Entry short,27/07/2024 20:30,Short,180.93,257.29,46551.4797,-1412.52,-3.03,725.56,1.56,-1512.87,-3.25,92795.22,92.8
1174,Exit long,29/07/2024 15:30,Long Exit,189.05,267.38,50267.44,280.75,0.56,1598.93,3.18,-299.47,-0.6,93075.97,93.08
1174,Entry long,29/07/2024 01:30,Long,188,267.38,50267.44,280.75,0.56,1598.93,3.18,-299.47,-0.6,93075.97,93.08
1175,Exit short,31/07/2024 07:00,Short Exit,181.72,239.609,43901.16098,359.41,0.82,1876.14,4.27,-414.52,-0.94,93435.38,93.44
1175,Entry short,30/07/2024 00:30,Short,183.22,239.609,43901.16098,359.41,0.82,1876.14,4.27,-414.52,-0.94,93435.38,93.44
1176,Exit long,31/07/2024 19:30,Long Exit,179.06,234.436,42770.50384,-792.39,-1.85,499.35,1.17,-820.53,-1.92,92642.98,92.64
1176,Entry long,31/07/2024 07:30,Long,182.44,234.436,42770.50384,-792.39,-1.85,499.35,1.17,-820.53,-1.92,92642.98,92.64
1177,Exit short,01/08/2024 23:30,Stop Hit,167.93,207.199,36587.19942,1792.27,4.9,3868.41,10.57,-87.02,-0.24,94435.26,94.44
1177,Entry short,31/07/2024 21:00,Short,176.58,207.199,36587.19942,1792.27,4.9,3868.41,10.57,-87.02,-0.24,94435.26,94.44
1178,Exit short,04/08/2024 20:30,Stop Hit,142.34,173.084,27279.76924,2642.99,9.69,4567.69,16.74,-109.04,-0.4,97078.25,97.08
1178,Entry short,02/08/2024 16:00,Short,157.61,173.084,27279.76924,2642.99,9.69,4567.69,16.74,-109.04,-0.4,97078.25,97.08
1179,Exit short,05/08/2024 16:00,Short Exit,129.31,155.777,20470.65557,327.13,1.6,3335.19,16.29,-342.71,-1.67,97405.38,97.41
1179,Entry short,05/08/2024 02:00,Short,131.41,155.777,20470.65557,327.13,1.6,3335.19,16.29,-342.71,-1.67,97405.38,97.41
1180,Exit long,06/08/2024 15:00,Long Exit,138.93,101.653,14172.46126,-49.81,-0.35,465.57,3.29,-336.47,-2.37,97355.57,97.36
1180,Entry long,06/08/2024 04:00,Long,139.42,101.653,14172.46126,-49.81,-0.35,465.57,3.29,-336.47,-2.37,97355.57,97.36
1181,Exit long,07/08/2024 16:00,Long Exit,147.07,125.063,18090.36295,302.65,1.67,1294.4,7.16,-290.15,-1.6,97658.23,97.66
1181,Entry long,06/08/2024 15:30,Long,144.65,125.063,18090.36295,302.65,1.67,1294.4,7.16,-290.15,-1.6,97658.23,97.66
1182,Exit short,08/08/2024 03:00,Short Exit,152.76,158.707,22717.31998,-1526.76,-6.72,276.15,1.22,-1569.61,-6.91,96131.46,96.13
1182,Entry short,07/08/2024 23:30,Short,143.14,158.707,22717.31998,-1526.76,-6.72,276.15,1.22,-1569.61,-6.91,96131.46,96.13
1183,Exit long,09/08/2024 11:30,Long Exit,156.93,144.955,22450.6304,297.16,1.32,1278.5,5.69,-498.65,-2.22,96428.62,96.43
1183,Entry long,08/08/2024 04:00,Long,154.88,144.955,22450.6304,297.16,1.32,1278.5,5.69,-498.65,-2.22,96428.62,96.43
1184,Exit short,10/08/2024 01:30,Short Exit,157.29,204.19,31379.9192,-737.13,-2.35,604.4,1.93,-1035.24,-3.3,95691.49,95.69
1184,Entry short,09/08/2024 16:00,Short,153.68,204.19,31379.9192,-737.13,-2.35,604.4,1.93,-1035.24,-3.3,95691.49,95.69
1185,Exit long,11/08/2024 12:30,Long Exit,153.6,402.542,62969.64506,-1139.19,-1.81,631.99,1,-1239.83,-1.97,94552.3,94.55
1185,Entry long,11/08/2024 10:00,Long,156.43,402.542,62969.64506,-1139.19,-1.81,631.99,1,-1239.83,-1.97,94552.3,94.55
1186,Exit short,12/08/2024 09:00,Short Exit,145.94,330.604,50294.78652,2046.44,4.07,3613.5,7.18,-56.2,-0.11,96598.74,96.6
1186,Entry short,11/08/2024 13:30,Short,152.13,330.604,50294.78652,2046.44,4.07,3613.5,7.18,-56.2,-0.11,96598.74,96.6
1187,Exit long,14/08/2024 18:00,Long Exit,144.95,288.235,43217.9559,-1438.29,-3.33,363.18,0.84,-1723.65,-3.99,95160.45,95.16
1187,Entry long,14/08/2024 14:00,Long,149.94,288.235,43217.9559,-1438.29,-3.33,363.18,0.84,-1723.65,-3.99,95160.45,95.16
1188,Exit short,15/08/2024 14:00,Short Exit,142.82,287.933,41367.33411,244.74,0.59,757.26,1.83,-532.68,-1.29,95405.19,95.41
1188,Entry short,14/08/2024 23:30,Short,143.67,287.933,41367.33411,244.74,0.59,757.26,1.83,-532.68,-1.29,95405.19,95.41
1189,Exit short,17/08/2024 14:30,Short Exit,140.28,246.38,34387.2566,-174.93,-0.51,854.94,2.49,-1318.13,-3.83,95230.26,95.23
1189,Entry short,15/08/2024 19:30,Short,139.57,246.38,34387.2566,-174.93,-0.51,854.94,2.49,-1318.13,-3.83,95230.26,95.23
1190,Exit long,19/08/2024 01:00,Long Exit,142.42,496.555,70292.3258,427.04,0.61,2855.19,4.06,-496.55,-0.71,95657.3,95.66
1190,Entry long,18/08/2024 00:30,Long,141.56,496.555,70292.3258,427.04,0.61,2855.19,4.06,-496.55,-0.71,95657.3,95.66
1191,Exit short,19/08/2024 14:30,Short Exit,143.9,404.616,57030.6252,-1193.62,-2.09,250.86,0.44,-1476.85,-2.59,94463.68,94.46
1191,Entry short,19/08/2024 11:00,Short,140.95,404.616,57030.6252,-1193.62,-2.09,250.86,0.44,-1476.85,-2.59,94463.68,94.46
1192,Exit long,20/08/2024 15:30,Long Exit,143.78,329.674,48320.31818,-919.79,-1.9,745.06,1.54,-1134.08,-2.35,93543.89,93.54
1192,Entry long,20/08/2024 02:00,Long,146.57,329.674,48320.31818,-919.79,-1.9,745.06,1.54,-1134.08,-2.35,93543.89,93.54
1193,Exit short,21/08/2024 21:00,Short Exit,143.43,493.153,69647.99819,-1084.94,-1.56,1247.68,1.79,-1198.36,-1.72,92458.95,92.46
1193,Entry short,21/08/2024 10:30,Short,141.23,493.153,69647.99819,-1084.94,-1.56,1247.68,1.79,-1198.36,-1.72,92458.95,92.46
1194,Exit long,23/08/2024 16:00,Long Exit,143.53,486.728,70346.79784,-486.73,-0.69,1250.89,1.78,-1231.42,-1.75,91972.23,91.97
1194,Entry long,22/08/2024 13:00,Long,144.53,486.728,70346.79784,-486.73,-0.69,1250.89,1.78,-1231.42,-1.75,91972.23,91.97
1195,Exit long,25/08/2024 08:30,Stop Hit,156.61,361.137,53520.5034,3037.16,5.67,5092.03,9.51,-227.52,-0.43,95009.38,95.01
1195,Entry long,23/08/2024 19:00,Long,148.2,361.137,53520.5034,3037.16,5.67,5092.03,9.51,-227.52,-0.43,95009.38,95.01
1196,Exit short,27/08/2024 07:00,Short Exit,159.34,274.81,43244.1016,-544.12,-1.26,502.9,1.16,-640.31,-1.48,94465.27,94.47
1196,Entry short,26/08/2024 16:00,Short,157.36,274.81,43244.1016,-544.12,-1.26,502.9,1.16,-640.31,-1.48,94465.27,94.47
1197,Exit short,29/08/2024 10:30,Short Exit,145.5,323.232,49887.62688,2857.37,5.73,4463.83,8.95,-478.38,-0.96,97322.63,97.32
1197,Entry short,27/08/2024 11:30,Short,154.34,323.232,49887.62688,2857.37,5.73,4463.83,8.95,-478.38,-0.96,97322.63,97.32
1198,Exit short,01/09/2024 17:00,Stop Hit,134.29,317.944,44423.13568,1726.44,3.89,3090.42,6.96,-534.15,-1.2,99049.07,99.05
1198,Entry short,29/08/2024 20:00,Short,139.72,317.944,44423.13568,1726.44,3.89,3090.42,6.96,-534.15,-1.2,99049.07,99.05
1199,Exit short,02/09/2024 11:30,Short Exit,132.53,273.936,35365.1376,-939.6,-2.66,630.05,1.78,-966.99,-2.73,98109.47,98.11
1199,Entry short,02/09/2024 00:00,Short,129.1,273.936,35365.1376,-939.6,-2.66,630.05,1.78,-966.99,-2.73,98109.47,98.11
1200,Exit long,03/09/2024 10:00,Long Exit,133.22,375.509,50644.89883,-619.59,-1.22,1224.16,2.42,-788.57,-1.56,97489.88,97.49
1200,Entry long,03/09/2024 02:30,Long,134.87,375.509,50644.89883,-619.59,-1.22,1224.16,2.42,-788.57,-1.56,97489.88,97.49
1201,Exit short,04/09/2024 16:00,Stop Hit,132.85,368.674,47776.46366,-1201.88,-2.52,2577.03,5.39,-1441.52,-3.02,96288,96.29
1201,Entry short,03/09/2024 16:30,Short,129.59,368.674,47776.46366,-1201.88,-2.52,2577.03,5.39,-1441.52,-3.02,96288,96.29
1202,Exit long,05/09/2024 04:30,Long Exit,131.72,273.502,36619.18278,-593.5,-1.62,210.6,0.58,-642.73,-1.76,95694.5,95.69
1202,Entry long,04/09/2024 18:00,Long,133.89,273.502,36619.18278,-593.5,-1.62,210.6,0.58,-642.73,-1.76,95694.5,95.69
1203,Exit long,05/09/2024 16:30,Long Exit,130.61,331.204,44404.52028,-1145.97,-2.58,52.99,0.12,-1255.26,-2.83,94548.54,94.55
1203,Entry long,05/09/2024 15:30,Long,134.07,331.204,44404.52028,-1145.97,-2.58,52.99,0.12,-1255.26,-2.83,94548.54,94.55
1204,Exit short,06/09/2024 04:30,Short Exit,131.34,310.584,40096.3944,-695.71,-1.74,388.23,0.97,-764.04,-1.91,93852.83,93.85
1204,Entry short,05/09/2024 20:30,Short,129.1,310.584,40096.3944,-695.71,-1.74,388.23,0.97,-764.04,-1.91,93852.83,93.85
1205,Exit short,06/09/2024 14:00,Stop Hit,133.54,363.065,46519.51845,-1964.18,-4.22,261.41,0.56,-2167.5,-4.66,91888.65,91.89
1205,Entry short,06/09/2024 08:30,Short,128.13,363.065,46519.51845,-1964.18,-4.22,261.41,0.56,-2167.5,-4.66,91888.65,91.89
1206,Exit short,07/09/2024 07:30,Short Exit,127.28,259.185,33144.5778,155.51,0.47,2042.38,6.16,-207.35,-0.63,92044.16,92.04
1206,Entry short,06/09/2024 16:30,Short,127.88,259.185,33144.5778,155.51,0.47,2042.38,6.16,-207.35,-0.63,92044.16,92.04
1207,Exit long,08/09/2024 16:00,Long Exit,127.65,530.602,68766.0192,-1034.67,-1.5,726.92,1.06,-1050.59,-1.53,91009.48,91.01
1207,Entry long,08/09/2024 09:00,Long,129.6,530.602,68766.0192,-1034.67,-1.5,726.92,1.06,-1050.59,-1.53,91009.48,91.01
1208,Exit long,09/09/2024 06:30,Long Exit,128.13,439.954,57840.75238,-1469.45,-2.54,22,0.04,-1601.43,-2.77,89540.04,89.54
1208,Entry long,08/09/2024 23:30,Long,131.47,439.954,57840.75238,-1469.45,-2.54,22,0.04,-1601.43,-2.77,89540.04,89.54
1209,Exit long,11/09/2024 03:00,Long Exit,133.42,314.578,41731.91748,239.08,0.57,1679.85,4.03,-151,-0.36,89779.12,89.78
1209,Entry long,09/09/2024 18:00,Long,132.66,314.578,41731.91748,239.08,0.57,1679.85,4.03,-151,-0.36,89779.12,89.78
1210,Exit short,11/09/2024 19:00,Short Exit,133.08,388.028,51510.717,-128.05,-0.25,1765.53,3.43,-279.38,-0.54,89651.07,89.65
1210,Entry short,11/09/2024 05:30,Short,132.75,388.028,51510.717,-128.05,-0.25,1765.53,3.43,-279.38,-0.54,89651.07,89.65
1211,Exit long,12/09/2024 15:00,Long Exit,134.51,388.233,52574.51286,-353.29,-0.67,322.23,0.61,-586.23,-1.12,89297.77,89.3
1211,Entry long,12/09/2024 04:30,Long,135.42,388.233,52574.51286,-353.29,-0.67,322.23,0.61,-586.23,-1.12,89297.77,89.3
1212,Exit long,12/09/2024 17:00,Long Exit,133.55,412.594,55419.62608,-317.7,-0.57,495.11,0.89,-371.33,-0.67,88980.08,88.98
1212,Entry long,12/09/2024 16:00,Long,134.32,412.594,55419.62608,-317.7,-0.57,495.11,0.89,-371.33,-0.67,88980.08,88.98
1213,Exit short,13/09/2024 16:30,Short Exit,135.79,558.537,74564.6895,-1279.05,-1.72,1005.37,1.35,-1418.68,-1.9,87701.03,87.7
1213,Entry short,13/09/2024 11:30,Short,133.5,558.537,74564.6895,-1279.05,-1.72,1005.37,1.35,-1418.68,-1.9,87701.03,87.7
1214,Exit long,14/09/2024 08:00,Long Exit,137.95,406.11,55722.3531,300.52,0.54,1051.83,1.89,-507.64,-0.91,88001.55,88
1214,Entry long,13/09/2024 17:30,Long,137.21,406.11,55722.3531,300.52,0.54,1051.83,1.89,-507.64,-0.91,88001.55,88
1215,Exit short,17/09/2024 06:30,Short Exit,131.9,841.656,114153.8033,3139.38,2.75,5655.93,4.95,-648.08,-0.57,91140.93,91.14
1215,Entry short,15/09/2024 12:30,Short,135.63,841.656,114153.8033,3139.38,2.75,5655.93,4.95,-648.08,-0.57,91140.93,91.14
1216,Exit long,18/09/2024 01:30,Long Exit,130.72,475.938,63099.86004,-885.24,-1.4,1413.54,2.24,-951.88,-1.51,90255.68,90.26
1216,Entry long,17/09/2024 07:00,Long,132.58,475.938,63099.86004,-885.24,-1.4,1413.54,2.24,-951.88,-1.51,90255.68,90.26
1217,Exit short,18/09/2024 19:30,Stop Hit,131.26,529.643,68413.98631,-1106.95,-1.62,1112.25,1.63,-1678.97,-2.45,89148.73,89.15
1217,Entry short,18/09/2024 11:00,Short,129.17,529.643,68413.98631,-1106.95,-1.62,1112.25,1.63,-1678.97,-2.45,89148.73,89.15
1218,Exit long,20/09/2024 19:00,Long Exit,145.84,320.702,43083.10668,3688.07,8.56,5823.95,13.52,-22.45,-0.05,92836.81,92.84
1218,Entry long,19/09/2024 01:00,Long,134.34,320.702,43083.10668,3688.07,8.56,5823.95,13.52,-22.45,-0.05,92836.81,92.84
1219,Exit short,23/09/2024 00:00,Short Exit,145.47,492.975,71486.30475,-226.77,-0.32,1917.67,2.68,-359.87,-0.5,92610.03,92.61
1219,Entry short,22/09/2024 11:00,Short,145.01,492.975,71486.30475,-226.77,-0.32,1917.67,2.68,-359.87,-0.5,92610.03,92.61
1220,Exit long,24/09/2024 15:30,Long Exit,144.69,366.766,54208.0148,-1140.64,-2.1,352.1,0.65,-1202.99,-2.22,91469.39,91.47
1220,Entry long,24/09/2024 09:30,Long,147.8,366.766,54208.0148,-1140.64,-2.1,352.1,0.65,-1202.99,-2.22,91469.39,91.47
1221,Exit long,25/09/2024 19:00,Long Exit,149.46,330.121,49270.55925,69.33,0.14,1568.07,3.18,-382.94,-0.78,91538.72,91.54
1221,Entry long,24/09/2024 21:30,Long,149.25,330.121,49270.55925,69.33,0.14,1568.07,3.18,-382.94,-0.78,91538.72,91.54
1222,Exit short,26/09/2024 08:00,Short Exit,150.62,390.672,57807.73584,-1035.28,-1.79,546.94,0.95,-1300.94,-2.25,90503.44,90.5
1222,Entry short,26/09/2024 01:00,Short,147.97,390.672,57807.73584,-1035.28,-1.79,546.94,0.95,-1300.94,-2.25,90503.44,90.5
1223,Exit long,28/09/2024 07:30,Long Exit,157.71,399.313,60911.20502,2064.45,3.39,3549.89,5.83,-579,-0.95,92567.88,92.57
1223,Entry long,26/09/2024 12:30,Long,152.54,399.313,60911.20502,2064.45,3.39,3549.89,5.83,-579,-0.95,92567.88,92.57
1224,Exit short,29/09/2024 03:00,Short Exit,157.94,415.377,64956.65526,-647.99,-1,311.53,0.48,-681.22,-1.05,91919.9,91.92
1224,Entry short,28/09/2024 10:30,Short,156.38,415.377,64956.65526,-647.99,-1,311.53,0.48,-681.22,-1.05,91919.9,91.92
1225,Exit long,30/09/2024 04:00,Stop Hit,156,470.055,74550.723,-1222.14,-1.64,1494.77,2.01,-1236.24,-1.66,90697.75,90.7
1225,Entry long,29/09/2024 20:30,Long,158.6,470.055,74550.723,-1222.14,-1.64,1494.77,2.01,-1236.24,-1.66,90697.75,90.7
1226,Exit short,01/10/2024 08:00,Short Exit,156.85,347.823,53710.82766,-845.21,-1.57,1022.6,1.9,-1029.56,-1.92,89852.54,89.85
1226,Entry short,30/09/2024 11:00,Short,154.42,347.823,53710.82766,-845.21,-1.57,1022.6,1.9,-1029.56,-1.92,89852.54,89.85
1227,Exit short,02/10/2024 08:00,Short Exit,148.39,338.095,50981.34505,811.43,1.59,2873.81,5.64,-87.9,-0.17,90663.97,90.66
1227,Entry short,01/10/2024 16:00,Short,150.79,338.095,50981.34505,811.43,1.59,2873.81,5.64,-87.9,-0.17,90663.97,90.66
1228,Exit short,04/10/2024 03:00,Short Exit,138.15,242.595,34513.99065,999.49,2.9,2222.17,6.44,-167.39,-0.48,91663.46,91.66
1228,Entry short,02/10/2024 20:00,Short,142.27,242.595,34513.99065,999.49,2.9,2222.17,6.44,-167.39,-0.48,91663.46,91.66
1229,Exit long,05/10/2024 05:30,Long Exit,142.18,317.904,45228.20208,-28.61,-0.06,724.82,1.6,-1341.55,-2.97,91634.85,91.63
1229,Entry long,04/10/2024 14:00,Long,142.27,317.904,45228.20208,-28.61,-0.06,724.82,1.6,-1341.55,-2.97,91634.85,91.63
1230,Exit long,05/10/2024 18:00,Long Exit,142.21,410.096,59074.3288,-754.58,-1.28,360.88,0.61,-783.28,-1.33,90880.27,90.88
1230,Entry long,05/10/2024 08:30,Long,144.05,410.096,59074.3288,-754.58,-1.28,360.88,0.61,-783.28,-1.33,90880.27,90.88
1231,Exit short,06/10/2024 03:30,Short Exit,143.37,545.99,77055.5687,-1223.02,-1.59,0,0,-1315.84,-1.71,89657.26,89.66
1231,Entry short,05/10/2024 22:00,Short,141.13,545.99,77055.5687,-1223.02,-1.59,0,0,-1315.84,-1.71,89657.26,89.66
1232,Exit long,07/10/2024 12:30,Stop Hit,146.54,632.94,91535.7828,1215.24,1.33,4038.16,4.41,-335.46,-0.37,90872.5,90.87
1232,Entry long,06/10/2024 14:30,Long,144.62,632.94,91535.7828,1215.24,1.33,4038.16,4.41,-335.46,-0.37,90872.5,90.87
1233,Exit long,07/10/2024 20:00,Long Exit,145.72,338.563,50906.33268,-1570.93,-3.09,690.67,1.36,-1648.8,-3.24,89301.57,89.3
1233,Entry long,07/10/2024 15:30,Long,150.36,338.563,50906.33268,-1570.93,-3.09,690.67,1.36,-1648.8,-3.24,89301.57,89.3
1234,Exit short,08/10/2024 15:30,Short Exit,142.75,290.986,42169.69112,631.44,1.5,800.21,1.9,-197.87,-0.47,89933.01,89.93
1234,Entry short,08/10/2024 00:30,Short,144.92,290.986,42169.69112,631.44,1.5,800.21,1.9,-197.87,-0.47,89933.01,89.93
1235,Exit short,11/10/2024 03:00,Short Exit,140.25,304.423,43270.68522,575.36,1.33,2015.28,4.66,-974.15,-2.25,90508.37,90.51
1235,Entry short,08/10/2024 16:30,Short,142.14,304.423,43270.68522,575.36,1.33,2015.28,4.66,-974.15,-2.25,90508.37,90.51
1236,Exit long,13/10/2024 04:30,Long Exit,145.5,380.466,53619.07338,1738.73,3.24,2431.18,4.53,-110.34,-0.21,92247.09,92.25
1236,Entry long,11/10/2024 04:00,Long,140.93,380.466,53619.07338,1738.73,3.24,2431.18,4.53,-110.34,-0.21,92247.09,92.25
1237,Exit long,13/10/2024 16:30,Long Exit,144.55,669.562,98874.22054,-2089.03,-2.11,482.08,0.49,-2155.99,-2.18,90158.06,90.16
1237,Entry long,13/10/2024 11:00,Long,147.67,669.562,98874.22054,-2089.03,-2.11,482.08,0.49,-2155.99,-2.18,90158.06,90.16
1238,Exit short,13/10/2024 23:30,Long,147.85,491.779,71086.65445,-1622.87,-2.28,19.67,0.03,-2119.57,-2.98,88535.2,88.54
1238,Entry short,13/10/2024 16:30,Short,144.55,491.779,71086.65445,-1622.87,-2.28,19.67,0.03,-2119.57,-2.98,88535.2,88.54
1239,Exit long,15/10/2024 06:30,Long Exit,155.03,483.72,71518.002,3473.11,4.86,5122.59,7.16,-507.91,-0.71,92008.31,92.01
1239,Entry long,13/10/2024 23:30,Long,147.85,483.72,71518.002,3473.11,4.86,5122.59,7.16,-507.91,-0.71,92008.31,92.01
1240,Exit short,15/10/2024 15:00,Stop Hit,158.55,359.134,54739.20428,-2201.49,-4.02,136.47,0.25,-2327.19,-4.25,89806.81,89.81
1240,Entry short,15/10/2024 13:00,Short,152.42,359.134,54739.20428,-2201.49,-4.02,136.47,0.25,-2327.19,-4.25,89806.81,89.81
1241,Exit long,15/10/2024 16:00,Long Exit,152.38,292.281,46341.15255,-1803.37,-3.89,344.89,0.74,-2063.5,-4.45,88003.44,88
1241,Entry long,15/10/2024 15:00,Long,158.55,292.281,46341.15255,-1803.37,-3.89,344.89,0.74,-2063.5,-4.45,88003.44,88
1242,Exit short,16/10/2024 12:00,Short Exit,155.92,237.226,36148.49788,-839.78,-2.32,493.43,1.37,-953.65,-2.64,87163.66,87.16
1242,Entry short,15/10/2024 16:00,Short,152.38,237.226,36148.49788,-839.78,-2.32,493.43,1.37,-953.65,-2.64,87163.66,87.16
1243,Exit short,18/10/2024 04:00,Short Exit,153.18,372.301,57055.12825,26.06,0.05,2081.16,3.65,-152.64,-0.27,87189.72,87.19
1243,Entry short,17/10/2024 06:00,Short,153.25,372.301,57055.12825,26.06,0.05,2081.16,3.65,-152.64,-0.27,87189.72,87.19
1244,Exit long,19/10/2024 13:00,Long Exit,153.83,425.325,65406.4785,21.27,0.03,1220.68,1.87,-697.53,-1.07,87210.98,87.21
1244,Entry long,18/10/2024 09:30,Long,153.78,425.325,65406.4785,21.27,0.03,1220.68,1.87,-697.53,-1.07,87210.98,87.21
1245,Exit long,20/10/2024 14:30,Long Exit,157.84,558.464,87662.09408,485.86,0.55,2049.56,2.34,-921.47,-1.05,87696.85,87.7
1245,Entry long,19/10/2024 16:00,Long,156.97,558.464,87662.09408,485.86,0.55,2049.56,2.34,-921.47,-1.05,87696.85,87.7
1246,Exit long,21/10/2024 14:00,Long Exit,165.68,471.655,75842.124,2301.68,3.03,5169.34,6.82,-915.01,-1.21,89998.52,90
1246,Entry long,20/10/2024 16:00,Long,160.8,471.655,75842.124,2301.68,3.03,5169.34,6.82,-915.01,-1.21,89998.52,90
1247,Exit long,23/10/2024 04:30,Long Exit,164.98,258.983,43289.00845,-561.99,-1.3,994.49,2.3,-621.56,-1.44,89436.53,89.44
1247,Entry long,22/10/2024 13:30,Long,167.15,258.983,43289.00845,-561.99,-1.3,994.49,2.3,-621.56,-1.44,89436.53,89.44
1248,Exit long,25/10/2024 05:00,Long Exit,174.69,218.203,37216.70368,901.18,2.42,1907.09,5.12,-122.19,-0.33,90337.71,90.34
1248,Entry long,23/10/2024 20:30,Long,170.56,218.203,37216.70368,901.18,2.42,1907.09,5.12,-122.19,-0.33,90337.71,90.34
1249,Exit short,25/10/2024 15:30,Stop Hit,176.84,306.57,52785.2226,-1428.62,-2.71,465.99,0.88,-1661.61,-3.15,88909.09,88.91
1249,Entry short,25/10/2024 09:30,Short,172.18,306.57,52785.2226,-1428.62,-2.71,465.99,0.88,-1661.61,-3.15,88909.09,88.91
1250,Exit short,26/10/2024 08:30,Short Exit,167.89,227.287,38636.51713,477.3,1.24,2470.61,6.39,-363.66,-0.94,89386.4,89.39
1250,Entry short,25/10/2024 18:30,Short,169.99,227.287,38636.51713,477.3,1.24,2470.61,6.39,-363.66,-0.94,89386.4,89.39
1251,Exit long,28/10/2024 03:00,Long Exit,175.17,293.381,50687.43537,704.11,1.39,1613.6,3.18,-736.39,-1.45,90090.51,90.09
1251,Entry long,26/10/2024 21:30,Long,172.77,293.381,50687.43537,704.11,1.39,1613.6,3.18,-736.39,-1.45,90090.51,90.09
1252,Exit long,28/10/2024 16:30,Long Exit,174.77,299.973,53182.21317,-755.93,-1.42,197.98,0.37,-1262.89,-2.37,89334.58,89.33
1252,Entry long,28/10/2024 11:00,Long,177.29,299.973,53182.21317,-755.93,-1.42,197.98,0.37,-1262.89,-2.37,89334.58,89.33
1253,Exit short,28/10/2024 22:30,Long,178.93,269.623,47122.01171,-1121.63,-2.38,625.53,1.33,-1356.2,-2.88,88212.95,88.21
1253,Entry short,28/10/2024 16:30,Short,174.77,269.623,47122.01171,-1121.63,-2.38,625.53,1.33,-1356.2,-2.88,88212.95,88.21
1254,Exit long,29/10/2024 20:00,Long Exit,178.17,259.034,46348.95362,-196.87,-0.42,1152.7,2.49,-463.67,-1,88016.08,88.02
1254,Entry long,28/10/2024 22:30,Long,178.93,259.034,46348.95362,-196.87,-0.42,1152.7,2.49,-463.67,-1,88016.08,88.02
1255,Exit short,01/11/2024 13:00,Short Exit,169.65,333.977,58719.83614,2060.64,3.51,3596.93,6.13,-490.95,-0.84,90076.72,90.08
1255,Entry short,30/10/2024 11:30,Short,175.82,333.977,58719.83614,2060.64,3.51,3596.93,6.13,-490.95,-0.84,90076.72,90.08
1256,Exit short,02/11/2024 22:00,Short Exit,166.21,227.886,37396.0926,-480.84,-1.29,453.49,1.21,-1027.77,-2.75,89595.88,89.6
1256,Entry short,01/11/2024 16:00,Short,164.1,227.886,37396.0926,-480.84,-1.29,453.49,1.21,-1027.77,-2.75,89595.88,89.6
1257,Exit short,04/11/2024 03:00,Short Exit,164.45,354.883,57558.47377,-802.04,-1.39,1550.84,2.69,-943.99,-1.64,88793.84,88.79
1257,Entry short,03/11/2024 03:00,Short,162.19,354.883,57558.47377,-802.04,-1.39,1550.84,2.69,-943.99,-1.64,88793.84,88.79
1258,Exit short,05/11/2024 06:30,Short Exit,160.1,275.136,43289.89824,-759.38,-1.75,613.55,1.42,-1026.26,-2.37,88034.47,88.03
1258,Entry short,04/11/2024 21:30,Short,157.34,275.136,43289.89824,-759.38,-1.75,613.55,1.42,-1026.26,-2.37,88034.47,88.03
1259,Exit long,08/11/2024 17:00,Long Exit,197.07,329.178,54367.03848,10504.07,19.32,13114.45,24.12,-674.81,-1.24,98538.54,98.54
1259,Entry long,05/11/2024 14:30,Long,165.16,329.178,54367.03848,10504.07,19.32,13114.45,24.12,-674.81,-1.24,98538.54,98.54
1260,Exit short,10/11/2024 02:30,Short Exit,201.17,279.363,55020.54285,-1178.91,-2.14,44.7,0.08,-1489,-2.71,97359.63,97.36
1260,Entry short,09/11/2024 17:30,Short,196.95,279.363,55020.54285,-1178.91,-2.14,44.7,0.08,-1489,-2.71,97359.63,97.36
1261,Exit long,10/11/2024 21:00,Long Exit,202.49,238.192,48210.0608,21.44,0.04,3065.53,6.36,-352.52,-0.73,97381.06,97.38
1261,Entry long,10/11/2024 03:00,Long,202.4,238.192,48210.0608,21.44,0.04,3065.53,6.36,-352.52,-0.73,97381.06,97.38
1262,Exit long,12/11/2024 10:30,Long Exit,215.3,149.409,32226.02721,-58.27,-0.18,1422.37,4.41,-494.54,-1.53,97322.8,97.32
1262,Entry long,11/11/2024 11:00,Long,215.69,149.409,32226.02721,-58.27,-0.18,1422.37,4.41,-494.54,-1.53,97322.8,97.32
1263,Exit short,13/11/2024 14:00,Short Exit,212.43,110.2,23024.086,-385.7,-1.68,910.25,3.95,-719.61,-3.13,96937.09,96.94
1263,Entry short,12/11/2024 13:00,Short,208.93,110.2,23024.086,-385.7,-1.68,910.25,3.95,-719.61,-3.13,96937.09,96.94
1264,Exit long,14/11/2024 15:00,Long Exit,210.49,122.02,26444.1744,-760.18,-2.87,741.88,2.81,-1316.6,-4.98,96176.91,96.18
1264,Entry long,13/11/2024 15:00,Long,216.72,122.02,26444.1744,-760.18,-2.87,741.88,2.81,-1316.6,-4.98,96176.91,96.18
1265,Exit short,15/11/2024 10:30,Short Exit,213.77,146.956,30463.9788,-950.81,-3.12,414.42,1.36,-974.32,-3.2,95226.1,95.23
1265,Entry short,15/11/2024 04:30,Short,207.3,146.956,30463.9788,-950.81,-3.12,414.42,1.36,-974.32,-3.2,95226.1,95.23
1266,Exit long,16/11/2024 15:30,Long Exit,214.17,163.925,35801.22,-693.4,-1.94,588.49,1.64,-719.63,-2.01,94532.7,94.53
1266,Entry long,15/11/2024 21:30,Long,218.4,163.925,35801.22,-693.4,-1.94,588.49,1.64,-719.63,-2.01,94532.7,94.53
1267,Exit short,17/11/2024 04:00,Short Exit,221.37,186.705,39928.7313,-1402.15,-3.51,263.25,0.66,-1426.43,-3.57,93130.55,93.13
1267,Entry short,17/11/2024 02:30,Short,213.86,186.705,39928.7313,-1402.15,-3.51,263.25,0.66,-1426.43,-3.57,93130.55,93.13
1268,Exit long,18/11/2024 18:00,Long Exit,239.79,134.103,31361.32758,795.23,2.54,1955.22,6.23,-598.1,-1.91,93925.78,93.93
1268,Entry long,17/11/2024 04:30,Long,233.86,134.103,31361.32758,795.23,2.54,1955.22,6.23,-598.1,-1.91,93925.78,93.93
1269,Exit short,20/11/2024 13:30,Short Exit,238.47,154.098,36283.91508,-463.83,-1.28,784.36,2.16,-514.69,-1.42,93461.95,93.46
1269,Entry short,19/11/2024 23:00,Short,235.46,154.098,36283.91508,-463.83,-1.28,784.36,2.16,-514.69,-1.42,93461.95,93.46
1270,Exit short,21/11/2024 05:00,Short Exit,240.39,156.762,36392.2983,-1291.72,-3.55,70.54,0.19,-1517.46,-4.17,92170.23,92.17
1270,Entry short,21/11/2024 03:00,Short,232.15,156.762,36392.2983,-1291.72,-3.55,70.54,0.19,-1517.46,-4.17,92170.23,92.17
1271,Exit long,22/11/2024 13:30,Long Exit,253.18,148.561,35874.51028,1738.16,4.85,3403.53,9.49,-251.07,-0.7,93908.39,93.91
1271,Entry long,21/11/2024 08:00,Long,241.48,148.561,35874.51028,1738.16,4.85,3403.53,9.49,-251.07,-0.7,93908.39,93.91
1272,Exit short,24/11/2024 23:30,Short Exit,253.93,203.339,51231.26105,-402.61,-0.79,2240.8,4.37,-571.38,-1.12,93505.78,93.51
1272,Entry short,24/11/2024 11:00,Short,251.95,203.339,51231.26105,-402.61,-0.79,2240.8,4.37,-571.38,-1.12,93505.78,93.51
1273,Exit short,27/11/2024 00:30,Short Exit,231.38,148.088,35924.66792,1660.07,4.62,3078.75,8.57,-707.86,-1.97,95165.84,95.17
1273,Entry short,25/11/2024 15:30,Short,242.59,148.088,35924.66792,1660.07,4.62,3078.75,8.57,-707.86,-1.97,95165.84,95.17
1274,Exit long,28/11/2024 06:00,Long Exit,238.33,168.166,39988.19314,90.81,0.23,1259.56,3.15,-215.25,-0.54,95256.66,95.26
1274,Entry long,27/11/2024 14:00,Long,237.79,168.166,39988.19314,90.81,0.23,1259.56,3.15,-215.25,-0.54,95256.66,95.26
1275,Exit long,30/11/2024 01:30,Long Exit,240.62,236.784,58064.17248,-1089.21,-1.88,367.02,0.63,-1470.43,-2.53,94167.45,94.17
1275,Entry long,29/11/2024 12:00,Long,245.22,236.784,58064.17248,-1089.21,-1.88,367.02,0.63,-1470.43,-2.53,94167.45,94.17
1276,Exit short,01/12/2024 15:30,Short Exit,239.16,247.45,59172.7185,-7.42,-0.01,1244.67,2.1,-504.8,-0.85,94160.02,94.16
1276,Entry short,30/11/2024 15:00,Short,239.13,247.45,59172.7185,-7.42,-0.01,1244.67,2.1,-504.8,-0.85,94160.02,94.16
1277,Exit short,03/12/2024 06:30,Short Exit,228.95,220.093,51510.56572,1120.27,2.17,3090.11,6,-132.06,-0.26,95280.3,95.28
1277,Entry short,02/12/2024 03:00,Short,234.04,220.093,51510.56572,1120.27,2.17,3090.11,6,-132.06,-0.26,95280.3,95.28
1278,Exit short,03/12/2024 20:30,Short Exit,229.46,167.472,36549.08928,-1879.04,-5.14,542.61,1.48,-1969.47,-5.39,93401.26,93.4
1278,Entry short,03/12/2024 14:00,Short,218.24,167.472,36549.08928,-1879.04,-5.14,542.61,1.48,-1969.47,-5.39,93401.26,93.4
1279,Exit long,04/12/2024 12:30,Long Exit,232.72,128.706,30285.80886,-333.35,-1.1,732.34,2.42,-837.88,-2.77,93067.91,93.07
1279,Entry long,03/12/2024 21:30,Long,235.31,128.706,30285.80886,-333.35,-1.1,732.34,2.42,-837.88,-2.77,93067.91,93.07
1280,Exit short,05/12/2024 03:30,Short Exit,236.1,133.92,30087.8064,-1530.71,-5.09,79.01,0.26,-1864.17,-6.2,91537.2,91.54
1280,Entry short,05/12/2024 01:30,Short,224.67,133.92,30087.8064,-1530.71,-5.09,79.01,0.26,-1864.17,-6.2,91537.2,91.54
1281,Exit long,05/12/2024 20:00,Long Exit,233.08,130.896,31260.58272,-751.34,-2.4,778.83,2.49,-846.9,-2.71,90785.87,90.79
1281,Entry long,05/12/2024 10:30,Long,238.82,130.896,31260.58272,-751.34,-2.4,778.83,2.49,-846.9,-2.71,90785.87,90.79
1282,Exit long,06/12/2024 12:00,Long Exit,234.12,92.917,22859.44034,-1105.71,-4.84,91.06,0.4,-1153.1,-5.04,89680.15,89.68
1282,Entry long,06/12/2024 01:30,Long,246.02,92.917,22859.44034,-1105.71,-4.84,91.06,0.4,-1153.1,-5.04,89680.15,89.68
1283,Exit long,08/12/2024 05:30,Long Exit,237.54,226.599,54977.44938,-1151.12,-2.09,224.33,0.41,-1244.03,-2.26,88529.03,88.53
1283,Entry long,07/12/2024 15:00,Long,242.62,226.599,54977.44938,-1151.12,-2.09,224.33,0.41,-1244.03,-2.26,88529.03,88.53
1284,Exit short,09/12/2024 00:00,Short Exit,237.02,231.67,54187.613,-722.81,-1.33,13.9,0.03,-891.93,-1.65,87806.22,87.81
1284,Entry short,08/12/2024 10:00,Short,233.9,231.67,54187.613,-722.81,-1.33,13.9,0.03,-891.93,-1.65,87806.22,87.81
1285,Exit short,11/12/2024 03:30,Short Exit,217.93,261.959,61214.57912,4125.85,6.74,8036.9,13.13,-306.49,-0.5,91932.07,91.93
1285,Entry short,09/12/2024 01:00,Short,233.68,261.959,61214.57912,4125.85,6.74,8036.9,13.13,-306.49,-0.5,91932.07,91.93
1286,Exit long,12/12/2024 20:00,Long Exit,227.25,141.063,31004.23677,1052.33,3.39,2101.84,6.78,-211.59,-0.68,92984.41,92.98
1286,Entry long,11/12/2024 07:00,Long,219.79,141.063,31004.23677,1052.33,3.39,2101.84,6.78,-211.59,-0.68,92984.41,92.98
1287,Exit short,14/12/2024 01:30,Short Exit,226.8,203.111,45689.81945,-375.76,-0.82,883.53,1.93,-708.86,-1.55,92608.65,92.61
1287,Entry short,13/12/2024 01:30,Short,224.95,203.111,45689.81945,-375.76,-0.82,883.53,1.93,-708.86,-1.55,92608.65,92.61
1288,Exit short,15/12/2024 16:30,Short Exit,221.65,307.287,67867.40682,-242.76,-0.36,1760.75,2.59,-777.44,-1.15,92365.89,92.37
1288,Entry short,14/12/2024 14:00,Short,220.86,307.287,67867.40682,-242.76,-0.36,1760.75,2.59,-777.44,-1.15,92365.89,92.37
1289,Exit long,16/12/2024 10:30,Long Exit,217.57,233.679,52325.40168,-1483.86,-2.84,850.59,1.63,-1598.36,-3.05,90882.03,90.88
1289,Entry long,15/12/2024 23:30,Long,223.92,233.679,52325.40168,-1483.86,-2.84,850.59,1.63,-1598.36,-3.05,90882.03,90.88
1290,Exit short,17/12/2024 09:30,Short Exit,219.99,222.356,47608.64316,-1307.45,-2.75,611.48,1.28,-1696.58,-3.56,89574.58,89.57
1290,Entry short,16/12/2024 12:00,Short,214.11,222.356,47608.64316,-1307.45,-2.75,611.48,1.28,-1696.58,-3.56,89574.58,89.57
1291,Exit long,18/12/2024 03:30,Long Exit,218.41,200.969,45015.04631,-1121.41,-2.49,996.81,2.21,-1404.77,-3.12,88453.17,88.45
1291,Entry long,17/12/2024 12:30,Long,223.99,200.969,45015.04631,-1121.41,-2.49,996.81,2.21,-1404.77,-3.12,88453.17,88.45
1292,Exit short,20/12/2024 20:00,Short Exit,191.63,156.811,33193.75248,3144.06,9.47,5711.06,17.21,-175.63,-0.53,91597.23,91.6
1292,Entry short,18/12/2024 20:00,Short,211.68,156.811,33193.75248,3144.06,9.47,5711.06,17.21,-175.63,-0.53,91597.23,91.6
1293,Exit long,21/12/2024 11:30,Long Exit,192.47,163.544,32465.11944,-987.81,-3.04,567.5,1.75,-1028.69,-3.17,90609.42,90.61
1293,Entry long,21/12/2024 06:30,Long,198.51,163.544,32465.11944,-987.81,-3.04,567.5,1.75,-1028.69,-3.17,90609.42,90.61
1294,Exit short,22/12/2024 08:00,Short Exit,184.31,153.76,28268.776,-70.73,-0.25,917.95,3.25,-215.26,-0.76,90538.7,90.54
1294,Entry short,21/12/2024 17:30,Short,183.85,153.76,28268.776,-70.73,-0.25,917.95,3.25,-215.26,-0.76,90538.7,90.54
1295,Exit short,23/12/2024 03:30,Short Exit,184.89,177.26,31640.91,-1132.69,-3.58,358.07,1.13,-1143.33,-3.61,89406,89.41
1295,Entry short,22/12/2024 20:00,Short,178.5,177.26,31640.91,-1132.69,-3.58,358.07,1.13,-1143.33,-3.61,89406,89.41
1296,Exit long,25/12/2024 12:00,Long Exit,195.8,156.632,29615.97856,1052.57,3.55,2000.19,6.75,-462.06,-1.56,90458.57,90.46
1296,Entry long,23/12/2024 19:30,Long,189.08,156.632,29615.97856,1052.57,3.55,2000.19,6.75,-462.06,-1.56,90458.57,90.46
1297,Exit short,27/12/2024 05:00,Short Exit,189.77,234.491,45857.05996,1357.7,2.96,2115.11,4.61,-65.66,-0.14,91816.27,91.82
1297,Entry short,26/12/2024 04:30,Short,195.56,234.491,45857.05996,1357.7,2.96,2115.11,4.61,-65.66,-0.14,91816.27,91.82
1298,Exit short,27/12/2024 09:30,Short Exit,193.36,229.925,42920.09975,-1538.2,-3.58,4.6,0.01,-1775.02,-4.14,90278.07,90.28
1298,Entry short,27/12/2024 08:00,Short,186.67,229.925,42920.09975,-1538.2,-3.58,4.6,0.01,-1775.02,-4.14,90278.07,90.28
1299,Exit short,28/12/2024 09:00,Short Exit,186.3,201.455,37180.5348,-350.53,-0.94,366.65,0.99,-558.03,-1.5,89927.54,89.93
1299,Entry short,27/12/2024 15:30,Short,184.56,201.455,37180.5348,-350.53,-0.94,366.65,0.99,-558.03,-1.5,89927.54,89.93
1300,Exit long,29/12/2024 15:00,Long Exit,193.91,315.22,60720.8286,403.48,0.66,1601.32,2.64,-66.2,-0.11,90331.02,90.33
1300,Entry long,28/12/2024 17:00,Long,192.63,315.22,60720.8286,403.48,0.66,1601.32,2.64,-66.2,-0.11,90331.02,90.33
1301,Exit short,30/12/2024 12:30,Short Exit,194.42,317.735,61109.97255,-664.07,-1.09,1194.68,1.95,-791.16,-1.29,89666.96,89.67
1301,Entry short,29/12/2024 21:00,Short,192.33,317.735,61109.97255,-664.07,-1.09,1194.68,1.95,-791.16,-1.29,89666.96,89.67
1302,Exit short,30/12/2024 19:00,Short Exit,194.54,218.723,41065.24325,-1485.13,-3.62,406.82,0.99,-1548.56,-3.77,88181.83,88.18
1302,Entry short,30/12/2024 15:00,Short,187.75,218.723,41065.24325,-1485.13,-3.62,406.82,0.99,-1548.56,-3.77,88181.83,88.18
1303,Exit long,31/12/2024 21:30,Long Exit,192.71,196.969,38645.3178,-687.42,-1.78,604.69,1.56,-1607.27,-4.16,87494.41,87.49
1303,Entry long,30/12/2024 20:00,Long,196.2,196.969,38645.3178,-687.42,-1.78,604.69,1.56,-1607.27,-4.16,87494.41,87.49
1304,Exit short,01/01/2025 16:00,Short Exit,191.91,306.114,57913.70766,-832.63,-1.44,15.31,0.03,-906.1,-1.56,86661.77,86.66
1304,Entry short,01/01/2025 10:00,Short,189.19,306.114,57913.70766,-832.63,-1.44,15.31,0.03,-906.1,-1.56,86661.77,86.66
1305,Exit long,04/01/2025 03:30,Long Exit,216.47,284.15,55457.5555,6052.4,10.91,7007.14,12.64,-150.6,-0.27,92714.17,92.71
1305,Entry long,02/01/2025 00:30,Long,195.17,284.15,55457.5555,6052.4,10.91,7007.14,12.64,-150.6,-0.27,92714.17,92.71
1306,Exit long,05/01/2025 08:30,Long Exit,215.28,384.156,83730.64176,-1029.54,-1.23,418.73,0.5,-1221.62,-1.46,91684.63,91.68
1306,Entry long,05/01/2025 04:00,Long,217.96,384.156,83730.64176,-1029.54,-1.23,418.73,0.5,-1221.62,-1.46,91684.63,91.68
1307,Exit short,06/01/2025 02:00,Short Exit,214.67,386.179,82329.50101,-571.54,-0.69,668.09,0.81,-764.63,-0.93,91113.09,91.11
1307,Entry short,05/01/2025 10:00,Short,213.19,386.179,82329.50101,-571.54,-0.69,668.09,0.81,-764.63,-0.93,91113.09,91.11
1308,Exit long,07/01/2025 03:00,Long Exit,216.59,323.852,70269.40696,-126.3,-0.18,2007.88,2.86,-385.38,-0.55,90986.79,90.99
1308,Entry long,06/01/2025 12:30,Long,216.98,323.852,70269.40696,-126.3,-0.18,2007.88,2.86,-385.38,-0.55,90986.79,90.99
1309,Exit short,10/01/2025 06:00,Short Exit,189.9,362.16,77527.5912,8753.41,11.29,11614.47,14.98,-105.03,-0.14,99740.2,99.74
1309,Entry short,07/01/2025 12:00,Short,214.07,362.16,77527.5912,8753.41,11.29,11614.47,14.98,-105.03,-0.14,99740.2,99.74
1310,Exit long,13/01/2025 02:30,Long Exit,186.97,329.659,62842.89517,-1206.55,-1.92,46.15,0.07,-1364.79,-2.17,98533.64,98.53
1310,Entry long,13/01/2025 01:00,Long,190.63,329.659,62842.89517,-1206.55,-1.92,46.15,0.07,-1364.79,-2.17,98533.64,98.53
1311,Exit short,13/01/2025 21:00,Short Exit,181.59,285.815,53092.9944,1191.85,2.24,4824.56,9.09,-348.69,-0.66,99725.49,99.73
1311,Entry short,13/01/2025 03:00,Short,185.76,285.815,53092.9944,1191.85,2.24,4824.56,9.09,-348.69,-0.66,99725.49,99.73
1312,Exit long,15/01/2025 10:00,Long Exit,186.65,253.858,47362.28706,20.31,0.04,1066.2,2.25,-477.25,-1.01,99745.8,99.75
1312,Entry long,14/01/2025 08:30,Long,186.57,253.858,47362.28706,20.31,0.04,1066.2,2.25,-477.25,-1.01,99745.8,99.75
1313,Exit long,16/01/2025 09:00,Long Exit,199.7,242.089,47381.65908,963.51,2.03,2558.88,5.4,-660.9,-1.39,100709.31,100.71
1313,Entry long,15/01/2025 14:00,Long,195.72,242.089,47381.65908,963.51,2.03,2558.88,5.4,-660.9,-1.39,100709.31,100.71
1314,Exit long,19/01/2025 21:30,Long Exit,263.65,230.279,47131.20293,13581.86,28.82,20992.23,44.54,-50.66,-0.11,114291.17,114.29
1314,Entry long,16/01/2025 11:30,Long,204.67,230.279,47131.20293,13581.86,28.82,20992.23,44.54,-50.66,-0.11,114291.17,114.29
1315,Exit short,20/01/2025 09:30,Short Exit,268,52.758,13614.2019,-524.94,-3.86,1509.41,11.09,-804.03,-5.91,113766.23,113.77
1315,Entry short,19/01/2025 22:30,Short,258.05,52.758,13614.2019,-524.94,-3.86,1509.41,11.09,-804.03,-5.91,113766.23,113.77
1316,Exit long,23/01/2025 02:00,Long Exit,253.18,85.156,22091.16952,-531.37,-2.41,1073.82,4.86,-1084.04,-4.91,113234.85,113.23
1316,Entry long,21/01/2025 19:00,Long,259.42,85.156,22091.16952,-531.37,-2.41,1073.82,4.86,-1084.04,-4.91,113234.85,113.23
1317,Exit short,23/01/2025 15:00,Short Exit,251.43,106.669,26533.91375,-285.87,-1.08,699.75,2.64,-641.08,-2.42,112948.98,112.95
1317,Entry short,23/01/2025 03:00,Short,248.75,106.669,26533.91375,-285.87,-1.08,699.75,2.64,-641.08,-2.42,112948.98,112.95
1318,Exit long,24/01/2025 20:30,Long Exit,258.89,103.868,26949.59128,-59.2,-0.22,1113.46,4.13,-147.49,-0.55,112889.77,112.89
1318,Entry long,24/01/2025 05:30,Long,259.46,103.868,26949.59128,-59.2,-0.22,1113.46,4.13,-147.49,-0.55,112889.77,112.89
1319,Exit short,25/01/2025 15:30,Short Exit,252.84,159.161,39406.67199,-835.6,-2.12,200.54,0.51,-1087.07,-2.76,112054.18,112.05
1319,Entry short,25/01/2025 06:30,Short,247.59,159.161,39406.67199,-835.6,-2.12,200.54,0.51,-1087.07,-2.76,112054.18,112.05
1320,Exit short,27/01/2025 15:00,Stop Hit,237.01,234.201,59060.80818,3552.83,6.02,7328.15,12.41,-25.76,-0.04,115607.01,115.61
1320,Entry short,26/01/2025 21:30,Short,252.18,234.201,59060.80818,3552.83,6.02,7328.15,12.41,-25.76,-0.04,115607.01,115.61
1321,Exit long,28/01/2025 14:30,Long Exit,236.04,142.108,34074.65624,-531.48,-1.56,599.7,1.76,-856.91,-2.51,115075.52,115.08
1321,Entry long,28/01/2025 05:00,Long,239.78,142.108,34074.65624,-531.48,-1.56,599.7,1.76,-856.91,-2.51,115075.52,115.08
1322,Exit short,29/01/2025 20:00,Short Exit,231.68,178.766,39854.09204,-1562.41,-3.92,46.48,0.12,-2356.14,-5.91,113513.11,113.51
1322,Entry short,29/01/2025 19:30,Short,222.94,178.766,39854.09204,-1562.41,-3.92,46.48,0.12,-2356.14,-5.91,113513.11,113.51
1323,Exit long,30/01/2025 21:00,Long Exit,238.63,131.271,31028.52627,296.67,0.96,1093.49,3.52,-1251.01,-4.03,113809.78,113.81
1323,Entry long,29/01/2025 20:30,Long,236.37,131.271,31028.52627,296.67,0.96,1093.49,3.52,-1251.01,-4.03,113809.78,113.81
1324,Exit short,31/01/2025 12:30,Short Exit,239.78,253.4,59498.32,-1261.93,-2.12,32.94,0.06,-1401.3,-2.36,112547.85,112.55
1324,Entry short,31/01/2025 09:30,Short,234.8,253.4,59498.32,-1261.93,-2.12,32.94,0.06,-1401.3,-2.36,112547.85,112.55
1325,Exit short,03/02/2025 15:30,Stop Hit,207.4,213.445,49781.77735,5513.28,11.07,12238.94,24.59,-689.43,-1.38,118061.13,118.06
1325,Entry short,31/01/2025 18:30,Short,233.23,213.445,49781.77735,5513.28,11.07,12238.94,24.59,-689.43,-1.38,118061.13,118.06
1326,Exit long,04/02/2025 05:30,Long Exit,204.2,95.022,20204.52786,-801.04,-3.96,697.46,3.45,-851.4,-4.21,117260.1,117.26
1326,Entry long,03/02/2025 19:30,Long,212.63,95.022,20204.52786,-801.04,-3.96,697.46,3.45,-851.4,-4.21,117260.1,117.26
1327,Exit short,06/02/2025 04:30,Short Exit,201.68,181.997,37356.70422,651.55,1.74,1841.81,4.93,-92.82,-0.25,117911.65,117.91
1327,Entry short,05/02/2025 15:30,Short,205.26,181.997,37356.70422,651.55,1.74,1841.81,4.93,-92.82,-0.25,117911.65,117.91
1328,Exit short,07/02/2025 03:30,Short Exit,194.14,225.152,43960.928,249.92,0.57,1769.69,4.03,-213.89,-0.49,118161.57,118.16
1328,Entry short,06/02/2025 15:00,Short,195.25,225.152,43960.928,249.92,0.57,1769.69,4.03,-213.89,-0.49,118161.57,118.16
1329,Exit long,07/02/2025 20:30,Stop Hit,191.57,202.833,40992.5493,-2135.83,-5.21,267.74,0.65,-2139.89,-5.22,116025.73,116.03
1329,Entry long,07/02/2025 14:30,Long,202.1,202.833,40992.5493,-2135.83,-5.21,267.74,0.65,-2139.89,-5.22,116025.73,116.03
1330,Exit long,09/02/2025 13:30,Long Exit,199.49,296.713,59010.28144,180.99,0.31,2519.09,4.27,-359.02,-0.61,116206.73,116.21
1330,Entry long,08/02/2025 22:30,Long,198.88,296.713,59010.28144,180.99,0.31,2519.09,4.27,-359.02,-0.61,116206.73,116.21
1331,Exit short,10/02/2025 00:30,Short Exit,203.41,216.474,42247.06584,-1785.91,-4.23,233.79,0.55,-2151.75,-5.09,114420.82,114.42
1331,Entry short,09/02/2025 22:00,Short,195.16,216.474,42247.06584,-1785.91,-4.23,233.79,0.55,-2151.75,-5.09,114420.82,114.42
1332,Exit long,10/02/2025 20:00,Long Exit,201.36,197.759,41244.61704,-1423.86,-3.45,96.9,0.23,-1489.13,-3.61,112996.95,113
1332,Entry long,10/02/2025 14:00,Long,208.56,197.759,41244.61704,-1423.86,-3.45,96.9,0.23,-1489.13,-3.61,112996.95,113
1333,Exit short,12/02/2025 13:30,Short Exit,198.05,248.37,49254.2547,64.58,0.13,1286.56,2.61,-680.53,-1.38,113061.53,113.06
1333,Entry short,11/02/2025 14:00,Short,198.31,248.37,49254.2547,64.58,0.13,1286.56,2.61,-680.53,-1.38,113061.53,113.06
1334,Exit short,13/02/2025 19:30,Short Exit,192.7,228.692,43902.00324,-166.95,-0.38,798.14,1.82,-1488.78,-3.39,112894.59,112.89
1334,Entry short,12/02/2025 14:00,Short,191.97,228.692,43902.00324,-166.95,-0.38,798.14,1.82,-1488.78,-3.39,112894.59,112.89
1335,Exit long,15/02/2025 06:30,Long Exit,196.87,362.116,71641.02944,-351.25,-0.49,2715.87,3.79,-503.34,-0.7,112543.34,112.54
1335,Entry long,14/02/2025 08:30,Long,197.84,362.116,71641.02944,-351.25,-0.49,2715.87,3.79,-503.34,-0.7,112543.34,112.54
1336,Exit short,16/02/2025 06:00,Short Exit,195.13,317.991,62071.8432,22.26,0.04,823.6,1.33,-273.47,-0.44,112565.59,112.57
1336,Entry short,15/02/2025 10:00,Short,195.2,317.991,62071.8432,22.26,0.04,823.6,1.33,-273.47,-0.44,112565.59,112.57
1337,Exit short,19/02/2025 10:00,Short Exit,170.76,375.11,72358.719,8304.94,11.48,12011.02,16.6,-412.62,-0.57,120870.53,120.87
1337,Entry short,16/02/2025 08:00,Short,192.9,375.11,72358.719,8304.94,11.48,12011.02,16.6,-412.62,-0.57,120870.53,120.87
1338,Exit long,19/02/2025 20:30,Long Exit,167.75,232.707,39995.35209,-958.75,-2.4,565.48,1.41,-1002.97,-2.51,119911.77,119.91
1338,Entry long,19/02/2025 10:30,Long,171.87,232.707,39995.35209,-958.75,-2.4,565.48,1.41,-1002.97,-2.51,119911.77,119.91
1339,Exit long,21/02/2025 16:00,Stop Hit,173.16,239.452,41631.12472,-167.62,-0.4,1594.75,3.83,-790.19,-1.9,119744.16,119.74
1339,Entry long,20/02/2025 04:30,Long,173.86,239.452,41631.12472,-167.62,-0.4,1594.75,3.83,-790.19,-1.9,119744.16,119.74
1340,Exit short,22/02/2025 07:30,Short Exit,172.19,235.542,40786.45272,228.48,0.56,1415.61,3.47,-588.85,-1.44,119972.63,119.97
1340,Entry short,21/02/2025 16:00,Short,173.16,235.542,40786.45272,228.48,0.56,1415.61,3.47,-588.85,-1.44,119972.63,119.97
1341,Exit short,25/02/2025 17:00,Short Exit,143.05,529.223,89756.2208,14050.87,15.65,19946.41,22.22,-169.35,-0.19,134023.5,134.02
1341,Entry short,23/02/2025 12:00,Short,169.6,529.223,89756.2208,14050.87,15.65,19946.41,22.22,-169.35,-0.19,134023.5,134.02
1342,Exit short,27/02/2025 04:30,Short Exit,137.81,231.48,31016.0052,-884.25,-2.85,773.14,2.49,-1252.31,-4.04,133139.25,133.14
1342,Entry short,26/02/2025 18:00,Short,133.99,231.48,31016.0052,-884.25,-2.85,773.14,2.49,-1252.31,-4.04,133139.25,133.14
1343,Exit short,28/02/2025 13:30,Stop Hit,137.23,272.296,36468.60328,-898.58,-2.46,2281.84,6.26,-1222.61,-3.35,132240.67,132.24
1343,Entry short,28/02/2025 01:30,Short,133.93,272.296,36468.60328,-898.58,-2.46,2281.84,6.26,-1222.61,-3.35,132240.67,132.24
1344,Exit long,01/03/2025 06:30,Long Exit,143.47,191.247,27769.0644,-330.86,-1.19,1157.04,4.17,-455.17,-1.64,131909.81,131.91
1344,Entry long,28/02/2025 14:30,Long,145.2,191.247,27769.0644,-330.86,-1.19,1157.04,4.17,-455.17,-1.64,131909.81,131.91
1345,Exit long,03/03/2025 07:00,Long Exit,161.82,240.477,36523.64676,2390.34,6.54,6726.14,18.42,-16.83,-0.05,134300.16,134.3
1345,Entry long,02/03/2025 15:30,Long,151.88,240.477,36523.64676,2390.34,6.54,6726.14,18.42,-16.83,-0.05,134300.16,134.3
1346,Exit short,04/03/2025 15:00,Short Exit,136.65,135.102,19750.56138,1288.87,6.53,1854.95,9.39,-249.94,-1.27,135589.03,135.59
1346,Entry short,03/03/2025 19:30,Short,146.19,135.102,19750.56138,1288.87,6.53,1854.95,9.39,-249.94,-1.27,135589.03,135.59
1347,Exit short,04/03/2025 19:30,Short Exit,141.9,141.664,19300.30336,-801.82,-4.15,34,0.18,-1208.39,-6.26,134787.22,134.79
1347,Entry short,04/03/2025 17:00,Short,136.24,141.664,19300.30336,-801.82,-4.15,34,0.18,-1208.39,-6.26,134787.22,134.79
1348,Exit long,05/03/2025 15:30,Long Exit,140.52,216.298,32204.60922,-1810.41,-5.62,181.69,0.56,-1853.67,-5.76,132976.8,132.98
1348,Entry long,05/03/2025 10:30,Long,148.89,216.298,32204.60922,-1810.41,-5.62,181.69,0.56,-1853.67,-5.76,132976.8,132.98
1349,Exit long,06/03/2025 14:00,Long Exit,146.69,236.968,35222.92352,-462.09,-1.31,1009.48,2.87,-516.59,-1.47,132514.72,132.51
1349,Entry long,06/03/2025 03:30,Long,148.64,236.968,35222.92352,-462.09,-1.31,1009.48,2.87,-516.59,-1.47,132514.72,132.51
1350,Exit short,07/03/2025 10:00,Short Exit,143.61,220.865,30474.9527,-1243.47,-4.08,649.34,2.13,-1817.72,-5.96,131271.25,131.27
1350,Entry short,07/03/2025 00:30,Short,137.98,220.865,30474.9527,-1243.47,-4.08,649.34,2.13,-1817.72,-5.96,131271.25,131.27
1351,Exit long,07/03/2025 22:30,Long Exit,141.2,193.303,28574.04946,-1279.67,-4.48,112.12,0.39,-1403.38,-4.91,129991.58,129.99
1351,Entry long,07/03/2025 19:30,Long,147.82,193.303,28574.04946,-1279.67,-4.48,112.12,0.39,-1403.38,-4.91,129991.58,129.99
1352,Exit short,09/03/2025 05:30,Short Exit,139.28,292.474,40118.65858,-617.12,-1.54,549.85,1.37,-655.14,-1.63,129374.46,129.37
1352,Entry short,08/03/2025 11:30,Short,137.17,292.474,40118.65858,-617.12,-1.54,549.85,1.37,-655.14,-1.63,129374.46,129.37
1353,Exit short,10/03/2025 09:30,Short Exit,130.24,429.808,58226.08976,2247.9,3.86,4917,8.44,-266.48,-0.46,131622.36,131.62
1353,Entry short,09/03/2025 12:30,Short,135.47,429.808,58226.08976,2247.9,3.86,4917,8.44,-266.48,-0.46,131622.36,131.62
1354,Exit short,11/03/2025 05:30,Short Exit,122.89,236.472,28854.31344,-205.73,-0.71,2369.45,8.21,-515.51,-1.79,131416.62,131.42
1354,Entry short,10/03/2025 14:30,Short,122.02,236.472,28854.31344,-205.73,-0.71,2369.45,8.21,-515.51,-1.79,131416.62,131.42
1355,Exit long,12/03/2025 04:00,Long Exit,122.52,214.397,27104.06874,-836.15,-3.08,430.94,1.59,-846.87,-3.12,130580.48,130.58
1355,Entry long,11/03/2025 18:30,Long,126.42,214.397,27104.06874,-836.15,-3.08,430.94,1.59,-846.87,-3.12,130580.48,130.58
1356,Exit long,13/03/2025 06:00,Long Exit,123.53,304.808,39076.3856,-1423.45,-3.64,954.05,2.44,-1575.86,-4.03,129157.02,129.16
1356,Entry long,12/03/2025 12:30,Long,128.2,304.808,39076.3856,-1423.45,-3.64,954.05,2.44,-1575.86,-4.03,129157.02,129.16
1357,Exit short,14/03/2025 08:00,Short Exit,124.68,305.657,37528.56646,-580.75,-1.55,617.43,1.65,-871.12,-2.32,128576.27,128.58
1357,Entry short,13/03/2025 16:30,Short,122.78,305.657,37528.56646,-580.75,-1.55,617.43,1.65,-871.12,-2.32,128576.27,128.58
1358,Exit long,16/03/2025 10:00,Long Exit,133.48,456.46,58869.6462,2058.63,3.5,3533,6,-629.91,-1.07,130634.91,130.63
1358,Entry long,14/03/2025 14:00,Long,128.97,456.46,58869.6462,2058.63,3.5,3533,6,-629.91,-1.07,130634.91,130.63
1359,Exit short,17/03/2025 08:00,Short Exit,129.26,501.79,65859.9375,998.56,1.52,3030.81,4.6,-70.25,-0.11,131633.47,131.63
1359,Entry short,16/03/2025 11:30,Short,131.25,501.79,65859.9375,998.56,1.52,3030.81,4.6,-70.25,-0.11,131633.47,131.63
1360,Exit short,18/03/2025 23:00,Short Exit,125.02,401.878,50303.06926,60.28,0.12,1370.4,2.72,-317.48,-0.63,131693.75,131.69
1360,Entry short,18/03/2025 02:00,Short,125.17,401.878,50303.06926,60.28,0.12,1370.4,2.72,-317.48,-0.63,131693.75,131.69
1361,Exit long,20/03/2025 10:30,Long Exit,131.23,575.135,72932.86935,2542.1,3.49,5354.51,7.34,-230.05,-0.32,134235.84,134.24
1361,Entry long,19/03/2025 11:00,Long,126.81,575.135,72932.86935,2542.1,3.49,5354.51,7.34,-230.05,-0.32,134235.84,134.24
1362,Exit short,21/03/2025 09:30,Short Exit,128.79,378.916,48137.48864,-663.1,-1.38,41.68,0.09,-780.57,-1.62,133572.75,133.57
1362,Entry short,20/03/2025 17:00,Short,127.04,378.916,48137.48864,-663.1,-1.38,41.68,0.09,-780.57,-1.62,133572.75,133.57
1363,Exit short,21/03/2025 19:00,Short Exit,127.31,512.479,64772.22081,-471.48,-0.73,809.72,1.25,-1711.68,-2.64,133101.27,133.1
1363,Entry short,21/03/2025 10:30,Short,126.39,512.479,64772.22081,-471.48,-0.73,809.72,1.25,-1711.68,-2.64,133101.27,133.1
1364,Exit long,22/03/2025 22:00,Long Exit,128.55,443.351,57276.51569,-283.74,-0.5,1174.88,2.05,-718.23,-1.25,132817.52,132.82
1364,Entry long,21/03/2025 22:00,Long,129.19,443.351,57276.51569,-283.74,-0.5,1174.88,2.05,-718.23,-1.25,132817.52,132.82
1365,Exit long,23/03/2025 19:00,Long Exit,130.79,748.782,98884.15092,-950.95,-0.96,1497.56,1.51,-1175.59,-1.19,131866.56,131.87
1365,Entry long,23/03/2025 10:30,Long,132.06,748.782,98884.15092,-950.95,-0.96,1497.56,1.51,-1175.59,-1.19,131866.56,131.87
1366,Exit long,24/03/2025 22:30,Long Exit,140.68,581.038,78132.17986,3608.25,4.62,6095.09,7.8,-947.09,-1.21,135474.81,135.47
1366,Entry long,24/03/2025 00:30,Long,134.47,581.038,78132.17986,3608.25,4.62,6095.09,7.8,-947.09,-1.21,135474.81,135.47
1367,Exit long,26/03/2025 03:30,Long Exit,142.79,385.461,55887.99039,-848.01,-1.52,959.8,1.72,-1040.74,-1.86,134626.8,134.63
1367,Entry long,25/03/2025 13:30,Long,144.99,385.461,55887.99039,-848.01,-1.52,959.8,1.72,-1040.74,-1.86,134626.8,134.63
1368,Exit short,27/03/2025 22:00,Short Exit,139.63,378.57,52969.5144,109.79,0.21,1624.07,3.07,-253.64,-0.48,134736.58,134.74
1368,Entry short,26/03/2025 14:30,Short,139.92,378.57,52969.5144,109.79,0.21,1624.07,3.07,-253.64,-0.48,134736.58,134.74
1369,Exit short,30/03/2025 20:00,Long,126.23,427.584,57411.70368,3437.78,5.99,4955.7,8.63,-128.28,-0.22,138174.36,138.17
1369,Entry short,28/03/2025 05:00,Short,134.27,427.584,57411.70368,3437.78,5.99,4955.7,8.63,-128.28,-0.22,138174.36,138.17
1370,Exit long,31/03/2025 02:00,Long Exit,123.82,513.312,64795.37376,-1237.08,-1.91,436.32,0.67,-1786.33,-2.76,136937.28,136.94
1370,Entry long,30/03/2025 20:00,Long,126.23,513.312,64795.37376,-1237.08,-1.91,436.32,0.67,-1786.33,-2.76,136937.28,136.94
1371,Exit long,01/04/2025 15:30,Long Exit,125.56,418.24,52940.8192,-426.6,-0.81,1417.83,2.68,-1476.39,-2.79,136510.67,136.51
1371,Entry long,31/03/2025 04:00,Long,126.58,418.24,52940.8192,-426.6,-0.81,1417.83,2.68,-1476.39,-2.79,136510.67,136.51
1372,Exit long,02/04/2025 03:30,Long Exit,124.59,368.536,47364.24672,-1448.35,-3.06,538.06,1.14,-1628.93,-3.44,135062.33,135.06
1372,Entry long,01/04/2025 16:30,Long,128.52,368.536,47364.24672,-1448.35,-3.06,538.06,1.14,-1628.93,-3.44,135062.33,135.06
1373,Exit short,02/04/2025 14:00,Short Exit,126.61,462.977,57321.18237,-1296.34,-2.26,143.52,0.25,-1384.3,-2.41,133765.98,133.77
1373,Entry short,02/04/2025 06:30,Short,123.81,462.977,57321.18237,-1296.34,-2.26,143.52,0.25,-1384.3,-2.41,133765.98,133.77
1374,Exit long,02/04/2025 22:30,Long Exit,124.86,393.518,51326.55274,-2191.9,-4.27,2274.53,4.43,-2290.27,-4.46,131574.1,131.57
1374,Entry long,02/04/2025 17:00,Long,130.43,393.518,51326.55274,-2191.9,-4.27,2274.53,4.43,-2290.27,-4.46,131574.1,131.57
1375,Exit short,04/04/2025 01:00,Short Exit,117.17,254.633,30884.43657,1049.09,3.4,2304.43,7.46,-5.09,-0.02,132623.19,132.62
1375,Entry short,02/04/2025 23:30,Short,121.29,254.633,30884.43657,1049.09,3.4,2304.43,7.46,-5.09,-0.02,132623.19,132.62
1376,Exit long,04/04/2025 12:30,Stop Hit,113.52,440.664,52712.22768,-2688.05,-5.1,61.69,0.12,-2736.52,-5.19,129935.13,129.94
1376,Entry long,04/04/2025 11:00,Long,119.62,440.664,52712.22768,-2688.05,-5.1,61.69,0.12,-2736.52,-5.19,129935.13,129.94
1377,Exit long,05/04/2025 08:00,Long Exit,120.65,290.377,34665.20626,368.78,1.06,1341.54,3.87,-476.22,-1.37,130303.91,130.3
1377,Entry long,04/04/2025 16:30,Long,119.38,290.377,34665.20626,368.78,1.06,1341.54,3.87,-476.22,-1.37,130303.91,130.3
1378,Exit short,07/04/2025 15:30,Stop Hit,105.03,564.648,65753.2596,6448.28,9.81,11964.89,18.2,0,0,136752.19,136.75
1378,Entry short,06/04/2025 14:00,Short,116.45,564.648,65753.2596,6448.28,9.81,11964.89,18.2,0,0,136752.19,136.75
1379,Exit short,09/04/2025 08:30,Short Exit,107.54,285.359,28915.42747,-1772.08,-6.13,2.85,0.01,-1860.54,-6.43,134980.11,134.98
1379,Entry short,09/04/2025 02:30,Short,101.33,285.359,28915.42747,-1772.08,-6.13,2.85,0.01,-1860.54,-6.43,134980.11,134.98
1380,Exit long,10/04/2025 09:00,Long Exit,114.79,251.547,28802.1315,72.95,0.25,1635.06,5.68,-113.2,-0.39,135053.06,135.05
1380,Entry long,09/04/2025 18:30,Long,114.5,251.547,28802.1315,72.95,0.25,1635.06,5.68,-113.2,-0.39,135053.06,135.05
1381,Exit long,13/04/2025 07:30,Long Exit,129.59,423.546,49542.17562,5345.15,10.79,7259.58,14.65,-465.9,-0.94,140398.2,140.4
1381,Entry long,11/04/2025 08:00,Long,116.97,423.546,49542.17562,5345.15,10.79,7259.58,14.65,-465.9,-0.94,140398.2,140.4
1382,Exit short,14/04/2025 03:30,Short Exit,133.61,307.944,39022.66368,-2121.73,-5.44,431.12,1.1,-2134.05,-5.47,138276.47,138.28
1382,Entry short,13/04/2025 22:00,Short,126.72,307.944,39022.66368,-2121.73,-5.44,431.12,1.1,-2134.05,-5.47,138276.47,138.28
1383,Exit long,14/04/2025 16:30,Long Exit,129.76,262.529,35026.61918,-960.86,-2.74,359.66,1.03,-979.23,-2.8,137315.62,137.32
1383,Entry long,14/04/2025 04:00,Long,133.42,262.529,35026.61918,-960.86,-2.74,359.66,1.03,-979.23,-2.8,137315.62,137.32
1384,Exit short,16/04/2025 16:00,Short Exit,127.83,342.282,43644.37782,-109.53,-0.25,1375.97,3.15,-410.74,-0.94,137206.1,137.21
1384,Entry short,15/04/2025 19:30,Short,127.51,342.282,43644.37782,-109.53,-0.25,1375.97,3.15,-410.74,-0.94,137206.1,137.21
1385,Exit long,18/04/2025 16:00,Long Exit,133.33,252.845,33489.32025,222.5,0.66,948.17,2.83,-745.89,-2.23,137428.6,137.43
1385,Entry long,16/04/2025 21:00,Long,132.45,252.845,33489.32025,222.5,0.66,948.17,2.83,-745.89,-2.23,137428.6,137.43
1386,Exit long,19/04/2025 18:00,Long Exit,137.98,558.545,76961.91555,106.12,0.14,1513.66,1.97,-508.28,-0.66,137534.72,137.53
1386,Entry long,19/04/2025 03:30,Long,137.79,558.545,76961.91555,106.12,0.14,1513.66,1.97,-508.28,-0.66,137534.72,137.53
1387,Exit long,20/04/2025 12:00,Long Exit,138.32,614.724,86479.37232,-1450.75,-1.68,786.85,0.91,-1770.41,-2.05,136083.97,136.08
1387,Entry long,20/04/2025 01:30,Long,140.68,614.724,86479.37232,-1450.75,-1.68,786.85,0.91,-1770.41,-2.05,136083.97,136.08
1388,Exit short,21/04/2025 01:30,Stop Hit,141.3,555.748,76154.14844,-2373.04,-3.12,772.49,1.01,-2573.11,-3.38,133710.92,133.71
1388,Entry short,20/04/2025 12:30,Short,137.03,555.748,76154.14844,-2373.04,-3.12,772.49,1.01,-2573.11,-3.38,133710.92,133.71
1389,Exit long,21/04/2025 14:00,Long Exit,138.31,443.606,62632.73114,-1277.59,-2.04,452.48,0.72,-1321.95,-2.11,132433.34,132.43
1389,Entry long,21/04/2025 02:00,Long,141.19,443.606,62632.73114,-1277.59,-2.04,452.48,0.72,-1321.95,-2.11,132433.34,132.43
1390,Exit short,22/04/2025 04:30,Short Exit,139.19,377.04,51111.5424,-1368.66,-2.68,656.05,1.28,-1625.04,-3.18,131064.69,131.06
1390,Entry short,21/04/2025 18:00,Short,135.56,377.04,51111.5424,-1368.66,-2.68,656.05,1.28,-1625.04,-3.18,131064.69,131.06
1391,Exit long,24/04/2025 04:30,Long Exit,149.6,464.504,65699.44576,3790.35,5.77,5931.72,9.03,-185.8,-0.28,134855.03,134.86
1391,Entry long,22/04/2025 14:00,Long,141.44,464.504,65699.44576,3790.35,5.77,5931.72,9.03,-185.8,-0.28,134855.03,134.86
1392,Exit short,24/04/2025 15:30,Short Exit,149.26,381.81,56404.7913,-584.17,-1.04,1091.98,1.94,-1271.43,-2.25,134270.88,134.27
1392,Entry short,24/04/2025 08:30,Short,147.73,381.81,56404.7913,-584.17,-1.04,1091.98,1.94,-1271.43,-2.25,134270.88,134.27
1393,Exit long,25/04/2025 19:00,Long Exit,150.91,404.31,61677.4905,-663.07,-1.08,1799.18,2.92,-857.14,-1.39,133607.8,133.61
1393,Entry long,25/04/2025 01:00,Long,152.55,404.31,61677.4905,-663.07,-1.08,1799.18,2.92,-857.14,-1.39,133607.8,133.61
1394,Exit short,27/04/2025 01:30,Short Exit,150.07,359.541,54060.58476,104.27,0.19,938.4,1.74,-1010.31,-1.87,133712.06,133.71
1394,Entry short,25/04/2025 23:00,Short,150.36,359.541,54060.58476,104.27,0.19,938.4,1.74,-1010.31,-1.87,133712.06,133.71
1395,Exit short,27/04/2025 15:00,Short Exit,149.06,518.705,75907.2897,-1410.88,-1.86,430.53,0.57,-1576.86,-2.08,132301.19,132.3
1395,Entry short,27/04/2025 03:00,Short,146.34,518.705,75907.2897,-1410.88,-1.86,430.53,0.57,-1576.86,-2.08,132301.19,132.3
1396,Exit short,28/04/2025 08:00,Stop Hit,150.79,497.917,72188.00666,-2892.9,-4.01,174.27,0.24,-3181.69,-4.41,129408.29,129.41
1396,Entry short,28/04/2025 03:00,Short,144.98,497.917,72188.00666,-2892.9,-4.01,174.27,0.24,-3181.69,-4.41,129408.29,129.41
1397,Exit long,28/04/2025 16:30,Long Exit,146.02,431.174,65016.72746,-2056.7,-3.16,1125.36,1.73,-2198.99,-3.38,127351.59,127.35
1397,Entry long,28/04/2025 08:00,Long,150.79,431.174,65016.72746,-2056.7,-3.16,1125.36,1.73,-2198.99,-3.38,127351.59,127.35
1398,Exit long,29/04/2025 22:30,Long Exit,146.53,445.502,66767.38474,-1487.98,-2.23,191.57,0.29,-1795.37,-2.69,125863.62,125.86
1398,Entry long,29/04/2025 20:00,Long,149.87,445.502,66767.38474,-1487.98,-2.23,191.57,0.29,-1795.37,-2.69,125863.62,125.86
1399,Exit short,01/05/2025 00:30,Stop Hit,147.84,416.015,60526.02235,-977.64,-1.62,2150.8,3.55,-1322.93,-2.19,124885.98,124.89
1399,Entry short,30/04/2025 00:30,Short,145.49,416.015,60526.02235,-977.64,-1.62,2150.8,3.55,-1322.93,-2.19,124885.98,124.89
1400,Exit long,01/05/2025 21:30,Long Exit,150.36,405.118,60196.48362,717.06,1.19,2187.64,3.63,-243.07,-0.4,125603.04,125.6
1400,Entry long,01/05/2025 02:30,Long,148.59,405.118,60196.48362,717.06,1.19,2187.64,3.63,-243.07,-0.4,125603.04,125.6
1401,Exit short,03/05/2025 16:30,Short Exit,148.64,487.685,72538.2669,48.77,0.07,1004.63,1.38,-151.18,-0.21,125651.81,125.65
1401,Entry short,02/05/2025 20:30,Short,148.74,487.685,72538.2669,48.77,0.07,1004.63,1.38,-151.18,-0.21,125651.81,125.65
1402,Exit short,04/05/2025 16:00,Short Exit,146.52,689.795,101020.4778,-48.29,-0.05,1220.94,1.21,-1007.1,-1,125603.52,125.6
1402,Entry short,03/05/2025 18:30,Short,146.45,689.795,101020.4778,-48.29,-0.05,1220.94,1.21,-1007.1,-1,125603.52,125.6
1403,Exit short,05/05/2025 23:30,Short Exit,147.05,594.095,85537.7981,-1823.87,-2.13,879.26,1.03,-2008.04,-2.35,123779.65,123.78
1403,Entry short,05/05/2025 00:30,Short,143.98,594.095,85537.7981,-1823.87,-2.13,879.26,1.03,-2008.04,-2.35,123779.65,123.78
1404,Exit long,06/05/2025 09:30,Long Exit,144.02,514.275,75768.13575,-1702.25,-2.25,123.43,0.16,-1877.1,-2.48,122077.4,122.08
1404,Entry long,06/05/2025 00:00,Long,147.33,514.275,75768.13575,-1702.25,-2.25,123.43,0.16,-1877.1,-2.48,122077.4,122.08
1405,Exit short,06/05/2025 23:30,Stop Hit,146.57,545.824,78096.49792,-1904.93,-2.44,911.53,1.17,-1921.3,-2.46,120172.48,120.17
1405,Entry short,06/05/2025 12:00,Short,143.08,545.824,78096.49792,-1904.93,-2.44,911.53,1.17,-1921.3,-2.46,120172.48,120.17
1406,Exit long,07/05/2025 17:30,Long Exit,145.23,402.984,59943.87,-1418.5,-2.37,318.36,0.53,-1470.89,-2.45,118753.97,118.75
1406,Entry long,07/05/2025 01:30,Long,148.75,402.984,59943.87,-1418.5,-2.37,318.36,0.53,-1470.89,-2.45,118753.97,118.75
1407,Exit long,10/05/2025 06:30,Long Exit,170.34,432.67,64407.2562,9293.75,14.43,11807.56,18.33,-402.38,-0.62,128047.72,128.05
1407,Entry long,08/05/2025 02:30,Long,148.86,432.67,64407.2562,9293.75,14.43,11807.56,18.33,-402.38,-0.62,128047.72,128.05
1408,Exit long,11/05/2025 15:00,Long Exit,170.94,321.408,57136.70016,-2195.22,-3.84,800.31,1.4,-2220.93,-3.89,125852.51,125.85
1408,Entry long,11/05/2025 00:30,Long,177.77,321.408,57136.70016,-2195.22,-3.84,800.31,1.4,-2220.93,-3.89,125852.51,125.85
1409,Exit long,12/05/2025 17:30,Long Exit,175.42,257.543,46187.76162,-1009.57,-2.19,545.99,1.18,-1571.01,-3.4,124842.94,124.84
1409,Entry long,12/05/2025 08:30,Long,179.34,257.543,46187.76162,-1009.57,-2.19,545.99,1.18,-1571.01,-3.4,124842.94,124.84
1410,Exit short,13/05/2025 12:30,Short Exit,174.4,193.687,33012.01228,-767,-2.32,825.11,2.5,-879.34,-2.66,124075.94,124.08
1410,Entry short,12/05/2025 20:00,Short,170.44,193.687,33012.01228,-767,-2.32,825.11,2.5,-879.34,-2.66,124075.94,124.08
1411,Exit long,14/05/2025 10:00,Long Exit,178.45,274.128,49088.10096,-169.96,-0.35,1592.68,3.24,-233.01,-0.47,123905.98,123.91
1411,Entry long,13/05/2025 20:00,Long,179.07,274.128,49088.10096,-169.96,-0.35,1592.68,3.24,-233.01,-0.47,123905.98,123.91
1412,Exit short,16/05/2025 12:30,Short Exit,172.94,300.393,52019.05581,69.09,0.13,1943.54,3.74,-396.52,-0.76,123975.06,123.98
1412,Entry short,15/05/2025 07:00,Short,173.17,300.393,52019.05581,69.09,0.13,1943.54,3.74,-396.52,-0.76,123975.06,123.98
1413,Exit short,18/05/2025 06:00,Short Exit,168.53,303.128,50755.75232,-330.41,-0.65,1039.73,2.05,-772.98,-1.52,123644.66,123.64
1413,Entry short,17/05/2025 00:00,Short,167.44,303.128,50755.75232,-330.41,-0.65,1039.73,2.05,-772.98,-1.52,123644.66,123.64
1414,Exit long,18/05/2025 19:30,Stop Hit,170.75,386.478,65674.20654,316.91,0.48,2643.51,4.03,-382.61,-0.58,123961.57,123.96
1414,Entry long,18/05/2025 07:00,Long,169.93,386.478,65674.20654,316.91,0.48,2643.51,4.03,-382.61,-0.58,123961.57,123.96
1415,Exit short,19/05/2025 18:00,Short Exit,165.72,240.329,39281.77505,-545.55,-1.39,963.72,2.45,-552.76,-1.41,123416.02,123.42
1415,Entry short,19/05/2025 06:00,Short,163.45,240.329,39281.77505,-545.55,-1.39,963.72,2.45,-552.76,-1.41,123416.02,123.42
1416,Exit long,21/05/2025 18:30,Long Exit,167.1,303.813,52486.73388,-1719.58,-3.28,665.35,1.27,-1898.83,-3.62,121696.44,121.7
1416,Entry long,21/05/2025 16:00,Long,172.76,303.813,52486.73388,-1719.58,-3.28,665.35,1.27,-1898.83,-3.62,121696.44,121.7
1417,Exit long,23/05/2025 13:00,Stop Hit,177.91,219.659,38211.87964,867.65,2.27,3020.31,7.9,-300.93,-0.79,122564.09,122.56
1417,Entry long,22/05/2025 00:30,Long,173.96,219.659,38211.87964,867.65,2.27,3020.31,7.9,-300.93,-0.79,122564.09,122.56
1418,Exit short,24/05/2025 12:00,Short Exit,177.42,218.41,38652.0177,-98.28,-0.25,976.29,2.53,-1483,-3.84,122465.81,122.47
1418,Entry short,23/05/2025 13:30,Short,176.97,218.41,38652.0177,-98.28,-0.25,976.29,2.53,-1483,-3.84,122465.81,122.47
1419,Exit short,25/05/2025 21:00,Short Exit,172.53,333.787,57511.5001,-76.77,-0.13,1054.77,1.83,-704.29,-1.22,122389.04,122.39
1419,Entry short,25/05/2025 02:00,Short,172.3,333.787,57511.5001,-76.77,-0.13,1054.77,1.83,-704.29,-1.22,122389.04,122.39
1420,Exit long,26/05/2025 16:00,Long Exit,176.72,345.491,60996.43605,58.73,0.1,853.36,1.4,-300.58,-0.49,122447.77,122.45
1420,Entry long,26/05/2025 02:30,Long,176.55,345.491,60996.43605,58.73,0.1,853.36,1.4,-300.58,-0.49,122447.77,122.45
1421,Exit long,28/05/2025 03:30,Long Exit,174.56,383.218,68481.0566,-1586.52,-2.32,272.08,0.4,-1655.5,-2.42,120861.25,120.86
1421,Entry long,27/05/2025 14:30,Long,178.7,383.218,68481.0566,-1586.52,-2.32,272.08,0.4,-1655.5,-2.42,120861.25,120.86
1422,Exit short,29/05/2025 04:00,Short Exit,175.02,448.304,77749.36272,-712.8,-0.92,2021.85,2.6,-762.12,-0.98,120148.45,120.15
1422,Entry short,28/05/2025 11:00,Short,173.43,448.304,77749.36272,-712.8,-0.92,2021.85,2.6,-762.12,-0.98,120148.45,120.15
1423,Exit short,31/05/2025 14:30,Short Exit,154.91,389.151,65525.24538,5241.86,8,6319.81,9.64,-556.49,-0.85,125390.31,125.39
1423,Entry short,29/05/2025 18:00,Short,168.38,389.151,65525.24538,5241.86,8,6319.81,9.64,-556.49,-0.85,125390.31,125.39
1424,Exit short,01/06/2025 17:30,Short Exit,155.65,459.943,69846.94398,-1743.18,-2.5,584.13,0.84,-1894.97,-2.71,123647.13,123.65
1424,Entry short,01/06/2025 10:30,Short,151.86,459.943,69846.94398,-1743.18,-2.5,584.13,0.84,-1894.97,-2.71,123647.13,123.65
1425,Exit long,02/06/2025 10:00,Long Exit,154.86,451.356,71002.81236,-1105.82,-1.56,731.2,1.03,-1322.47,-1.86,122541.31,122.54
1425,Entry long,02/06/2025 01:30,Long,157.31,451.356,71002.81236,-1105.82,-1.56,731.2,1.03,-1322.47,-1.86,122541.31,122.54
1426,Exit long,03/06/2025 21:30,Stop Hit,157.25,361.517,57437.82096,-589.27,-1.03,1720.82,3,-607.35,-1.06,121952.03,121.95
1426,Entry long,03/06/2025 02:00,Long,158.88,361.517,57437.82096,-589.27,-1.03,1720.82,3,-607.35,-1.06,121952.03,121.95
1427,Exit short,06/06/2025 10:30,Short Exit,147.84,444.127,68670.91674,3011.18,4.38,5813.62,8.47,-430.8,-0.63,124963.21,124.96
1427,Entry short,04/06/2025 21:30,Short,154.62,444.127,68670.91674,3011.18,4.38,5813.62,8.47,-430.8,-0.63,124963.21,124.96
1428,Exit long,07/06/2025 19:00,Long Exit,150.32,457.428,69739.47288,-978.9,-1.4,173.82,0.25,-1010.92,-1.45,123984.31,123.98
1428,Entry long,07/06/2025 08:30,Long,152.46,457.428,69739.47288,-978.9,-1.4,173.82,0.25,-1010.92,-1.45,123984.31,123.98
1429,Exit short,08/06/2025 15:00,Short Exit,149.67,710.858,105939.1677,-454.95,-0.43,817.49,0.77,-1535.45,-1.45,123529.37,123.53
1429,Entry short,08/06/2025 10:00,Short,149.03,710.858,105939.1677,-454.95,-0.43,817.49,0.77,-1535.45,-1.45,123529.37,123.53
1430,Exit long,09/06/2025 04:30,Stop Hit,150.99,605.351,92618.703,-1216.76,-1.31,1392.31,1.5,-1337.83,-1.44,122312.61,122.31
1430,Entry long,08/06/2025 18:30,Long,153,605.351,92618.703,-1216.76,-1.31,1392.31,1.5,-1337.83,-1.44,122312.61,122.31
1431,Exit long,10/06/2025 12:30,Long Exit,159.47,462.414,71836.0149,1905.15,2.65,2991.82,4.16,-1054.3,-1.47,124217.76,124.22
1431,Entry long,09/06/2025 12:00,Long,155.35,462.414,71836.0149,1905.15,2.65,2991.82,4.16,-1054.3,-1.47,124217.76,124.22
1432,Exit long,10/06/2025 16:00,Long Exit,157.17,384.702,61833.15246,-1369.54,-2.21,96.18,0.16,-1569.58,-2.54,122848.22,122.85
1432,Entry long,10/06/2025 14:30,Long,160.73,384.702,61833.15246,-1369.54,-2.21,96.18,0.16,-1569.58,-2.54,122848.22,122.85
1433,Exit long,11/06/2025 19:30,Long Exit,163.59,288.588,47314.0026,-103.89,-0.22,1272.67,2.69,-450.2,-0.95,122744.33,122.74
1433,Entry long,10/06/2025 20:00,Long,163.95,288.588,47314.0026,-103.89,-0.22,1272.67,2.69,-450.2,-0.95,122744.33,122.74
1434,Exit short,12/06/2025 16:00,Short Exit,159.94,310.875,49774.19625,52.85,0.11,870.45,1.75,-363.72,-0.73,122797.17,122.8
1434,Entry short,12/06/2025 00:00,Short,160.11,310.875,49774.19625,52.85,0.11,870.45,1.75,-363.72,-0.73,122797.17,122.8
1435,Exit short,13/06/2025 16:30,Short Exit,147.37,367.634,57725.89068,3547.67,6.15,6179.93,10.71,-1264.66,-2.19,126344.84,126.34
1435,Entry short,12/06/2025 17:00,Short,157.02,367.634,57725.89068,3547.67,6.15,6179.93,10.71,-1264.66,-2.19,126344.84,126.34
1436,Exit short,15/06/2025 03:30,Short Exit,145.97,564.043,81521.13479,-812.22,-1,1443.95,1.77,-817.86,-1,125532.62,125.53
1436,Entry short,14/06/2025 17:00,Short,144.53,564.043,81521.13479,-812.22,-1,1443.95,1.77,-817.86,-1,125532.62,125.53
1437,Exit long,17/06/2025 00:00,Stop Hit,153,581.633,85715.25521,3274.59,3.82,6648.07,7.76,-1832.14,-2.14,128807.21,128.81
1437,Entry long,15/06/2025 07:00,Long,147.37,581.633,85715.25521,3274.59,3.82,6648.07,7.76,-1832.14,-2.14,128807.21,128.81
1438,Exit short,18/06/2025 23:30,Short Exit,147.63,311.825,46935.899,901.17,1.92,2142.24,4.56,-1188.05,-2.53,129708.39,129.71
1438,Entry short,17/06/2025 01:30,Short,150.52,311.825,46935.899,901.17,1.92,2142.24,4.56,-1188.05,-2.53,129708.39,129.71
1439,Exit short,19/06/2025 23:30,Short Exit,146.7,483.359,69202.50803,-1706.26,-2.47,120.84,0.17,-1715.92,-2.48,128002.13,128
1439,Entry short,19/06/2025 16:00,Short,143.17,483.359,69202.50803,-1706.26,-2.47,120.84,0.17,-1715.92,-2.48,128002.13,128
1440,Exit long,20/06/2025 16:00,Stop Hit,144,520.666,76787.82168,-1811.92,-2.36,692.49,0.9,-1931.67,-2.52,126190.21,126.19
1440,Entry long,20/06/2025 09:00,Long,147.48,520.666,76787.82168,-1811.92,-2.36,692.49,0.9,-1931.67,-2.52,126190.21,126.19
1441,Exit short,21/06/2025 10:00,Short Exit,141.64,464.451,66351.46986,566.63,0.85,3330.11,5.02,-65.02,-0.1,126756.84,126.76
1441,Entry short,20/06/2025 17:00,Short,142.86,464.451,66351.46986,566.63,0.85,3330.11,5.02,-65.02,-0.1,126756.84,126.76
1442,Exit short,23/06/2025 05:30,Short Exit,133.52,374.057,50617.39324,673.3,1.33,3486.21,6.89,-860.33,-1.7,127430.15,127.43
1442,Entry short,21/06/2025 22:30,Short,135.32,374.057,50617.39324,673.3,1.33,3486.21,6.89,-860.33,-1.7,127430.15,127.43
1443,Exit long,23/06/2025 17:30,Long Exit,131.53,415.779,56350.52787,-1663.12,-2.95,819.08,1.45,-1708.85,-3.03,125767.03,125.77
1443,Entry long,23/06/2025 14:00,Long,135.53,415.779,56350.52787,-1663.12,-2.95,819.08,1.45,-1708.85,-3.03,125767.03,125.77
1444,Exit long,24/06/2025 21:00,Long Exit,143.61,281.4,38875.41,1536.44,3.95,2467.88,6.35,-98.49,-0.25,127303.48,127.3
1444,Entry long,23/06/2025 19:30,Long,138.15,281.4,38875.41,1536.44,3.95,2467.88,6.35,-98.49,-0.25,127303.48,127.3
1445,Exit long,25/06/2025 15:30,Long Exit,145.34,389.269,56915.02049,-338.66,-0.6,677.33,1.19,-568.33,-1,126964.81,126.96
1445,Entry long,25/06/2025 03:30,Long,146.21,389.269,56915.02049,-338.66,-0.6,677.33,1.19,-568.33,-1,126964.81,126.96
1446,Exit short,26/06/2025 04:00,Short Exit,146.23,393.96,56505.6828,-1103.09,-1.95,464.87,0.82,-1201.58,-2.13,125861.72,125.86
1446,Entry short,25/06/2025 18:00,Short,143.43,393.96,56505.6828,-1103.09,-1.95,464.87,0.82,-1201.58,-2.13,125861.72,125.86
1447,Exit long,26/06/2025 13:30,Long Exit,143.35,408.955,59854.6538,-1230.95,-2.06,110.42,0.18,-1398.63,-2.34,124630.77,124.63
1447,Entry long,26/06/2025 04:30,Long,146.36,408.955,59854.6538,-1230.95,-2.06,110.42,0.18,-1398.63,-2.34,124630.77,124.63
1448,Exit short,27/06/2025 15:00,Short Exit,142.76,468.965,66513.30595,-436.14,-0.66,2199.45,3.31,-998.9,-1.5,124194.63,124.19
1448,Entry short,26/06/2025 15:00,Short,141.83,468.965,66513.30595,-436.14,-0.66,2199.45,3.31,-998.9,-1.5,124194.63,124.19
1449,Exit long,27/06/2025 20:00,Long Exit,140.64,426.572,61311.19356,-1318.11,-2.15,55.45,0.09,-1539.92,-2.51,122876.52,122.88
1449,Entry long,27/06/2025 18:00,Long,143.73,426.572,61311.19356,-1318.11,-2.15,55.45,0.09,-1539.92,-2.51,122876.52,122.88
1450,Exit long,30/06/2025 08:00,Stop Hit,150.45,565.448,82125.66752,2945.98,3.59,5388.72,6.56,0,0,125822.51,125.82
1450,Entry long,28/06/2025 08:30,Long,145.24,565.448,82125.66752,2945.98,3.59,5388.72,6.56,0,0,125822.51,125.82
1451,Exit long,01/07/2025 05:30,Long Exit,153.03,408.78,63520.3242,-964.72,-1.52,1880.39,2.96,-1026.04,-1.62,124857.79,124.86
1451,Entry long,30/06/2025 16:30,Long,155.39,408.78,63520.3242,-964.72,-1.52,1880.39,2.96,-1026.04,-1.62,124857.79,124.86
1452,Exit short,02/07/2025 04:00,Short Exit,148.42,408.674,61341.9674,686.57,1.12,2145.54,3.5,-147.12,-0.24,125544.36,125.54
1452,Entry short,01/07/2025 08:30,Short,150.1,408.674,61341.9674,686.57,1.12,2145.54,3.5,-147.12,-0.24,125544.36,125.54
1453,Exit long,03/07/2025 16:30,Stop Hit,151.41,491.473,73745.52365,668.4,0.91,3096.28,4.2,-437.41,-0.59,126212.77,126.21
1453,Entry long,02/07/2025 15:30,Long,150.05,491.473,73745.52365,668.4,0.91,3096.28,4.2,-437.41,-0.59,126212.77,126.21
1454,Exit short,05/07/2025 14:30,Short Exit,148.47,449.597,67394.5903,642.92,0.95,2104.11,3.12,-606.96,-0.9,126855.69,126.86
1454,Entry short,04/07/2025 09:30,Short,149.9,449.597,67394.5903,642.92,0.95,2104.11,3.12,-606.96,-0.9,126855.69,126.86
1455,Exit long,07/07/2025 17:30,Long Exit,150.42,825.333,122991.1237,1155.47,0.94,4019.37,3.27,-453.93,-0.37,128011.15,128.01
1455,Entry long,06/07/2025 14:00,Long,149.02,825.333,122991.1237,1155.47,0.94,4019.37,3.27,-453.93,-0.37,128011.15,128.01
1456,Exit short,08/07/2025 09:30,Short Exit,149.98,478.637,71785.97726,0,0,1091.29,1.52,-521.71,-0.73,128011.15,128.01
1456,Entry short,07/07/2025 19:00,Short,149.98,478.637,71785.97726,0,0,1091.29,1.52,-521.71,-0.73,128011.15,128.01
1457,Exit long,10/07/2025 15:30,Long Exit,156.43,567.85,86966.2275,1862.55,2.14,3514.99,4.04,-465.64,-0.54,129873.7,129.87
1457,Entry long,09/07/2025 07:00,Long,153.15,567.85,86966.2275,1862.55,2.14,3514.99,4.04,-465.64,-0.54,129873.7,129.87
1458,Exit long,11/07/2025 17:00,Long Exit,162.34,466.356,74253.20232,1455.03,1.96,4187.88,5.64,-415.06,-0.56,131328.73,131.33
1458,Entry long,10/07/2025 18:30,Long,159.22,466.356,74253.20232,1455.03,1.96,4187.88,5.64,-415.06,-0.56,131328.73,131.33
1459,Exit short,13/07/2025 01:30,Short Exit,161.54,442.806,70755.97074,-774.91,-1.1,907.75,1.28,-867.9,-1.23,130553.82,130.55
1459,Entry short,12/07/2025 14:00,Short,159.79,442.806,70755.97074,-774.91,-1.1,907.75,1.28,-867.9,-1.23,130553.82,130.55
1460,Exit long,13/07/2025 18:00,Long Exit,160.93,553.537,90724.7143,-1644,-1.81,0,0,-1677.22,-1.85,128909.81,128.91
1460,Entry long,13/07/2025 15:30,Long,163.9,553.537,90724.7143,-1644,-1.81,0,0,-1677.22,-1.85,128909.81,128.91
1461,Exit long,14/07/2025 16:30,Long Exit,165.17,456.253,74916.7426,442.57,0.59,2030.33,2.71,-155.13,-0.21,129352.38,129.35
1461,Entry long,14/07/2025 03:30,Long,164.2,456.253,74916.7426,442.57,0.59,2030.33,2.71,-155.13,-0.21,129352.38,129.35
1462,Exit short,15/07/2025 15:00,Short Exit,161.24,372.535,59370.90295,-696.64,-1.17,447.04,0.75,-994.67,-1.68,128655.74,128.66
1462,Entry short,15/07/2025 03:30,Short,159.37,372.535,59370.90295,-696.64,-1.17,447.04,0.75,-994.67,-1.68,128655.74,128.66
1463,Exit short,15/07/2025 19:00,Short Exit,162.81,339.298,53534.43844,-1706.67,-3.19,159.47,0.3,-1720.24,-3.21,126949.07,126.95
1463,Entry short,15/07/2025 16:00,Short,157.78,339.298,53534.43844,-1706.67,-3.19,159.47,0.3,-1720.24,-3.21,126949.07,126.95
1464,Exit long,18/07/2025 16:00,Long Exit,178.5,345.603,56841.32541,4848.81,8.53,6981.18,12.28,-1022.98,-1.8,131797.88,131.8
1464,Entry long,16/07/2025 01:30,Long,164.47,345.603,56841.32541,4848.81,8.53,6981.18,12.28,-1022.98,-1.8,131797.88,131.8
1465,Exit long,20/07/2025 23:30,Long Exit,179.79,383.516,68718.39688,233.94,0.34,1718.15,2.5,-859.08,-1.25,132031.83,132.03
1465,Entry long,20/07/2025 02:30,Long,179.18,383.516,68718.39688,233.94,0.34,1718.15,2.5,-859.08,-1.25,132031.83,132.03
1466,Exit long,23/07/2025 09:30,Long Exit,199.53,281.83,51952.5422,4281,8.24,6188.99,11.91,-118.37,-0.23,136312.83,136.31
1466,Entry long,21/07/2025 04:00,Long,184.34,281.83,51952.5422,4281,8.24,6188.99,11.91,-118.37,-0.23,136312.83,136.31
1467,Exit short,24/07/2025 16:30,Short Exit,189.06,270.205,52463.0028,1378.05,2.63,4039.56,7.7,-197.25,-0.38,137690.88,137.69
1467,Entry short,23/07/2025 14:00,Short,194.16,270.205,52463.0028,1378.05,2.63,4039.56,7.7,-197.25,-0.38,137690.88,137.69
1468,Exit short,25/07/2025 20:00,Short Exit,182.33,234.697,41968.51754,-823.79,-1.96,748.68,1.78,-915.32,-2.18,136867.08,136.87
1468,Entry short,25/07/2025 04:00,Short,178.82,234.697,41968.51754,-823.79,-1.96,748.68,1.78,-915.32,-2.18,136867.08,136.87
1469,Exit long,26/07/2025 18:30,Long Exit,186.15,386.162,72100.30702,-216.25,-0.3,1185.52,1.64,-393.89,-0.55,136650.83,136.65
1469,Entry long,26/07/2025 07:00,Long,186.71,386.162,72100.30702,-216.25,-0.3,1185.52,1.64,-393.89,-0.55,136650.83,136.65
1470,Exit long,28/07/2025 15:30,Long Exit,187.45,419.123,78656.81341,-92.21,-0.12,3181.14,4.04,-720.89,-0.92,136558.62,136.56
1470,Entry long,27/07/2025 18:00,Long,187.67,419.123,78656.81341,-92.21,-0.12,3181.14,4.04,-720.89,-0.92,136558.62,136.56
1471,Exit short,29/07/2025 09:00,Short Exit,186.04,282.643,52181.55066,-401.35,-0.77,1116.44,2.14,-582.24,-1.12,136157.27,136.16
1471,Entry short,28/07/2025 19:30,Short,184.62,282.643,52181.55066,-401.35,-0.77,1116.44,2.14,-582.24,-1.12,136157.27,136.16
1472,Exit short,30/07/2025 08:30,Short Exit,182,307.858,56008.60594,-21.55,-0.04,1117.52,2,-193.95,-0.35,136135.72,136.14
1472,Entry short,29/07/2025 15:30,Short,181.93,307.858,56008.60594,-21.55,-0.04,1117.52,2,-193.95,-0.35,136135.72,136.14
1473,Exit short,31/07/2025 04:30,Short Exit,180.19,346.951,61760.74751,-756.35,-1.22,2678.46,4.34,-895.13,-1.45,135379.38,135.38
1473,Entry short,30/07/2025 12:00,Short,178.01,346.951,61760.74751,-756.35,-1.22,2678.46,4.34,-895.13,-1.45,135379.38,135.38
1474,Exit long,31/07/2025 14:00,Long Exit,179.34,448.665,81890.3358,-1426.75,-1.74,53.84,0.07,-1695.95,-2.07,133952.61,133.95
1474,Entry long,31/07/2025 11:00,Long,182.52,448.665,81890.3358,-1426.75,-1.74,53.84,0.07,-1695.95,-2.07,133952.61,133.95
1475,Exit short,03/08/2025 08:30,Short Exit,161.31,323.815,55767.4193,3532.82,6.33,5307.33,9.52,-12.95,-0.02,137485.44,137.49
1475,Entry short,01/08/2025 01:00,Short,172.22,323.815,55767.4193,3532.82,6.33,5307.33,9.52,-12.95,-0.02,137485.44,137.49
1476,Exit long,05/08/2025 09:30,Long Exit,166.92,467.242,75903.4629,2088.57,2.75,3513.66,4.63,-556.02,-0.73,139574,139.57
1476,Entry long,04/08/2025 00:30,Long,162.45,467.242,75903.4629,2088.57,2.75,3513.66,4.63,-556.02,-0.73,139574,139.57
1477,Exit long,05/08/2025 15:30,Long Exit,164.61,385.044,65719.30992,-2337.22,-3.56,404.3,0.62,-2610.6,-3.97,137236.8,137.24
1477,Entry long,05/08/2025 11:30,Long,170.68,385.044,65719.30992,-2337.22,-3.56,404.3,0.62,-2610.6,-3.97,137236.8,137.24
1478,Exit short,06/08/2025 15:30,Short Exit,164.82,321.703,52704.60249,-318.49,-0.6,868.6,1.65,-807.47,-1.53,136918.3,136.92
1478,Entry short,05/08/2025 18:00,Short,163.83,321.703,52704.60249,-318.49,-0.6,868.6,1.65,-807.47,-1.53,136918.3,136.92
1479,Exit long,07/08/2025 04:00,Long Exit,167.07,335.536,56336.4944,-278.49,-0.49,681.14,1.21,-379.16,-0.67,136639.81,136.64
1479,Entry long,06/08/2025 17:30,Long,167.9,335.536,56336.4944,-278.49,-0.49,681.14,1.21,-379.16,-0.67,136639.81,136.64
1480,Exit long,07/08/2025 18:00,Stop Hit,168.22,489.825,83348.622,-950.26,-1.14,1631.12,1.96,-1547.85,-1.86,135689.55,135.69
1480,Entry long,07/08/2025 08:30,Long,170.16,489.825,83348.622,-950.26,-1.14,1631.12,1.96,-1547.85,-1.86,135689.55,135.69
1481,Exit long,10/08/2025 09:00,Stop Hit,178.94,430.006,74623.24124,2322.03,3.11,5435.28,7.28,-270.9,-0.36,138011.58,138.01
1481,Entry long,07/08/2025 22:30,Long,173.54,430.006,74623.24124,2322.03,3.11,5435.28,7.28,-270.9,-0.36,138011.58,138.01
1482,Exit long,11/08/2025 12:30,Stop Hit,178.8,367.591,68408.6851,-2683.41,-3.92,257.31,0.38,-2683.41,-3.92,135328.17,135.33
1482,Entry long,11/08/2025 05:30,Long,186.1,367.591,68408.6851,-2683.41,-3.92,257.31,0.38,-2683.41,-3.92,135328.17,135.33
1483,Exit short,12/08/2025 14:00,Short Exit,177.97,350.807,62724.2916,291.17,0.46,1883.83,3,-1041.9,-1.66,135619.34,135.62
1483,Entry short,11/08/2025 14:00,Short,178.8,350.807,62724.2916,291.17,0.46,1883.83,3,-1041.9,-1.66,135619.34,135.62
1484,Exit long,13/08/2025 16:30,Long Exit,196.59,342.28,62192.276,5096.55,8.19,7961.43,12.8,-318.32,-0.51,140715.89,140.72
1484,Entry long,12/08/2025 17:00,Long,181.7,342.28,62192.276,5096.55,8.19,7961.43,12.8,-318.32,-0.51,140715.89,140.72
1485,Exit long,14/08/2025 14:00,Stop Hit,194.41,208.38,43153.4142,-2642.26,-6.12,577.21,1.34,-3561.21,-8.25,138073.62,138.07
1485,Entry long,14/08/2025 04:00,Long,207.09,208.38,43153.4142,-2642.26,-6.12,577.21,1.34,-3561.21,-8.25,138073.62,138.07
1486,Exit short,15/08/2025 05:00,Short Exit,195.14,166.118,32295.00038,-121.27,-0.38,1284.09,3.98,-754.18,-2.34,137952.36,137.95
1486,Entry short,14/08/2025 14:00,Short,194.41,166.118,32295.00038,-121.27,-0.38,1284.09,3.98,-754.18,-2.34,137952.36,137.95
1487,Exit short,16/08/2025 04:30,Short Exit,187.96,231.659,43137.22239,-405.4,-0.94,674.13,1.56,-498.07,-1.15,137546.95,137.55
1487,Entry short,15/08/2025 16:30,Short,186.21,231.659,43137.22239,-405.4,-0.94,674.13,1.56,-498.07,-1.15,137546.95,137.55
1488,Exit long,17/08/2025 20:00,Long Exit,192.11,445.078,84391.23958,1112.7,1.32,2795.09,3.31,-1005.88,-1.19,138659.66,138.66
1488,Entry long,17/08/2025 01:00,Long,189.61,445.078,84391.23958,1112.7,1.32,2795.09,3.31,-1005.88,-1.19,138659.66,138.66
1489,Exit short,18/08/2025 17:30,Short Exit,183.02,359.378,67034.77834,1261.42,1.88,2346.74,3.5,-82.66,-0.12,139921.06,139.92
1489,Entry short,18/08/2025 03:00,Short,186.53,359.378,67034.77834,1261.42,1.88,2346.74,3.5,-82.66,-0.12,139921.06,139.92
1490,Exit short,19/08/2025 15:00,Short Exit,182.07,309.043,55170.35636,-1097.1,-1.99,370.85,0.67,-1514.31,-2.74,138823.97,138.82
1490,Entry short,19/08/2025 05:00,Short,178.52,309.043,55170.35636,-1097.1,-1.99,370.85,0.67,-1514.31,-2.74,138823.97,138.82
1491,Exit short,20/08/2025 03:30,Short Exit,180.92,306.617,54320.26772,-1152.88,-2.12,450.73,0.83,-1155.95,-2.13,137671.1,137.67
1491,Entry short,19/08/2025 18:00,Short,177.16,306.617,54320.26772,-1152.88,-2.12,450.73,0.83,-1155.95,-2.13,137671.1,137.67
1492,Exit long,21/08/2025 10:30,Long Exit,184.74,287.951,53135.59803,60.47,0.11,1603.89,3.02,-558.62,-1.05,137731.56,137.73
1492,Entry long,20/08/2025 16:30,Long,184.53,287.951,53135.59803,60.47,0.11,1603.89,3.02,-558.62,-1.05,137731.56,137.73
1493,Exit short,22/08/2025 07:00,Short Exit,183.67,303.302,54849.13368,-858.34,-1.56,297.24,0.54,-928.1,-1.69,136873.22,136.87
1493,Entry short,21/08/2025 22:00,Short,180.84,303.302,54849.13368,-858.34,-1.56,297.24,0.54,-928.1,-1.69,136873.22,136.87
1494,Exit short,22/08/2025 15:30,Stop Hit,189.24,379.646,67683.28888,-4160.92,-6.15,383.44,0.57,-5694.69,-8.41,132712.3,132.71
1494,Entry short,22/08/2025 13:30,Short,178.28,379.646,67683.28888,-4160.92,-6.15,383.44,0.57,-5694.69,-8.41,132712.3,132.71
1495,Exit long,24/08/2025 12:30,Long Exit,204.09,235.412,44549.36688,3495.87,7.85,5355.62,12.02,-9.42,-0.02,136208.16,136.21
1495,Entry long,22/08/2025 15:30,Long,189.24,235.412,44549.36688,3495.87,7.85,5355.62,12.02,-9.42,-0.02,136208.16,136.21
1496,Exit short,25/08/2025 03:30,Stop Hit,211.74,226.458,46426.15458,-1524.06,-3.28,887.72,1.91,-1893.19,-4.08,134684.1,134.68
1496,Entry short,24/08/2025 21:00,Short,205.01,226.458,46426.15458,-1524.06,-3.28,887.72,1.91,-1893.19,-4.08,134684.1,134.68
1497,Exit long,25/08/2025 09:00,Long Exit,199.81,174.055,36854.4057,-2076.48,-5.63,323.74,0.88,-2271.42,-6.16,132607.62,132.61
1497,Entry long,25/08/2025 03:30,Long,211.74,174.055,36854.4057,-2076.48,-5.63,323.74,0.88,-2271.42,-6.16,132607.62,132.61
1498,Exit short,26/08/2025 09:30,Short Exit,188.81,177.647,35495.64707,1954.12,5.51,2572.33,7.25,-175.87,-0.5,134561.73,134.56
1498,Entry short,25/08/2025 09:00,Short,199.81,177.647,35495.64707,1954.12,5.51,2572.33,7.25,-175.87,-0.5,134561.73,134.56
1499,Exit long,28/08/2025 01:00,Long Exit,202.95,272.636,53510.26772,1821.21,3.4,4310.38,8.06,-678.86,-1.27,136382.95,136.38
1499,Entry long,26/08/2025 23:30,Long,196.27,272.636,53510.26772,1821.21,3.4,4310.38,8.06,-678.86,-1.27,136382.95,136.38
1500,Exit long,28/08/2025 18:00,Long Exit,207.43,209.701,44473.38808,-975.11,-2.19,1008.66,2.27,-1029.63,-2.32,135407.84,135.41
1500,Entry long,28/08/2025 06:00,Long,212.08,209.701,44473.38808,-975.11,-2.19,1008.66,2.27,-1029.63,-2.32,135407.84,135.41
1501,Exit long,29/08/2025 08:30,Long Exit,209,199.565,43385.431,-1676.35,-3.86,119.74,0.28,-1915.82,-4.42,133731.48,133.73
1501,Entry long,29/08/2025 01:30,Long,217.4,199.565,43385.431,-1676.35,-3.86,119.74,0.28,-1915.82,-4.42,133731.48,133.73
1502,Exit short,30/08/2025 05:00,Short Exit,205.61,178.783,37177.92485,418.35,1.13,1448.14,3.9,-1249.69,-3.36,134149.84,134.15
1502,Entry short,29/08/2025 09:30,Short,207.95,178.783,37177.92485,418.35,1.13,1448.14,3.9,-1249.69,-3.36,134149.84,134.15
1503,Exit short,31/08/2025 00:30,Short Exit,202.89,276.116,55391.63076,-629.54,-1.14,853.2,1.54,-751.04,-1.36,133520.3,133.52
1503,Entry short,30/08/2025 14:00,Short,200.61,276.116,55391.63076,-629.54,-1.14,853.2,1.54,-751.04,-1.36,133520.3,133.52
1504,Exit short,02/09/2025 04:00,Stop Hit,202.25,367.511,73160.41477,-1168.68,-1.6,1793.45,2.45,-2024.99,-2.77,132351.61,132.35
1504,Entry short,01/09/2025 01:30,Short,199.07,367.511,73160.41477,-1168.68,-1.6,1793.45,2.45,-2024.99,-2.77,132351.61,132.35
1505,Exit long,03/09/2025 23:00,Long Exit,208.88,259.897,53164.53032,1122.76,2.11,2198.73,4.14,-1320.28,-2.48,133474.38,133.47
1505,Entry long,02/09/2025 15:30,Long,204.56,259.897,53164.53032,1122.76,2.11,2198.73,4.14,-1320.28,-2.48,133474.38,133.47
1506,Exit short,05/09/2025 07:00,Short Exit,204.67,369.125,76471.62625,922.81,1.21,2295.96,3,-597.98,-0.78,134397.19,134.4
1506,Entry short,04/09/2025 06:00,Short,207.17,369.125,76471.62625,922.81,1.21,2295.96,3,-597.98,-0.78,134397.19,134.4
1507,Exit long,05/09/2025 16:00,Stop Hit,202.24,329.037,68785.18485,-2240.74,-3.26,312.59,0.45,-2444.74,-3.55,132156.44,132.16
1507,Entry long,05/09/2025 14:00,Long,209.05,329.037,68785.18485,-2240.74,-3.26,312.59,0.45,-2444.74,-3.55,132156.44,132.16
1508,Exit short,07/09/2025 03:00,Short Exit,202.71,541.678,109597.7097,-205.84,-0.19,1630.45,1.49,-465.84,-0.43,131950.61,131.95
1508,Entry short,06/09/2025 15:00,Short,202.33,541.678,109597.7097,-205.84,-0.19,1630.45,1.49,-465.84,-0.43,131950.61,131.95
1509,Exit long,07/09/2025 18:30,Long Exit,201.81,641.132,130592.1771,-1205.33,-0.92,1192.51,0.91,-1211.74,-0.93,130745.27,130.75
1509,Entry long,07/09/2025 09:30,Long,203.69,641.132,130592.1771,-1205.33,-0.92,1192.51,0.91,-1211.74,-0.93,130745.27,130.75
1510,Exit long,09/09/2025 02:00,Long Exit,213.21,525.017,107770.2396,4168.64,3.87,6216.2,5.77,-299.26,-0.28,134913.9,134.91
1510,Entry long,07/09/2025 23:30,Long,205.27,525.017,107770.2396,4168.64,3.87,6216.2,5.77,-299.26,-0.28,134913.9,134.91
1511,Exit long,09/09/2025 17:00,Stop Hit,213.07,293.897,64081.30188,-1460.67,-2.28,514.32,0.8,-1866.25,-2.91,133453.23,133.45
1511,Entry long,09/09/2025 07:30,Long,218.04,293.897,64081.30188,-1460.67,-2.28,514.32,0.8,-1866.25,-2.91,133453.23,133.45
1512,Exit long,13/09/2025 15:00,Long Exit,240.06,327.262,72521.2592,6041.26,8.33,7376.49,10.17,-926.15,-1.28,139494.5,139.49
1512,Entry long,10/09/2025 08:30,Long,221.6,327.262,72521.2592,6041.26,8.33,7376.49,10.17,-926.15,-1.28,139494.5,139.49
1513,Exit short,14/09/2025 00:30,Short Exit,242.19,331.016,78626.23048,-1542.53,-1.96,595.83,0.76,-1870.24,-2.38,137951.97,137.95
1513,Entry short,13/09/2025 18:00,Short,237.53,331.016,78626.23048,-1542.53,-1.96,595.83,0.76,-1870.24,-2.38,137951.97,137.95
1514,Exit long,14/09/2025 15:00,Long Exit,243.79,355.542,86606.47578,71.11,0.08,2136.81,2.47,-167.1,-0.19,138023.08,138.02
1514,Entry long,14/09/2025 02:30,Long,243.59,355.542,86606.47578,71.11,0.08,2136.81,2.47,-167.1,-0.19,138023.08,138.02
1515,Exit short,16/09/2025 05:00,Short Exit,235.09,249.653,60116.4424,1425.52,2.37,2658.8,4.42,-798.89,-1.33,139448.6,139.45
1515,Entry short,15/09/2025 02:30,Short,240.8,249.653,60116.4424,1425.52,2.37,2658.8,4.42,-798.89,-1.33,139448.6,139.45
1516,Exit long,17/09/2025 05:00,Long Exit,234.07,280.926,66646.88424,-890.54,-1.34,1042.24,1.56,-955.15,-1.43,138558.06,138.56
1516,Entry long,16/09/2025 17:30,Long,237.24,280.926,66646.88424,-890.54,-1.34,1042.24,1.56,-955.15,-1.43,138558.06,138.56
1517,Exit long,19/09/2025 05:00,Long Exit,245,232.88,55770.1024,1285.5,2.3,3267.31,5.86,-808.09,-1.45,139843.55,139.84
1517,Entry long,17/09/2025 21:30,Long,239.48,232.88,55770.1024,1285.5,2.3,3267.31,5.86,-808.09,-1.45,139843.55,139.84
1518,Exit short,20/09/2025 16:30,Short Exit,240.83,349.22,84815.0614,712.41,0.84,2706.46,3.19,-45.4,-0.05,140555.97,140.56
1518,Entry short,19/09/2025 11:00,Short,242.87,349.22,84815.0614,712.41,0.84,2706.46,3.19,-45.4,-0.05,140555.97,140.56
1519,Exit long,21/09/2025 09:30,Long Exit,238.76,524.183,126307.1357,-1153.2,-0.91,450.8,0.36,-1210.86,-0.96,139402.77,139.4
1519,Entry long,21/09/2025 04:30,Long,240.96,524.183,126307.1357,-1153.2,-0.91,450.8,0.36,-1210.86,-0.96,139402.77,139.4
1520,Exit short,23/09/2025 18:00,Short Exit,220.42,501.686,119230.6948,8649.07,7.25,12702.69,10.65,-255.86,-0.21,148051.83,148.05
1520,Entry short,21/09/2025 17:30,Short,237.66,501.686,119230.6948,8649.07,7.25,12702.69,10.65,-255.86,-0.21,148051.83,148.05
1521,Exit short,24/09/2025 16:00,Short Exit,215.62,233.311,48664.00838,-1642.51,-3.38,879.58,1.81,-1787.16,-3.67,146409.31,146.41
1521,Entry short,24/09/2025 04:30,Short,208.58,233.311,48664.00838,-1642.51,-3.38,879.58,1.81,-1787.16,-3.67,146409.31,146.41
1522,Exit short,26/09/2025 14:00,Short Exit,196.67,254.86,52103.5784,1980.26,3.8,3476.29,6.67,-374.64,-0.72,148389.58,148.39
1522,Entry short,25/09/2025 05:30,Short,204.44,254.86,52103.5784,1980.26,3.8,3476.29,6.67,-374.64,-0.72,148389.58,148.39
1523,Exit long,27/09/2025 10:30,Long Exit,200.14,248.311,50238.28152,-541.32,-1.08,794.6,1.58,-605.88,-1.21,147848.27,147.85
1523,Entry long,26/09/2025 23:00,Long,202.32,248.311,50238.28152,-541.32,-1.08,794.6,1.58,-605.88,-1.21,147848.27,147.85
1524,Exit short,28/09/2025 16:30,Short Exit,202.77,483.104,96461.37568,-1497.62,-1.55,806.78,0.84,-1574.92,-1.63,146350.64,146.35
1524,Entry short,28/09/2025 12:30,Short,199.67,483.104,96461.37568,-1497.62,-1.55,806.78,0.84,-1574.92,-1.63,146350.64,146.35
1525,Exit long,29/09/2025 12:00,Long Exit,206.6,428.675,87642.60375,921.65,1.05,2807.82,3.2,-12.86,-0.01,147272.28,147.27
1525,Entry long,28/09/2025 18:30,Long,204.45,428.675,87642.60375,921.65,1.05,2807.82,3.2,-12.86,-0.01,147272.28,147.27
1526,Exit long,30/09/2025 07:00,Long Exit,210,345.416,72730.79296,-193.43,-0.27,1443.84,1.99,-998.25,-1.37,147078.86,147.08
1526,Entry long,29/09/2025 15:30,Long,210.56,345.416,72730.79296,-193.43,-0.27,1443.84,1.99,-998.25,-1.37,147078.86,147.08
1527,Exit short,30/09/2025 22:00,Short Exit,209.87,309.06,63394.3872,-1468.03,-2.32,126.71,0.2,-1576.21,-2.49,145610.83,145.61
1527,Entry short,30/09/2025 18:00,Short,205.12,309.06,63394.3872,-1468.03,-2.32,126.71,0.2,-1576.21,-2.49,145610.83,145.61
1528,Exit long,03/10/2025 08:00,Long Exit,229.35,316.384,66953.18208,5609.49,8.38,7393.89,11.04,-15.82,-0.02,151220.31,151.22
1528,Entry long,01/10/2025 09:30,Long,211.62,316.384,66953.18208,5609.49,8.38,7393.89,11.04,-15.82,-0.02,151220.31,151.22
1529,Exit long,04/10/2025 04:30,Long Exit,228.92,271.992,64035.07656,-1770.67,-2.77,427.03,0.67,-2039.94,-3.19,149449.64,149.45
1529,Entry long,03/10/2025 17:30,Long,235.43,271.992,64035.07656,-1770.67,-2.77,427.03,0.67,-2039.94,-3.19,149449.64,149.45
1530,Exit short,05/10/2025 04:00,Stop Hit,231.12,381.319,86486.96239,-1643.48,-1.9,1044.81,1.21,-1750.25,-2.02,147806.16,147.81
1530,Entry short,04/10/2025 16:00,Short,226.81,381.319,86486.96239,-1643.48,-1.9,1044.81,1.21,-1750.25,-2.02,147806.16,147.81
1531,Exit long,05/10/2025 16:00,Stop Hit,230.13,358.778,83878.70862,-1313.13,-1.57,1230.61,1.47,-1926.64,-2.3,146493.03,146.49
1531,Entry long,05/10/2025 06:00,Long,233.79,358.778,83878.70862,-1313.13,-1.57,1230.61,1.47,-1926.64,-2.3,146493.03,146.49
1532,Exit long,07/10/2025 00:30,Long Exit,233.38,327.99,77005.4922,-459.19,-0.6,987.25,1.28,-1029.89,-1.34,146033.84,146.03
1532,Entry long,06/10/2025 15:00,Long,234.78,327.99,77005.4922,-459.19,-0.6,987.25,1.28,-1029.89,-1.34,146033.84,146.03
1533,Exit short,08/10/2025 15:30,Short Exit,221.9,306.281,70576.33083,2612.58,3.7,4021.47,5.7,-370.6,-0.53,148646.42,148.65
1533,Entry short,07/10/2025 08:00,Short,230.43,306.281,70576.33083,2612.58,3.7,4021.47,5.7,-370.6,-0.53,148646.42,148.65
1534,Exit long,09/10/2025 09:30,Stop Hit,220.78,267.914,60894.17306,-1744.12,-2.86,651.03,1.07,-1773.59,-2.91,146902.3,146.9
1534,Entry long,08/10/2025 19:30,Long,227.29,267.914,60894.17306,-1744.12,-2.86,651.03,1.07,-1773.59,-2.91,146902.3,146.9
1535,Exit short,10/10/2025 05:00,Short Exit,221.64,253.545,55554.24495,-641.47,-1.15,654.15,1.18,-953.33,-1.72,146260.83,146.26
1535,Entry short,09/10/2025 17:00,Short,219.11,253.545,55554.24495,-641.47,-1.15,654.15,1.18,-953.33,-1.72,146260.83,146.26
1536,Exit short,12/10/2025 08:00,Short Exit,182.64,254.65,54299.0195,7789.74,14.35,11316.65,20.84,-86.58,-0.16,154050.58,154.05
1536,Entry short,10/10/2025 16:30,Short,213.23,254.65,54299.0195,7789.74,14.35,11316.65,20.84,-86.58,-0.16,154050.58,154.05
1537,Exit long,13/10/2025 12:30,Long Exit,190.16,208.429,38828.23841,806.62,2.08,2855.48,7.35,-150.07,-0.39,154857.19,154.86
1537,Entry long,12/10/2025 16:00,Long,186.29,208.429,38828.23841,806.62,2.08,2855.48,7.35,-150.07,-0.39,154857.19,154.86
1538,Exit long,14/10/2025 07:00,Stop Hit,199.68,196.625,39332.865,-70.78,-0.18,2204.17,5.6,-224.15,-0.57,154786.4,154.79
1538,Entry long,13/10/2025 18:00,Long,200.04,196.625,39332.865,-70.78,-0.18,2204.17,5.6,-224.15,-0.57,154786.4,154.79
1539,Exit long,15/10/2025 15:00,Long Exit,201.17,202.034,41922.055,-1278.88,-3.05,284.87,0.68,-1911.24,-4.56,153507.53,153.51
1539,Entry long,15/10/2025 09:30,Long,207.5,202.034,41922.055,-1278.88,-3.05,284.87,0.68,-1911.24,-4.56,153507.53,153.51
1540,Exit short,16/10/2025 11:30,Short Exit,195.42,201.488,39251.87728,-122.91,-0.31,1700.56,4.33,-364.69,-0.93,153384.62,153.38
1540,Entry short,15/10/2025 21:00,Short,194.81,201.488,39251.87728,-122.91,-0.31,1700.56,4.33,-364.69,-0.93,153384.62,153.38
1541,Exit short,17/10/2025 20:00,Short Exit,183.45,193.735,36348.5607,807.87,2.22,2627.05,7.23,-912.49,-2.51,154192.5,154.19
1541,Entry short,16/10/2025 17:30,Short,187.62,193.735,36348.5607,807.87,2.22,2627.05,7.23,-912.49,-2.51,154192.5,154.19
1542,Exit long,18/10/2025 18:00,Long Exit,184.23,290.176,54405.09824,-945.97,-1.74,75.45,0.14,-1244.85,-2.29,153246.53,153.25
1542,Entry long,18/10/2025 08:30,Long,187.49,290.176,54405.09824,-945.97,-1.74,75.45,0.14,-1244.85,-2.29,153246.53,153.25
1543,Exit short,19/10/2025 11:00,Long,187.19,437.13,80217.7263,-1608.64,-2.01,17.49,0.02,-2242.48,-2.8,151637.89,151.64
1543,Entry short,19/10/2025 10:30,Short,183.51,437.13,80217.7263,-1608.64,-2.01,17.49,0.02,-2242.48,-2.8,151637.89,151.64
1544,Exit long,20/10/2025 01:00,Long Exit,187.86,370.255,69308.03345,248.07,0.36,1888.3,2.72,-177.72,-0.26,151885.95,151.89
1544,Entry long,19/10/2025 11:00,Long,187.19,370.255,69308.03345,248.07,0.36,1888.3,2.72,-177.72,-0.26,151885.95,151.89
1545,Exit long,20/10/2025 17:00,Long Exit,190.51,307.861,58804.52961,-153.93,-0.26,1074.43,1.83,-175.48,-0.3,151732.03,151.73
1545,Entry long,20/10/2025 05:30,Long,191.01,307.861,58804.52961,-153.93,-0.26,1074.43,1.83,-175.48,-0.3,151732.03,151.73
1546,Exit short,21/10/2025 15:30,Short Exit,187.8,348.898,64336.7912,-1186.25,-1.84,586.15,0.91,-1807.29,-2.81,150545.78,150.55
1546,Entry short,21/10/2025 05:30,Short,184.4,348.898,64336.7912,-1186.25,-1.84,586.15,0.91,-1807.29,-2.81,150545.78,150.55
1547,Exit long,22/10/2025 00:00,Stop Hit,188.56,282.057,54778.28997,-1593.62,-2.91,987.2,1.8,-1810.81,-3.31,148952.16,148.95
1547,Entry long,21/10/2025 16:30,Long,194.21,282.057,54778.28997,-1593.62,-2.91,987.2,1.8,-1810.81,-3.31,148952.16,148.95
1548,Exit short,23/10/2025 06:00,Short Exit,184.02,343.439,63041.66284,-157.98,-0.25,2239.22,3.55,-1150.52,-1.83,148794.17,148.79
1548,Entry short,22/10/2025 12:00,Short,183.56,343.439,63041.66284,-157.98,-0.25,2239.22,3.55,-1150.52,-1.83,148794.17,148.79
1549,Exit long,24/10/2025 13:00,Long Exit,192.13,317.758,59182.4275,1868.42,3.16,2653.28,4.48,-95.33,-0.16,150662.6,150.66
1549,Entry long,23/10/2025 07:30,Long,186.25,317.758,59182.4275,1868.42,3.16,2653.28,4.48,-95.33,-0.16,150662.6,150.66
1550,Exit long,24/10/2025 15:30,Long Exit,190.34,374.472,72523.99224,-1246.99,-1.72,228.43,0.31,-1565.29,-2.16,149415.6,149.42
1550,Entry long,24/10/2025 14:00,Long,193.67,374.472,72523.99224,-1246.99,-1.72,228.43,0.31,-1565.29,-2.16,149415.6,149.42
1551,Exit long,27/10/2025 09:30,Stop Hit,199.46,655.572,128557.6692,2202.72,1.71,6050.93,4.71,-1153.81,-0.9,151618.31,151.62
1551,Entry long,26/10/2025 09:30,Long,196.1,655.572,128557.6692,2202.72,1.71,6050.93,4.71,-1153.81,-0.9,151618.31,151.62
1552,Exit short,29/10/2025 10:30,Short Exit,196.34,295.511,58969.22005,948.59,1.61,2757.12,4.68,-511.23,-0.87,152566.9,152.57
1552,Entry short,28/10/2025 15:00,Short,199.55,295.511,58969.22005,948.59,1.61,2757.12,4.68,-511.23,-0.87,152566.9,152.57
1553,Exit short,31/10/2025 05:00,Short Exit,186.64,240.419,46533.09745,1661.3,3.57,3582.24,7.7,-1115.54,-2.4,154228.2,154.23
1553,Entry short,29/10/2025 19:00,Short,193.55,240.419,46533.09745,1661.3,3.57,3582.24,7.7,-1115.54,-2.4,154228.2,154.23
1554,Exit short,02/11/2025 05:00,Long,187.8,534.349,98464.49023,-1886.25,-1.92,128.24,0.13,-2009.15,-2.04,152341.95,152.34
1554,Entry short,01/11/2025 14:30,Short,184.27,534.349,98464.49023,-1886.25,-1.92,128.24,0.13,-2009.15,-2.04,152341.95,152.34
1555,Exit long,02/11/2025 11:00,Long Exit,185.04,561.257,105404.0646,-1549.07,-1.47,303.08,0.29,-1880.21,-1.78,150792.89,150.79
1555,Entry long,02/11/2025 05:00,Long,187.8,561.257,105404.0646,-1549.07,-1.47,303.08,0.29,-1880.21,-1.78,150792.89,150.79
1556,Exit short,03/11/2025 00:00,Short Exit,187.71,508.928,93825.96608,-1704.91,-1.82,1201.07,1.28,-1903.39,-2.03,149087.97,149.09
1556,Entry short,02/11/2025 15:00,Short,184.36,508.928,93825.96608,-1704.91,-1.82,1201.07,1.28,-1903.39,-2.03,149087.97,149.09
1557,Exit long,03/11/2025 03:00,Stop Hit,183.47,472.747,88772.43166,-2037.54,-2.3,307.29,0.35,-2259.73,-2.55,147050.44,147.05
1557,Entry long,03/11/2025 00:30,Long,187.78,472.747,88772.43166,-2037.54,-2.3,307.29,0.35,-2259.73,-2.55,147050.44,147.05
1558,Exit short,05/11/2025 05:30,Short Exit,157.61,389.916,70399.3338,8944.67,12.71,13530.09,19.22,-15.6,-0.02,155995.11,156
1558,Entry short,03/11/2025 03:30,Short,180.55,389.916,70399.3338,8944.67,12.71,13530.09,19.22,-15.6,-0.02,155995.11,156
1559,Exit long,06/11/2025 06:00,Long Exit,159.32,282.89,46023.3741,-953.34,-2.07,130.13,0.28,-1091.96,-2.37,155041.77,155.04
1559,Entry long,05/11/2025 20:30,Long,162.69,282.89,46023.3741,-953.34,-2.07,130.13,0.28,-1091.96,-2.37,155041.77,155.04
1560,Exit short,07/11/2025 17:30,Stop Hit,161.1,320.854,50027.55568,-1662.02,-3.32,1957.21,3.91,-1703.73,-3.41,153379.75,153.38
1560,Entry short,06/11/2025 16:00,Short,155.92,320.854,50027.55568,-1662.02,-3.32,1957.21,3.91,-1703.73,-3.41,153379.75,153.38
1561,Exit long,08/11/2025 06:30,Long Exit,161.25,247.077,39821.40009,19.77,0.05,919.13,2.31,-249.55,-0.63,153399.52,153.4
1561,Entry long,07/11/2025 18:00,Long,161.17,247.077,39821.40009,19.77,0.05,919.13,2.31,-249.55,-0.63,153399.52,153.4
1562,Exit short,09/11/2025 06:30,Short Exit,158.42,471.064,73500.11592,-1125.84,-1.53,433.38,0.59,-1172.95,-1.6,152273.67,152.27
1562,Entry short,09/11/2025 03:00,Short,156.03,471.064,73500.11592,-1125.84,-1.53,433.38,0.59,-1172.95,-1.6,152273.67,152.27
1563,Exit long,10/11/2025 15:00,Long Exit,166.15,450.739,73200.0136,1690.27,2.31,3641.97,4.98,-1207.98,-1.65,153963.94,153.96
1563,Entry long,09/11/2025 14:30,Long,162.4,450.739,73200.0136,1690.27,2.31,3641.97,4.98,-1207.98,-1.65,153963.94,153.96
1564,Exit long,11/11/2025 06:30,Long Exit,164.75,329.442,55642.7538,-1367.18,-2.46,1001.5,1.8,-1755.93,-3.16,152596.75,152.6
1564,Entry long,11/11/2025 01:30,Long,168.9,329.442,55642.7538,-1367.18,-2.46,1001.5,1.8,-1755.93,-3.16,152596.75,152.6
1565,Exit short,12/11/2025 09:00,Short Exit,158,303.295,49967.85125,2047.24,4.1,3384.77,6.77,-172.88,-0.35,154644,154.64
1565,Entry short,11/11/2025 06:30,Short,164.75,303.295,49967.85125,2047.24,4.1,3384.77,6.77,-172.88,-0.35,154644,154.64
1566,Exit short,13/11/2025 06:00,Short Exit,156.14,330.534,50575.00734,-1034.57,-2.05,856.08,1.69,-1252.72,-2.48,153609.42,153.61
1566,Entry short,12/11/2025 16:30,Short,153.01,330.534,50575.00734,-1034.57,-2.05,856.08,1.69,-1252.72,-2.48,153609.42,153.61
1567,Exit short,15/11/2025 17:30,Long,143.1,330.564,49644.10152,2340.39,4.71,4766.73,9.6,-112.39,-0.23,155949.81,155.95
1567,Entry short,13/11/2025 17:30,Short,150.18,330.564,49644.10152,2340.39,4.71,4766.73,9.6,-112.39,-0.23,155949.81,155.95
1568,Exit long,15/11/2025 22:00,Long Exit,138.98,412.252,58993.2612,-1698.48,-2.88,169.02,0.29,-1851.01,-3.14,154251.34,154.25
1568,Entry long,15/11/2025 17:30,Long,143.1,412.252,58993.2612,-1698.48,-2.88,169.02,0.29,-1851.01,-3.14,154251.34,154.25
1569,Exit short,17/11/2025 03:30,Short Exit,140.19,447.922,61575.83734,-1218.35,-1.98,1366.16,2.22,-1487.1,-2.42,153033,153.03
1569,Entry short,16/11/2025 16:00,Short,137.47,447.922,61575.83734,-1218.35,-1.98,1366.16,2.22,-1487.1,-2.42,153033,153.03
1570,Exit long,17/11/2025 16:30,Stop Hit,135.28,333.251,46705.12765,-1622.93,-3.47,216.61,0.46,-2282.77,-4.89,151410.06,151.41
1570,Entry long,17/11/2025 15:00,Long,140.15,333.251,46705.12765,-1622.93,-3.47,216.61,0.46,-2282.77,-4.89,151410.06,151.41
1571,Exit short,18/11/2025 05:00,Short Exit,135.54,281.687,38106.61736,-73.24,-0.19,1819.7,4.78,-270.42,-0.71,151336.83,151.34
1571,Entry short,17/11/2025 16:30,Short,135.28,281.687,38106.61736,-73.24,-0.19,1819.7,4.78,-270.42,-0.71,151336.83,151.34
1572,Exit long,19/11/2025 05:00,Long Exit,138.67,331.86,47190.492,-1171.47,-2.48,89.6,0.19,-1264.39,-2.68,150165.36,150.17
1572,Entry long,19/11/2025 03:00,Long,142.2,331.86,47190.492,-1171.47,-2.48,89.6,0.19,-1264.39,-2.68,150165.36,150.17
1573,Exit short,20/11/2025 01:30,Stop Hit,138.53,400.867,54814.55358,-717.55,-1.31,2489.38,4.54,-1074.32,-1.96,149447.8,149.45
1573,Entry short,19/11/2025 14:00,Short,136.74,400.867,54814.55358,-717.55,-1.31,2489.38,4.54,-1074.32,-1.96,149447.8,149.45
1574,Exit long,20/11/2025 14:30,Long Exit,141.02,314.011,44903.573,-621.74,-1.38,565.22,1.26,-1262.32,-2.81,148826.06,148.83
1574,Entry long,20/11/2025 02:30,Long,143,314.011,44903.573,-621.74,-1.38,565.22,1.26,-1262.32,-2.81,148826.06,148.83
1575,Exit short,22/11/2025 17:00,Short Exit,128.21,292.64,38447.0432,927.67,2.41,2844.46,7.4,-661.37,-1.72,149753.73,149.75
1575,Entry short,21/11/2025 03:00,Short,131.38,292.64,38447.0432,927.67,2.41,2844.46,7.4,-661.37,-1.72,149753.73,149.75
1576,Exit long,24/11/2025 00:30,Long Exit,130.57,444.485,57747.4912,288.92,0.5,1609.04,2.79,-804.52,-1.39,150042.64,150.04
1576,Entry long,23/11/2025 02:30,Long,129.92,444.485,57747.4912,288.92,0.5,1609.04,2.79,-804.52,-1.39,150042.64,150.04
1577,Exit long,24/11/2025 09:30,Long Exit,128.71,401.876,53638.38972,-1912.93,-3.57,377.76,0.7,-2021.44,-3.77,148129.72,148.13
1577,Entry long,24/11/2025 02:30,Long,133.47,401.876,53638.38972,-1912.93,-3.57,377.76,0.7,-2021.44,-3.77,148129.72,148.13
1578,Exit long,25/11/2025 08:00,Long Exit,136.33,376.425,50331.78675,986.23,1.96,2318.78,4.61,-48.94,-0.1,149115.95,149.12
1578,Entry long,24/11/2025 17:00,Long,133.71,376.425,50331.78675,986.23,1.96,2318.78,4.61,-48.94,-0.1,149115.95,149.12
1579,Exit long,26/11/2025 12:30,Long Exit,136.06,371.714,51835.5173,-1260.11,-2.43,457.21,0.88,-1445.97,-2.79,147855.84,147.86
1579,Entry long,25/11/2025 23:30,Long,139.45,371.714,51835.5173,-1260.11,-2.43,457.21,0.88,-1445.97,-2.79,147855.84,147.86
1580,Exit long,27/11/2025 10:00,Long Exit,141.74,384.742,54156.28392,377.05,0.7,1535.12,2.83,-23.08,-0.04,148232.89,148.23
1580,Entry long,26/11/2025 18:00,Long,140.76,384.742,54156.28392,377.05,0.7,1535.12,2.83,-23.08,-0.04,148232.89,148.23
1581,Exit short,28/11/2025 09:30,Short Exit,142,603.356,84958.55836,-717.99,-0.85,1339.45,1.58,-1104.14,-1.3,147514.89,147.51
1581,Entry short,27/11/2025 23:00,Short,140.81,603.356,84958.55836,-717.99,-0.85,1339.45,1.58,-1104.14,-1.3,147514.89,147.51
1582,Exit long,28/11/2025 17:00,Long Exit,138.8,521.776,74363.51552,-1941.01,-2.61,563.52,0.76,-1961.88,-2.64,145573.89,145.57
1582,Entry long,28/11/2025 14:00,Long,142.52,521.776,74363.51552,-1941.01,-2.61,563.52,0.76,-1961.88,-2.64,145573.89,145.57
1583,Exit short,29/11/2025 16:30,Short Exit,137.19,416.133,57089.28627,0,0,491.04,0.86,-461.91,-0.81,145573.89,145.57
1583,Entry short,28/11/2025 17:30,Short,137.19,416.133,57089.28627,0,0,491.04,0.86,-461.91,-0.81,145573.89,145.57
1584,Exit short,30/11/2025 08:30,Short Exit,136.6,717.896,97160.04464,-904.55,-0.93,416.38,0.43,-1256.32,-1.29,144669.34,144.67
1584,Entry short,29/11/2025 18:30,Short,135.34,717.896,97160.04464,-904.55,-0.93,416.38,0.43,-1256.32,-1.29,144669.34,144.67
1585,Exit long,30/11/2025 23:30,Long Exit,135.78,738.126,102673.3266,-2450.58,-2.39,804.56,0.78,-2546.53,-2.48,142218.77,142.22
1585,Entry long,30/11/2025 13:30,Long,139.1,738.126,102673.3266,-2450.58,-2.39,804.56,0.78,-2546.53,-2.48,142218.77,142.22
1586,Exit short,02/12/2025 01:30,Short Exit,127.31,553.776,73918.02048,3416.8,4.62,5742.66,7.77,-143.98,-0.19,145635.56,145.64
1586,Entry short,01/12/2025 00:00,Short,133.48,553.776,73918.02048,3416.8,4.62,5742.66,7.77,-143.98,-0.19,145635.56,145.64
1587,Exit long,03/12/2025 14:30,Long Exit,140.84,521.232,66874.0656,6536.25,9.77,8318.86,12.44,-250.19,-0.37,152171.81,152.17
1587,Entry long,02/12/2025 11:00,Long,128.3,521.232,66874.0656,6536.25,9.77,8318.86,12.44,-250.19,-0.37,152171.81,152.17
1588,Exit long,04/12/2025 12:30,Long Exit,142.53,404.189,58809.4995,-1200.44,-2.04,569.91,0.97,-1252.99,-2.13,150971.36,150.97
1588,Entry long,03/12/2025 22:00,Long,145.5,404.189,58809.4995,-1200.44,-2.04,569.91,0.97,-1252.99,-2.13,150971.36,150.97
1589,Exit short,05/12/2025 07:30,Short Exit,140.27,406.219,56383.1972,-597.14,-1.06,418.41,0.74,-792.13,-1.4,150374.22,150.37
1589,Entry short,04/12/2025 19:30,Short,138.8,406.219,56383.1972,-597.14,-1.06,418.41,0.74,-792.13,-1.4,150374.22,150.37
1590,Exit short,07/12/2025 04:00,Short Exit,133.5,502.606,68771.57898,1673.68,2.43,3065.9,4.46,-633.28,-0.92,152047.9,152.05
1590,Entry short,05/12/2025 09:30,Short,136.83,502.606,68771.57898,1673.68,2.43,3065.9,4.46,-633.28,-0.92,152047.9,152.05
1591,Exit short,07/12/2025 16:00,Stop Hit,132.03,677.913,87281.29875,-2223.55,-2.55,711.81,0.82,-2352.36,-2.7,149824.34,149.82
1591,Entry short,07/12/2025 14:30,Short,128.75,677.913,87281.29875,-2223.55,-2.55,711.81,0.82,-2352.36,-2.7,149824.34,149.82
1592,Exit long,07/12/2025 22:30,Stop Hit,131.67,455.226,61064.01564,-1124.41,-1.84,1006.05,1.65,-1975.68,-3.24,148699.94,148.7
1592,Entry long,07/12/2025 17:30,Long,134.14,455.226,61064.01564,-1124.41,-1.84,1006.05,1.65,-1975.68,-3.24,148699.94,148.7
1593,Exit long,08/12/2025 19:00,Stop Hit,133.62,487.672,66664.7624,-1502.03,-2.25,1297.21,1.95,-1794.63,-2.69,147197.9,147.2
1593,Entry long,08/12/2025 09:00,Long,136.7,487.672,66664.7624,-1502.03,-2.25,1297.21,1.95,-1794.63,-2.69,147197.9,147.2
1594,Exit short,09/12/2025 15:30,Short Exit,134.16,472.832,62461.1072,-974.03,-1.56,226.96,0.36,-1229.36,-1.97,146223.88,146.22
1594,Entry short,09/12/2025 06:00,Short,132.1,472.832,62461.1072,-974.03,-1.56,226.96,0.36,-1229.36,-1.97,146223.88,146.22
1595,Exit long,09/12/2025 22:00,Stop Hit,137.75,401.844,56848.87068,-1494.86,-2.63,1390.38,2.45,-1912.78,-3.36,144729.02,144.73
1595,Entry long,09/12/2025 16:30,Long,141.47,401.844,56848.87068,-1494.86,-2.63,1390.38,2.45,-1912.78,-3.36,144729.02,144.73
1596,Exit short,11/12/2025 15:30,Short Exit,132.04,306.119,41825.03897,1405.09,3.36,2335.69,5.58,-373.47,-0.89,146134.1,146.13
1596,Entry short,10/12/2025 22:30,Short,136.63,306.119,41825.03897,1405.09,3.36,2335.69,5.58,-373.47,-0.89,146134.1,146.13
1597,Exit long,12/12/2025 15:30,Long Exit,135.65,376.493,51684.95904,-613.68,-1.19,1069.24,2.07,-655.1,-1.27,145520.42,145.52
1597,Entry long,12/12/2025 02:30,Long,137.28,376.493,51684.95904,-613.68,-1.19,1069.24,2.07,-655.1,-1.27,145520.42,145.52
1598,Exit short,15/12/2025 02:30,Stop Hit,132.77,889.799,117097.5484,-1041.06,-0.89,3221.07,2.75,-1468.17,-1.25,144479.36,144.48
1598,Entry short,14/12/2025 10:30,Short,131.6,889.799,117097.5484,-1041.06,-0.89,3221.07,2.75,-1468.17,-1.25,144479.36,144.48
1599,Exit long,15/12/2025 15:00,Long Exit,130.48,631.988,83845.84796,-1384.05,-1.65,1744.29,2.08,-1940.2,-2.31,143095.3,143.1
1599,Entry long,15/12/2025 14:00,Long,132.67,631.988,83845.84796,-1384.05,-1.65,1744.29,2.08,-1940.2,-2.31,143095.3,143.1
1600,Exit short,15/12/2025 21:30,Open,126.44,409.036,52168.45144,449.94,0.86,1599.33,3.07,-331.32,-0.64,143545.23,143.55
1600,Entry short,15/12/2025 15:30,Short,127.54,409.036,52168.45144,449.94,0.86,1599.33,3.07,-331.32,-0.64,143545.23,143.55
