Trade #,Type,Date/Time,Signal,Price USD,Position size (qty),Position size (value),Net P&L USD,Net P&L %,Run-up USD,Run-up %,Drawdown USD,Drawdown %,Cumulative P&L USD,Cumulative P&L %
1,Exit long,2000-01-07 21:00,EOD,2091.75,2,4138,2275,1.10,2275,1.10,-550,-0.27,2275,2.28
1,Entry long,2000-01-07 15:30,S1 Trend,2069,2,4138,2275,1.10,2275,1.10,-550,-0.27,2275,2.28
2,Exit long,2000-01-13 21:00,EOD,2097,3,6294.75,-187.5,-0.06,675,0.21,-600,-0.19,2087.5,2.09
2,Entry long,2000-01-13 19:30,S1 Trend,2098.25,3,6294.75,-187.5,-0.06,675,0.21,-600,-0.19,2087.5,2.09
3,Exit long,2000-01-14 17:00,S1 Trail,2108.5,3,6355.5,-1500,-0.47,375,0.12,-1500,-0.47,587.5,0.59
3,Entry long,2000-01-14 15:30,S1 Trend,2118.5,3,6355.5,-1500,-0.47,375,0.12,-1500,-0.47,587.5,0.59
4,Exit long,2000-01-19 20:00,S1 Trail,2098.25,4,8429,-1800,-0.43,550,0.13,-1800,-0.43,-1212.5,-1.21
4,Entry long,2000-01-19 15:30,S1 Trend,2107.25,4,8429,-1800,-0.43,550,0.13,-1800,-0.43,-1212.5,-1.21
5,Exit long,2000-01-27 16:30,S1 Trail,2054,4,8245,-1450,-0.35,650,0.16,-1450,-0.35,-2662.5,-2.66
5,Entry long,2000-01-27 15:30,S1 Trend,2061.25,4,8245,-1450,-0.35,650,0.16,-1450,-0.35,-2662.5,-2.66
6,Exit long,2000-02-01 21:00,EOD,2052.25,3,6138,937.5,0.31,1762.5,0.57,-750,-0.24,-1725,-1.72
6,Entry long,2000-02-01 19:30,S1 Trend,2046,3,6138,937.5,0.31,1762.5,0.57,-750,-0.24,-1725,-1.72
7,Exit long,2000-02-02 19:00,S1 Trail,2048.25,4,8232,-1950,-0.47,1500,0.36,-1950,-0.47,-3675,-3.67
7,Entry long,2000-02-02 17:00,S1 Trend,2058,4,8232,-1950,-0.47,1500,0.36,-1950,-0.47,-3675,-3.67
8,Exit long,2000-02-03 18:30,S2 FairVal,2059,2,4113,250,0.12,625,0.30,-175,-0.09,-3425,-3.42
8,Entry long,2000-02-03 18:00,S2 VWAP,2056.5,2,4113,250,0.12,625,0.30,-175,-0.09,-3425,-3.42
9,Exit short,2000-02-10 16:30,S3 Scalp,2057,4,8201,-1350,-0.33,50,0.01,-1550,-0.38,-4775,-4.78
9,Entry short,2000-02-10 16:00,S3 Hedge,2050.25,4,8201,-1350,-0.33,50,0.01,-1550,-0.38,-4775,-4.78
10,Exit short,2000-02-18 19:30,S3 Scalp,1994.75,3,6027.75,2175,0.72,2175,0.72,-75,-0.02,-2600,-2.60
10,Entry short,2000-02-18 17:30,S3 Hedge,2009.25,3,6027.75,2175,0.72,2175,0.72,-75,-0.02,-2600,-2.60
11,Exit long,2000-02-23 21:00,EOD,2001.5,3,6011.25,-337.5,-0.11,975,0.32,-675,-0.22,-2937.5,-2.94
11,Entry long,2000-02-23 19:00,S1 Trend,2003.75,3,6011.25,-337.5,-0.11,975,0.32,-675,-0.22,-2937.5,-2.94
12,Exit long,2000-02-25 16:30,S1 Trail,1986,4,7987,-2150,-0.54,150,0.04,-2150,-0.54,-5087.5,-5.09
12,Entry long,2000-02-25 15:30,S1 Trend,1996.75,4,7987,-2150,-0.54,150,0.04,-2150,-0.54,-5087.5,-5.09
13,Exit long,2000-02-29 21:00,EOD,2003.5,4,7989,1250,0.31,2550,0.64,-650,-0.16,-3837.5,-3.84
13,Entry long,2000-02-29 15:30,S1 Trend,1997.25,4,7989,1250,0.31,2550,0.64,-650,-0.16,-3837.5,-3.84
14,Exit long,2000-03-01 19:00,S1 Trail,2008,5,10072.5,-1625,-0.32,1187.5,0.24,-1625,-0.32,-5462.5,-5.46
14,Entry long,2000-03-01 15:30,S1 Trend,2014.5,5,10072.5,-1625,-0.32,1187.5,0.24,-1625,-0.32,-5462.5,-5.46
15,Exit long,2000-03-02 19:00,S2 FairVal,2017.25,3,6041.25,525,0.17,525,0.17,-300,-0.10,-4937.5,-4.94
15,Entry long,2000-03-02 18:30,S2 VWAP,2013.75,3,6041.25,525,0.17,525,0.17,-300,-0.10,-4937.5,-4.94
16,Exit long,2000-03-03 16:30,S1 Climax,2040.5,1,2036,225,0.22,250,0.25,-62.5,-0.06,-4712.5,-4.71
16,Entry long,2000-03-03 15:30,S1 Trend,2036,1,2036,225,0.22,250,0.25,-62.5,-0.06,-4712.5,-4.71
17,Exit long,2000-03-03 17:00,S1 Climax,2044.25,1,2036,412.5,0.41,500,0.49,-62.5,-0.06,-4300,-4.30
17,Entry long,2000-03-03 15:30,S1 Trend,2036,1,2036,412.5,0.41,500,0.49,-62.5,-0.06,-4300,-4.30
18,Exit long,2000-03-03 17:30,S1 Climax,2049.75,1,2036,687.5,0.68,725,0.71,-62.5,-0.06,-3612.5,-3.61
18,Entry long,2000-03-03 15:30,S1 Trend,2036,1,2036,687.5,0.68,725,0.71,-62.5,-0.06,-3612.5,-3.61
19,Exit long,2000-03-03 21:00,EOD,2048.75,1,2036,637.5,0.63,725,0.71,-62.5,-0.06,-2975,-2.97
19,Entry long,2000-03-03 15:30,S1 Trend,2036,1,2036,637.5,0.63,725,0.71,-62.5,-0.06,-2975,-2.97
20,Exit long,2000-03-06 19:30,S2 FairVal,2031.25,4,8150,-1250,-0.31,700,0.17,-1250,-0.31,-4225,-4.23
20,Entry long,2000-03-06 18:00,S2 VWAP,2037.5,4,8150,-1250,-0.31,700,0.17,-1250,-0.31,-4225,-4.23
21,Exit short,2000-03-08 16:30,S3 Scalp,1994,3,5961,-1050,-0.35,375,0.13,-1387.5,-0.47,-5275,-5.27
21,Entry short,2000-03-08 16:00,S3 Hedge,1987,3,5961,-1050,-0.35,375,0.13,-1387.5,-0.47,-5275,-5.27
22,Exit long,2000-03-09 21:00,EOD,2038,3,6043.5,3525,1.17,3525,1.17,-600,-0.20,-1750,-1.75
22,Entry long,2000-03-09 16:00,S1 Trend,2014.5,3,6043.5,3525,1.17,3525,1.17,-600,-0.20,-1750,-1.75
23,Exit long,2000-03-10 16:30,S1 Trail,2037.75,4,8189,-1900,-0.46,300,0.07,-1900,-0.46,-3650,-3.65
23,Entry long,2000-03-10 16:00,S1 Trend,2047.25,4,8189,-1900,-0.46,300,0.07,-1900,-0.46,-3650,-3.65
24,Exit long,2000-03-10 18:30,S2 FairVal,2042,3,6108.75,862.5,0.28,862.5,0.28,-225,-0.07,-2787.5,-2.79
24,Entry long,2000-03-10 17:30,S2 VWAP,2036.25,3,6108.75,862.5,0.28,862.5,0.28,-225,-0.07,-2787.5,-2.79
25,Exit long,2000-03-13 20:00,S1 Trail,2015,2,4050,-1000,-0.49,1075,0.53,-1000,-0.49,-3787.5,-3.79
25,Entry long,2000-03-13 16:00,S1 Trend,2025,2,4050,-1000,-0.49,1075,0.53,-1000,-0.49,-3787.5,-3.79
26,Exit long,2000-03-15 19:30,S1 Climax,2029.25,1,2018.25,550,0.55,562.5,0.56,-137.5,-0.14,-3237.5,-3.24
26,Entry long,2000-03-15 18:30,S1 Trend,2018.25,1,2018.25,550,0.55,562.5,0.56,-137.5,-0.14,-3237.5,-3.24
27,Exit long,2000-03-15 21:00,EOD,2026.75,1,2018.25,425,0.42,862.5,0.85,-137.5,-0.14,-2812.5,-2.81
27,Entry long,2000-03-15 18:30,S1 Trend,2018.25,1,2018.25,425,0.42,862.5,0.85,-137.5,-0.14,-2812.5,-2.81
28,Exit long,2000-03-16 16:30,S1 Climax,2052.5,1,2044.25,412.5,0.40,412.5,0.40,-12.5,-0.01,-2400,-2.40
28,Entry long,2000-03-16 15:30,S1 Trend,2044.25,1,2044.25,412.5,0.40,412.5,0.40,-12.5,-0.01,-2400,-2.40
29,Exit long,2000-03-16 17:00,S1 Climax,2067.5,1,2044.25,1162.5,1.14,1400,1.37,-12.5,-0.01,-1237.5,-1.24
29,Entry long,2000-03-16 15:30,S1 Trend,2044.25,1,2044.25,1162.5,1.14,1400,1.37,-12.5,-0.01,-1237.5,-1.24
30,Exit long,2000-03-16 17:30,S1 Climax,2072.75,1,2044.25,1425,1.39,1487.5,1.46,-12.5,-0.01,187.5,0.19
30,Entry long,2000-03-16 15:30,S1 Trend,2044.25,1,2044.25,1425,1.39,1487.5,1.46,-12.5,-0.01,187.5,0.19
31,Exit long,2000-03-16 18:30,S1 Climax,2068.5,1,2072.75,-212.5,-0.21,137.5,0.13,-312.5,-0.30,-25,-0.02
31,Entry long,2000-03-16 18:00,S1 Trend,2072.75,1,2072.75,-212.5,-0.21,137.5,0.13,-312.5,-0.30,-25,-0.02
32,Exit long,2000-03-16 19:00,S1 Climax,2072.25,1,2072.75,-25,-0.02,150,0.14,-312.5,-0.30,-50,-0.05
32,Entry long,2000-03-16 18:00,S1 Trend,2072.75,1,2072.75,-25,-0.02,150,0.14,-312.5,-0.30,-50,-0.05
33,Exit long,2000-03-17 17:00,S1 Trail,2100.25,3,6315.75,-750,-0.24,1575,0.50,-750,-0.24,-800,-0.80
33,Entry long,2000-03-17 15:30,S1 Trend,2105.25,3,6315.75,-750,-0.24,1575,0.50,-750,-0.24,-800,-0.80
34,Exit long,2000-03-21 21:00,EOD,2132,3,6310.5,4275,1.35,4312.5,1.37,-600,-0.19,3475,3.48
34,Entry long,2000-03-21 16:00,S1 Trend,2103.5,3,6310.5,4275,1.35,4312.5,1.37,-600,-0.19,3475,3.48
35,Exit long,2000-03-22 16:30,S1 Trail,2126.75,5,10668.75,-1750,-0.33,687.5,0.13,-1750,-0.33,1725,1.73
35,Entry long,2000-03-22 15:30,S1 Trend,2133.75,5,10668.75,-1750,-0.33,687.5,0.13,-1750,-0.33,1725,1.73
36,Exit long,2000-03-23 19:00,S1 Climax,2165.5,1,2140.5,1250,1.17,1300,1.21,-187.5,-0.18,2975,2.97
36,Entry long,2000-03-23 16:00,S1 Trend,2140.5,1,2140.5,1250,1.17,1300,1.21,-187.5,-0.18,2975,2.97
37,Exit long,2000-03-23 19:30,S1 Climax,2170.5,1,2140.5,1500,1.40,1525,1.42,-187.5,-0.18,4475,4.47
37,Entry long,2000-03-23 16:00,S1 Trend,2140.5,1,2140.5,1500,1.40,1525,1.42,-187.5,-0.18,4475,4.47
38,Exit long,2000-03-23 21:00,EOD,2164.5,2,4281,2400,1.12,3050,1.42,-375,-0.18,6875,6.88
38,Entry long,2000-03-23 16:00,S1 Trend,2140.5,2,4281,2400,1.12,3050,1.42,-375,-0.18,6875,6.88
39,Exit long,2000-03-24 16:00,S1 Climax,2187.75,1,2178.5,462.5,0.42,687.5,0.63,-87.5,-0.08,7337.5,7.34
39,Entry long,2000-03-24 15:30,S1 Trend,2178.5,1,2178.5,462.5,0.42,687.5,0.63,-87.5,-0.08,7337.5,7.34
40,Exit long,2000-03-24 17:00,S1 Trail,2179.25,3,6535.5,112.5,0.03,2062.5,0.63,-262.5,-0.08,7450,7.45
40,Entry long,2000-03-24 15:30,S1 Trend,2178.5,3,6535.5,112.5,0.03,2062.5,0.63,-262.5,-0.08,7450,7.45
41,Exit long,2000-03-27 18:00,S2 FairVal,2164.5,4,8653,250,0.06,350,0.08,-750,-0.17,7700,7.70
41,Entry long,2000-03-27 17:30,S2 VWAP,2163.25,4,8653,250,0.06,350,0.08,-750,-0.17,7700,7.70
42,Exit long,2000-03-31 22:00,EOD,2136.25,2,4281,-425,-0.20,1625,0.76,-425,-0.20,7275,7.28
42,Entry long,2000-03-31 20:00,S1 Trend,2140.5,2,4281,-425,-0.20,1625,0.76,-425,-0.20,7275,7.28
43,Exit long,2000-04-04 16:00,S1 Trail,2141.25,4,8613,-2400,-0.56,250,0.06,-2700,-0.63,4875,4.88
43,Entry long,2000-04-04 15:30,S1 Trend,2153.25,4,8613,-2400,-0.56,250,0.06,-2700,-0.63,4875,4.88
44,Exit long,2000-04-06 16:00,S1 Climax,2143.5,1,2141,125,0.12,387.5,0.36,-150,-0.14,5000,5.00
44,Entry long,2000-04-06 15:30,S1 Trend,2141,1,2141,125,0.12,387.5,0.36,-150,-0.14,5000,5.00
45,Exit long,2000-04-06 17:00,S1 Trail,2135,2,4282,-600,-0.28,775,0.36,-600,-0.28,4400,4.40
45,Entry long,2000-04-06 15:30,S1 Trend,2141,2,4282,-600,-0.28,775,0.36,-600,-0.28,4400,4.40
46,Exit long,2000-04-07 19:00,S1 Trail,2139.25,3,6447,-1462.5,-0.45,600,0.19,-1462.5,-0.45,2937.5,2.94
46,Entry long,2000-04-07 16:30,S1 Trend,2149,3,6447,-1462.5,-0.45,600,0.19,-1462.5,-0.45,2937.5,2.94
47,Exit long,2000-04-10 17:30,S1 Trail,2152.25,5,10772.5,-562.5,-0.10,1875,0.35,-562.5,-0.10,2375,2.38
47,Entry long,2000-04-10 16:00,S1 Trend,2154.5,5,10772.5,-562.5,-0.10,1875,0.35,-562.5,-0.10,2375,2.38
48,Exit long,2000-04-11 20:00,S1 Trail,2128.75,2,4282.5,-1250,-0.58,600,0.28,-1250,-0.58,1125,1.13
48,Entry long,2000-04-11 17:00,S1 Trend,2141.25,2,4282.5,-1250,-0.58,600,0.28,-1250,-0.58,1125,1.13
49,Exit short,2000-04-14 19:30,S3 Scalp,1998.75,1,2034,1762.5,1.73,1762.5,1.73,-75,-0.07,2887.5,2.89
49,Entry short,2000-04-14 16:30,S3 Hedge,2034,1,2034,1762.5,1.73,1762.5,1.73,-75,-0.07,2887.5,2.89
50,Exit long,2000-04-18 17:30,S1 Climax,2060.5,1,2039.5,1050,1.03,1200,1.18,-237.5,-0.23,3937.5,3.94
50,Entry long,2000-04-18 15:30,S1 Trend,2039.5,1,2039.5,1050,1.03,1200,1.18,-237.5,-0.23,3937.5,3.94
51,Exit long,2000-04-18 21:00,EOD,2069,1,2039.5,1475,1.45,1512.5,1.48,-237.5,-0.23,5412.5,5.41
51,Entry long,2000-04-18 15:30,S1 Trend,2039.5,1,2039.5,1475,1.45,1512.5,1.48,-237.5,-0.23,5412.5,5.41
52,Exit long,2000-04-19 18:30,S1 Trail,2062,3,6218.25,-1612.5,-0.52,787.5,0.25,-1612.5,-0.52,3800,3.80
52,Entry long,2000-04-19 16:00,S1 Trend,2072.75,3,6218.25,-1612.5,-0.52,787.5,0.25,-1612.5,-0.52,3800,3.80
53,Exit long,2000-04-19 21:00,EOD,2058,2,4130.5,-725,-0.35,125,0.06,-1200,-0.58,3075,3.08
53,Entry long,2000-04-19 19:30,S2 VWAP,2065.25,2,4130.5,-725,-0.35,125,0.06,-1200,-0.58,3075,3.08
54,Exit long,2000-04-25 16:30,S1 Climax,2083.5,1,2082,75,0.07,250,0.24,0,0.00,3150,3.15
54,Entry long,2000-04-25 16:00,S1 Trend,2082,1,2082,75,0.07,250,0.24,0,0.00,3150,3.15
55,Exit long,2000-04-25 17:00,S1 Climax,2086,1,2082,200,0.19,250,0.24,-25,-0.02,3350,3.35
55,Entry long,2000-04-25 16:00,S1 Trend,2082,1,2082,200,0.19,250,0.24,-25,-0.02,3350,3.35
56,Exit long,2000-04-25 17:30,S1 Climax,2085.75,1,2082,187.5,0.18,387.5,0.37,-25,-0.02,3537.5,3.54
56,Entry long,2000-04-25 16:00,S1 Trend,2082,1,2082,187.5,0.18,387.5,0.37,-25,-0.02,3537.5,3.54
57,Exit long,2000-04-25 19:30,S1 Climax,2099,1,2091.25,387.5,0.37,400,0.38,-12.5,-0.01,3925,3.93
57,Entry long,2000-04-25 19:00,S1 Trend,2091.25,1,2091.25,387.5,0.37,400,0.38,-12.5,-0.01,3925,3.93
58,Exit long,2000-04-25 20:00,S1 Climax,2096.75,1,2091.25,275,0.26,412.5,0.39,-12.5,-0.01,4200,4.20
58,Entry long,2000-04-25 19:00,S1 Trend,2091.25,1,2091.25,275,0.26,412.5,0.39,-12.5,-0.01,4200,4.20
59,Exit long,2000-04-25 20:30,S1 Climax,2098,1,2091.25,337.5,0.32,562.5,0.54,-12.5,-0.01,4537.5,4.54
59,Entry long,2000-04-25 19:00,S1 Trend,2091.25,1,2091.25,337.5,0.32,562.5,0.54,-12.5,-0.01,4537.5,4.54
60,Exit long,2000-04-26 16:30,S1 Trail,2100.25,4,8442,-2050,-0.49,100,0.02,-2050,-0.49,2487.5,2.49
60,Entry long,2000-04-26 16:00,S1 Trend,2110.5,4,8442,-2050,-0.49,100,0.02,-2050,-0.49,2487.5,2.49
61,Exit long,2000-04-26 20:30,S2 FairVal,2088.75,3,6294,-1387.5,-0.44,750,0.24,-1387.5,-0.44,1100,1.10
61,Entry long,2000-04-26 18:00,S2 VWAP,2098,3,6294,-1387.5,-0.44,750,0.24,-1387.5,-0.44,1100,1.10
62,Exit long,2000-04-27 21:00,EOD,2092,2,4188,-200,-0.10,475,0.23,-925,-0.44,900,0.90
62,Entry long,2000-04-27 19:30,S1 Trend,2094,2,4188,-200,-0.10,475,0.23,-925,-0.44,900,0.90
63,Exit long,2000-05-01 16:30,S1 Climax,2098.5,1,2087.5,550,0.53,625,0.60,-75,-0.07,1450,1.45
63,Entry long,2000-05-01 15:30,S1 Trend,2087.5,1,2087.5,550,0.53,625,0.60,-75,-0.07,1450,1.45
64,Exit long,2000-05-01 17:00,S1 Climax,2101.25,1,2087.5,687.5,0.66,737.5,0.71,-75,-0.07,2137.5,2.14
64,Entry long,2000-05-01 15:30,S1 Trend,2087.5,1,2087.5,687.5,0.66,737.5,0.71,-75,-0.07,2137.5,2.14
65,Exit long,2000-05-01 18:00,S1 Trail,2091.5,3,6262.5,600,0.19,2287.5,0.73,-225,-0.07,2737.5,2.74
65,Entry long,2000-05-01 15:30,S1 Trend,2087.5,3,6262.5,600,0.19,2287.5,0.73,-225,-0.07,2737.5,2.74
66,Exit long,2000-05-01 20:30,S1 Trail,2095.5,3,6310.5,-1200,-0.38,1087.5,0.34,-1200,-0.38,1537.5,1.54
66,Entry long,2000-05-01 19:30,S1 Trend,2103.5,3,6310.5,-1200,-0.38,1087.5,0.34,-1200,-0.38,1537.5,1.54
67,Exit short,2000-05-03 18:00,S3 Scalp,2036.5,4,8203,2850,0.69,2850,0.69,-50,-0.01,4387.5,4.39
67,Entry short,2000-05-03 16:00,S3 Hedge,2050.75,4,8203,2850,0.69,2850,0.69,-50,-0.01,4387.5,4.39
68,Exit long,2000-05-05 21:00,EOD,2058.25,2,4108.5,400,0.19,975,0.47,-400,-0.19,4787.5,4.79
68,Entry long,2000-05-05 15:30,S1 Trend,2054.25,2,4108.5,400,0.19,975,0.47,-400,-0.19,4787.5,4.79
69,Exit short,2000-05-10 19:00,S3 Scalp,2011.5,3,6011.25,-1162.5,-0.39,412.5,0.14,-1162.5,-0.39,3625,3.62
69,Entry short,2000-05-10 18:30,S3 Hedge,2003.75,3,6011.25,-1162.5,-0.39,412.5,0.14,-1162.5,-0.39,3625,3.62
70,Exit long,2000-05-11 21:00,EOD,2033.5,3,6091.5,450,0.15,975,0.32,-1050,-0.34,4075,4.08
70,Entry long,2000-05-11 16:00,S1 Trend,2030.5,3,6091.5,450,0.15,975,0.32,-1050,-0.34,4075,4.08
71,Exit long,2000-05-12 16:00,S1 Climax,2051.75,1,2048.75,150,0.15,262.5,0.26,-37.5,-0.04,4225,4.23
71,Entry long,2000-05-12 15:30,S1 Trend,2048.75,1,2048.75,150,0.15,262.5,0.26,-37.5,-0.04,4225,4.23
72,Exit long,2000-05-12 16:30,S1 Climax,2052.25,1,2048.75,175,0.17,262.5,0.26,-37.5,-0.04,4400,4.40
72,Entry long,2000-05-12 15:30,S1 Trend,2048.75,1,2048.75,175,0.17,262.5,0.26,-37.5,-0.04,4400,4.40
73,Exit long,2000-05-12 17:00,S1 Climax,2055.5,1,2048.75,337.5,0.33,400,0.39,-37.5,-0.04,4737.5,4.74
73,Entry long,2000-05-12 15:30,S1 Trend,2048.75,1,2048.75,337.5,0.33,400,0.39,-37.5,-0.04,4737.5,4.74
74,Exit long,2000-05-12 19:30,S1 Trail,2045,1,2048.75,-187.5,-0.18,400,0.39,-187.5,-0.18,4550,4.55
74,Entry long,2000-05-12 15:30,S1 Trend,2048.75,1,2048.75,-187.5,-0.18,400,0.39,-187.5,-0.18,4550,4.55
75,Exit long,2000-05-15 21:00,EOD,2075.75,3,6176.25,2550,0.83,2775,0.90,-262.5,-0.09,7100,7.10
75,Entry long,2000-05-15 17:00,S1 Trend,2058.75,3,6176.25,2550,0.83,2775,0.90,-262.5,-0.09,7100,7.10
76,Exit long,2000-05-16 17:30,S1 Climax,2092.25,1,2092.75,-25,-0.02,25,0.02,-87.5,-0.08,7075,7.07
76,Entry long,2000-05-16 17:00,S1 Trend,2092.75,1,2092.75,-25,-0.02,25,0.02,-87.5,-0.08,7075,7.07
77,Exit long,2000-05-16 18:30,S1 Climax,2093,1,2092.75,12.5,0.01,87.5,0.08,-125,-0.12,7087.5,7.09
77,Entry long,2000-05-16 17:00,S1 Trend,2092.75,1,2092.75,12.5,0.01,87.5,0.08,-125,-0.12,7087.5,7.09
78,Exit long,2000-05-16 19:00,S1 Trail,2084.75,2,4185.5,-800,-0.38,375,0.18,-800,-0.38,6287.5,6.29
78,Entry long,2000-05-16 17:00,S1 Trend,2092.75,2,4185.5,-800,-0.38,375,0.18,-800,-0.38,6287.5,6.29
79,Exit long,2000-05-18 16:30,S1 Trail,2070,4,8321,-2050,-0.49,200,0.05,-2050,-0.49,4237.5,4.24
79,Entry long,2000-05-18 15:30,S1 Trend,2080.25,4,8321,-2050,-0.49,200,0.05,-2050,-0.49,4237.5,4.24
80,Exit long,2000-05-30 16:00,S1 Climax,2023.75,1,2018.75,250,0.25,287.5,0.28,-50,-0.05,4487.5,4.49
80,Entry long,2000-05-30 15:30,S1 Trend,2018.75,1,2018.75,250,0.25,287.5,0.28,-50,-0.05,4487.5,4.49
81,Exit long,2000-05-30 18:30,S1 Climax,2027.75,1,2018.75,450,0.45,475,0.47,-50,-0.05,4937.5,4.94
81,Entry long,2000-05-30 15:30,S1 Trend,2018.75,1,2018.75,450,0.45,475,0.47,-50,-0.05,4937.5,4.94
82,Exit long,2000-05-30 20:00,S1 Climax,2033.75,1,2018.75,750,0.74,900,0.89,-50,-0.05,5687.5,5.69
82,Entry long,2000-05-30 15:30,S1 Trend,2018.75,1,2018.75,750,0.74,900,0.89,-50,-0.05,5687.5,5.69
83,Exit long,2000-05-30 20:30,S1 Climax,2039.75,1,2018.75,1050,1.04,1125,1.11,-50,-0.05,6737.5,6.74
83,Entry long,2000-05-30 15:30,S1 Trend,2018.75,1,2018.75,1050,1.04,1125,1.11,-50,-0.05,6737.5,6.74
84,Exit long,2000-05-30 21:00,EOD,2045,1,2018.75,1312.5,1.30,1325,1.31,-50,-0.05,8050,8.05
84,Entry long,2000-05-30 15:30,S1 Trend,2018.75,1,2018.75,1312.5,1.30,1325,1.31,-50,-0.05,8050,8.05
85,Exit long,2000-05-31 16:00,S1 Trail,2044.5,4,8208,-1500,-0.37,550,0.13,-1500,-0.37,6550,6.55
85,Entry long,2000-05-31 15:30,S1 Trend,2052,4,8208,-1500,-0.37,550,0.13,-1500,-0.37,6550,6.55
86,Exit long,2000-05-31 20:30,S1 Trail,2041.5,3,6160.5,-1800,-0.58,225,0.07,-1800,-0.58,4750,4.75
86,Entry long,2000-05-31 19:30,S1 Trend,2053.5,3,6160.5,-1800,-0.58,225,0.07,-1800,-0.58,4750,4.75
87,Exit long,2000-06-01 16:00,S1 Climax,2067,1,2063.75,162.5,0.16,300,0.29,-37.5,-0.04,4912.5,4.91
87,Entry long,2000-06-01 15:30,S1 Trend,2063.75,1,2063.75,162.5,0.16,300,0.29,-37.5,-0.04,4912.5,4.91
88,Exit long,2000-06-01 16:30,S1 Climax,2065.75,1,2063.75,100,0.10,300,0.29,-37.5,-0.04,5012.5,5.01
88,Entry long,2000-06-01 15:30,S1 Trend,2063.75,1,2063.75,100,0.10,300,0.29,-37.5,-0.04,5012.5,5.01
89,Exit long,2000-06-01 17:00,S1 Climax,2068.5,1,2063.75,237.5,0.23,300,0.29,-37.5,-0.04,5250,5.25
89,Entry long,2000-06-01 15:30,S1 Trend,2063.75,1,2063.75,237.5,0.23,300,0.29,-37.5,-0.04,5250,5.25
90,Exit long,2000-06-01 19:00,S1 Trail,2059.5,1,2063.75,-212.5,-0.21,400,0.39,-212.5,-0.21,5037.5,5.04
90,Entry long,2000-06-01 15:30,S1 Trend,2063.75,1,2063.75,-212.5,-0.21,400,0.39,-212.5,-0.21,5037.5,5.04
91,Exit long,2000-06-05 16:30,S1 Trail,2086.75,5,10477.5,-2187.5,-0.42,250,0.05,-2187.5,-0.42,2850,2.85
91,Entry long,2000-06-05 16:00,S1 Trend,2095.5,5,10477.5,-2187.5,-0.42,250,0.05,-2187.5,-0.42,2850,2.85
92,Exit long,2000-06-05 18:00,S2 FairVal,2093.25,4,8377,-200,-0.05,100,0.02,-550,-0.13,2650,2.65
92,Entry long,2000-06-05 17:30,S2 VWAP,2094.25,4,8377,-200,-0.05,100,0.02,-550,-0.13,2650,2.65
93,Exit long,2000-06-06 19:30,S1 Trail,2083.25,4,8366,-1650,-0.39,300,0.07,-1650,-0.39,1000,1.00
93,Entry long,2000-06-06 18:30,S1 Trend,2091.5,4,8366,-1650,-0.39,300,0.07,-1650,-0.39,1000,1.00
94,Exit long,2000-06-07 21:00,EOD,2091.5,4,8339,1350,0.32,2150,0.52,-700,-0.17,2350,2.35
94,Entry long,2000-06-07 17:00,S1 Trend,2084.75,4,8339,1350,0.32,2150,0.52,-700,-0.17,2350,2.35
95,Exit long,2000-06-08 16:00,S2 FairVal,2088.5,5,10427.5,750,0.14,750,0.14,-1000,-0.19,3100,3.10
95,Entry long,2000-06-08 15:30,S2 VWAP,2085.5,5,10427.5,750,0.14,750,0.14,-1000,-0.19,3100,3.10
96,Exit long,2000-06-13 21:00,EOD,2088.5,3,6245.25,1012.5,0.32,1500,0.48,-225,-0.07,4112.5,4.11
96,Entry long,2000-06-13 19:30,S1 Trend,2081.75,3,6245.25,1012.5,0.32,1500,0.48,-225,-0.07,4112.5,4.11
97,Exit long,2000-06-14 17:00,S1 Trail,2090.75,4,8389,-1300,-0.31,1200,0.29,-1300,-0.31,2812.5,2.81
97,Entry long,2000-06-14 15:30,S1 Trend,2097.25,4,8389,-1300,-0.31,1200,0.29,-1300,-0.31,2812.5,2.81
98,Exit long,2000-06-15 21:00,EOD,2095.25,3,6296.25,-525,-0.17,487.5,0.15,-1312.5,-0.42,2287.5,2.29
98,Entry long,2000-06-15 19:00,S1 Trend,2098.75,3,6296.25,-525,-0.17,487.5,0.15,-1312.5,-0.42,2287.5,2.29
99,Exit long,2000-06-19 20:30,S1 Climax,2107,1,2090,850,0.81,1000,0.96,0,0.00,3137.5,3.14
99,Entry long,2000-06-19 18:30,S1 Trend,2090,1,2090,850,0.81,1000,0.96,0,0.00,3137.5,3.14
100,Exit long,2000-06-19 21:00,EOD,2103.25,3,6270,1987.5,0.63,3000,0.96,0,0.00,5125,5.13
100,Entry long,2000-06-19 18:30,S1 Trend,2090,3,6270,1987.5,0.63,3000,0.96,0,0.00,5125,5.13
101,Exit long,2000-06-28 20:30,S1 Trail,2072.25,5,10401.25,-2000,-0.38,500,0.10,-2000,-0.38,3125,3.13
101,Entry long,2000-06-28 19:30,S1 Trend,2080.25,5,10401.25,-2000,-0.38,500,0.10,-2000,-0.38,3125,3.13
102,Exit long,2000-07-05 13:00,S1 Trail,2085.75,5,10387.5,2062.5,0.40,2875,0.55,-187.5,-0.04,5187.5,5.19
102,Entry long,2000-07-03 17:30,S1 Trend,2077.5,5,10387.5,2062.5,0.40,2875,0.55,-187.5,-0.04,5187.5,5.19
103,Exit short,2000-07-06 16:30,S3 Scalp,2057.5,8,16432,-1400,-0.17,800,0.10,-1400,-0.17,3787.5,3.79
103,Entry short,2000-07-06 15:30,S3 Hedge,2054,8,16432,-1400,-0.17,800,0.10,-1400,-0.17,3787.5,3.79
104,Exit long,2000-07-06 21:00,EOD,2069,4,8281,-250,-0.06,900,0.22,-450,-0.11,3537.5,3.54
104,Entry long,2000-07-06 19:30,S1 Trend,2070.25,4,8281,-250,-0.06,900,0.22,-450,-0.11,3537.5,3.54
105,Exit long,2000-07-07 16:00,S1 Climax,2088.25,1,2085.75,125,0.12,137.5,0.13,-125,-0.12,3662.5,3.66
105,Entry long,2000-07-07 15:30,S1 Trend,2085.75,1,2085.75,125,0.12,137.5,0.13,-125,-0.12,3662.5,3.66
106,Exit long,2000-07-07 16:30,S1 Climax,2089.75,1,2085.75,200,0.19,287.5,0.28,-125,-0.12,3862.5,3.86
106,Entry long,2000-07-07 15:30,S1 Trend,2085.75,1,2085.75,200,0.19,287.5,0.28,-125,-0.12,3862.5,3.86
107,Exit long,2000-07-07 17:00,S1 Climax,2090.75,1,2085.75,250,0.24,425,0.41,-125,-0.12,4112.5,4.11
107,Entry long,2000-07-07 15:30,S1 Trend,2085.75,1,2085.75,250,0.24,425,0.41,-125,-0.12,4112.5,4.11
108,Exit long,2000-07-07 17:30,S1 Climax,2091.25,1,2085.75,275,0.26,425,0.41,-125,-0.12,4387.5,4.39
108,Entry long,2000-07-07 15:30,S1 Trend,2085.75,1,2085.75,275,0.26,425,0.41,-125,-0.12,4387.5,4.39
109,Exit long,2000-07-07 18:00,S1 Climax,2091.5,1,2085.75,287.5,0.28,425,0.41,-125,-0.12,4675,4.68
109,Entry long,2000-07-07 15:30,S1 Trend,2085.75,1,2085.75,287.5,0.28,425,0.41,-125,-0.12,4675,4.68
110,Exit long,2000-07-12 21:00,EOD,2104.25,4,8434,-850,-0.20,400,0.09,-900,-0.21,3825,3.83
110,Entry long,2000-07-12 19:30,S1 Trend,2108.5,4,8434,-850,-0.20,400,0.09,-900,-0.21,3825,3.83
111,Exit long,2000-07-13 20:30,S1 Trail,2104,5,10553.75,-1687.5,-0.32,437.5,0.08,-1687.5,-0.32,2137.5,2.14
111,Entry long,2000-07-13 19:00,S1 Trend,2110.75,5,10553.75,-1687.5,-0.32,437.5,0.08,-1687.5,-0.32,2137.5,2.14
112,Exit short,2000-07-21 20:00,S3 Scalp,2091.5,4,8347,-950,-0.23,50,0.01,-950,-0.23,1187.5,1.19
112,Entry short,2000-07-21 19:00,S3 Hedge,2086.75,4,8347,-950,-0.23,50,0.01,-950,-0.23,1187.5,1.19
113,Exit long,2000-08-01 21:00,EOD,2042.25,4,8192,-1150,-0.28,150,0.04,-1600,-0.39,37.5,0.04
113,Entry long,2000-08-01 19:30,S1 Trend,2048,4,8192,-1150,-0.28,150,0.04,-1600,-0.39,37.5,0.04
114,Exit long,2000-08-02 20:00,S1 Trail,2048.75,5,10271.25,-1375,-0.27,812.5,0.16,-1375,-0.27,-1337.5,-1.34
114,Entry long,2000-08-02 16:00,S1 Trend,2054.25,5,10271.25,-1375,-0.27,812.5,0.16,-1375,-0.27,-1337.5,-1.34
115,Exit long,2000-08-03 21:00,EOD,2057,4,8196,1600,0.39,2350,0.57,-800,-0.20,262.5,0.26
115,Entry long,2000-08-03 18:00,S1 Trend,2049,4,8196,1600,0.39,2350,0.57,-800,-0.20,262.5,0.26
116,Exit long,2000-08-09 18:00,S2 FairVal,2087,6,12501,1050,0.17,1050,0.17,-1125,-0.18,1312.5,1.31
116,Entry long,2000-08-09 16:30,S2 VWAP,2083.5,6,12501,1050,0.17,1050,0.17,-1125,-0.18,1312.5,1.31
117,Exit short,2000-08-10 21:00,EOD,2065.25,6,12400.5,450,0.07,825,0.13,-825,-0.13,1762.5,1.76
117,Entry short,2000-08-10 19:30,S3 Hedge,2066.75,6,12400.5,450,0.07,825,0.13,-825,-0.13,1762.5,1.76
118,Exit long,2000-08-11 21:00,EOD,2075.25,4,8301,0,0.00,1050,0.25,-350,-0.08,1762.5,1.76
118,Entry long,2000-08-11 17:30,S1 Trend,2075.25,4,8301,0,0.00,1050,0.25,-350,-0.08,1762.5,1.76
119,Exit long,2000-08-15 17:30,S2 FairVal,2091.25,6,12535.5,600,0.10,600,0.10,-375,-0.06,2362.5,2.36
119,Entry long,2000-08-15 17:00,S2 VWAP,2089.25,6,12535.5,600,0.10,600,0.10,-375,-0.06,2362.5,2.36
120,Exit long,2000-08-16 18:00,S2 FairVal,2085.75,5,10456.25,-1375,-0.26,62.5,0.01,-1375,-0.26,987.5,0.99
120,Entry long,2000-08-16 17:00,S2 VWAP,2091.25,5,10456.25,-1375,-0.26,62.5,0.01,-1375,-0.26,987.5,0.99
121,Exit long,2000-08-17 21:00,EOD,2098.75,5,10481.25,625,0.12,1625,0.31,-500,-0.10,1612.5,1.61
121,Entry long,2000-08-17 16:30,S1 Trend,2096.25,5,10481.25,625,0.12,1625,0.31,-500,-0.10,1612.5,1.61
122,Exit long,2000-08-23 21:00,EOD,2106.5,5,10513.75,937.5,0.18,1625,0.31,-687.5,-0.13,2550,2.55
122,Entry long,2000-08-23 17:00,S1 Trend,2102.75,5,10513.75,937.5,0.18,1625,0.31,-687.5,-0.13,2550,2.55
123,Exit long,2000-08-24 17:00,S2 FairVal,2106,7,14738.5,175,0.02,262.5,0.04,-700,-0.09,2725,2.73
123,Entry long,2000-08-24 16:30,S2 VWAP,2105.5,7,14738.5,175,0.02,262.5,0.04,-700,-0.09,2725,2.73
124,Exit long,2000-09-05 08:30,S1 Trail,2117.75,4,8490,-950,-0.22,50,0.01,-950,-0.22,1775,1.78
124,Entry long,2000-09-04 15:30,S1 Trend,2122.5,4,8490,-950,-0.22,50,0.01,-950,-0.22,1775,1.78
125,Exit long,2000-09-11 18:00,S1 Trail,2094.25,4,8411,-1700,-0.40,250,0.06,-1700,-0.40,75,0.08
125,Entry long,2000-09-11 16:00,S1 Trend,2102.75,4,8411,-1700,-0.40,250,0.06,-1700,-0.40,75,0.08
126,Exit short,2000-09-18 18:00,S3 Scalp,2038,4,8193,2050,0.50,2050,0.50,-250,-0.06,2125,2.13
126,Entry short,2000-09-18 17:00,S3 Hedge,2048.25,4,8193,2050,0.50,2050,0.50,-250,-0.06,2125,2.13
127,Exit short,2000-09-20 19:00,S3 Scalp,2030.5,3,6072,-975,-0.32,337.5,0.11,-975,-0.32,1150,1.15
127,Entry short,2000-09-20 18:30,S3 Hedge,2024,3,6072,-975,-0.32,337.5,0.11,-975,-0.32,1150,1.15
128,Exit short,2000-09-25 20:30,S3 Scalp,2028,5,10192.5,2625,0.52,2625,0.52,-187.5,-0.04,3775,3.78
128,Entry short,2000-09-25 19:00,S3 Hedge,2038.5,5,10192.5,2625,0.52,2625,0.52,-187.5,-0.04,3775,3.78
129,Exit short,2000-09-26 19:30,S3 Scalp,2017,5,10141.25,2812.5,0.55,2812.5,0.55,-687.5,-0.14,6587.5,6.59
129,Entry short,2000-09-26 16:00,S3 Hedge,2028.25,5,10141.25,2812.5,0.55,2812.5,0.55,-687.5,-0.14,6587.5,6.59
130,Exit long,2000-09-28 20:00,S1 Climax,2048.75,1,2027,1087.5,1.07,1175,1.16,-87.5,-0.09,7675,7.68
130,Entry long,2000-09-28 15:30,S1 Trend,2027,1,2027,1087.5,1.07,1175,1.16,-87.5,-0.09,7675,7.68
131,Exit long,2000-09-28 20:30,S1 Climax,2051.5,1,2027,1225,1.21,1275,1.26,-87.5,-0.09,8900,8.90
131,Entry long,2000-09-28 15:30,S1 Trend,2027,1,2027,1225,1.21,1275,1.26,-87.5,-0.09,8900,8.90
132,Exit long,2000-09-28 21:00,EOD,2049.25,3,6081,3337.5,1.10,3825,1.26,-262.5,-0.09,12237.5,12.24
132,Entry long,2000-09-28 15:30,S1 Trend,2027,3,6081,3337.5,1.10,3825,1.26,-262.5,-0.09,12237.5,12.24
133,Exit short,2000-09-29 18:30,S3 Scalp,2042.75,6,12226.5,-1500,-0.25,1725,0.28,-1500,-0.25,10737.5,10.74
133,Entry short,2000-09-29 15:30,S3 Hedge,2037.75,6,12226.5,-1500,-0.25,1725,0.28,-1500,-0.25,10737.5,10.74
134,Exit long,2000-09-29 20:30,S1 Trail,2028.25,4,8154,-2050,-0.50,300,0.07,-2050,-0.50,8687.5,8.69
134,Entry long,2000-09-29 19:30,S1 Trend,2038.5,4,8154,-2050,-0.50,300,0.07,-2050,-0.50,8687.5,8.69
135,Exit long,2000-10-03 20:00,S1 Trail,2035,5,10185,-500,-0.10,2125,0.42,-500,-0.10,8187.5,8.19
135,Entry long,2000-10-03 17:00,S1 Trend,2037,5,10185,-500,-0.10,2125,0.42,-500,-0.10,8187.5,8.19
136,Exit long,2000-10-05 16:30,S1 Trail,2021.75,5,10133.75,-1250,-0.25,1562.5,0.31,-1250,-0.25,6937.5,6.94
136,Entry long,2000-10-05 15:30,S1 Trend,2026.75,5,10133.75,-1250,-0.25,1562.5,0.31,-1250,-0.25,6937.5,6.94
137,Exit long,2000-10-05 21:00,EOD,2025,3,6087.75,-637.5,-0.21,37.5,0.01,-1050,-0.34,6300,6.30
137,Entry long,2000-10-05 19:30,S1 Trend,2029.25,3,6087.75,-637.5,-0.21,37.5,0.01,-1050,-0.34,6300,6.30
138,Exit short,2000-10-09 18:00,S3 Scalp,1994.25,5,9941.25,-1500,-0.30,2187.5,0.44,-1500,-0.30,4800,4.80
138,Entry short,2000-10-09 15:30,S3 Hedge,1988.25,5,9941.25,-1500,-0.30,2187.5,0.44,-1500,-0.30,4800,4.80
139,Exit short,2000-10-11 17:00,S3 Scalp,1954.25,2,3889,-975,-0.50,1125,0.58,-975,-0.50,3825,3.83
139,Entry short,2000-10-11 16:00,S3 Hedge,1944.5,2,3889,-975,-0.50,1125,0.58,-975,-0.50,3825,3.83
140,Exit long,2000-10-13 21:00,EOD,1957.5,2,3902.5,625,0.32,800,0.41,-325,-0.17,4450,4.45
140,Entry long,2000-10-13 19:00,S1 Trend,1951.25,2,3902.5,625,0.32,800,0.41,-325,-0.17,4450,4.45
141,Exit long,2000-10-16 16:00,S1 Trail,1953.75,5,9812.5,-2187.5,-0.45,437.5,0.09,-2187.5,-0.45,2262.5,2.26
141,Entry long,2000-10-16 15:30,S1 Trend,1962.5,5,9812.5,-2187.5,-0.45,437.5,0.09,-2187.5,-0.45,2262.5,2.26
142,Exit short,2000-10-16 18:30,S3 Scalp,1958,4,7807,-1250,-0.32,300,0.08,-1250,-0.32,1012.5,1.01
142,Entry short,2000-10-16 17:00,S3 Hedge,1951.75,4,7807,-1250,-0.32,300,0.08,-1250,-0.32,1012.5,1.01
143,Exit long,2000-10-19 16:00,S1 Climax,1953.5,1,1951.25,112.5,0.12,387.5,0.40,0,0.00,1125,1.13
143,Entry long,2000-10-19 15:30,S1 Trend,1951.25,1,1951.25,112.5,0.12,387.5,0.40,0,0.00,1125,1.13
144,Exit long,2000-10-19 16:30,S1 Climax,1958.5,1,1951.25,362.5,0.37,500,0.51,0,0.00,1487.5,1.49
144,Entry long,2000-10-19 15:30,S1 Trend,1951.25,1,1951.25,362.5,0.37,500,0.51,0,0.00,1487.5,1.49
145,Exit long,2000-10-19 17:00,S1 Climax,1957.25,1,1951.25,300,0.31,537.5,0.55,0,0.00,1787.5,1.79
145,Entry long,2000-10-19 15:30,S1 Trend,1951.25,1,1951.25,300,0.31,537.5,0.55,0,0.00,1787.5,1.79
146,Exit long,2000-10-19 17:30,S1 Climax,1962.5,1,1951.25,562.5,0.58,650,0.67,0,0.00,2350,2.35
146,Entry long,2000-10-19 15:30,S1 Trend,1951.25,1,1951.25,562.5,0.58,650,0.67,0,0.00,2350,2.35
147,Exit long,2000-10-19 18:30,S1 Climax,1965.75,1,1962.75,150,0.15,187.5,0.19,-75,-0.08,2500,2.50
147,Entry long,2000-10-19 18:00,S1 Trend,1962.75,1,1962.75,150,0.15,187.5,0.19,-75,-0.08,2500,2.50
148,Exit long,2000-10-19 20:00,S1 Climax,1970.25,1,1962.75,375,0.38,537.5,0.55,-125,-0.13,2875,2.88
148,Entry long,2000-10-19 18:00,S1 Trend,1962.75,1,1962.75,375,0.38,537.5,0.55,-125,-0.13,2875,2.88
149,Exit long,2000-10-19 20:30,S1 Climax,1973.25,1,1962.75,525,0.53,600,0.61,-125,-0.13,3400,3.40
149,Entry long,2000-10-19 18:00,S1 Trend,1962.75,1,1962.75,525,0.53,600,0.61,-125,-0.13,3400,3.40
150,Exit long,2000-10-20 20:30,S1 Trail,1981.25,4,7908,850,0.21,3300,0.83,-150,-0.04,4250,4.25
150,Entry long,2000-10-20 16:00,S1 Trend,1977,4,7908,850,0.21,3300,0.83,-150,-0.04,4250,4.25
151,Exit long,2000-10-23 17:00,S1 Trail,1979,3,5959.5,-1125,-0.38,712.5,0.24,-1125,-0.38,3125,3.13
151,Entry long,2000-10-23 15:30,S1 Trend,1986.5,3,5959.5,-1125,-0.38,712.5,0.24,-1125,-0.38,3125,3.13
152,Exit long,2000-10-24 17:30,S1 Trail,1990.5,5,9968.75,-812.5,-0.16,1625,0.33,-812.5,-0.16,2312.5,2.31
152,Entry long,2000-10-24 15:30,S1 Trend,1993.75,5,9968.75,-812.5,-0.16,1625,0.33,-812.5,-0.16,2312.5,2.31
153,Exit short,2000-10-26 16:00,S3 Scalp,1931.5,4,7777,2550,0.66,2550,0.66,0,0.00,4862.5,4.86
153,Entry short,2000-10-26 15:30,S3 Hedge,1944.25,4,7777,2550,0.66,2550,0.66,0,0.00,4862.5,4.86
154,Exit long,2000-10-27 21:00,EOD,1964.25,2,3926,125,0.06,325,0.17,-900,-0.46,4987.5,4.99
154,Entry long,2000-10-27 17:00,S1 Trend,1963,2,3926,125,0.06,325,0.17,-900,-0.46,4987.5,4.99
155,Exit long,2000-10-30 16:30,S1 Trail,1964,4,7897,-2050,-0.52,250,0.06,-2050,-0.52,2937.5,2.94
155,Entry long,2000-10-30 15:30,S1 Trend,1974.25,4,7897,-2050,-0.52,250,0.06,-2050,-0.52,2937.5,2.94
156,Exit long,2000-10-30 21:00,EOD,1982.25,3,5936.25,525,0.18,1837.5,0.62,-300,-0.10,3462.5,3.46
156,Entry long,2000-10-30 19:30,S1 Trend,1978.75,3,5936.25,525,0.18,1837.5,0.62,-300,-0.10,3462.5,3.46
157,Exit long,2000-10-31 17:00,S1 Climax,1998.75,1,1991.5,362.5,0.36,400,0.40,-100,-0.10,3825,3.83
157,Entry long,2000-10-31 15:30,S1 Trend,1991.5,1,1991.5,362.5,0.36,400,0.40,-100,-0.10,3825,3.83
158,Exit long,2000-10-31 17:30,S1 Climax,2000.25,1,1991.5,437.5,0.44,475,0.48,-100,-0.10,4262.5,4.26
158,Entry long,2000-10-31 15:30,S1 Trend,1991.5,1,1991.5,437.5,0.44,475,0.48,-100,-0.10,4262.5,4.26
159,Exit long,2000-10-31 18:00,S1 Climax,2004.5,1,1991.5,650,0.65,675,0.68,-100,-0.10,4912.5,4.91
159,Entry long,2000-10-31 15:30,S1 Trend,1991.5,1,1991.5,650,0.65,675,0.68,-100,-0.10,4912.5,4.91
160,Exit long,2000-10-31 18:30,S1 Climax,2005.5,1,1991.5,700,0.70,775,0.78,-100,-0.10,5612.5,5.61
160,Entry long,2000-10-31 15:30,S1 Trend,1991.5,1,1991.5,700,0.70,775,0.78,-100,-0.10,5612.5,5.61
161,Exit long,2000-10-31 19:00,S1 Climax,2007,1,1991.5,775,0.78,800,0.80,-100,-0.10,6387.5,6.39
161,Entry long,2000-10-31 15:30,S1 Trend,1991.5,1,1991.5,775,0.78,800,0.80,-100,-0.10,6387.5,6.39
162,Exit long,2000-10-31 20:00,S1 Climax,2007.25,1,2008.75,-75,-0.07,100,0.10,-162.5,-0.16,6312.5,6.31
162,Entry long,2000-10-31 19:30,S1 Trend,2008.75,1,2008.75,-75,-0.07,100,0.10,-162.5,-0.16,6312.5,6.31
163,Exit long,2000-10-31 20:30,S1 Climax,2015,1,2008.75,312.5,0.31,412.5,0.41,-162.5,-0.16,6625,6.63
163,Entry long,2000-10-31 19:30,S1 Trend,2008.75,1,2008.75,312.5,0.31,412.5,0.41,-162.5,-0.16,6625,6.63
164,Exit long,2000-10-31 21:00,EOD,2010.5,2,4017.5,175,0.09,825,0.41,-325,-0.16,6800,6.80
164,Entry long,2000-10-31 19:30,S1 Trend,2008.75,2,4017.5,175,0.09,825,0.41,-325,-0.16,6800,6.80
165,Exit long,2000-11-01 17:30,S1 Trail,2001.5,5,10030,-1125,-0.22,1250,0.25,-1125,-0.22,5675,5.68
165,Entry long,2000-11-01 15:30,S1 Trend,2006,5,10030,-1125,-0.22,1250,0.25,-1125,-0.22,5675,5.68
166,Exit long,2000-11-01 19:00,S2 FairVal,1994,4,8007,-1550,-0.39,150,0.04,-1550,-0.39,4125,4.13
166,Entry long,2000-11-01 18:30,S2 VWAP,2001.75,4,8007,-1550,-0.39,150,0.04,-1550,-0.39,4125,4.13
167,Exit long,2000-11-06 20:30,S1 Trail,2011.75,5,10091.25,-1625,-0.32,625,0.12,-1625,-0.32,2500,2.50
167,Entry long,2000-11-06 16:00,S1 Trend,2018.25,5,10091.25,-1625,-0.32,625,0.12,-1625,-0.32,2500,2.50
168,Exit long,2000-11-07 19:30,S1 Trail,2008.75,5,10067.5,-1187.5,-0.24,1000,0.20,-1187.5,-0.24,1312.5,1.31
168,Entry long,2000-11-07 16:30,S1 Trend,2013.5,5,10067.5,-1187.5,-0.24,1000,0.20,-1187.5,-0.24,1312.5,1.31
169,Exit long,2000-11-14 19:30,S1 Climax,1968.5,1,1952.5,800,0.82,937.5,0.96,-137.5,-0.14,2112.5,2.11
169,Entry long,2000-11-14 15:30,S1 Trend,1952.5,1,1952.5,800,0.82,937.5,0.96,-137.5,-0.14,2112.5,2.11
170,Exit long,2000-11-14 21:00,EOD,1962.75,3,5857.5,1537.5,0.52,2812.5,0.96,-412.5,-0.14,3650,3.65
170,Entry long,2000-11-14 15:30,S1 Trend,1952.5,3,5857.5,1537.5,0.52,2812.5,0.96,-412.5,-0.14,3650,3.65
171,Exit long,2000-11-15 19:00,S1 Trail,1962.25,4,7869,-1000,-0.25,1750,0.44,-1000,-0.25,2650,2.65
171,Entry long,2000-11-15 16:00,S1 Trend,1967.25,4,7869,-1000,-0.25,1750,0.44,-1000,-0.25,2650,2.65
172,Exit long,2000-11-16 16:00,S1 Trail,1963.5,4,7866,-600,-0.15,1550,0.39,-600,-0.15,2050,2.05
172,Entry long,2000-11-16 15:30,S1 Trend,1966.5,4,7866,-600,-0.15,1550,0.39,-600,-0.15,2050,2.05
173,Exit long,2000-11-17 16:00,S1 Trail,1945.25,3,5877,-2062.5,-0.70,225,0.08,-2212.5,-0.75,-12.5,-0.01
173,Entry long,2000-11-17 15:30,S1 Trend,1959,3,5877,-2062.5,-0.70,225,0.08,-2212.5,-0.75,-12.5,-0.01
174,Exit long,2000-11-27 00:00,S1 Climax,1925.5,1,1914.75,537.5,0.56,600,0.63,-75,-0.08,525,0.53
174,Entry long,2000-11-24 15:30,S1 Trend,1914.75,1,1914.75,537.5,0.56,600,0.63,-75,-0.08,525,0.53
175,Exit long,2000-11-27 00:30,S1 Climax,1927.25,1,1914.75,625,0.65,637.5,0.67,-75,-0.08,1150,1.15
175,Entry long,2000-11-24 15:30,S1 Trend,1914.75,1,1914.75,625,0.65,637.5,0.67,-75,-0.08,1150,1.15
176,Exit long,2000-11-27 15:30,S1 Climax,1937.25,1,1914.75,1125,1.18,1187.5,1.24,-75,-0.08,2275,2.28
176,Entry long,2000-11-24 15:30,S1 Trend,1914.75,1,1914.75,1125,1.18,1187.5,1.24,-75,-0.08,2275,2.28
177,Exit long,2000-11-27 15:30,S1 Trail,1930.25,2,3829.5,1550,0.81,2450,1.28,-150,-0.08,3825,3.83
177,Entry long,2000-11-24 15:30,S1 Trend,1914.75,2,3829.5,1550,0.81,2450,1.28,-150,-0.08,3825,3.83
178,Exit long,2000-11-27 17:00,S1 Trail,1928.25,4,7747,-1700,-0.44,300,0.08,-1700,-0.44,2125,2.13
178,Entry long,2000-11-27 16:00,S1 Trend,1936.75,4,7747,-1700,-0.44,300,0.08,-1700,-0.44,2125,2.13
179,Exit long,2000-11-27 18:30,S2 FairVal,1934,4,7721,750,0.19,750,0.19,-50,-0.01,2875,2.88
179,Entry long,2000-11-27 18:00,S2 VWAP,1930.25,4,7721,750,0.19,750,0.19,-50,-0.01,2875,2.88
180,Exit long,2000-11-28 16:00,S1 Trail,1914.5,4,7698,-2000,-0.52,150,0.04,-2000,-0.52,875,0.88
180,Entry long,2000-11-28 15:30,S1 Trend,1924.5,4,7698,-2000,-0.52,150,0.04,-2000,-0.52,875,0.88
181,Exit long,2000-11-29 17:30,S1 Trail,1914,3,5768.25,-1312.5,-0.46,937.5,0.33,-1312.5,-0.46,-437.5,-0.44
181,Entry long,2000-11-29 16:00,S1 Trend,1922.75,3,5768.25,-1312.5,-0.46,937.5,0.33,-1312.5,-0.46,-437.5,-0.44
182,Exit long,2000-12-01 19:30,S1 Trail,1897.25,3,5712,-1012.5,-0.35,862.5,0.30,-1012.5,-0.35,-1450,-1.45
182,Entry long,2000-12-01 15:30,S1 Trend,1904,3,5712,-1012.5,-0.35,862.5,0.30,-1012.5,-0.35,-1450,-1.45
183,Exit long,2000-12-04 21:00,EOD,1900.75,2,3808,-325,-0.17,500,0.26,-600,-0.32,-1775,-1.77
183,Entry long,2000-12-04 19:30,S1 Trend,1904,2,3808,-325,-0.17,500,0.26,-600,-0.32,-1775,-1.77
184,Exit long,2000-12-05 16:00,S1 Climax,1933.25,1,1923.5,487.5,0.51,600,0.62,-125,-0.13,-1287.5,-1.29
184,Entry long,2000-12-05 15:30,S1 Trend,1923.5,1,1923.5,487.5,0.51,600,0.62,-125,-0.13,-1287.5,-1.29
185,Exit long,2000-12-05 16:30,S1 Climax,1938.25,1,1923.5,737.5,0.77,1000,1.04,-125,-0.13,-550,-0.55
185,Entry long,2000-12-05 15:30,S1 Trend,1923.5,1,1923.5,737.5,0.77,1000,1.04,-125,-0.13,-550,-0.55
186,Exit long,2000-12-05 17:00,S1 Climax,1941.75,1,1923.5,912.5,0.95,1000,1.04,-125,-0.13,362.5,0.36
186,Entry long,2000-12-05 15:30,S1 Trend,1923.5,1,1923.5,912.5,0.95,1000,1.04,-125,-0.13,362.5,0.36
187,Exit long,2000-12-05 20:30,S1 Climax,1948.25,1,1923.5,1237.5,1.29,1250,1.30,-125,-0.13,1600,1.60
187,Entry long,2000-12-05 15:30,S1 Trend,1923.5,1,1923.5,1237.5,1.29,1250,1.30,-125,-0.13,1600,1.60
188,Exit short,2000-12-06 20:00,S3 Scalp,1921.5,4,7755,3450,0.89,5600,1.44,-500,-0.13,5050,5.05
188,Entry short,2000-12-06 18:30,S3 Hedge,1938.75,4,7755,3450,0.89,5600,1.44,-500,-0.13,5050,5.05
189,Exit long,2000-12-08 17:30,S1 Trail,1931.75,4,7757,-1500,-0.39,1450,0.37,-2000,-0.52,3550,3.55
189,Entry long,2000-12-08 15:30,S1 Trend,1939.25,4,7757,-1500,-0.39,1450,0.37,-2000,-0.52,3550,3.55
190,Exit long,2000-12-08 21:00,EOD,1944,2,3888.5,-25,-0.01,300,0.15,-725,-0.37,3525,3.52
190,Entry long,2000-12-08 19:30,S1 Trend,1944.25,2,3888.5,-25,-0.01,300,0.15,-725,-0.37,3525,3.52
191,Exit long,2000-12-11 21:00,EOD,1951,3,5841.75,562.5,0.19,2362.5,0.81,-37.5,-0.01,4087.5,4.09
191,Entry long,2000-12-11 15:30,S1 Trend,1947.25,3,5841.75,562.5,0.19,2362.5,0.81,-37.5,-0.01,4087.5,4.09
192,Exit long,2000-12-12 20:00,S2 FairVal,1948.75,4,7781,700,0.18,700,0.18,-500,-0.13,4787.5,4.79
192,Entry long,2000-12-12 19:30,S2 VWAP,1945.25,4,7781,700,0.18,700,0.18,-500,-0.13,4787.5,4.79
193,Exit short,2000-12-13 21:00,EOD,1932,2,3880,800,0.41,1025,0.53,-800,-0.41,5587.5,5.59
193,Entry short,2000-12-13 16:00,S3 Hedge,1940,2,3880,800,0.41,1025,0.53,-800,-0.41,5587.5,5.59
194,Exit short,2000-12-14 17:00,S3 Scalp,1926.25,4,7678,-1350,-0.35,450,0.12,-1350,-0.35,4237.5,4.24
194,Entry short,2000-12-14 16:00,S3 Hedge,1919.5,4,7678,-1350,-0.35,450,0.12,-1350,-0.35,4237.5,4.24
195,Exit long,2000-12-19 19:00,S1 Trail,1906,4,7610,700,0.18,3150,0.83,-250,-0.07,4937.5,4.94
195,Entry long,2000-12-19 16:30,S1 Trend,1902.5,4,7610,700,0.18,3150,0.83,-250,-0.07,4937.5,4.94
196,Exit long,2000-12-22 19:00,S1 Trail,1860.5,4,7466,-1200,-0.32,1200,0.32,-1200,-0.32,3737.5,3.74
196,Entry long,2000-12-22 15:30,S1 Trend,1866.5,4,7466,-1200,-0.32,1200,0.32,-1200,-0.32,3737.5,3.74
197,Exit long,2000-12-27 21:00,EOD,1898.5,5,9442.5,2500,0.53,3250,0.69,-250,-0.05,6237.5,6.24
197,Entry long,2000-12-27 15:30,S1 Trend,1888.5,5,9442.5,2500,0.53,3250,0.69,-250,-0.05,6237.5,6.24
198,Exit long,2000-12-28 17:00,S1 Trail,1894,5,9503.75,-1687.5,-0.36,437.5,0.09,-1687.5,-0.36,4550,4.55
198,Entry long,2000-12-28 16:00,S1 Trend,1900.75,5,9503.75,-1687.5,-0.36,437.5,0.09,-1687.5,-0.36,4550,4.55
199,Exit long,2000-12-28 19:00,S2 FairVal,1899.25,4,7593,200,0.05,450,0.12,-550,-0.14,4750,4.75
199,Entry long,2000-12-28 18:00,S2 VWAP,1898.25,4,7593,200,0.05,450,0.12,-550,-0.14,4750,4.75
200,Exit long,2000-12-29 18:30,S2 FairVal,1893.25,5,9498.75,-1625,-0.34,312.5,0.07,-1625,-0.34,3125,3.13
200,Entry long,2000-12-29 17:00,S2 VWAP,1899.75,5,9498.75,-1625,-0.34,312.5,0.07,-1625,-0.34,3125,3.13
201,Exit short,2001-01-02 19:30,S3 Scalp,1851,2,3735,1650,0.88,1650,0.88,0,0.00,4775,4.78
201,Entry short,2001-01-02 16:00,S3 Hedge,1867.5,2,3735,1650,0.88,1650,0.88,0,0.00,4775,4.78
202,Exit long,2001-01-03 21:00,EOD,1915,1,1897.5,875,0.92,1062.5,1.12,-362.5,-0.38,5650,5.65
202,Entry long,2001-01-03 18:30,S1 Trend,1897.5,1,1897.5,875,0.92,1062.5,1.12,-362.5,-0.38,5650,5.65
203,Exit long,2001-01-04 19:00,S1 Trail,1899.5,3,5713.5,-750,-0.26,1687.5,0.59,-750,-0.26,4900,4.90
203,Entry long,2001-01-04 15:30,S1 Trend,1904.5,3,5713.5,-750,-0.26,1687.5,0.59,-750,-0.26,4900,4.90
204,Exit short,2001-01-04 21:00,EOD,1899,2,3800,100,0.05,700,0.37,-200,-0.11,5000,5.00
204,Entry short,2001-01-04 19:30,S3 Hedge,1900,2,3800,100,0.05,700,0.37,-200,-0.11,5000,5.00
205,Exit short,2001-01-08 20:30,S3 Scalp,1850.5,3,5527.5,-1200,-0.43,525,0.19,-1200,-0.43,3800,3.80
205,Entry short,2001-01-08 19:30,S3 Hedge,1842.5,3,5527.5,-1200,-0.43,525,0.19,-1200,-0.43,3800,3.80
206,Exit long,2001-01-09 16:00,S1 Trail,1864.25,3,5628,-1762.5,-0.63,150,0.05,-1762.5,-0.63,2037.5,2.04
206,Entry long,2001-01-09 15:30,S1 Trend,1876,3,5628,-1762.5,-0.63,150,0.05,-1762.5,-0.63,2037.5,2.04
207,Exit long,2001-01-10 18:00,S1 Trail,1861.5,3,5606.25,-1087.5,-0.39,1125,0.40,-1087.5,-0.39,950,0.95
207,Entry long,2001-01-10 16:30,S1 Trend,1868.75,3,5606.25,-1087.5,-0.39,1125,0.40,-1087.5,-0.39,950,0.95
208,Exit long,2001-01-11 21:00,EOD,1888.5,5,9415,1375,0.29,3000,0.64,-812.5,-0.17,2325,2.33
208,Entry long,2001-01-11 15:30,S1 Trend,1883,5,9415,1375,0.29,3000,0.64,-812.5,-0.17,2325,2.33
209,Exit long,2001-01-12 19:00,S1 Trail,1874.75,3,5663.25,-1950,-0.69,187.5,0.07,-1950,-0.69,375,0.38
209,Entry long,2001-01-12 17:00,S1 Trend,1887.75,3,5663.25,-1950,-0.69,187.5,0.07,-1950,-0.69,375,0.38
210,Exit long,2001-01-16 19:00,S2 FairVal,1884.25,5,9402.5,937.5,0.20,1250,0.27,-125,-0.03,1312.5,1.31
210,Entry long,2001-01-16 18:30,S2 VWAP,1880.5,5,9402.5,937.5,0.20,1250,0.27,-125,-0.03,1312.5,1.31
211,Exit long,2001-01-16 21:00,EOD,1887.25,4,7529,1000,0.27,1750,0.46,-600,-0.16,2312.5,2.31
211,Entry long,2001-01-16 19:30,S1 Trend,1882.25,4,7529,1000,0.27,1750,0.46,-600,-0.16,2312.5,2.31
212,Exit long,2001-01-17 18:00,S1 Trail,1899.25,4,7627,-1500,-0.39,500,0.13,-1500,-0.39,812.5,0.81
212,Entry long,2001-01-17 16:00,S1 Trend,1906.75,4,7627,-1500,-0.39,500,0.13,-1500,-0.39,812.5,0.81
213,Exit long,2001-01-18 21:00,EOD,1908.75,4,7588,2350,0.62,3700,0.98,-200,-0.05,3162.5,3.16
213,Entry long,2001-01-18 16:00,S1 Trend,1897,4,7588,2350,0.62,3700,0.98,-200,-0.05,3162.5,3.16
214,Exit long,2001-01-22 16:30,S1 Trail,1903.75,4,7627,-600,-0.16,1750,0.46,-600,-0.16,2562.5,2.56
214,Entry long,2001-01-22 15:30,S1 Trend,1906.75,4,7627,-600,-0.16,1750,0.46,-600,-0.16,2562.5,2.56
215,Exit long,2001-01-23 21:00,EOD,1919.5,5,9540,2875,0.60,4062.5,0.85,-62.5,-0.01,5437.5,5.44
215,Entry long,2001-01-23 17:00,S1 Trend,1908,5,9540,2875,0.60,4062.5,0.85,-62.5,-0.01,5437.5,5.44
216,Exit long,2001-01-24 18:00,S1 Trail,1921.5,5,9627.5,-1000,-0.21,1250,0.26,-1000,-0.21,4437.5,4.44
216,Entry long,2001-01-24 16:00,S1 Trend,1925.5,5,9627.5,-1000,-0.21,1250,0.26,-1000,-0.21,4437.5,4.44
217,Exit long,2001-01-25 21:00,EOD,1918.5,4,7682,-400,-0.10,1400,0.36,-1250,-0.33,4037.5,4.04
217,Entry long,2001-01-25 15:30,S1 Trend,1920.5,4,7682,-400,-0.10,1400,0.36,-1250,-0.33,4037.5,4.04
218,Exit long,2001-01-26 21:00,EOD,1914.75,4,7660,-50,-0.01,650,0.17,-900,-0.23,3987.5,3.99
218,Entry long,2001-01-26 19:00,S1 Trend,1915,4,7660,-50,-0.01,650,0.17,-900,-0.23,3987.5,3.99
219,Exit long,2001-01-29 21:00,EOD,1923.75,6,11524.5,900,0.16,1425,0.25,-225,-0.04,4887.5,4.89
219,Entry long,2001-01-29 19:00,S1 Trend,1920.75,6,11524.5,900,0.16,1425,0.25,-225,-0.04,4887.5,4.89
220,Exit long,2001-01-30 16:30,S2 FairVal,1924.5,6,11526,1050,0.18,1275,0.22,-75,-0.01,5937.5,5.94
220,Entry long,2001-01-30 16:00,S2 VWAP,1921,6,11526,1050,0.18,1275,0.22,-75,-0.01,5937.5,5.94
221,Exit long,2001-01-30 21:00,EOD,1933.25,5,9616.25,2500,0.52,3125,0.65,-562.5,-0.12,8437.5,8.44
221,Entry long,2001-01-30 17:00,S1 Trend,1923.25,5,9616.25,2500,0.52,3125,0.65,-562.5,-0.12,8437.5,8.44
222,Exit long,2001-01-31 19:30,S1 Trail,1928.5,6,11629.5,-2925,-0.50,1125,0.19,-4650,-0.80,5512.5,5.51
222,Entry long,2001-01-31 19:00,S1 Trend,1938.25,6,11629.5,-2925,-0.50,1125,0.19,-4650,-0.80,5512.5,5.51
223,Exit long,2001-02-01 18:00,S1 Trail,1922,5,9643.75,-1687.5,-0.35,625,0.13,-1687.5,-0.35,3825,3.83
223,Entry long,2001-02-01 16:30,S1 Trend,1928.75,5,9643.75,-1687.5,-0.35,625,0.13,-1687.5,-0.35,3825,3.83
224,Exit short,2001-02-07 20:00,S3 Scalp,1901.75,5,9486.25,-1125,-0.24,1562.5,0.33,-1125,-0.24,2700,2.70
224,Entry short,2001-02-07 17:30,S3 Hedge,1897.25,5,9486.25,-1125,-0.24,1562.5,0.33,-1125,-0.24,2700,2.70
225,Exit short,2001-02-08 20:00,S3 Scalp,1891.25,6,11403,2775,0.49,2775,0.49,-300,-0.05,5475,5.48
225,Entry short,2001-02-08 16:30,S3 Hedge,1900.5,6,11403,2775,0.49,2775,0.49,-300,-0.05,5475,5.48
226,Exit short,2001-02-09 21:00,EOD,1871,6,11268,2100,0.37,2325,0.41,-975,-0.17,7575,7.58
226,Entry short,2001-02-09 16:30,S3 Hedge,1878,6,11268,2100,0.37,2325,0.41,-975,-0.17,7575,7.58
227,Exit long,2001-02-15 21:00,EOD,1884,6,11308.5,-225,-0.04,750,0.13,-1575,-0.28,7350,7.35
227,Entry long,2001-02-15 16:00,S1 Trend,1884.75,6,11308.5,-225,-0.04,750,0.13,-1575,-0.28,7350,7.35
228,Exit short,2001-02-16 20:30,S3 Scalp,1859.5,5,9268.75,-1437.5,-0.31,1500,0.32,-1437.5,-0.31,5912.5,5.91
228,Entry short,2001-02-16 19:00,S3 Hedge,1853.75,5,9268.75,-1437.5,-0.31,1500,0.32,-1437.5,-0.31,5912.5,5.91
229,Exit short,2001-02-20 21:00,EOD,1834,4,7362,1300,0.35,1450,0.39,-800,-0.22,7212.5,7.21
229,Entry short,2001-02-20 19:30,S3 Hedge,1840.5,4,7362,1300,0.35,1450,0.39,-800,-0.22,7212.5,7.21
230,Exit short,2001-02-23 19:30,S3 Scalp,1779.75,2,3542,-875,-0.49,175,0.10,-875,-0.49,6337.5,6.34
230,Entry short,2001-02-23 19:00,S3 Hedge,1771,2,3542,-875,-0.49,175,0.10,-875,-0.49,6337.5,6.34
231,Exit long,2001-02-26 21:00,EOD,1822.5,3,5433,1725,0.64,1800,0.66,-112.5,-0.04,8062.5,8.06
231,Entry long,2001-02-26 19:30,S1 Trend,1811,3,5433,1725,0.64,1800,0.66,-112.5,-0.04,8062.5,8.06
232,Exit long,2001-02-27 18:00,S1 Trail,1814.75,4,7303,-2200,-0.60,200,0.05,-2200,-0.60,5862.5,5.86
232,Entry long,2001-02-27 17:00,S1 Trend,1825.75,4,7303,-2200,-0.60,200,0.05,-2200,-0.60,5862.5,5.86
233,Exit short,2001-03-01 19:30,S3 Scalp,1779.25,3,5315.25,-1125,-0.42,712.5,0.27,-1125,-0.42,4737.5,4.74
233,Entry short,2001-03-01 18:30,S3 Hedge,1771.75,3,5315.25,-1125,-0.42,712.5,0.27,-1125,-0.42,4737.5,4.74
234,Exit long,2001-03-02 20:00,S1 Trail,1790.5,3,5385.75,-712.5,-0.26,1575,0.58,-712.5,-0.26,4025,4.03
234,Entry long,2001-03-02 17:30,S1 Trend,1795.25,3,5385.75,-712.5,-0.26,1575,0.58,-712.5,-0.26,4025,4.03
235,Exit long,2001-03-06 16:00,S1 Climax,1818.5,1,1818.5,0,0.00,175,0.19,-87.5,-0.10,4025,4.03
235,Entry long,2001-03-06 15:30,S1 Trend,1818.5,1,1818.5,0,0.00,175,0.19,-87.5,-0.10,4025,4.03
236,Exit long,2001-03-06 17:00,S1 Trail,1813.75,5,9092.5,-1187.5,-0.26,875,0.19,-1187.5,-0.26,2837.5,2.84
236,Entry long,2001-03-06 15:30,S1 Trend,1818.5,5,9092.5,-1187.5,-0.26,875,0.19,-1187.5,-0.26,2837.5,2.84
237,Exit short,2001-03-12 18:00,S3 Scalp,1760.25,3,5262.75,-900,-0.34,487.5,0.19,-900,-0.34,1937.5,1.94
237,Entry short,2001-03-12 16:30,S3 Hedge,1754.25,3,5262.75,-900,-0.34,487.5,0.19,-900,-0.34,1937.5,1.94
238,Exit short,2001-03-12 20:30,S3 Scalp,1736,3,5252.25,2212.5,0.84,2212.5,0.84,-525,-0.20,4150,4.15
238,Entry short,2001-03-12 19:00,S3 Hedge,1750.75,3,5252.25,2212.5,0.84,2212.5,0.84,-525,-0.20,4150,4.15
239,Exit short,2001-03-13 18:00,S3 Scalp,1733.5,2,3450,-850,-0.49,25,0.01,-850,-0.49,3300,3.30
239,Entry short,2001-03-13 17:00,S3 Hedge,1725,2,3450,-850,-0.49,25,0.01,-850,-0.49,3300,3.30
240,Exit long,2001-03-20 19:00,S1 Trail,1719.75,5,8620,-1062.5,-0.25,1937.5,0.45,-1062.5,-0.25,2237.5,2.24
240,Entry long,2001-03-20 15:30,S1 Trend,1724,5,8620,-1062.5,-0.25,1937.5,0.45,-1062.5,-0.25,2237.5,2.24
241,Exit long,2001-03-23 17:30,S1 Trail,1671.25,3,5040,-1312.5,-0.52,937.5,0.37,-1312.5,-0.52,925,0.93
241,Entry long,2001-03-23 16:00,S1 Trend,1680,3,5040,-1312.5,-0.52,937.5,0.37,-1312.5,-0.52,925,0.93
242,Exit long,2001-03-26 20:00,S1 Trail,1695.25,3,5118,-1612.5,-0.63,187.5,0.07,-1612.5,-0.63,-687.5,-0.69
242,Entry long,2001-03-26 18:30,S1 Trend,1706,3,5118,-1612.5,-0.63,187.5,0.07,-1612.5,-0.63,-687.5,-0.69
243,Exit long,2001-03-27 22:00,EOD,1729.25,3,5155.5,1612.5,0.63,2175,0.84,-562.5,-0.22,925,0.93
243,Entry long,2001-03-27 17:00,S1 Trend,1718.5,3,5155.5,1612.5,0.63,2175,0.84,-562.5,-0.22,925,0.93
244,Exit long,2001-03-29 20:30,S1 Trail,1692.25,2,3416,-1575,-0.92,25,0.01,-1575,-0.92,-650,-0.65
244,Entry long,2001-03-29 17:00,S1 Trend,1708,2,3416,-1575,-0.92,25,0.01,-1575,-0.92,-650,-0.65
245,Exit long,2001-03-30 22:00,EOD,1705.5,3,5120.25,-187.5,-0.07,787.5,0.31,-937.5,-0.37,-837.5,-0.84
245,Entry long,2001-03-30 20:30,S1 Trend,1706.75,3,5120.25,-187.5,-0.07,787.5,0.31,-937.5,-0.37,-837.5,-0.84
246,Exit long,2001-04-02 17:00,S1 Trail,1706.75,5,8567.5,-1687.5,-0.39,937.5,0.22,-1875,-0.44,-2525,-2.53
246,Entry long,2001-04-02 15:30,S1 Trend,1713.5,5,8567.5,-1687.5,-0.39,937.5,0.22,-1875,-0.44,-2525,-2.53
247,Exit short,2001-04-03 21:00,EOD,1650.5,2,3311.5,525,0.32,1075,0.65,-325,-0.20,-2000,-2.00
247,Entry short,2001-04-03 19:30,S3 Hedge,1655.75,2,3311.5,525,0.32,1075,0.65,-325,-0.20,-2000,-2.00
248,Exit long,2001-04-05 21:00,EOD,1698,3,5034.75,2962.5,1.18,3225,1.28,-412.5,-0.16,962.5,0.96
248,Entry long,2001-04-05 15:30,S1 Trend,1678.25,3,5034.75,2962.5,1.18,3225,1.28,-412.5,-0.16,962.5,0.96
249,Exit long,2001-04-09 16:30,S1 Trail,1681.25,4,6766,-2050,-0.61,300,0.09,-2050,-0.61,-1087.5,-1.09
249,Entry long,2001-04-09 15:30,S1 Trend,1691.5,4,6766,-2050,-0.61,300,0.09,-2050,-0.61,-1087.5,-1.09
250,Exit long,2001-04-10 17:00,S1 Climax,1714.25,1,1706.75,375,0.44,425,0.50,-12.5,-0.01,-712.5,-0.71
250,Entry long,2001-04-10 15:30,S1 Trend,1706.75,1,1706.75,375,0.44,425,0.50,-12.5,-0.01,-712.5,-0.71
251,Exit long,2001-04-10 17:30,S1 Climax,1719,1,1706.75,612.5,0.72,625,0.73,-12.5,-0.01,-100,-0.10
251,Entry long,2001-04-10 15:30,S1 Trend,1706.75,1,1706.75,612.5,0.72,625,0.73,-12.5,-0.01,-100,-0.10
252,Exit long,2001-04-10 18:00,S1 Climax,1718.5,1,1706.75,587.5,0.69,712.5,0.83,-12.5,-0.01,487.5,0.49
252,Entry long,2001-04-10 15:30,S1 Trend,1706.75,1,1706.75,587.5,0.69,712.5,0.83,-12.5,-0.01,487.5,0.49
253,Exit long,2001-04-10 21:00,EOD,1715.25,1,1706.75,425,0.50,712.5,0.83,-12.5,-0.01,912.5,0.91
253,Entry long,2001-04-10 15:30,S1 Trend,1706.75,1,1706.75,425,0.50,712.5,0.83,-12.5,-0.01,912.5,0.91
254,Exit long,2001-04-12 21:00,EOD,1729.25,2,3443.5,750,0.44,775,0.45,-325,-0.19,1662.5,1.66
254,Entry long,2001-04-12 18:00,S1 Trend,1721.75,2,3443.5,750,0.44,775,0.45,-325,-0.19,1662.5,1.66
255,Exit long,2001-04-17 19:30,S1 Trail,1724,3,5212.5,-2025,-0.78,75,0.03,-2025,-0.78,-362.5,-0.36
255,Entry long,2001-04-17 15:30,S1 Trend,1737.5,3,5212.5,-2025,-0.78,75,0.03,-2025,-0.78,-362.5,-0.36
256,Exit long,2001-04-18 16:00,S1 Climax,1795.25,1,1756,1962.5,2.24,5375,6.12,-125,-0.14,1600,1.60
256,Entry long,2001-04-18 15:30,S1 Trend,1756,1,1756,1962.5,2.24,5375,6.12,-125,-0.14,1600,1.60
257,Exit long,2001-04-18 16:00,S1 Trail,1795.25,4,7024,7850,2.24,21500,6.12,-500,-0.14,9450,9.45
257,Entry long,2001-04-18 15:30,S1 Trend,1756,4,7024,7850,2.24,21500,6.12,-500,-0.14,9450,9.45
258,Exit long,2001-04-19 21:00,EOD,1800,3,5382.75,862.5,0.32,937.5,0.35,-862.5,-0.32,10312.5,10.31
258,Entry long,2001-04-19 19:00,S1 Trend,1794.25,3,5382.75,862.5,0.32,937.5,0.35,-862.5,-0.32,10312.5,10.31
259,Exit long,2001-04-20 18:30,S2 FairVal,1787.75,4,7131,1000,0.28,1000,0.28,-350,-0.10,11312.5,11.31
259,Entry long,2001-04-20 17:30,S2 VWAP,1782.75,4,7131,1000,0.28,1000,0.28,-350,-0.10,11312.5,11.31
260,Exit long,2001-04-24 17:00,S1 Trail,1766.75,4,7102,-1750,-0.49,500,0.14,-1750,-0.49,9562.5,9.56
260,Entry long,2001-04-24 15:30,S1 Trend,1775.5,4,7102,-1750,-0.49,500,0.14,-1750,-0.49,9562.5,9.56
261,Exit long,2001-04-25 21:00,EOD,1773.5,4,7062,1600,0.45,2300,0.65,-200,-0.06,11162.5,11.16
261,Entry long,2001-04-25 19:30,S1 Trend,1765.5,4,7062,1600,0.45,2300,0.65,-200,-0.06,11162.5,11.16
262,Exit long,2001-04-26 16:00,S1 Climax,1785,1,1784.5,25,0.03,125,0.14,-125,-0.14,11187.5,11.19
262,Entry long,2001-04-26 15:30,S1 Trend,1784.5,1,1784.5,25,0.03,125,0.14,-125,-0.14,11187.5,11.19
263,Exit long,2001-04-26 19:30,S1 Trail,1780.5,4,7138,-800,-0.22,1600,0.45,-1150,-0.32,10387.5,10.39
263,Entry long,2001-04-26 15:30,S1 Trend,1784.5,4,7138,-800,-0.22,1600,0.45,-1150,-0.32,10387.5,10.39
264,Exit long,2001-04-30 16:00,S1 Climax,1810.25,1,1809.75,25,0.03,137.5,0.15,-50,-0.06,10412.5,10.41
264,Entry long,2001-04-30 15:30,S1 Trend,1809.75,1,1809.75,25,0.03,137.5,0.15,-50,-0.06,10412.5,10.41
265,Exit long,2001-04-30 16:30,S1 Climax,1811.5,1,1809.75,87.5,0.10,137.5,0.15,-50,-0.06,10500,10.50
265,Entry long,2001-04-30 15:30,S1 Trend,1809.75,1,1809.75,87.5,0.10,137.5,0.15,-50,-0.06,10500,10.50
266,Exit long,2001-04-30 18:30,S1 Trail,1804.5,4,7239,-1050,-0.29,700,0.19,-1050,-0.29,9450,9.45
266,Entry long,2001-04-30 15:30,S1 Trend,1809.75,4,7239,-1050,-0.29,700,0.19,-1050,-0.29,9450,9.45
267,Exit long,2001-05-01 21:00,EOD,1809,3,5405.25,1087.5,0.40,1162.5,0.43,-300,-0.11,10537.5,10.54
267,Entry long,2001-05-01 19:30,S1 Trend,1801.75,3,5405.25,1087.5,0.40,1162.5,0.43,-300,-0.11,10537.5,10.54
268,Exit long,2001-05-04 21:00,EOD,1808.5,3,5405.25,1012.5,0.37,1387.5,0.51,-487.5,-0.18,11550,11.55
268,Entry long,2001-05-04 17:30,S1 Trend,1801.75,3,5405.25,1012.5,0.37,1387.5,0.51,-487.5,-0.18,11550,11.55
269,Exit long,2001-05-07 18:00,S1 Trail,1801.25,6,10845,-1875,-0.35,1050,0.19,-1875,-0.35,9675,9.68
269,Entry long,2001-05-07 15:30,S1 Trend,1807.5,6,10845,-1875,-0.35,1050,0.19,-1875,-0.35,9675,9.68
270,Exit long,2001-05-09 19:30,S1 Trail,1794.25,5,9002.5,-1562.5,-0.35,812.5,0.18,-1562.5,-0.35,8112.5,8.11
270,Entry long,2001-05-09 17:00,S1 Trend,1800.5,5,9002.5,-1562.5,-0.35,812.5,0.18,-1562.5,-0.35,8112.5,8.11
271,Exit long,2001-05-16 19:00,S1 Climax,1815,1,1801,700,0.78,700,0.78,-37.5,-0.04,8812.5,8.81
271,Entry long,2001-05-16 16:00,S1 Trend,1801,1,1801,700,0.78,700,0.78,-37.5,-0.04,8812.5,8.81
272,Exit long,2001-05-16 19:30,S1 Climax,1819.75,1,1801,937.5,1.04,950,1.05,-37.5,-0.04,9750,9.75
272,Entry long,2001-05-16 16:00,S1 Trend,1801,1,1801,937.5,1.04,950,1.05,-37.5,-0.04,9750,9.75
273,Exit long,2001-05-16 20:00,S1 Climax,1823.5,1,1801,1125,1.25,1150,1.28,-37.5,-0.04,10875,10.88
273,Entry long,2001-05-16 16:00,S1 Trend,1801,1,1801,1125,1.25,1150,1.28,-37.5,-0.04,10875,10.88
274,Exit long,2001-05-17 21:00,EOD,1830,5,9158.75,-437.5,-0.10,1562.5,0.34,-2125,-0.46,10437.5,10.44
274,Entry long,2001-05-17 15:30,S1 Trend,1831.75,5,9158.75,-437.5,-0.10,1562.5,0.34,-2125,-0.46,10437.5,10.44
275,Exit long,2001-05-18 18:30,S1 Trail,1823.25,6,10965,-1275,-0.23,1350,0.25,-1275,-0.23,9162.5,9.16
275,Entry long,2001-05-18 15:30,S1 Trend,1827.5,6,10965,-1275,-0.23,1350,0.25,-1275,-0.23,9162.5,9.16
276,Exit long,2001-05-18 20:00,S2 FairVal,1828,5,9123.75,812.5,0.18,812.5,0.18,-687.5,-0.15,9975,9.98
276,Entry long,2001-05-18 19:30,S2 VWAP,1824.75,5,9123.75,812.5,0.18,812.5,0.18,-687.5,-0.15,9975,9.98
277,Exit long,2001-05-21 21:00,EOD,1855.25,6,11026.5,5250,0.95,5325,0.97,-1050,-0.19,15225,15.23
277,Entry long,2001-05-21 15:30,S1 Trend,1837.75,6,11026.5,5250,0.95,5325,0.97,-1050,-0.19,15225,15.23
278,Exit long,2001-05-22 21:00,EOD,1850.25,5,9277.5,-1312.5,-0.28,437.5,0.09,-1875,-0.40,13912.5,13.91
278,Entry long,2001-05-22 18:30,S1 Trend,1855.5,5,9277.5,-1312.5,-0.28,437.5,0.09,-1875,-0.40,13912.5,13.91
279,Exit short,2001-05-30 16:00,S3 Scalp,1791.5,7,12591.25,2537.5,0.40,2537.5,0.40,-612.5,-0.10,16450,16.45
279,Entry short,2001-05-30 15:30,S3 Hedge,1798.75,7,12591.25,2537.5,0.40,2537.5,0.40,-612.5,-0.10,16450,16.45
280,Exit short,2001-05-30 21:00,EOD,1788,6,10750.5,1125,0.21,1950,0.36,-1125,-0.21,17575,17.58
280,Entry short,2001-05-30 16:30,S3 Hedge,1791.75,6,10750.5,1125,0.21,1950,0.36,-1125,-0.21,17575,17.58
281,Exit long,2001-06-01 21:00,EOD,1800.25,4,7209,-400,-0.11,700,0.19,-800,-0.22,17175,17.18
281,Entry long,2001-06-01 19:30,S1 Trend,1802.25,4,7209,-400,-0.11,700,0.19,-800,-0.22,17175,17.18
282,Exit long,2001-06-05 20:30,S1 Climax,1825,2,3625,1250,0.69,1350,0.74,-100,-0.06,18425,18.43
282,Entry long,2001-06-05 15:30,S1 Trend,1812.5,2,3625,1250,0.69,1350,0.74,-100,-0.06,18425,18.43
283,Exit long,2001-06-05 21:00,EOD,1823.75,5,9062.5,2812.5,0.62,3625,0.80,-250,-0.06,21237.5,21.24
283,Entry long,2001-06-05 15:30,S1 Trend,1812.5,5,9062.5,2812.5,0.62,3625,0.80,-250,-0.06,21237.5,21.24
284,Exit long,2001-06-07 17:00,S1 Trail,1805.75,6,10875,-2025,-0.37,600,0.11,-2025,-0.37,19212.5,19.21
284,Entry long,2001-06-07 16:00,S1 Trend,1812.5,6,10875,-2025,-0.37,600,0.11,-2025,-0.37,19212.5,19.21
285,Exit short,2001-06-14 19:00,S3 Scalp,1757,6,10597.5,2775,0.52,2775,0.52,-225,-0.04,21987.5,21.99
285,Entry short,2001-06-14 16:00,S3 Hedge,1766.25,6,10597.5,2775,0.52,2775,0.52,-225,-0.04,21987.5,21.99
286,Exit long,2001-06-20 16:30,S1 Trail,1752.75,6,10536,-975,-0.19,1875,0.36,-975,-0.19,21012.5,21.01
286,Entry long,2001-06-20 15:30,S1 Trend,1756,6,10536,-975,-0.19,1875,0.36,-975,-0.19,21012.5,21.01
287,Exit long,2001-06-21 21:00,EOD,1771.75,5,8828.75,1500,0.34,2812.5,0.64,-1687.5,-0.38,22512.5,22.51
287,Entry long,2001-06-21 15:30,S1 Trend,1765.75,5,8828.75,1500,0.34,2812.5,0.64,-1687.5,-0.38,22512.5,22.51
288,Exit long,2001-06-26 21:00,EOD,1752.5,4,7021,-550,-0.16,400,0.11,-850,-0.24,21962.5,21.96
288,Entry long,2001-06-26 19:30,S1 Trend,1755.25,4,7021,-550,-0.16,400,0.11,-850,-0.24,21962.5,21.96
289,Exit long,2001-06-28 20:30,S1 Trail,1761,5,8811.25,-312.5,-0.07,2562.5,0.58,-437.5,-0.10,21650,21.65
289,Entry long,2001-06-28 15:30,S1 Trend,1762.25,5,8811.25,-312.5,-0.07,2562.5,0.58,-437.5,-0.10,21650,21.65
290,Exit long,2001-06-29 21:00,EOD,1763.5,6,10609.5,-1425,-0.27,1500,0.28,-1875,-0.35,20225,20.23
290,Entry long,2001-06-29 15:30,S1 Trend,1768.25,6,10609.5,-1425,-0.27,1500,0.28,-1875,-0.35,20225,20.23
291,Exit long,2001-07-02 21:00,EOD,1771.75,7,12362,2012.5,0.33,3500,0.57,-262.5,-0.04,22237.5,22.24
291,Entry long,2001-07-02 15:30,S1 Trend,1766,7,12362,2012.5,0.33,3500,0.57,-262.5,-0.04,22237.5,22.24
292,Exit long,2001-07-04 10:00,S1 Trail,1768,6,10639.5,-1575,-0.30,0,0.00,-1575,-0.30,20662.5,20.66
292,Entry long,2001-07-03 18:30,S1 Trend,1773.25,6,10639.5,-1575,-0.30,0,0.00,-1575,-0.30,20662.5,20.66
293,Exit long,2001-07-05 16:00,S1 Trail,1759.25,7,12367.25,-2625,-0.42,262.5,0.04,-2625,-0.42,18037.5,18.04
293,Entry long,2001-07-05 15:30,S1 Trend,1766.75,7,12367.25,-2625,-0.42,262.5,0.04,-2625,-0.42,18037.5,18.04
294,Exit short,2001-07-05 21:00,EOD,1753.5,5,8781.25,687.5,0.16,750,0.17,-812.5,-0.19,18725,18.73
294,Entry short,2001-07-05 17:00,S3 Hedge,1756.25,5,8781.25,687.5,0.16,750,0.17,-812.5,-0.19,18725,18.73
295,Exit short,2001-07-06 21:00,EOD,1724.5,6,10393.5,2325,0.45,3000,0.58,-525,-0.10,21050,21.05
295,Entry short,2001-07-06 15:30,S3 Hedge,1732.25,6,10393.5,2325,0.45,3000,0.58,-525,-0.10,21050,21.05
296,Exit long,2001-07-12 21:00,EOD,1742.25,5,8665,2312.5,0.53,3062.5,0.71,-562.5,-0.13,23362.5,23.36
296,Entry long,2001-07-12 15:30,S1 Trend,1733,5,8665,2312.5,0.53,3062.5,0.71,-562.5,-0.13,23362.5,23.36
297,Exit long,2001-07-13 21:00,EOD,1750,6,10467,1650,0.32,2700,0.52,-750,-0.14,25012.5,25.01
297,Entry long,2001-07-13 16:00,S1 Trend,1744.5,6,10467,1650,0.32,2700,0.52,-750,-0.14,25012.5,25.01
298,Exit long,2001-07-16 18:00,S2 FairVal,1739.25,7,12211.5,-1837.5,-0.30,87.5,0.01,-1837.5,-0.30,23175,23.18
298,Entry long,2001-07-16 17:30,S2 VWAP,1744.5,7,12211.5,-1837.5,-0.30,87.5,0.01,-1837.5,-0.30,23175,23.18
299,Exit long,2001-07-17 21:00,EOD,1748.25,5,8707.5,1687.5,0.39,2062.5,0.47,-62.5,-0.01,24862.5,24.86
299,Entry long,2001-07-17 19:00,S1 Trend,1741.5,5,8707.5,1687.5,0.39,2062.5,0.47,-62.5,-0.01,24862.5,24.86
300,Exit short,2001-07-18 16:00,S3 Scalp,1740.5,5,8673.75,-1437.5,-0.33,625,0.14,-1437.5,-0.33,23425,23.43
300,Entry short,2001-07-18 15:30,S3 Hedge,1734.75,5,8673.75,-1437.5,-0.33,625,0.14,-1437.5,-0.33,23425,23.43
301,Exit long,2001-07-19 17:00,S1 Trail,1749.25,5,8776.25,-1500,-0.34,1000,0.23,-1500,-0.34,21925,21.93
301,Entry long,2001-07-19 15:30,S1 Trend,1755.25,5,8776.25,-1500,-0.34,1000,0.23,-1500,-0.34,21925,21.93
302,Exit long,2001-07-20 18:00,S1 Trail,1740.75,7,12229,-2187.5,-0.36,700,0.11,-2187.5,-0.36,19737.5,19.74
302,Entry long,2001-07-20 15:30,S1 Trend,1747,7,12229,-2187.5,-0.36,700,0.11,-2187.5,-0.36,19737.5,19.74
303,Exit short,2001-07-24 20:00,S3 Scalp,1700.25,5,8557.5,2812.5,0.66,2812.5,0.66,-437.5,-0.10,22550,22.55
303,Entry short,2001-07-24 16:30,S3 Hedge,1711.5,5,8557.5,2812.5,0.66,2812.5,0.66,-437.5,-0.10,22550,22.55
304,Exit long,2001-07-26 21:00,EOD,1736.25,6,10326,4575,0.89,4950,0.96,-2025,-0.39,27125,27.13
304,Entry long,2001-07-26 15:30,S1 Trend,1721,6,10326,4575,0.89,4950,0.96,-2025,-0.39,27125,27.13
305,Exit short,2001-07-27 16:00,S3 Scalp,1733.5,7,12106.5,-1400,-0.23,612.5,0.10,-1400,-0.23,25725,25.73
305,Entry short,2001-07-27 15:30,S3 Hedge,1729.5,7,12106.5,-1400,-0.23,612.5,0.10,-1400,-0.23,25725,25.73
306,Exit long,2001-07-27 21:00,EOD,1739.25,6,10419,825,0.16,1650,0.32,-525,-0.10,26550,26.55
306,Entry long,2001-07-27 17:00,S1 Trend,1736.5,6,10419,825,0.16,1650,0.32,-525,-0.10,26550,26.55
307,Exit long,2001-07-31 16:30,S1 Climax,1752.75,2,3501.5,200,0.11,300,0.17,-125,-0.07,26750,26.75
307,Entry long,2001-07-31 16:00,S1 Trend,1750.75,2,3501.5,200,0.11,300,0.17,-125,-0.07,26750,26.75
308,Exit long,2001-07-31 20:00,S1 Trail,1747.75,6,10504.5,-900,-0.17,1425,0.27,-900,-0.17,25850,25.85
308,Entry long,2001-07-31 16:00,S1 Trend,1750.75,6,10504.5,-900,-0.17,1425,0.27,-900,-0.17,25850,25.85
309,Exit long,2001-08-01 17:30,S1 Climax,1755,2,3504,300,0.17,325,0.19,-225,-0.13,26150,26.15
309,Entry long,2001-08-01 16:30,S1 Trend,1752,2,3504,300,0.17,325,0.19,-225,-0.13,26150,26.15
310,Exit long,2001-08-01 19:00,S1 Trail,1747.75,6,10512,-1275,-0.24,975,0.19,-1275,-0.24,24875,24.88
310,Entry long,2001-08-01 16:30,S1 Trend,1752,6,10512,-1275,-0.24,975,0.19,-1275,-0.24,24875,24.88
311,Exit short,2001-08-06 21:00,EOD,1732.25,7,12115.25,-525,-0.09,787.5,0.13,-787.5,-0.13,24350,24.35
311,Entry short,2001-08-06 19:30,S3 Hedge,1730.75,7,12115.25,-525,-0.09,787.5,0.13,-787.5,-0.13,24350,24.35
312,Exit long,2001-08-08 18:00,S1 Trail,1731.25,7,12157.25,-1925,-0.32,700,0.12,-1925,-0.32,22425,22.43
312,Entry long,2001-08-08 16:00,S1 Trend,1736.75,7,12157.25,-1925,-0.32,700,0.12,-1925,-0.32,22425,22.43
313,Exit long,2001-08-23 19:00,S1 Trail,1692,7,11884.25,-2012.5,-0.34,875,0.15,-2012.5,-0.34,20412.5,20.41
313,Entry long,2001-08-23 15:30,S1 Trend,1697.75,7,11884.25,-2012.5,-0.34,875,0.15,-2012.5,-0.34,20412.5,20.41
314,Exit long,2001-08-24 21:00,EOD,1714.5,7,11940.25,3062.5,0.51,3762.5,0.63,-87.5,-0.01,23475,23.48
314,Entry long,2001-08-24 16:00,S1 Trend,1705.75,7,11940.25,3062.5,0.51,3762.5,0.63,-87.5,-0.01,23475,23.48
315,Exit short,2001-08-27 17:30,S3 Scalp,1711.5,7,11954.25,-1312.5,-0.22,175,0.03,-1312.5,-0.22,22162.5,22.16
315,Entry short,2001-08-27 17:00,S3 Hedge,1707.75,7,11954.25,-1312.5,-0.22,175,0.03,-1312.5,-0.22,22162.5,22.16
316,Exit long,2001-08-27 21:00,EOD,1709,6,10281,-1350,-0.26,1050,0.20,-1425,-0.28,20812.5,20.81
316,Entry long,2001-08-27 19:30,S1 Trend,1713.5,6,10281,-1350,-0.26,1050,0.20,-1425,-0.28,20812.5,20.81
317,Exit long,2001-09-04 20:00,S1 Trail,1674.75,5,8346.25,1375,0.33,4250,1.02,-187.5,-0.04,22187.5,22.19
317,Entry long,2001-09-04 15:30,S1 Trend,1669.25,5,8346.25,1375,0.33,4250,1.02,-187.5,-0.04,22187.5,22.19
318,Exit short,2001-09-06 21:00,EOD,1634.25,4,6553,800,0.24,850,0.26,-1000,-0.31,22987.5,22.99
318,Entry short,2001-09-06 17:30,S3 Hedge,1638.25,4,6553,800,0.24,850,0.26,-1000,-0.31,22987.5,22.99
319,Exit short,2001-09-07 19:30,S3 Scalp,1623.75,3,4846.5,-1237.5,-0.51,900,0.37,-1237.5,-0.51,21750,21.75
319,Entry short,2001-09-07 18:00,S3 Hedge,1615.5,3,4846.5,-1237.5,-0.51,900,0.37,-1237.5,-0.51,21750,21.75
320,Exit long,2001-09-24 21:00,EOD,1530.5,3,4588.5,150,0.07,1050,0.46,-375,-0.16,21900,21.90
320,Entry long,2001-09-24 17:00,S1 Trend,1529.5,3,4588.5,150,0.07,1050,0.46,-375,-0.16,21900,21.90
321,Exit long,2001-09-25 18:30,S1 Trail,1528,3,4619.25,-1762.5,-0.76,750,0.32,-1762.5,-0.76,20137.5,20.14
321,Entry long,2001-09-25 15:30,S1 Trend,1539.75,3,4619.25,-1762.5,-0.76,750,0.32,-1762.5,-0.76,20137.5,20.14
322,Exit long,2001-09-28 21:00,EOD,1568.25,5,7800,2062.5,0.53,2187.5,0.56,-1187.5,-0.30,22200,22.20
322,Entry long,2001-09-28 15:30,S1 Trend,1560,5,7800,2062.5,0.53,2187.5,0.56,-1187.5,-0.30,22200,22.20
323,Exit long,2001-10-01 21:00,EOD,1566,5,7818.75,562.5,0.14,562.5,0.14,-1062.5,-0.27,22762.5,22.76
323,Entry long,2001-10-01 19:00,S1 Trend,1563.75,5,7818.75,562.5,0.14,562.5,0.14,-1062.5,-0.27,22762.5,22.76
324,Exit long,2001-10-02 19:00,S1 Trail,1565,7,10974.25,-962.5,-0.18,2012.5,0.37,-962.5,-0.18,21800,21.80
324,Entry long,2001-10-02 16:00,S1 Trend,1567.75,7,10974.25,-962.5,-0.18,2012.5,0.37,-962.5,-0.18,21800,21.80
325,Exit long,2001-10-03 21:00,EOD,1599.25,5,7876.25,6000,1.52,6937.5,1.76,-125,-0.03,27800,27.80
325,Entry long,2001-10-03 15:30,S1 Trend,1575.25,5,7876.25,6000,1.52,6937.5,1.76,-125,-0.03,27800,27.80
326,Exit long,2001-10-04 20:30,S1 Trail,1597,3,4830.75,-1987.5,-0.82,225,0.09,-1987.5,-0.82,25812.5,25.81
326,Entry long,2001-10-04 16:30,S1 Trend,1610.25,3,4830.75,-1987.5,-0.82,225,0.09,-1987.5,-0.82,25812.5,25.81
327,Exit long,2001-10-08 19:30,S1 Trail,1585,4,6370,-1500,-0.47,900,0.28,-1500,-0.47,24312.5,24.31
327,Entry long,2001-10-08 16:00,S1 Trend,1592.5,4,6370,-1500,-0.47,900,0.28,-1500,-0.47,24312.5,24.31
328,Exit long,2001-10-10 21:00,EOD,1608.25,5,7976.25,3250,0.81,3562.5,0.89,-187.5,-0.05,27562.5,27.56
328,Entry long,2001-10-10 15:30,S1 Trend,1595.25,5,7976.25,3250,0.81,3562.5,0.89,-187.5,-0.05,27562.5,27.56
329,Exit long,2001-10-11 21:00,EOD,1624.5,5,8098.75,1187.5,0.29,1437.5,0.35,-1125,-0.28,28750,28.75
329,Entry long,2001-10-11 15:30,S1 Trend,1619.75,5,8098.75,1187.5,0.29,1437.5,0.35,-1125,-0.28,28750,28.75
330,Exit long,2001-10-15 21:00,EOD,1616.75,5,8075,437.5,0.11,750,0.19,-875,-0.22,29187.5,29.19
330,Entry long,2001-10-15 19:00,S1 Trend,1615,5,8075,437.5,0.11,750,0.19,-875,-0.22,29187.5,29.19
331,Exit short,2001-10-18 21:00,EOD,1595.25,4,6381,0,0.00,1050,0.33,-650,-0.20,29187.5,29.19
331,Entry short,2001-10-18 18:00,S3 Hedge,1595.25,4,6381,0,0.00,1050,0.33,-650,-0.20,29187.5,29.19
332,Exit long,2001-10-22 21:00,EOD,1615.5,7,11221,4375,0.78,5075,0.90,-437.5,-0.08,33562.5,33.56
332,Entry long,2001-10-22 16:00,S1 Trend,1603,7,11221,4375,0.78,5075,0.90,-437.5,-0.08,33562.5,33.56
333,Exit long,2001-10-23 21:00,EOD,1611.75,5,8070,-562.5,-0.14,437.5,0.11,-2062.5,-0.51,33000,33.00
333,Entry long,2001-10-23 18:00,S2 VWAP,1614,5,8070,-562.5,-0.14,437.5,0.11,-2062.5,-0.51,33000,33.00
334,Exit long,2001-10-25 21:00,EOD,1625.25,4,6458,2150,0.67,2250,0.70,-350,-0.11,35150,35.15
334,Entry long,2001-10-25 19:30,S1 Trend,1614.5,4,6458,2150,0.67,2250,0.70,-350,-0.11,35150,35.15
335,Exit long,2001-10-26 21:00,EOD,1630,6,9760.5,975,0.20,3000,0.61,-600,-0.12,36125,36.13
335,Entry long,2001-10-26 15:30,S1 Trend,1626.75,6,9760.5,975,0.20,3000,0.61,-600,-0.12,36125,36.13
336,Exit long,2001-10-31 17:30,S1 Trail,1587,5,7991.25,-2812.5,-0.70,62.5,0.02,-2812.5,-0.70,33312.5,33.31
336,Entry long,2001-10-31 15:30,S1 Trend,1598.25,5,7991.25,-2812.5,-0.70,62.5,0.02,-2812.5,-0.70,33312.5,33.31
337,Exit long,2001-11-01 19:30,S1 Climax,1609.25,1,1597.25,600,0.75,600,0.75,-250,-0.31,33912.5,33.91
337,Entry long,2001-11-01 16:00,S1 Trend,1597.25,1,1597.25,600,0.75,600,0.75,-250,-0.31,33912.5,33.91
338,Exit long,2001-11-01 21:00,EOD,1608.5,3,4791.75,1687.5,0.70,2212.5,0.92,-750,-0.31,35600,35.60
338,Entry long,2001-11-01 16:00,S1 Trend,1597.25,3,4791.75,1687.5,0.70,2212.5,0.92,-750,-0.31,35600,35.60
339,Exit long,2001-11-02 21:00,EOD,1612.75,5,8071.25,-375,-0.09,312.5,0.08,-1250,-0.31,35225,35.23
339,Entry long,2001-11-02 17:30,S1 Trend,1614.25,5,8071.25,-375,-0.09,312.5,0.08,-1250,-0.31,35225,35.23
340,Exit long,2001-11-05 16:30,S1 Trail,1624,7,11424,-2800,-0.49,175,0.03,-2800,-0.49,32425,32.42
340,Entry long,2001-11-05 15:30,S1 Trend,1632,7,11424,-2800,-0.49,175,0.03,-2800,-0.49,32425,32.42
341,Exit long,2001-11-07 19:30,S1 Trail,1641,6,9864,-900,-0.18,2475,0.50,-900,-0.18,31525,31.53
341,Entry long,2001-11-07 16:00,S1 Trend,1644,6,9864,-900,-0.18,2475,0.50,-900,-0.18,31525,31.53
342,Exit long,2001-11-08 19:00,S1 Trail,1651.25,6,9934.5,-1350,-0.27,1800,0.36,-1350,-0.27,30175,30.18
342,Entry long,2001-11-08 15:30,S1 Trend,1655.75,6,9934.5,-1350,-0.27,1800,0.36,-1350,-0.27,30175,30.18
343,Exit long,2001-11-13 21:00,EOD,1664.75,6,9931.5,2850,0.57,2925,0.59,-75,-0.02,33025,33.03
343,Entry long,2001-11-13 15:30,S1 Trend,1655.25,6,9931.5,2850,0.57,2925,0.59,-75,-0.02,33025,33.03
344,Exit long,2001-11-19 16:30,S1 Trail,1667.25,8,13374,-1800,-0.27,1400,0.21,-1800,-0.27,31225,31.23
344,Entry long,2001-11-19 15:30,S1 Trend,1671.75,8,13374,-1800,-0.27,1400,0.21,-1800,-0.27,31225,31.23
345,Exit long,2001-11-20 21:00,EOD,1668,6,10041,-1650,-0.33,450,0.09,-2100,-0.42,29575,29.58
345,Entry long,2001-11-20 19:30,S1 Trend,1673.5,6,10041,-1650,-0.33,450,0.09,-2100,-0.42,29575,29.58
346,Exit long,2001-11-26 01:00,S1 Climax,1679.75,2,3339,1025,0.61,1025,0.61,-100,-0.06,30600,30.60
346,Entry long,2001-11-23 16:30,S1 Trend,1669.5,2,3339,1025,0.61,1025,0.61,-100,-0.06,30600,30.60
347,Exit long,2001-11-26 09:00,S1 Trail,1677.75,6,10017,2475,0.49,3975,0.79,-300,-0.06,33075,33.07
347,Entry long,2001-11-23 16:30,S1 Trend,1669.5,6,10017,2475,0.49,3975,0.79,-300,-0.06,33075,33.07
348,Exit long,2001-11-26 21:00,EOD,1682.25,7,11746,1487.5,0.25,1837.5,0.31,-87.5,-0.01,34562.5,34.56
348,Entry long,2001-11-26 19:30,S1 Trend,1678,7,11746,1487.5,0.25,1837.5,0.31,-87.5,-0.01,34562.5,34.56
349,Exit long,2001-11-27 20:00,S1 Trail,1677.25,5,8398.75,-625,-0.15,2312.5,0.55,-625,-0.15,33937.5,33.94
349,Entry long,2001-11-27 18:30,S1 Trend,1679.75,5,8398.75,-625,-0.15,2312.5,0.55,-625,-0.15,33937.5,33.94
350,Exit long,2001-12-05 16:00,S1 Climax,1686.25,2,3372,25,0.01,100,0.06,-200,-0.12,33962.5,33.96
350,Entry long,2001-12-05 15:30,S1 Trend,1686,2,3372,25,0.01,100,0.06,-200,-0.12,33962.5,33.96
351,Exit long,2001-12-05 16:30,S1 Climax,1688.25,1,1686,112.5,0.13,237.5,0.28,-100,-0.12,34075,34.08
351,Entry long,2001-12-05 15:30,S1 Trend,1686,1,1686,112.5,0.13,237.5,0.28,-100,-0.12,34075,34.08
352,Exit long,2001-12-05 17:00,S1 Climax,1688.5,1,1686,125,0.15,237.5,0.28,-100,-0.12,34200,34.20
352,Entry long,2001-12-05 15:30,S1 Trend,1686,1,1686,125,0.15,237.5,0.28,-100,-0.12,34200,34.20
353,Exit long,2001-12-05 17:30,S1 Climax,1693.5,1,1686,375,0.44,387.5,0.46,-100,-0.12,34575,34.58
353,Entry long,2001-12-05 15:30,S1 Trend,1686,1,1686,375,0.44,387.5,0.46,-100,-0.12,34575,34.58
354,Exit long,2001-12-05 20:00,S1 Climax,1694,1,1686,400,0.47,462.5,0.55,-100,-0.12,34975,34.98
354,Entry long,2001-12-05 15:30,S1 Trend,1686,1,1686,400,0.47,462.5,0.55,-100,-0.12,34975,34.98
355,Exit long,2001-12-05 20:30,S1 Climax,1698.5,1,1686,625,0.74,675,0.80,-100,-0.12,35600,35.60
355,Entry long,2001-12-05 15:30,S1 Trend,1686,1,1686,625,0.74,675,0.80,-100,-0.12,35600,35.60
356,Exit long,2001-12-05 21:00,EOD,1696.5,1,1686,525,0.62,675,0.80,-100,-0.12,36125,36.13
356,Entry long,2001-12-05 15:30,S1 Trend,1686,1,1686,525,0.62,675,0.80,-100,-0.12,36125,36.13
357,Exit long,2001-12-17 21:00,EOD,1658,8,13242,1100,0.17,2800,0.42,-400,-0.06,37225,37.23
357,Entry long,2001-12-17 15:30,S1 Trend,1655.25,8,13242,1100,0.17,2800,0.42,-400,-0.06,37225,37.23
358,Exit long,2001-12-19 21:00,EOD,1672.5,8,13374,300,0.04,1900,0.28,-1200,-0.18,37525,37.53
358,Entry long,2001-12-19 16:30,S1 Trend,1671.75,8,13374,300,0.04,1900,0.28,-1200,-0.18,37525,37.53
359,Exit long,2001-12-20 16:30,S2 FairVal,1671.25,10,16692.5,1000,0.12,1000,0.12,-1000,-0.12,38525,38.53
359,Entry long,2001-12-20 16:00,S2 VWAP,1669.25,10,16692.5,1000,0.12,1000,0.12,-1000,-0.12,38525,38.53
360,Exit long,2001-12-28 18:30,S2 FairVal,1685,10,16832.5,875,0.10,1000,0.12,-125,-0.01,39400,39.40
360,Entry long,2001-12-28 17:30,S2 VWAP,1683.25,10,16832.5,875,0.10,1000,0.12,-125,-0.01,39400,39.40
361,Exit long,2001-12-31 16:30,S2 FairVal,1681,13,21849.75,162.5,0.01,162.5,0.01,-1462.5,-0.13,39562.5,39.56
361,Entry long,2001-12-31 16:00,S2 VWAP,1680.75,13,21849.75,162.5,0.01,162.5,0.01,-1462.5,-0.13,39562.5,39.56
362,Exit long,2002-01-03 21:00,EOD,1688,9,15126.75,3262.5,0.43,3487.5,0.46,-1012.5,-0.13,42825,42.83
362,Entry long,2002-01-03 15:30,S1 Trend,1680.75,9,15126.75,3262.5,0.43,3487.5,0.46,-1012.5,-0.13,42825,42.83
363,Exit long,2002-01-07 21:00,EOD,1688.25,8,13526,-1000,-0.15,1300,0.19,-2000,-0.30,41825,41.83
363,Entry long,2002-01-07 17:30,S2 VWAP,1690.75,8,13526,-1000,-0.15,1300,0.19,-2000,-0.30,41825,41.83
364,Exit long,2002-01-09 18:30,S1 Trail,1690.75,9,15261.75,-2250,-0.29,900,0.12,-2250,-0.29,39575,39.57
364,Entry long,2002-01-09 16:00,S1 Trend,1695.75,9,15261.75,-2250,-0.29,900,0.12,-2250,-0.29,39575,39.57
365,Exit short,2002-01-11 20:00,S3 Scalp,1674,7,11686.5,-1575,-0.27,350,0.06,-1575,-0.27,38000,38.00
365,Entry short,2002-01-11 19:30,S3 Hedge,1669.5,7,11686.5,-1575,-0.27,350,0.06,-1575,-0.27,38000,38.00
366,Exit short,2002-01-14 20:00,S3 Scalp,1667.25,10,16635,-1875,-0.23,1500,0.18,-1875,-0.23,36125,36.13
366,Entry short,2002-01-14 16:00,S3 Hedge,1663.5,10,16635,-1875,-0.23,1500,0.18,-1875,-0.23,36125,36.13
367,Exit long,2002-01-23 21:00,EOD,1650.75,8,13204,100,0.02,1700,0.26,-800,-0.12,36225,36.23
367,Entry long,2002-01-23 18:30,S1 Trend,1650.5,8,13204,100,0.02,1700,0.26,-800,-0.12,36225,36.23
368,Exit long,2002-01-25 21:00,EOD,1655,8,13276,-1800,-0.27,600,0.09,-2200,-0.33,34425,34.42
368,Entry long,2002-01-25 18:00,S1 Trend,1659.5,8,13276,-1800,-0.27,600,0.09,-2200,-0.33,34425,34.42
369,Exit short,2002-01-30 16:00,S3 Scalp,1619.5,6,9687,-1500,-0.31,150,0.03,-1500,-0.31,32925,32.92
369,Entry short,2002-01-30 15:30,S3 Hedge,1614.5,6,9687,-1500,-0.31,150,0.03,-1500,-0.31,32925,32.92
370,Exit short,2002-01-30 18:00,S3 Scalp,1613.25,4,6426,-1350,-0.42,750,0.23,-1350,-0.42,31575,31.57
370,Entry short,2002-01-30 17:00,S3 Hedge,1606.5,4,6426,-1350,-0.42,750,0.23,-1350,-0.42,31575,31.57
371,Exit long,2002-01-31 21:00,EOD,1650.75,7,11487,3412.5,0.59,3675,0.64,-787.5,-0.14,34987.5,34.99
371,Entry long,2002-01-31 17:30,S1 Trend,1641,7,11487,3412.5,0.59,3675,0.64,-787.5,-0.14,34987.5,34.99
372,Exit short,2002-02-01 21:00,EOD,1645.25,8,13164,100,0.02,2000,0.30,-400,-0.06,35087.5,35.09
372,Entry short,2002-02-01 16:00,S3 Hedge,1645.5,8,13164,100,0.02,2000,0.30,-400,-0.06,35087.5,35.09
373,Exit short,2002-02-05 16:00,S3 Scalp,1614,7,11263,-1750,-0.31,87.5,0.02,-4025,-0.71,33337.5,33.34
373,Entry short,2002-02-05 15:30,S3 Hedge,1609,7,11263,-1750,-0.31,87.5,0.02,-4025,-0.71,33337.5,33.34
374,Exit long,2002-02-11 20:30,S1 Climax,1633,2,3250.5,775,0.48,825,0.51,0,0.00,34112.5,34.11
374,Entry long,2002-02-11 17:00,S1 Trend,1625.25,2,3250.5,775,0.48,825,0.51,0,0.00,34112.5,34.11
375,Exit long,2002-02-11 21:00,EOD,1634,6,9751.5,2625,0.54,2775,0.57,0,0.00,36737.5,36.74
375,Entry long,2002-02-11 17:00,S1 Trend,1625.25,6,9751.5,2625,0.54,2775,0.57,0,0.00,36737.5,36.74
376,Exit long,2002-02-12 20:30,S1 Trail,1627.5,8,13052,-1600,-0.25,1500,0.23,-1600,-0.25,35137.5,35.14
376,Entry long,2002-02-12 18:30,S1 Trend,1631.5,8,13052,-1600,-0.25,1500,0.23,-1600,-0.25,35137.5,35.14
377,Exit long,2002-02-14 19:00,S1 Trail,1640.25,8,13162,-2000,-0.30,900,0.14,-2000,-0.30,33137.5,33.14
377,Entry long,2002-02-14 16:00,S1 Trend,1645.25,8,13162,-2000,-0.30,900,0.14,-2000,-0.30,33137.5,33.14
378,Exit short,2002-02-19 20:30,S3 Scalp,1604.25,9,14528.25,4500,0.62,4500,0.62,-562.5,-0.08,37637.5,37.64
378,Entry short,2002-02-19 15:30,S3 Hedge,1614.25,9,14528.25,4500,0.62,4500,0.62,-562.5,-0.08,37637.5,37.64
379,Exit long,2002-02-21 20:00,S1 Trail,1614,6,9727.5,-2175,-0.45,525,0.11,-2175,-0.45,35462.5,35.46
379,Entry long,2002-02-21 18:00,S1 Trend,1621.25,6,9727.5,-2175,-0.45,525,0.11,-2175,-0.45,35462.5,35.46
380,Exit long,2002-02-25 20:00,S1 Climax,1631.5,2,3241.5,1075,0.66,1125,0.69,-225,-0.14,36537.5,36.54
380,Entry long,2002-02-25 15:30,S1 Trend,1620.75,2,3241.5,1075,0.66,1125,0.69,-225,-0.14,36537.5,36.54
381,Exit long,2002-02-25 20:30,S1 Climax,1633.25,1,1620.75,625,0.77,737.5,0.91,-112.5,-0.14,37162.5,37.16
381,Entry long,2002-02-25 15:30,S1 Trend,1620.75,1,1620.75,625,0.77,737.5,0.91,-112.5,-0.14,37162.5,37.16
382,Exit long,2002-02-25 21:00,EOD,1632.25,5,8103.75,2875,0.71,3687.5,0.91,-562.5,-0.14,40037.5,40.04
382,Entry long,2002-02-25 15:30,S1 Trend,1620.75,5,8103.75,2875,0.71,3687.5,0.91,-562.5,-0.14,40037.5,40.04
383,Exit short,2002-02-26 17:30,S3 Scalp,1630.5,8,13006,-1900,-0.29,300,0.05,-2300,-0.35,38137.5,38.14
383,Entry short,2002-02-26 15:30,S3 Hedge,1625.75,8,13006,-1900,-0.29,300,0.05,-2300,-0.35,38137.5,38.14
384,Exit long,2002-02-27 18:30,S1 Trail,1637.75,8,13148,-2300,-0.35,900,0.14,-2300,-0.35,35837.5,35.84
384,Entry long,2002-02-27 16:00,S1 Trend,1643.5,8,13148,-2300,-0.35,900,0.14,-2300,-0.35,35837.5,35.84
385,Exit short,2002-02-27 21:00,EOD,1633.25,6,9792,-375,-0.08,2475,0.51,-450,-0.09,35462.5,35.46
385,Entry short,2002-02-27 19:30,S3 Hedge,1632,6,9792,-375,-0.08,2475,0.51,-450,-0.09,35462.5,35.46
386,Exit long,2002-02-28 16:00,S1 Trail,1636.25,9,14793.75,-3375,-0.46,225,0.03,-3375,-0.46,32087.5,32.09
386,Entry long,2002-02-28 15:30,S1 Trend,1643.75,9,14793.75,-3375,-0.46,225,0.03,-3375,-0.46,32087.5,32.09
387,Exit long,2002-03-01 16:30,S1 Climax,1646.75,2,3283.5,500,0.30,700,0.43,-100,-0.06,32587.5,32.59
387,Entry long,2002-03-01 16:00,S1 Trend,1641.75,2,3283.5,500,0.30,700,0.43,-100,-0.06,32587.5,32.59
388,Exit long,2002-03-01 21:00,EOD,1654.25,7,11492.25,4375,0.76,4375,0.76,-350,-0.06,36962.5,36.96
388,Entry long,2002-03-01 16:00,S1 Trend,1641.75,7,11492.25,4375,0.76,4375,0.76,-350,-0.06,36962.5,36.96
389,Exit long,2002-03-04 18:00,S1 Climax,1671.25,2,3332,525,0.32,650,0.39,-100,-0.06,37487.5,37.49
389,Entry long,2002-03-04 15:30,S1 Trend,1666,2,3332,525,0.32,650,0.39,-100,-0.06,37487.5,37.49
390,Exit long,2002-03-04 21:00,EOD,1676,6,9996,3000,0.60,3225,0.65,-300,-0.06,40487.5,40.49
390,Entry long,2002-03-04 15:30,S1 Trend,1666,6,9996,3000,0.60,3225,0.65,-300,-0.06,40487.5,40.49
391,Exit long,2002-03-05 20:00,S1 Trail,1667,8,13370,-1700,-0.25,1900,0.28,-1700,-0.25,38787.5,38.79
391,Entry long,2002-03-05 15:30,S1 Trend,1671.25,8,13370,-1700,-0.25,1900,0.28,-1700,-0.25,38787.5,38.79
392,Exit long,2002-03-06 20:30,S1 Climax,1687,2,3356.5,875,0.52,1000,0.60,-400,-0.24,39662.5,39.66
392,Entry long,2002-03-06 16:00,S1 Trend,1678.25,2,3356.5,875,0.52,1000,0.60,-400,-0.24,39662.5,39.66
393,Exit long,2002-03-06 21:00,EOD,1685.75,7,11747.75,2625,0.45,3500,0.60,-1400,-0.24,42287.5,42.29
393,Entry long,2002-03-06 16:00,S1 Trend,1678.25,7,11747.75,2625,0.45,3500,0.60,-1400,-0.24,42287.5,42.29
394,Exit long,2002-03-08 16:00,S1 Trail,1687,9,15241.5,-2925,-0.38,562.5,0.07,-2925,-0.38,39362.5,39.36
394,Entry long,2002-03-08 15:30,S1 Trend,1693.5,9,15241.5,-2925,-0.38,562.5,0.07,-2925,-0.38,39362.5,39.36
395,Exit long,2002-03-11 21:00,EOD,1689.5,8,13524,-400,-0.06,2000,0.30,-500,-0.07,38962.5,38.96
395,Entry long,2002-03-11 19:30,S1 Trend,1690.5,8,13524,-400,-0.06,2000,0.30,-500,-0.07,38962.5,38.96
396,Exit long,2002-03-12 21:00,EOD,1688,8,13464,2000,0.30,2000,0.30,-1200,-0.18,40962.5,40.96
396,Entry long,2002-03-12 17:00,S1 Trend,1683,8,13464,2000,0.30,2000,0.30,-1200,-0.18,40962.5,40.96
397,Exit long,2002-03-15 21:00,EOD,1688.25,8,13478,1400,0.21,1800,0.27,-600,-0.09,42362.5,42.36
397,Entry long,2002-03-15 16:00,S1 Trend,1684.75,8,13478,1400,0.21,1800,0.27,-600,-0.09,42362.5,42.36
398,Exit long,2002-03-18 20:00,S2 FairVal,1687,8,13474,1100,0.16,1100,0.16,-1500,-0.22,43462.5,43.46
398,Entry long,2002-03-18 17:30,S2 VWAP,1684.25,8,13474,1100,0.16,1100,0.16,-1500,-0.22,43462.5,43.46
399,Exit long,2002-03-26 19:00,S1 Trail,1659.75,8,13342,-3200,-0.48,100,0.01,-3200,-0.48,40262.5,40.26
399,Entry long,2002-03-26 15:30,S1 Trend,1667.75,8,13342,-3200,-0.48,100,0.01,-3200,-0.48,40262.5,40.26
400,Exit long,2002-03-27 19:00,S1 Trail,1661.75,9,15016.5,-3037.5,-0.40,112.5,0.01,-3037.5,-0.40,37225,37.23
400,Entry long,2002-03-27 17:00,S1 Trend,1668.5,9,15016.5,-3037.5,-0.40,112.5,0.01,-3037.5,-0.40,37225,37.23
401,Exit long,2002-04-01 22:00,EOD,1666.5,9,14976,1125,0.15,2475,0.33,-900,-0.12,38350,38.35
401,Entry long,2002-04-01 20:00,S1 Trend,1664,9,14976,1125,0.15,2475,0.33,-900,-0.12,38350,38.35
402,Exit short,2002-04-02 19:30,S3 Scalp,1661,8,13258,-1500,-0.23,300,0.05,-1500,-0.23,36850,36.85
402,Entry short,2002-04-02 18:00,S3 Hedge,1657.25,8,13258,-1500,-0.23,300,0.05,-1500,-0.23,36850,36.85
403,Exit short,2002-04-09 19:30,S3 Scalp,1643.5,8,13118,-1500,-0.23,300,0.05,-1500,-0.23,35350,35.35
403,Entry short,2002-04-09 19:00,S3 Hedge,1639.75,8,13118,-1500,-0.23,300,0.05,-1500,-0.23,35350,35.35
404,Exit short,2002-04-11 21:00,EOD,1625,7,11411.75,1837.5,0.32,2712.5,0.48,-1050,-0.18,37187.5,37.19
404,Entry short,2002-04-11 18:30,S3 Hedge,1630.25,7,11411.75,1837.5,0.32,2712.5,0.48,-1050,-0.18,37187.5,37.19
405,Exit long,2002-04-16 18:30,S1 Climax,1644.25,2,3287,75,0.05,125,0.08,-50,-0.03,37262.5,37.26
405,Entry long,2002-04-16 18:00,S1 Trend,1643.5,2,3287,75,0.05,125,0.08,-50,-0.03,37262.5,37.26
406,Exit long,2002-04-16 19:00,S1 Climax,1646,2,3287,250,0.15,350,0.21,-50,-0.03,37512.5,37.51
406,Entry long,2002-04-16 18:00,S1 Trend,1643.5,2,3287,250,0.15,350,0.21,-50,-0.03,37512.5,37.51
407,Exit long,2002-04-16 19:30,S1 Climax,1645.75,1,1643.5,112.5,0.14,187.5,0.23,-25,-0.03,37625,37.63
407,Entry long,2002-04-16 18:00,S1 Trend,1643.5,1,1643.5,112.5,0.14,187.5,0.23,-25,-0.03,37625,37.63
408,Exit long,2002-04-16 20:00,S1 Climax,1647.5,1,1643.5,200,0.24,250,0.30,-25,-0.03,37825,37.82
408,Entry long,2002-04-16 18:00,S1 Trend,1643.5,1,1643.5,200,0.24,250,0.30,-25,-0.03,37825,37.82
409,Exit long,2002-04-16 20:30,S1 Climax,1649,1,1643.5,275,0.33,350,0.43,-25,-0.03,38100,38.10
409,Entry long,2002-04-16 18:00,S1 Trend,1643.5,1,1643.5,275,0.33,350,0.43,-25,-0.03,38100,38.10
410,Exit long,2002-04-16 21:00,EOD,1648.5,2,3287,500,0.30,700,0.43,-50,-0.03,38600,38.60
410,Entry long,2002-04-16 18:00,S1 Trend,1643.5,2,3287,500,0.30,700,0.43,-50,-0.03,38600,38.60
411,Exit long,2002-04-17 19:00,S2 FairVal,1644.5,9,14843.25,-2137.5,-0.29,337.5,0.05,-2137.5,-0.29,36462.5,36.46
411,Entry long,2002-04-17 18:00,S2 VWAP,1649.25,9,14843.25,-2137.5,-0.29,337.5,0.05,-2137.5,-0.29,36462.5,36.46
412,Exit short,2002-04-17 21:00,EOD,1647.75,8,13156,-1300,-0.20,500,0.08,-1400,-0.21,35162.5,35.16
412,Entry short,2002-04-17 19:30,S3 Hedge,1644.5,8,13156,-1300,-0.20,500,0.08,-1400,-0.21,35162.5,35.16
413,Exit short,2002-04-22 21:00,EOD,1629,9,14676.75,787.5,0.11,2362.5,0.32,-675,-0.09,35950,35.95
413,Entry short,2002-04-22 17:00,S3 Hedge,1630.75,9,14676.75,787.5,0.11,2362.5,0.32,-675,-0.09,35950,35.95
414,Exit long,2002-04-30 21:00,EOD,1595.75,6,9606,-1575,-0.33,525,0.11,-1875,-0.39,34375,34.38
414,Entry long,2002-04-30 17:00,S1 Trend,1601,6,9606,-1575,-0.33,525,0.11,-1875,-0.39,34375,34.38
415,Exit long,2002-05-01 21:00,EOD,1606.5,6,9595.5,2175,0.45,2850,0.59,-225,-0.05,36550,36.55
415,Entry long,2002-05-01 19:00,S1 Trend,1599.25,6,9595.5,2175,0.45,2850,0.59,-225,-0.05,36550,36.55
416,Exit long,2002-05-02 19:30,S1 Trail,1601.25,8,12852,-2100,-0.33,1000,0.16,-2100,-0.33,34450,34.45
416,Entry long,2002-05-02 15:30,S1 Trend,1606.5,8,12852,-2100,-0.33,1000,0.16,-2100,-0.33,34450,34.45
417,Exit short,2002-05-06 20:00,S3 Scalp,1580.75,7,11119.5,2712.5,0.49,2712.5,0.49,-175,-0.03,37162.5,37.16
417,Entry short,2002-05-06 18:30,S3 Hedge,1588.5,7,11119.5,2712.5,0.49,2712.5,0.49,-175,-0.03,37162.5,37.16
418,Exit long,2002-05-08 16:30,S1 Climax,1600.75,2,3189,625,0.39,750,0.47,-75,-0.05,37787.5,37.79
418,Entry long,2002-05-08 16:00,S1 Trend,1594.5,2,3189,625,0.39,750,0.47,-75,-0.05,37787.5,37.79
419,Exit long,2002-05-08 17:00,S1 Climax,1601.25,1,1594.5,337.5,0.42,450,0.56,-37.5,-0.05,38125,38.13
419,Entry long,2002-05-08 16:00,S1 Trend,1594.5,1,1594.5,337.5,0.42,450,0.56,-37.5,-0.05,38125,38.13
420,Exit long,2002-05-08 17:30,S1 Climax,1603.25,1,1594.5,437.5,0.55,550,0.69,-37.5,-0.05,38562.5,38.56
420,Entry long,2002-05-08 16:00,S1 Trend,1594.5,1,1594.5,437.5,0.55,550,0.69,-37.5,-0.05,38562.5,38.56
421,Exit long,2002-05-08 18:00,S1 Climax,1603,1,1594.5,425,0.53,562.5,0.71,-37.5,-0.05,38987.5,38.99
421,Entry long,2002-05-08 16:00,S1 Trend,1594.5,1,1594.5,425,0.53,562.5,0.71,-37.5,-0.05,38987.5,38.99
422,Exit long,2002-05-08 18:30,S1 Climax,1603.25,1,1594.5,437.5,0.55,562.5,0.71,-37.5,-0.05,39425,39.42
422,Entry long,2002-05-08 16:00,S1 Trend,1594.5,1,1594.5,437.5,0.55,562.5,0.71,-37.5,-0.05,39425,39.42
423,Exit long,2002-05-08 19:00,S1 Climax,1603.5,1,1594.5,450,0.56,562.5,0.71,-37.5,-0.05,39875,39.88
423,Entry long,2002-05-08 16:00,S1 Trend,1594.5,1,1594.5,450,0.56,562.5,0.71,-37.5,-0.05,39875,39.88
424,Exit long,2002-05-13 17:00,S1 Climax,1590.75,2,3175,325,0.20,425,0.27,-50,-0.03,40200,40.20
424,Entry long,2002-05-13 16:30,S1 Trend,1587.5,2,3175,325,0.20,425,0.27,-50,-0.03,40200,40.20
425,Exit long,2002-05-13 21:00,EOD,1594,6,9525,1950,0.41,2325,0.49,-150,-0.03,42150,42.15
425,Entry long,2002-05-13 16:30,S1 Trend,1587.5,6,9525,1950,0.41,2325,0.49,-150,-0.03,42150,42.15
426,Exit long,2002-05-14 21:00,EOD,1616.75,7,11291,1312.5,0.23,1837.5,0.33,-1312.5,-0.23,43462.5,43.46
426,Entry long,2002-05-14 17:30,S1 Trend,1613,7,11291,1312.5,0.23,1837.5,0.33,-1312.5,-0.23,43462.5,43.46
427,Exit long,2002-05-15 19:30,S1 Trail,1615.5,9,14548.5,-450,-0.06,3712.5,0.51,-2250,-0.31,43012.5,43.01
427,Entry long,2002-05-15 16:30,S1 Trend,1616.5,9,14548.5,-450,-0.06,3712.5,0.51,-2250,-0.31,43012.5,43.01
428,Exit long,2002-05-16 21:00,EOD,1619.25,8,12940,700,0.11,900,0.14,-1000,-0.15,43712.5,43.71
428,Entry long,2002-05-16 19:30,S1 Trend,1617.5,8,12940,700,0.11,900,0.14,-1000,-0.15,43712.5,43.71
429,Exit short,2002-05-22 17:30,S3 Scalp,1600.75,7,11175.5,-1487.5,-0.27,175,0.03,-1487.5,-0.27,42225,42.23
429,Entry short,2002-05-22 17:00,S3 Hedge,1596.5,7,11175.5,-1487.5,-0.27,175,0.03,-1487.5,-0.27,42225,42.23
430,Exit short,2002-05-24 21:00,EOD,1603.25,7,11236.75,700,0.12,1225,0.22,-875,-0.16,42925,42.93
430,Entry short,2002-05-24 19:00,S3 Hedge,1605.25,7,11236.75,700,0.12,1225,0.22,-875,-0.16,42925,42.93
431,Exit short,2002-05-29 16:30,S3 Scalp,1592.25,10,15890,-1625,-0.20,625,0.08,-1625,-0.20,41300,41.30
431,Entry short,2002-05-29 15:30,S3 Hedge,1589,10,15890,-1625,-0.20,625,0.08,-1625,-0.20,41300,41.30
432,Exit long,2002-05-31 19:30,S1 Trail,1592.5,9,14348.25,-787.5,-0.11,2700,0.38,-1125,-0.16,40512.5,40.51
432,Entry long,2002-05-31 15:30,S1 Trend,1594.25,9,14348.25,-787.5,-0.11,2700,0.38,-1125,-0.16,40512.5,40.51
433,Exit long,2002-06-10 20:30,S1 Trail,1548.75,7,10893.75,-2625,-0.48,875,0.16,-2625,-0.48,37887.5,37.89
433,Entry long,2002-06-10 18:00,S1 Trend,1556.25,7,10893.75,-2625,-0.48,875,0.16,-2625,-0.48,37887.5,37.89
434,Exit long,2002-06-17 16:00,S1 Climax,1546.75,1,1544.75,100,0.13,162.5,0.21,-87.5,-0.11,37987.5,37.99
434,Entry long,2002-06-17 15:30,S1 Trend,1544.75,1,1544.75,100,0.13,162.5,0.21,-87.5,-0.11,37987.5,37.99
435,Exit long,2002-06-17 16:30,S1 Climax,1550,1,1544.75,262.5,0.34,275,0.36,-87.5,-0.11,38250,38.25
435,Entry long,2002-06-17 15:30,S1 Trend,1544.75,1,1544.75,262.5,0.34,275,0.36,-87.5,-0.11,38250,38.25
436,Exit long,2002-06-17 17:00,S1 Climax,1550,1,1544.75,262.5,0.34,375,0.49,-87.5,-0.11,38512.5,38.51
436,Entry long,2002-06-17 15:30,S1 Trend,1544.75,1,1544.75,262.5,0.34,375,0.49,-87.5,-0.11,38512.5,38.51
437,Exit long,2002-06-17 21:00,EOD,1555.75,3,4634.25,1650,0.71,1762.5,0.76,-262.5,-0.11,40162.5,40.16
437,Entry long,2002-06-17 15:30,S1 Trend,1544.75,3,4634.25,1650,0.71,1762.5,0.76,-262.5,-0.11,40162.5,40.16
438,Exit long,2002-06-18 21:00,EOD,1556.5,8,12456,-200,-0.03,1800,0.29,-1400,-0.22,39962.5,39.96
438,Entry long,2002-06-18 15:30,S1 Trend,1557,8,12456,-200,-0.03,1800,0.29,-1400,-0.22,39962.5,39.96
439,Exit long,2002-06-19 17:30,S1 Trail,1548.5,6,9342,-2550,-0.55,300,0.06,-2550,-0.55,37412.5,37.41
439,Entry long,2002-06-19 16:30,S1 Trend,1557,6,9342,-2550,-0.55,300,0.06,-2550,-0.55,37412.5,37.41
440,Exit long,2002-06-25 17:30,S1 Trail,1516.5,7,10662.75,-2362.5,-0.44,962.5,0.18,-2362.5,-0.44,35050,35.05
440,Entry long,2002-06-25 15:30,S1 Trend,1523.25,7,10662.75,-2362.5,-0.44,962.5,0.18,-2362.5,-0.44,35050,35.05
441,Exit long,2002-06-27 21:00,EOD,1511.25,4,6019,1300,0.43,1300,0.43,-1350,-0.45,36350,36.35
441,Entry long,2002-06-27 19:30,S1 Trend,1504.75,4,6019,1300,0.43,1300,0.43,-1350,-0.45,36350,36.35
442,Exit long,2002-06-28 20:00,S1 Trail,1510.5,5,7592.5,-2000,-0.53,750,0.20,-2000,-0.53,34350,34.35
442,Entry long,2002-06-28 15:30,S1 Trend,1518.5,5,7592.5,-2000,-0.53,750,0.20,-2000,-0.53,34350,34.35
443,Exit short,2002-07-03 19:30,S3 Scalp,1466.25,4,5835,-1500,-0.51,1050,0.36,-1500,-0.51,32850,32.85
443,Entry short,2002-07-03 16:00,S3 Hedge,1458.75,4,5835,-1500,-0.51,1050,0.36,-1500,-0.51,32850,32.85
444,Exit long,2002-07-05 16:00,S1 Climax,1498,1,1497.25,37.5,0.05,200,0.27,0,0.00,32887.5,32.89
444,Entry long,2002-07-05 15:30,S1 Trend,1497.25,1,1497.25,37.5,0.05,200,0.27,0,0.00,32887.5,32.89
445,Exit long,2002-07-05 16:30,S1 Climax,1501.5,1,1497.25,212.5,0.28,237.5,0.32,0,0.00,33100,33.10
445,Entry long,2002-07-05 15:30,S1 Trend,1497.25,1,1497.25,212.5,0.28,237.5,0.32,0,0.00,33100,33.10
446,Exit long,2002-07-05 17:00,S1 Climax,1501.75,1,1497.25,225,0.30,375,0.50,0,0.00,33325,33.32
446,Entry long,2002-07-05 15:30,S1 Trend,1497.25,1,1497.25,225,0.30,375,0.50,0,0.00,33325,33.32
447,Exit long,2002-07-05 17:30,S1 Climax,1503.25,1,1497.25,300,0.40,375,0.50,0,0.00,33625,33.63
447,Entry long,2002-07-05 15:30,S1 Trend,1497.25,1,1497.25,300,0.40,375,0.50,0,0.00,33625,33.63
448,Exit long,2002-07-05 18:00,S1 Climax,1510.25,1,1497.25,650,0.87,650,0.87,0,0.00,34275,34.28
448,Entry long,2002-07-05 15:30,S1 Trend,1497.25,1,1497.25,650,0.87,650,0.87,0,0.00,34275,34.28
449,Exit long,2002-07-05 19:00,S1 Climax,1509.75,1,1497.25,625,0.83,725,0.97,0,0.00,34900,34.90
449,Entry long,2002-07-05 15:30,S1 Trend,1497.25,1,1497.25,625,0.83,725,0.97,0,0.00,34900,34.90
450,Exit long,2002-07-09 18:30,S1 Trail,1485.75,5,7485,-2812.5,-0.75,62.5,0.02,-2812.5,-0.75,32087.5,32.09
450,Entry long,2002-07-09 16:30,S1 Trend,1497,5,7485,-2812.5,-0.75,62.5,0.02,-2812.5,-0.75,32087.5,32.09
451,Exit short,2002-07-11 18:00,S3 Scalp,1431.25,3,4266.75,-1350,-0.63,300,0.14,-1650,-0.77,30737.5,30.74
451,Entry short,2002-07-11 17:30,S3 Hedge,1422.25,3,4266.75,-1350,-0.63,300,0.14,-1650,-0.77,30737.5,30.74
452,Exit short,2002-07-15 20:00,S3 Scalp,1411,3,4206,-1350,-0.64,1125,0.53,-1350,-0.64,29387.5,29.39
452,Entry short,2002-07-15 19:30,S3 Hedge,1402,3,4206,-1350,-0.64,1125,0.53,-1350,-0.64,29387.5,29.39
453,Exit short,2002-07-22 18:30,S3 Scalp,1358.5,2,2694,-1150,-0.85,1750,1.30,-1150,-0.85,28237.5,28.24
453,Entry short,2002-07-22 16:30,S3 Hedge,1347,2,2694,-1150,-0.85,1750,1.30,-1150,-0.85,28237.5,28.24
454,Exit short,2002-07-23 21:00,EOD,1315.5,2,2644.5,675,0.51,925,0.70,-1150,-0.87,28912.5,28.91
454,Entry short,2002-07-23 18:30,S3 Hedge,1322.25,2,2644.5,675,0.51,925,0.70,-1150,-0.87,28912.5,28.91
455,Exit long,2002-07-25 17:30,S1 Trail,1351.25,3,4112.25,-2925,-1.42,112.5,0.05,-2925,-1.42,25987.5,25.99
455,Entry long,2002-07-25 15:30,S1 Trend,1370.75,3,4112.25,-2925,-1.42,112.5,0.05,-2925,-1.42,25987.5,25.99
456,Exit long,2002-07-26 21:00,EOD,1372,3,4082.25,1687.5,0.83,1725,0.85,-1125,-0.55,27675,27.68
456,Entry long,2002-07-26 15:30,S1 Trend,1360.75,3,4082.25,1687.5,0.83,1725,0.85,-1125,-0.55,27675,27.68
457,Exit long,2002-07-29 16:00,S1 Climax,1400.25,1,1400.5,-12.5,-0.02,162.5,0.23,-112.5,-0.16,27662.5,27.66
457,Entry long,2002-07-29 15:30,S1 Trend,1400.5,1,1400.5,-12.5,-0.02,162.5,0.23,-112.5,-0.16,27662.5,27.66
458,Exit long,2002-07-29 16:30,S1 Climax,1399.25,1,1400.5,-62.5,-0.09,162.5,0.23,-200,-0.29,27600,27.60
458,Entry long,2002-07-29 15:30,S1 Trend,1400.5,1,1400.5,-62.5,-0.09,162.5,0.23,-200,-0.29,27600,27.60
459,Exit long,2002-07-29 17:00,S1 Climax,1404.75,1,1400.5,212.5,0.30,275,0.39,-200,-0.29,27812.5,27.81
459,Entry long,2002-07-29 15:30,S1 Trend,1400.5,1,1400.5,212.5,0.30,275,0.39,-200,-0.29,27812.5,27.81
460,Exit long,2002-07-29 18:00,S1 Climax,1405.25,1,1400.5,237.5,0.34,325,0.46,-200,-0.29,28050,28.05
460,Entry long,2002-07-29 15:30,S1 Trend,1400.5,1,1400.5,237.5,0.34,325,0.46,-200,-0.29,28050,28.05
461,Exit long,2002-07-29 19:30,S1 Climax,1408.5,1,1400.5,400,0.57,475,0.68,-200,-0.29,28450,28.45
461,Entry long,2002-07-29 15:30,S1 Trend,1400.5,1,1400.5,400,0.57,475,0.68,-200,-0.29,28450,28.45
462,Exit long,2002-07-30 19:30,S1 Trail,1414.75,4,5667,-400,-0.14,2450,0.86,-400,-0.14,28050,28.05
462,Entry long,2002-07-30 17:30,S1 Trend,1416.75,4,5667,-400,-0.14,2450,0.86,-400,-0.14,28050,28.05
463,Exit short,2002-08-02 17:00,S3 Scalp,1379.25,4,5572,2750,0.99,2750,0.99,-100,-0.04,30800,30.80
463,Entry short,2002-08-02 16:00,S3 Hedge,1393,4,5572,2750,0.99,2750,0.99,-100,-0.04,30800,30.80
464,Exit short,2002-08-02 21:00,EOD,1380.75,4,5525,100,0.04,2000,0.72,-1050,-0.38,30900,30.90
464,Entry short,2002-08-02 17:30,S3 Hedge,1381.25,4,5525,100,0.04,2000,0.72,-1050,-0.38,30900,30.90
465,Exit short,2002-08-05 20:00,S3 Scalp,1355.5,5,6848.75,3562.5,1.04,3562.5,1.04,-437.5,-0.13,34462.5,34.46
465,Entry short,2002-08-05 16:00,S3 Hedge,1369.75,5,6848.75,3562.5,1.04,3562.5,1.04,-437.5,-0.13,34462.5,34.46
466,Exit long,2002-08-06 17:00,S1 Climax,1386.5,1,1383.75,137.5,0.20,262.5,0.38,-112.5,-0.16,34600,34.60
466,Entry long,2002-08-06 15:30,S1 Trend,1383.75,1,1383.75,137.5,0.20,262.5,0.38,-112.5,-0.16,34600,34.60
467,Exit long,2002-08-06 17:30,S1 Climax,1388.75,1,1383.75,250,0.36,337.5,0.49,-112.5,-0.16,34850,34.85
467,Entry long,2002-08-06 15:30,S1 Trend,1383.75,1,1383.75,250,0.36,337.5,0.49,-112.5,-0.16,34850,34.85
468,Exit long,2002-08-06 18:00,S1 Climax,1388.5,1,1383.75,237.5,0.34,437.5,0.63,-112.5,-0.16,35087.5,35.09
468,Entry long,2002-08-06 15:30,S1 Trend,1383.75,1,1383.75,237.5,0.34,437.5,0.63,-112.5,-0.16,35087.5,35.09
469,Exit long,2002-08-06 20:00,S1 Climax,1392.5,1,1383.75,437.5,0.63,475,0.69,-112.5,-0.16,35525,35.53
469,Entry long,2002-08-06 15:30,S1 Trend,1383.75,1,1383.75,437.5,0.63,475,0.69,-112.5,-0.16,35525,35.53
470,Exit short,2002-08-07 19:30,S3 Scalp,1383.5,4,5504,-1500,-0.55,750,0.27,-1500,-0.55,34025,34.03
470,Entry short,2002-08-07 19:00,S3 Hedge,1376,4,5504,-1500,-0.55,750,0.27,-1500,-0.55,34025,34.03
471,Exit long,2002-08-08 21:00,EOD,1424.5,3,4238.25,1762.5,0.83,1912.5,0.90,-375,-0.18,35787.5,35.79
471,Entry long,2002-08-08 18:30,S1 Trend,1412.75,3,4238.25,1762.5,0.83,1912.5,0.90,-375,-0.18,35787.5,35.79
472,Exit long,2002-08-09 21:00,EOD,1427.5,4,5682,1400,0.49,2600,0.92,-600,-0.21,37187.5,37.19
472,Entry long,2002-08-09 16:00,S1 Trend,1420.5,4,5682,1400,0.49,2600,0.92,-600,-0.21,37187.5,37.19
473,Exit long,2002-08-13 19:00,S1 Trail,1421.5,7,9947,175,0.04,3500,0.70,-87.5,-0.02,37362.5,37.36
473,Entry long,2002-08-13 15:30,S1 Trend,1421,7,9947,175,0.04,3500,0.70,-87.5,-0.02,37362.5,37.36
474,Exit long,2002-08-14 21:00,EOD,1438.25,4,5652,5050,1.79,5400,1.91,-100,-0.04,42412.5,42.41
474,Entry long,2002-08-14 19:00,S1 Trend,1413,4,5652,5050,1.79,5400,1.91,-100,-0.04,42412.5,42.41
475,Exit long,2002-08-15 18:00,S1 Trail,1438.5,5,7252.5,-3000,-0.83,1000,0.28,-3000,-0.83,39412.5,39.41
475,Entry long,2002-08-15 15:30,S1 Trend,1450.5,5,7252.5,-3000,-0.83,1000,0.28,-3000,-0.83,39412.5,39.41
476,Exit long,2002-08-16 21:00,EOD,1446.25,5,7263.75,-1625,-0.45,500,0.14,-1937.5,-0.53,37787.5,37.79
476,Entry long,2002-08-16 16:30,S1 Trend,1452.75,5,7263.75,-1625,-0.45,500,0.14,-1937.5,-0.53,37787.5,37.79
477,Exit long,2002-08-19 19:00,S1 Climax,1467,1,1456,550,0.76,587.5,0.81,-12.5,-0.02,38337.5,38.34
477,Entry long,2002-08-19 15:30,S1 Trend,1456,1,1456,550,0.76,587.5,0.81,-12.5,-0.02,38337.5,38.34
478,Exit long,2002-08-19 21:00,EOD,1469,5,7280,3250,0.89,3812.5,1.05,-62.5,-0.02,41587.5,41.59
478,Entry long,2002-08-19 15:30,S1 Trend,1456,5,7280,3250,0.89,3812.5,1.05,-62.5,-0.02,41587.5,41.59
479,Exit long,2002-08-21 21:00,EOD,1468.25,5,7330,562.5,0.15,812.5,0.22,-2500,-0.68,42150,42.15
479,Entry long,2002-08-21 19:30,S1 Trend,1466,5,7330,562.5,0.15,812.5,0.22,-2500,-0.68,42150,42.15
480,Exit long,2002-08-22 21:00,EOD,1481.75,5,7393.75,750,0.20,1500,0.41,-2125,-0.57,42900,42.90
480,Entry long,2002-08-22 15:30,S1 Trend,1478.75,5,7393.75,750,0.20,1500,0.41,-2125,-0.57,42900,42.90
481,Exit short,2002-08-28 21:00,EOD,1436.25,7,10062.5,437.5,0.09,2012.5,0.40,-1575,-0.31,43337.5,43.34
481,Entry short,2002-08-28 17:00,S3 Hedge,1437.5,7,10062.5,437.5,0.09,2012.5,0.40,-1575,-0.31,43337.5,43.34
482,Exit long,2002-08-30 20:30,S1 Trail,1437.25,6,8667,-2175,-0.50,900,0.21,-2175,-0.50,41162.5,41.16
482,Entry long,2002-08-30 18:00,S1 Trend,1444.5,6,8667,-2175,-0.50,900,0.21,-2175,-0.50,41162.5,41.16
483,Exit short,2002-09-03 21:00,EOD,1395,6,8433,3150,0.75,3225,0.76,-1200,-0.28,44312.5,44.31
483,Entry short,2002-09-03 15:30,S3 Hedge,1405.5,6,8433,3150,0.75,3225,0.76,-1200,-0.28,44312.5,44.31
484,Exit short,2002-09-04 18:00,S3 Scalp,1401.25,5,6976.25,-1500,-0.43,125,0.04,-1500,-0.43,42812.5,42.81
484,Entry short,2002-09-04 17:30,S3 Hedge,1395.25,5,6976.25,-1500,-0.43,125,0.04,-1500,-0.43,42812.5,42.81
485,Exit long,2002-09-09 21:00,EOD,1420.75,7,9885.75,2975,0.60,5075,1.03,-350,-0.07,45787.5,45.79
485,Entry long,2002-09-09 18:00,S1 Trend,1412.25,7,9885.75,2975,0.60,5075,1.03,-350,-0.07,45787.5,45.79
486,Exit long,2002-09-10 17:00,S1 Trail,1421,8,11412,-2200,-0.39,1000,0.18,-2200,-0.39,43587.5,43.59
486,Entry long,2002-09-10 15:30,S1 Trend,1426.5,8,11412,-2200,-0.39,1000,0.18,-2200,-0.39,43587.5,43.59
487,Exit long,2002-09-11 18:00,S1 Trail,1432,8,11508,-2600,-0.45,900,0.16,-2600,-0.45,40987.5,40.99
487,Entry long,2002-09-11 17:30,S1 Trend,1438.5,8,11508,-2600,-0.45,900,0.16,-2600,-0.45,40987.5,40.99
488,Exit long,2002-09-25 21:00,EOD,1356.5,4,5419,350,0.13,1700,0.63,-300,-0.11,41337.5,41.34
488,Entry long,2002-09-25 18:30,S1 Trend,1354.75,4,5419,350,0.13,1700,0.63,-300,-0.11,41337.5,41.34
489,Exit long,2002-09-26 18:00,S1 Trail,1362,5,6840,-1500,-0.44,1812.5,0.53,-1500,-0.44,39837.5,39.84
489,Entry long,2002-09-26 15:30,S1 Trend,1368,5,6840,-1500,-0.44,1812.5,0.53,-1500,-0.44,39837.5,39.84
490,Exit long,2002-10-01 21:00,EOD,1366.5,4,5377,4450,1.66,4500,1.67,-200,-0.07,44287.5,44.29
490,Entry long,2002-10-01 18:00,S1 Trend,1344.25,4,5377,4450,1.66,4500,1.67,-200,-0.07,44287.5,44.29
491,Exit long,2002-10-02 19:00,S1 Trail,1356.25,5,6830,-2437.5,-0.71,687.5,0.20,-2437.5,-0.71,41850,41.85
491,Entry long,2002-10-02 18:00,S1 Trend,1366,5,6830,-2437.5,-0.71,687.5,0.20,-2437.5,-0.71,41850,41.85
492,Exit long,2002-10-03 16:00,S1 Trail,1339.25,4,5416,-2950,-1.09,150,0.06,-2950,-1.09,38900,38.90
492,Entry long,2002-10-03 15:30,S1 Trend,1354,4,5416,-2950,-1.09,150,0.06,-2950,-1.09,38900,38.90
493,Exit long,2002-10-08 21:00,EOD,1316.5,3,3966.75,-862.5,-0.43,900,0.45,-1350,-0.68,38037.5,38.04
493,Entry long,2002-10-08 19:30,S1 Trend,1322.25,3,3966.75,-862.5,-0.43,900,0.45,-1350,-0.68,38037.5,38.04
494,Exit short,2002-10-09 18:30,S3 Scalp,1304.25,4,5184,-1650,-0.64,200,0.08,-1650,-0.64,36387.5,36.39
494,Entry short,2002-10-09 17:30,S3 Hedge,1296,4,5184,-1650,-0.64,200,0.08,-1650,-0.64,36387.5,36.39
495,Exit long,2002-10-10 21:00,EOD,1322,3,3942.75,1162.5,0.59,1687.5,0.86,-1500,-0.76,37550,37.55
495,Entry long,2002-10-10 16:00,S1 Trend,1314.25,3,3942.75,1162.5,0.59,1687.5,0.86,-1500,-0.76,37550,37.55
496,Exit long,2002-10-11 16:00,S1 Climax,1350.25,1,1344.25,300,0.45,375,0.56,-50,-0.07,37850,37.85
496,Entry long,2002-10-11 15:30,S1 Trend,1344.25,1,1344.25,300,0.45,375,0.56,-50,-0.07,37850,37.85
497,Exit long,2002-10-11 19:00,S1 Climax,1360,1,1344.25,787.5,1.17,900,1.34,-50,-0.07,38637.5,38.64
497,Entry long,2002-10-11 15:30,S1 Trend,1344.25,1,1344.25,787.5,1.17,900,1.34,-50,-0.07,38637.5,38.64
498,Exit long,2002-10-11 20:00,S1 Trail,1348.25,3,4032.75,600,0.30,2700,1.34,-150,-0.07,39237.5,39.24
498,Entry long,2002-10-11 15:30,S1 Trend,1344.25,3,4032.75,600,0.30,2700,1.34,-150,-0.07,39237.5,39.24
499,Exit long,2002-10-14 21:00,EOD,1360,5,6756.25,2187.5,0.65,3000,0.89,-125,-0.04,41425,41.43
499,Entry long,2002-10-14 16:00,S1 Trend,1351.25,5,6756.25,2187.5,0.65,3000,0.89,-125,-0.04,41425,41.43
500,Exit long,2002-10-15 16:00,S1 Climax,1388,1,1387,50,0.07,212.5,0.31,-62.5,-0.09,41475,41.48
500,Entry long,2002-10-15 15:30,S1 Trend,1387,1,1387,50,0.07,212.5,0.31,-62.5,-0.09,41475,41.48
501,Exit long,2002-10-15 16:30,S1 Climax,1389.25,1,1387,112.5,0.16,262.5,0.38,-62.5,-0.09,41587.5,41.59
501,Entry long,2002-10-15 15:30,S1 Trend,1387,1,1387,112.5,0.16,262.5,0.38,-62.5,-0.09,41587.5,41.59
502,Exit long,2002-10-15 17:00,S1 Climax,1390.5,1,1387,175,0.25,262.5,0.38,-62.5,-0.09,41762.5,41.76
502,Entry long,2002-10-15 15:30,S1 Trend,1387,1,1387,175,0.25,262.5,0.38,-62.5,-0.09,41762.5,41.76
503,Exit long,2002-10-15 17:30,S1 Climax,1390.5,1,1387,175,0.25,275,0.40,-62.5,-0.09,41937.5,41.94
503,Entry long,2002-10-15 15:30,S1 Trend,1387,1,1387,175,0.25,275,0.40,-62.5,-0.09,41937.5,41.94
504,Exit long,2002-10-15 18:00,S1 Climax,1393.75,1,1387,337.5,0.49,362.5,0.52,-62.5,-0.09,42275,42.28
504,Entry long,2002-10-15 15:30,S1 Trend,1387,1,1387,337.5,0.49,362.5,0.52,-62.5,-0.09,42275,42.28
505,Exit long,2002-10-15 18:30,S1 Climax,1393.75,1,1387,337.5,0.49,462.5,0.67,-62.5,-0.09,42612.5,42.61
505,Entry long,2002-10-15 15:30,S1 Trend,1387,1,1387,337.5,0.49,462.5,0.67,-62.5,-0.09,42612.5,42.61
506,Exit long,2002-10-18 21:00,EOD,1401.5,4,5608,-100,-0.04,300,0.11,-1500,-0.53,42512.5,42.51
506,Entry long,2002-10-18 16:30,S1 Trend,1402,4,5608,-100,-0.04,300,0.11,-1500,-0.53,42512.5,42.51
507,Exit long,2002-10-21 21:00,EOD,1417.75,6,8415,4575,1.09,5250,1.25,-150,-0.04,47087.5,47.09
507,Entry long,2002-10-21 16:30,S1 Trend,1402.5,6,8415,4575,1.09,5250,1.25,-150,-0.04,47087.5,47.09
508,Exit long,2002-10-22 17:30,S1 Trail,1405,7,9889.25,-2712.5,-0.55,700,0.14,-2712.5,-0.55,44375,44.38
508,Entry long,2002-10-22 16:00,S1 Trend,1412.75,7,9889.25,-2712.5,-0.55,700,0.14,-2712.5,-0.55,44375,44.38
509,Exit long,2002-10-22 20:30,S2 FairVal,1407,6,8416.5,1275,0.30,1275,0.30,-525,-0.12,45650,45.65
509,Entry long,2002-10-22 19:30,S2 VWAP,1402.75,6,8416.5,1275,0.30,1275,0.30,-525,-0.12,45650,45.65
510,Exit long,2002-10-25 21:00,EOD,1415,5,7025,2500,0.71,2812.5,0.80,-937.5,-0.27,48150,48.15
510,Entry long,2002-10-25 17:30,S1 Trend,1405,5,7025,2500,0.71,2812.5,0.80,-937.5,-0.27,48150,48.15
511,Exit long,2002-10-30 19:00,S1 Trail,1403.25,6,8440.5,-1050,-0.25,2175,0.52,-1050,-0.25,47100,47.10
511,Entry long,2002-10-30 16:00,S1 Trend,1406.75,6,8440.5,-1050,-0.25,2175,0.52,-1050,-0.25,47100,47.10
512,Exit long,2002-11-01 21:00,EOD,1419.75,5,7030,3437.5,0.98,4062.5,1.16,0,0.00,50537.5,50.54
512,Entry long,2002-11-01 16:00,S1 Trend,1406,5,7030,3437.5,0.98,4062.5,1.16,0,0.00,50537.5,50.54
513,Exit long,2002-11-04 16:00,S1 Climax,1436.75,2,2872,75,0.05,375,0.26,0,0.00,50612.5,50.61
513,Entry long,2002-11-04 15:30,S1 Trend,1436,2,2872,75,0.05,375,0.26,0,0.00,50612.5,50.61
514,Exit long,2002-11-04 16:30,S1 Climax,1438.25,2,2872,225,0.16,375,0.26,-75,-0.05,50837.5,50.84
514,Entry long,2002-11-04 15:30,S1 Trend,1436,2,2872,225,0.16,375,0.26,-75,-0.05,50837.5,50.84
515,Exit long,2002-11-04 17:00,S1 Climax,1438.5,1,1436,125,0.17,250,0.35,-37.5,-0.05,50962.5,50.96
515,Entry long,2002-11-04 15:30,S1 Trend,1436,1,1436,125,0.17,250,0.35,-37.5,-0.05,50962.5,50.96
516,Exit long,2002-11-04 17:30,S1 Climax,1441.25,1,1436,262.5,0.37,325,0.45,-37.5,-0.05,51225,51.23
516,Entry long,2002-11-04 15:30,S1 Trend,1436,1,1436,262.5,0.37,325,0.45,-37.5,-0.05,51225,51.23
517,Exit long,2002-11-04 18:00,S1 Climax,1441,1,1436,250,0.35,362.5,0.50,-37.5,-0.05,51475,51.48
517,Entry long,2002-11-04 15:30,S1 Trend,1436,1,1436,250,0.35,362.5,0.50,-37.5,-0.05,51475,51.48
518,Exit long,2002-11-04 18:30,S1 Climax,1440.75,1,1436,237.5,0.33,362.5,0.50,-37.5,-0.05,51712.5,51.71
518,Entry long,2002-11-04 15:30,S1 Trend,1436,1,1436,237.5,0.33,362.5,0.50,-37.5,-0.05,51712.5,51.71
519,Exit long,2002-11-04 19:00,S1 Trail,1435,1,1436,-50,-0.07,362.5,0.50,-50,-0.07,51662.5,51.66
519,Entry long,2002-11-04 15:30,S1 Trend,1436,1,1436,-50,-0.07,362.5,0.50,-50,-0.07,51662.5,51.66
520,Exit long,2002-11-05 21:00,EOD,1433.5,7,9997.75,1837.5,0.37,2012.5,0.40,-1662.5,-0.33,53500,53.50
520,Entry long,2002-11-05 15:30,S1 Trend,1428.25,7,9997.75,1837.5,0.37,2012.5,0.40,-1662.5,-0.33,53500,53.50
521,Exit long,2002-11-06 21:00,EOD,1441.5,6,8598,2550,0.59,3300,0.77,-3525,-0.82,56050,56.05
521,Entry long,2002-11-06 19:30,S1 Trend,1433,6,8598,2550,0.59,3300,0.77,-3525,-0.82,56050,56.05
522,Exit long,2002-11-12 20:00,S1 Trail,1403,7,9877,-2800,-0.57,612.5,0.12,-2800,-0.57,53250,53.25
522,Entry long,2002-11-12 19:30,S1 Trend,1411,7,9877,-2800,-0.57,612.5,0.12,-2800,-0.57,53250,53.25
523,Exit long,2002-11-13 19:30,S1 Trail,1398.25,5,7046.25,-2750,-0.78,250,0.07,-2750,-0.78,50500,50.50
523,Entry long,2002-11-13 17:00,S1 Trend,1409.25,5,7046.25,-2750,-0.78,250,0.07,-2750,-0.78,50500,50.50
524,Exit long,2002-11-14 21:00,EOD,1422.75,7,9906.75,2625,0.53,2625,0.53,-1312.5,-0.26,53125,53.13
524,Entry long,2002-11-14 15:30,S1 Trend,1415.25,7,9906.75,2625,0.53,2625,0.53,-1312.5,-0.26,53125,53.13
525,Exit long,2002-11-15 21:00,EOD,1427.25,6,8548.5,750,0.18,1200,0.28,-450,-0.11,53875,53.87
525,Entry long,2002-11-15 19:30,S1 Trend,1424.75,6,8548.5,750,0.18,1200,0.28,-450,-0.11,53875,53.87
526,Exit long,2002-11-19 20:00,S1 Trail,1414,7,9943.5,-2275,-0.46,1225,0.25,-2275,-0.46,51600,51.60
526,Entry long,2002-11-19 18:00,S1 Trend,1420.5,7,9943.5,-2275,-0.46,1225,0.25,-2275,-0.46,51600,51.60
527,Exit long,2002-11-20 21:00,EOD,1432.75,9,12786.75,5400,0.84,5850,0.92,-1012.5,-0.16,57000,57.00
527,Entry long,2002-11-20 15:30,S1 Trend,1420.75,9,12786.75,5400,0.84,5850,0.92,-1012.5,-0.16,57000,57.00
528,Exit long,2002-11-21 21:00,EOD,1452.75,7,10106.25,3150,0.62,3762.5,0.74,-787.5,-0.16,60150,60.15
528,Entry long,2002-11-21 15:30,S1 Trend,1443.75,7,10106.25,3150,0.62,3762.5,0.74,-787.5,-0.16,60150,60.15
529,Exit long,2002-11-22 21:00,EOD,1449.25,11,15944.5,-137.5,-0.02,3437.5,0.43,-2062.5,-0.26,60012.5,60.01
529,Entry long,2002-11-22 15:30,S1 Trend,1449.5,11,15944.5,-137.5,-0.02,3437.5,0.43,-2062.5,-0.26,60012.5,60.01
530,Exit long,2002-11-25 16:00,S1 Trail,1448.75,11,15999.5,-3162.5,-0.40,550,0.07,-3162.5,-0.40,56850,56.85
530,Entry long,2002-11-25 15:30,S1 Trend,1454.5,11,15999.5,-3162.5,-0.40,550,0.07,-3162.5,-0.40,56850,56.85
531,Exit long,2002-11-27 16:00,S1 Climax,1452,2,2902,100,0.07,225,0.16,-125,-0.09,56950,56.95
531,Entry long,2002-11-27 15:30,S1 Trend,1451,2,2902,100,0.07,225,0.16,-125,-0.09,56950,56.95
532,Exit long,2002-11-27 16:30,S1 Climax,1453.5,2,2902,250,0.17,375,0.26,-125,-0.09,57200,57.20
532,Entry long,2002-11-27 15:30,S1 Trend,1451,2,2902,250,0.17,375,0.26,-125,-0.09,57200,57.20
533,Exit long,2002-11-27 17:00,S1 Climax,1454,1,1451,150,0.21,225,0.31,-62.5,-0.09,57350,57.35
533,Entry long,2002-11-27 15:30,S1 Trend,1451,1,1451,150,0.21,225,0.31,-62.5,-0.09,57350,57.35
534,Exit long,2002-11-27 17:30,S1 Climax,1456.25,1,1451,262.5,0.36,312.5,0.43,-62.5,-0.09,57612.5,57.61
534,Entry long,2002-11-27 15:30,S1 Trend,1451,1,1451,262.5,0.36,312.5,0.43,-62.5,-0.09,57612.5,57.61
535,Exit long,2002-11-27 18:00,S1 Climax,1455.25,1,1451,212.5,0.29,312.5,0.43,-62.5,-0.09,57825,57.83
535,Entry long,2002-11-27 15:30,S1 Trend,1451,1,1451,212.5,0.29,312.5,0.43,-62.5,-0.09,57825,57.83
536,Exit long,2002-11-27 18:30,S1 Climax,1456.5,1,1451,275,0.38,312.5,0.43,-62.5,-0.09,58100,58.10
536,Entry long,2002-11-27 15:30,S1 Trend,1451,1,1451,275,0.38,312.5,0.43,-62.5,-0.09,58100,58.10
537,Exit long,2002-11-27 19:00,S1 Climax,1456.5,1,1451,275,0.38,337.5,0.47,-62.5,-0.09,58375,58.38
537,Entry long,2002-11-27 15:30,S1 Trend,1451,1,1451,275,0.38,337.5,0.47,-62.5,-0.09,58375,58.38
538,Exit long,2002-12-02 16:00,S1 Trail,1452.75,8,11692,-3500,-0.60,500,0.09,-3500,-0.60,54875,54.87
538,Entry long,2002-12-02 15:30,S1 Trend,1461.5,8,11692,-3500,-0.60,500,0.09,-3500,-0.60,54875,54.87
539,Exit long,2002-12-11 19:00,S1 Trail,1420.5,9,12802.5,-900,-0.14,2700,0.42,-900,-0.14,53975,53.97
539,Entry long,2002-12-11 16:00,S1 Trend,1422.5,9,12802.5,-900,-0.14,2700,0.42,-900,-0.14,53975,53.97
540,Exit long,2002-12-12 16:30,S1 Trail,1416.75,7,9975,-2887.5,-0.58,262.5,0.05,-2887.5,-0.58,51087.5,51.09
540,Entry long,2002-12-12 16:00,S1 Trend,1425,7,9975,-2887.5,-0.58,262.5,0.05,-2887.5,-0.58,51087.5,51.09
541,Exit long,2002-12-16 16:30,S1 Climax,1421,3,4248.75,712.5,0.34,825,0.39,0,0.00,51800,51.80
541,Entry long,2002-12-16 15:30,S1 Trend,1416.25,3,4248.75,712.5,0.34,825,0.39,0,0.00,51800,51.80
542,Exit long,2002-12-16 17:00,S1 Climax,1424.75,2,2832.5,850,0.60,850,0.60,0,0.00,52650,52.65
542,Entry long,2002-12-16 15:30,S1 Trend,1416.25,2,2832.5,850,0.60,850,0.60,0,0.00,52650,52.65
543,Exit long,2002-12-16 17:30,S1 Climax,1424.75,2,2832.5,850,0.60,925,0.65,0,0.00,53500,53.50
543,Entry long,2002-12-16 15:30,S1 Trend,1416.25,2,2832.5,850,0.60,925,0.65,0,0.00,53500,53.50
544,Exit long,2002-12-16 21:00,EOD,1429,5,7081.25,3187.5,0.90,3187.5,0.90,0,0.00,56687.5,56.69
544,Entry long,2002-12-16 15:30,S1 Trend,1416.25,5,7081.25,3187.5,0.90,3187.5,0.90,0,0.00,56687.5,56.69
545,Exit short,2002-12-17 21:00,EOD,1421,9,12800.25,562.5,0.09,1237.5,0.19,-1575,-0.25,57250,57.25
545,Entry short,2002-12-17 16:00,S3 Hedge,1422.25,9,12800.25,562.5,0.09,1237.5,0.19,-1575,-0.25,57250,57.25
546,Exit long,2002-12-20 21:00,EOD,1413,9,12732.75,-787.5,-0.12,675,0.11,-2475,-0.39,56462.5,56.46
546,Entry long,2002-12-20 17:30,S1 Trend,1414.75,9,12732.75,-787.5,-0.12,675,0.11,-2475,-0.39,56462.5,56.46
547,Exit long,2002-12-23 18:30,S1 Trail,1413.75,10,14137.5,0,0.00,3625,0.51,-125,-0.02,56462.5,56.46
547,Entry long,2002-12-23 15:30,S1 Trend,1413.75,10,14137.5,0,0.00,3625,0.51,-125,-0.02,56462.5,56.46
548,Exit long,2002-12-26 19:00,S1 Trail,1415,10,14190,-2000,-0.28,1625,0.23,-2000,-0.28,54462.5,54.46
548,Entry long,2002-12-26 15:30,S1 Trend,1419,10,14190,-2000,-0.28,1625,0.23,-2000,-0.28,54462.5,54.46
549,Exit short,2002-12-27 21:00,EOD,1392.75,10,13955,1375,0.20,2125,0.30,-375,-0.05,55837.5,55.84
549,Entry short,2002-12-27 19:00,S3 Hedge,1395.5,10,13955,1375,0.20,2125,0.30,-375,-0.05,55837.5,55.84
550,Exit long,2003-01-02 21:00,EOD,1427,5,7092.5,2125,0.60,2312.5,0.65,-562.5,-0.16,57962.5,57.96
550,Entry long,2003-01-02 15:30,S1 Trend,1418.5,5,7092.5,2125,0.60,2312.5,0.65,-562.5,-0.16,57962.5,57.96
551,Exit long,2003-01-03 21:00,EOD,1426.75,10,14242.5,1250,0.18,1750,0.25,-1750,-0.25,59212.5,59.21
551,Entry long,2003-01-03 15:30,S1 Trend,1424.25,10,14242.5,1250,0.18,1750,0.25,-1750,-0.25,59212.5,59.21
552,Exit long,2003-01-06 18:30,S1 Climax,1446.25,2,2875,875,0.61,975,0.68,-25,-0.02,60087.5,60.09
552,Entry long,2003-01-06 15:30,S1 Trend,1437.5,2,2875,875,0.61,975,0.68,-25,-0.02,60087.5,60.09
553,Exit long,2003-01-06 20:00,S1 Climax,1449.75,1,1437.5,612.5,0.85,650,0.90,-12.5,-0.02,60700,60.70
553,Entry long,2003-01-06 15:30,S1 Trend,1437.5,1,1437.5,612.5,0.85,650,0.90,-12.5,-0.02,60700,60.70
554,Exit long,2003-01-06 20:30,S1 Climax,1450,1,1437.5,625,0.87,650,0.90,-12.5,-0.02,61325,61.33
554,Entry long,2003-01-06 15:30,S1 Trend,1437.5,1,1437.5,625,0.87,650,0.90,-12.5,-0.02,61325,61.33
555,Exit long,2003-01-06 21:00,EOD,1447.25,4,5750,1950,0.68,2600,0.90,-50,-0.02,63275,63.28
555,Entry long,2003-01-06 15:30,S1 Trend,1437.5,4,5750,1950,0.68,2600,0.90,-50,-0.02,63275,63.28
556,Exit long,2003-01-07 20:30,S1 Trail,1439.75,10,14427.5,-1500,-0.21,3375,0.47,-2500,-0.35,61775,61.78
556,Entry long,2003-01-07 15:30,S1 Trend,1442.75,10,14427.5,-1500,-0.21,3375,0.47,-2500,-0.35,61775,61.78
557,Exit long,2003-01-09 16:00,S1 Climax,1445,3,4329,300,0.14,412.5,0.19,-150,-0.07,62075,62.08
557,Entry long,2003-01-09 15:30,S1 Trend,1443,3,4329,300,0.14,412.5,0.19,-150,-0.07,62075,62.08
558,Exit long,2003-01-09 16:30,S1 Climax,1445.25,2,2886,225,0.16,325,0.23,-100,-0.07,62300,62.30
558,Entry long,2003-01-09 15:30,S1 Trend,1443,2,2886,225,0.16,325,0.23,-100,-0.07,62300,62.30
559,Exit long,2003-01-09 17:00,S1 Climax,1445.25,1,1443,112.5,0.16,162.5,0.23,-50,-0.07,62412.5,62.41
559,Entry long,2003-01-09 15:30,S1 Trend,1443,1,1443,112.5,0.16,162.5,0.23,-50,-0.07,62412.5,62.41
560,Exit long,2003-01-09 18:30,S1 Trail,1439.25,5,7215,-937.5,-0.26,812.5,0.23,-937.5,-0.26,61475,61.48
560,Entry long,2003-01-09 15:30,S1 Trend,1443,5,7215,-937.5,-0.26,812.5,0.23,-937.5,-0.26,61475,61.48
561,Exit long,2003-01-10 21:00,EOD,1445.5,6,8676,-150,-0.03,750,0.17,-1725,-0.40,61325,61.33
561,Entry long,2003-01-10 16:30,S1 Trend,1446,6,8676,-150,-0.03,750,0.17,-1725,-0.40,61325,61.33
562,Exit short,2003-01-27 17:30,S3 Scalp,1369.75,5,6815,-1687.5,-0.50,437.5,0.13,-1687.5,-0.50,59637.5,59.64
562,Entry short,2003-01-27 17:00,S3 Hedge,1363,5,6815,-1687.5,-0.50,437.5,0.13,-1687.5,-0.50,59637.5,59.64
563,Exit long,2003-01-29 21:00,EOD,1382.5,5,6885,1375,0.40,2437.5,0.71,-750,-0.22,61012.5,61.01
563,Entry long,2003-01-29 18:00,S1 Trend,1377,5,6885,1375,0.40,2437.5,0.71,-750,-0.22,61012.5,61.01
564,Exit long,2003-01-31 21:00,EOD,1373,5,6862.5,125,0.04,1062.5,0.31,-1500,-0.44,61137.5,61.14
564,Entry long,2003-01-31 17:30,S1 Trend,1372.5,5,6862.5,125,0.04,1062.5,0.31,-1500,-0.44,61137.5,61.14
565,Exit long,2003-02-03 16:00,S1 Trail,1375,9,12440.25,-3262.5,-0.52,337.5,0.05,-3262.5,-0.52,57875,57.88
565,Entry long,2003-02-03 15:30,S1 Trend,1382.25,9,12440.25,-3262.5,-0.52,337.5,0.05,-3262.5,-0.52,57875,57.88
566,Exit long,2003-02-03 17:30,S2 FairVal,1379,8,11022,500,0.09,500,0.09,-1100,-0.20,58375,58.38
566,Entry long,2003-02-03 17:00,S2 VWAP,1377.75,8,11022,500,0.09,500,0.09,-1100,-0.20,58375,58.38
567,Exit short,2003-02-04 17:30,S3 Scalp,1363,8,10870,-1700,-0.31,200,0.04,-1700,-0.31,56675,56.68
567,Entry short,2003-02-04 16:30,S3 Hedge,1358.75,8,10870,-1700,-0.31,200,0.04,-1700,-0.31,56675,56.68
568,Exit long,2003-02-05 19:00,S1 Trail,1369,7,9605.75,-1137.5,-0.24,2712.5,0.56,-1487.5,-0.31,55537.5,55.54
568,Entry long,2003-02-05 16:00,S1 Trend,1372.25,7,9605.75,-1137.5,-0.24,2712.5,0.56,-1487.5,-0.31,55537.5,55.54
569,Exit short,2003-02-12 20:30,S3 Scalp,1336.25,10,13442.5,4000,0.60,4000,0.60,-1000,-0.15,59537.5,59.54
569,Entry short,2003-02-12 15:30,S3 Hedge,1344.25,10,13442.5,4000,0.60,4000,0.60,-1000,-0.15,59537.5,59.54
570,Exit short,2003-02-13 20:00,S3 Scalp,1329.5,8,10600,-1800,-0.34,300,0.06,-1800,-0.34,57737.5,57.74
570,Entry short,2003-02-13 18:00,S3 Hedge,1325,8,10600,-1800,-0.34,300,0.06,-1800,-0.34,57737.5,57.74
571,Exit long,2003-02-14 16:30,S1 Trail,1337,8,10768,-3600,-0.67,500,0.09,-3600,-0.67,54137.5,54.14
571,Entry long,2003-02-14 16:00,S1 Trend,1346,8,10768,-3600,-0.67,500,0.09,-3600,-0.67,54137.5,54.14
572,Exit long,2003-02-18 20:00,S1 Trail,1364.5,11,15031.5,-1100,-0.15,2887.5,0.38,-1100,-0.15,53037.5,53.04
572,Entry long,2003-02-18 15:30,S1 Trend,1366.5,11,15031.5,-1100,-0.15,2887.5,0.38,-1100,-0.15,53037.5,53.04
573,Exit long,2003-02-21 21:00,EOD,1367.5,7,9560.25,612.5,0.13,1925,0.40,-875,-0.18,53650,53.65
573,Entry long,2003-02-21 17:00,S1 Trend,1365.75,7,9560.25,612.5,0.13,1925,0.40,-875,-0.18,53650,53.65
574,Exit short,2003-02-25 18:00,S3 Scalp,1344.25,10,13400,-2125,-0.32,1125,0.17,-3000,-0.45,51525,51.53
574,Entry short,2003-02-25 15:30,S3 Hedge,1340,10,13400,-2125,-0.32,1125,0.17,-3000,-0.45,51525,51.53
575,Exit long,2003-02-26 16:00,S1 Trail,1350,8,10866,-3300,-0.61,100,0.02,-3300,-0.61,48225,48.23
575,Entry long,2003-02-26 15:30,S1 Trend,1358.25,8,10866,-3300,-0.61,100,0.02,-3300,-0.61,48225,48.23
576,Exit long,2003-02-27 19:30,S1 Trail,1352,7,9509.5,-2275,-0.48,1137.5,0.24,-2275,-0.48,45950,45.95
576,Entry long,2003-02-27 16:00,S1 Trend,1358.5,7,9509.5,-2275,-0.48,1137.5,0.24,-2275,-0.48,45950,45.95
577,Exit long,2003-02-28 17:30,S1 Trail,1358.25,9,12269.25,-2250,-0.37,1125,0.18,-2250,-0.37,43700,43.70
577,Entry long,2003-02-28 15:30,S1 Trend,1363.25,9,12269.25,-2250,-0.37,1125,0.18,-2250,-0.37,43700,43.70
578,Exit long,2003-03-03 18:30,S1 Trail,1358.5,9,12285,-2925,-0.48,562.5,0.09,-2925,-0.48,40775,40.78
578,Entry long,2003-03-03 15:30,S1 Trend,1365,9,12285,-2925,-0.48,562.5,0.09,-2925,-0.48,40775,40.78
579,Exit short,2003-03-10 18:30,S3 Scalp,1333.75,8,10640,-1500,-0.28,200,0.04,-1500,-0.28,39275,39.28
579,Entry short,2003-03-10 18:00,S3 Hedge,1330,8,10640,-1500,-0.28,200,0.04,-1500,-0.28,39275,39.28
580,Exit short,2003-03-10 21:00,EOD,1325.5,8,10634,1500,0.28,1900,0.36,-1200,-0.23,40775,40.78
580,Entry short,2003-03-10 19:30,S3 Hedge,1329.25,8,10634,1500,0.28,1900,0.36,-1200,-0.23,40775,40.78
581,Exit long,2003-03-13 20:30,S1 Climax,1347,1,1337,500,0.75,562.5,0.84,-50,-0.07,41275,41.28
581,Entry long,2003-03-13 17:30,S1 Trend,1337,1,1337,500,0.75,562.5,0.84,-50,-0.07,41275,41.28
582,Exit long,2003-03-13 21:00,EOD,1352,5,6685,3750,1.12,3750,1.12,-250,-0.07,45025,45.03
582,Entry long,2003-03-13 17:30,S1 Trend,1337,5,6685,3750,1.12,3750,1.12,-250,-0.07,45025,45.03
583,Exit long,2003-03-20 21:00,EOD,1395,4,5580,0,0.00,850,0.30,-900,-0.32,45025,45.03
583,Entry long,2003-03-20 18:30,S1 Trend,1395,4,5580,0,0.00,850,0.30,-900,-0.32,45025,45.03
584,Exit long,2003-03-21 21:00,EOD,1414.5,5,7056.25,812.5,0.23,1125,0.32,-1750,-0.50,45837.5,45.84
584,Entry long,2003-03-21 18:00,S1 Trend,1411.25,5,7056.25,812.5,0.23,1125,0.32,-1750,-0.50,45837.5,45.84
585,Exit long,2003-03-25 20:00,S1 Trail,1388.75,6,8358,-1275,-0.31,1875,0.45,-1275,-0.31,44562.5,44.56
585,Entry long,2003-03-25 16:30,S1 Trend,1393,6,8358,-1275,-0.31,1875,0.45,-1275,-0.31,44562.5,44.56
586,Exit long,2003-03-26 20:00,S2 FairVal,1395,6,8355,750,0.18,900,0.22,-750,-0.18,45312.5,45.31
586,Entry long,2003-03-26 19:30,S2 VWAP,1392.5,6,8355,750,0.18,900,0.22,-750,-0.18,45312.5,45.31
587,Exit long,2003-03-27 21:00,EOD,1388,7,9717.75,-87.5,-0.02,1837.5,0.38,-962.5,-0.20,45225,45.23
587,Entry long,2003-03-27 18:00,S1 Trend,1388.25,7,9717.75,-87.5,-0.02,1837.5,0.38,-962.5,-0.20,45225,45.23
588,Exit long,2003-03-28 19:00,S1 Trail,1381,8,11106,-2900,-0.52,400,0.07,-2900,-0.52,42325,42.33
588,Entry long,2003-03-28 16:30,S1 Trend,1388.25,8,11106,-2900,-0.52,400,0.07,-2900,-0.52,42325,42.33
589,Exit long,2003-04-01 22:00,EOD,1377.75,5,6891.25,-125,-0.04,562.5,0.16,-1437.5,-0.42,42200,42.20
589,Entry long,2003-04-01 19:00,S1 Trend,1378.25,5,6891.25,-125,-0.04,562.5,0.16,-1437.5,-0.42,42200,42.20
590,Exit long,2003-04-02 17:00,S1 Climax,1398.75,2,2793.5,200,0.14,350,0.25,-100,-0.07,42400,42.40
590,Entry long,2003-04-02 16:30,S1 Trend,1396.75,2,2793.5,200,0.14,350,0.25,-100,-0.07,42400,42.40
591,Exit long,2003-04-02 17:30,S1 Climax,1399.5,1,1396.75,137.5,0.20,275,0.39,-50,-0.07,42537.5,42.54
591,Entry long,2003-04-02 16:30,S1 Trend,1396.75,1,1396.75,137.5,0.20,275,0.39,-50,-0.07,42537.5,42.54
592,Exit long,2003-04-02 18:00,S1 Climax,1400,1,1396.75,162.5,0.23,275,0.39,-50,-0.07,42700,42.70
592,Entry long,2003-04-02 16:30,S1 Trend,1396.75,1,1396.75,162.5,0.23,275,0.39,-50,-0.07,42700,42.70
593,Exit long,2003-04-02 18:30,S1 Climax,1401.25,1,1396.75,225,0.32,325,0.47,-50,-0.07,42925,42.93
593,Entry long,2003-04-02 16:30,S1 Trend,1396.75,1,1396.75,225,0.32,325,0.47,-50,-0.07,42925,42.93
594,Exit long,2003-04-02 22:00,EOD,1400.5,3,4190.25,562.5,0.27,1125,0.54,-150,-0.07,43487.5,43.49
594,Entry long,2003-04-02 16:30,S1 Trend,1396.75,3,4190.25,562.5,0.27,1125,0.54,-150,-0.07,43487.5,43.49
595,Exit long,2003-04-07 19:00,S1 Trail,1412,6,8533.5,-3075,-0.72,150,0.04,-3075,-0.72,40412.5,40.41
595,Entry long,2003-04-07 15:30,S1 Trend,1422.25,6,8533.5,-3075,-0.72,150,0.04,-3075,-0.72,40412.5,40.41
596,Exit long,2003-04-09 16:00,S1 Trail,1397.25,6,8422.5,-1950,-0.46,1050,0.25,-1950,-0.46,38462.5,38.46
596,Entry long,2003-04-09 15:30,S1 Trend,1403.75,6,8422.5,-1950,-0.46,1050,0.25,-1950,-0.46,38462.5,38.46
597,Exit long,2003-04-14 21:00,EOD,1404.5,9,12555,4275,0.68,4500,0.72,-112.5,-0.02,42737.5,42.74
597,Entry long,2003-04-14 16:30,S1 Trend,1395,9,12555,4275,0.68,4500,0.72,-112.5,-0.02,42737.5,42.74
598,Exit long,2003-04-17 21:00,EOD,1412.75,8,11264,1900,0.34,2200,0.39,-400,-0.07,44637.5,44.64
598,Entry long,2003-04-17 17:30,S1 Trend,1408,8,11264,1900,0.34,2200,0.39,-400,-0.07,44637.5,44.64
599,Exit long,2003-04-21 17:00,S2 FairVal,1413.5,9,12694.5,1350,0.21,1350,0.21,-112.5,-0.02,45987.5,45.99
599,Entry long,2003-04-21 16:30,S2 VWAP,1410.5,9,12694.5,1350,0.21,1350,0.21,-112.5,-0.02,45987.5,45.99
600,Exit long,2003-04-22 21:00,EOD,1431.25,9,12771,5512.5,0.86,5850,0.92,-2250,-0.35,51500,51.50
600,Entry long,2003-04-22 16:00,S1 Trend,1419,9,12771,5512.5,0.86,5850,0.92,-2250,-0.35,51500,51.50
601,Exit long,2003-04-23 19:00,S1 Trail,1431.75,10,14327.5,-500,-0.07,3250,0.45,-1125,-0.16,51000,51.00
601,Entry long,2003-04-23 16:00,S1 Trend,1432.75,10,14327.5,-500,-0.07,3250,0.45,-1125,-0.16,51000,51.00
602,Exit long,2003-04-28 16:00,S1 Climax,1433.25,3,4284.75,750,0.35,787.5,0.37,-37.5,-0.02,51750,51.75
602,Entry long,2003-04-28 15:30,S1 Trend,1428.25,3,4284.75,750,0.35,787.5,0.37,-37.5,-0.02,51750,51.75
603,Exit long,2003-04-28 16:30,S1 Climax,1433.25,2,2856.5,500,0.35,700,0.49,-25,-0.02,52250,52.25
603,Entry long,2003-04-28 15:30,S1 Trend,1428.25,2,2856.5,500,0.35,700,0.49,-25,-0.02,52250,52.25
604,Exit long,2003-04-28 21:00,EOD,1434.75,5,7141.25,1625,0.46,2437.5,0.68,-62.5,-0.02,53875,53.87
604,Entry long,2003-04-28 15:30,S1 Trend,1428.25,5,7141.25,1625,0.46,2437.5,0.68,-62.5,-0.02,53875,53.87
605,Exit long,2003-04-29 16:00,S1 Trail,1431,10,14375,-3250,-0.45,750,0.10,-3875,-0.54,50625,50.63
605,Entry long,2003-04-29 15:30,S1 Trend,1437.5,10,14375,-3250,-0.45,750,0.10,-3875,-0.54,50625,50.63
606,Exit long,2003-04-29 17:00,S2 FairVal,1435.5,8,11460,1200,0.21,1400,0.24,-200,-0.03,51825,51.83
606,Entry long,2003-04-29 16:30,S2 VWAP,1432.5,8,11460,1200,0.21,1400,0.24,-200,-0.03,51825,51.83
607,Exit long,2003-05-02 21:00,EOD,1449.5,7,10064.25,4112.5,0.82,4375,0.87,-87.5,-0.02,55937.5,55.94
607,Entry long,2003-05-02 15:30,S1 Trend,1437.75,7,10064.25,4112.5,0.82,4375,0.87,-87.5,-0.02,55937.5,55.94
608,Exit long,2003-05-05 17:00,S2 FairVal,1448.5,9,13000.5,1800,0.28,1800,0.28,-225,-0.03,57737.5,57.74
608,Entry long,2003-05-05 16:30,S2 VWAP,1444.5,9,13000.5,1800,0.28,1800,0.28,-225,-0.03,57737.5,57.74
609,Exit long,2003-05-06 20:00,S1 Trail,1451.25,11,15999.5,-1787.5,-0.22,2750,0.34,-1787.5,-0.22,55950,55.95
609,Entry long,2003-05-06 17:00,S1 Trend,1454.5,11,15999.5,-1787.5,-0.22,2750,0.34,-1787.5,-0.22,55950,55.95
610,Exit long,2003-05-09 21:00,EOD,1452.75,12,17367,3300,0.38,3750,0.43,-450,-0.05,59250,59.25
610,Entry long,2003-05-09 16:00,S1 Trend,1447.25,12,17367,3300,0.38,3750,0.43,-450,-0.05,59250,59.25
611,Exit long,2003-05-12 18:00,S1 Climax,1463.75,3,4364.25,1350,0.62,1537.5,0.70,-262.5,-0.12,60600,60.60
611,Entry long,2003-05-12 15:30,S1 Trend,1454.75,3,4364.25,1350,0.62,1537.5,0.70,-262.5,-0.12,60600,60.60
612,Exit long,2003-05-12 21:00,EOD,1465,9,13092.75,4612.5,0.70,5400,0.82,-787.5,-0.12,65212.5,65.21
612,Entry long,2003-05-12 15:30,S1 Trend,1454.75,9,13092.75,4612.5,0.70,5400,0.82,-787.5,-0.12,65212.5,65.21
613,Exit long,2003-05-13 19:00,S1 Trail,1460.5,12,17547,-1050,-0.12,3000,0.34,-1050,-0.12,64162.5,64.16
613,Entry long,2003-05-13 16:30,S1 Trend,1462.25,12,17547,-1050,-0.12,3000,0.34,-1050,-0.12,64162.5,64.16
614,Exit long,2003-05-15 21:00,EOD,1466.5,11,16101.25,1512.5,0.19,1650,0.20,-3162.5,-0.39,65675,65.68
614,Entry long,2003-05-15 15:30,S1 Trend,1463.75,11,16101.25,1512.5,0.19,1650,0.20,-3162.5,-0.39,65675,65.68
615,Exit long,2003-05-23 21:00,EOD,1452.75,12,17445,-600,-0.07,900,0.10,-1200,-0.14,65075,65.08
615,Entry long,2003-05-23 16:30,S1 Trend,1453.75,12,17445,-600,-0.07,900,0.10,-1200,-0.14,65075,65.08
616,Exit long,2003-05-27 16:00,S1 Climax,1464,3,4381.5,525,0.24,525,0.24,-37.5,-0.02,65600,65.60
616,Entry long,2003-05-27 15:30,S1 Trend,1460.5,3,4381.5,525,0.24,525,0.24,-37.5,-0.02,65600,65.60
617,Exit long,2003-05-27 16:30,S1 Climax,1463.75,2,2921,325,0.22,500,0.34,-25,-0.02,65925,65.93
617,Entry long,2003-05-27 15:30,S1 Trend,1460.5,2,2921,325,0.22,500,0.34,-25,-0.02,65925,65.93
618,Exit long,2003-05-27 17:30,S1 Climax,1466.5,2,2921,600,0.41,700,0.48,-25,-0.02,66525,66.53
618,Entry long,2003-05-27 15:30,S1 Trend,1460.5,2,2921,600,0.41,700,0.48,-25,-0.02,66525,66.53
619,Exit long,2003-05-27 20:30,S1 Climax,1471.25,1,1460.5,537.5,0.74,562.5,0.77,-12.5,-0.02,67062.5,67.06
619,Entry long,2003-05-27 15:30,S1 Trend,1460.5,1,1460.5,537.5,0.74,562.5,0.77,-12.5,-0.02,67062.5,67.06
620,Exit long,2003-05-27 21:00,EOD,1471.5,4,5842,2200,0.75,2550,0.87,-50,-0.02,69262.5,69.26
620,Entry long,2003-05-27 15:30,S1 Trend,1460.5,4,5842,2200,0.75,2550,0.87,-50,-0.02,69262.5,69.26
621,Exit long,2003-05-28 18:00,S1 Trail,1471.75,10,14790,-3625,-0.49,0,0.00,-3625,-0.49,65637.5,65.64
621,Entry long,2003-05-28 17:00,S1 Trend,1479,10,14790,-3625,-0.49,0,0.00,-3625,-0.49,65637.5,65.64
622,Exit long,2003-05-29 17:30,S1 Trail,1475.5,12,17775,-3450,-0.39,600,0.07,-3450,-0.39,62187.5,62.19
622,Entry long,2003-05-29 15:30,S1 Trend,1481.25,12,17775,-3450,-0.39,600,0.07,-3450,-0.39,62187.5,62.19
623,Exit long,2003-05-29 20:00,S2 FairVal,1466.5,8,11780,-2400,-0.41,600,0.10,-2400,-0.41,59787.5,59.79
623,Entry long,2003-05-29 19:30,S2 VWAP,1472.5,8,11780,-2400,-0.41,600,0.10,-2400,-0.41,59787.5,59.79
624,Exit long,2003-05-30 16:00,S1 Climax,1482.75,3,4444.5,187.5,0.08,562.5,0.25,-75,-0.03,59975,59.98
624,Entry long,2003-05-30 15:30,S1 Trend,1481.5,3,4444.5,187.5,0.08,562.5,0.25,-75,-0.03,59975,59.98
625,Exit long,2003-05-30 21:00,EOD,1484.25,8,11852,1100,0.19,1800,0.30,-900,-0.15,61075,61.08
625,Entry long,2003-05-30 15:30,S1 Trend,1481.5,8,11852,1100,0.19,1800,0.30,-900,-0.15,61075,61.08
626,Exit long,2003-06-02 19:30,S1 Trail,1492.25,11,16423,-412.5,-0.05,3575,0.44,-825,-0.10,60662.5,60.66
626,Entry long,2003-06-02 15:30,S1 Trend,1493,11,16423,-412.5,-0.05,3575,0.44,-825,-0.10,60662.5,60.66
627,Exit long,2003-06-03 18:00,S1 Trail,1485.5,10,14882.5,-1375,-0.18,2500,0.34,-1375,-0.18,59287.5,59.29
627,Entry long,2003-06-03 15:30,S1 Trend,1488.25,10,14882.5,-1375,-0.18,2500,0.34,-1375,-0.18,59287.5,59.29
628,Exit long,2003-06-04 21:00,EOD,1506.25,11,16511,2887.5,0.35,3850,0.47,-1100,-0.13,62175,62.18
628,Entry long,2003-06-04 15:30,S1 Trend,1501,11,16511,2887.5,0.35,3850,0.47,-1100,-0.13,62175,62.18
629,Exit long,2003-06-05 21:00,EOD,1510,9,13522.5,3375,0.50,3487.5,0.52,-562.5,-0.08,65550,65.55
629,Entry long,2003-06-05 16:00,S1 Trend,1502.5,9,13522.5,3375,0.50,3487.5,0.52,-562.5,-0.08,65550,65.55
630,Exit long,2003-06-06 16:00,S1 Trail,1518.25,10,15235,-2625,-0.34,875,0.11,-2625,-0.34,62925,62.93
630,Entry long,2003-06-06 15:30,S1 Trend,1523.5,10,15235,-2625,-0.34,875,0.11,-2625,-0.34,62925,62.93
631,Exit long,2003-06-06 20:30,S2 FairVal,1506.25,7,10598,-2712.5,-0.51,1487.5,0.28,-2712.5,-0.51,60212.5,60.21
631,Entry long,2003-06-06 18:30,S2 VWAP,1514,7,10598,-2712.5,-0.51,1487.5,0.28,-2712.5,-0.51,60212.5,60.21
632,Exit long,2003-06-11 21:00,EOD,1517.75,11,16601.75,4675,0.56,4812.5,0.58,-2200,-0.27,64887.5,64.89
632,Entry long,2003-06-11 16:00,S1 Trend,1509.25,11,16601.75,4675,0.56,4812.5,0.58,-2200,-0.27,64887.5,64.89
633,Exit long,2003-06-16 16:30,S1 Climax,1524.5,3,4571.25,112.5,0.05,337.5,0.15,-37.5,-0.02,65000,65.00
633,Entry long,2003-06-16 16:00,S1 Trend,1523.75,3,4571.25,112.5,0.05,337.5,0.15,-37.5,-0.02,65000,65.00
634,Exit long,2003-06-16 17:00,S1 Climax,1524.75,2,3047.5,100,0.07,250,0.16,-25,-0.02,65100,65.10
634,Entry long,2003-06-16 16:00,S1 Trend,1523.75,2,3047.5,100,0.07,250,0.16,-25,-0.02,65100,65.10
635,Exit long,2003-06-16 17:30,S1 Climax,1524.75,1,1523.75,50,0.07,150,0.20,-12.5,-0.02,65150,65.15
635,Entry long,2003-06-16 16:00,S1 Trend,1523.75,1,1523.75,50,0.07,150,0.20,-12.5,-0.02,65150,65.15
636,Exit long,2003-06-16 20:00,S1 Climax,1527,1,1523.75,162.5,0.21,200,0.26,-50,-0.07,65312.5,65.31
636,Entry long,2003-06-16 16:00,S1 Trend,1523.75,1,1523.75,162.5,0.21,200,0.26,-50,-0.07,65312.5,65.31
637,Exit long,2003-06-16 21:00,EOD,1530.75,4,6095,1400,0.46,1400,0.46,-200,-0.07,66712.5,66.71
637,Entry long,2003-06-16 16:00,S1 Trend,1523.75,4,6095,1400,0.46,1400,0.46,-200,-0.07,66712.5,66.71
638,Exit long,2003-06-18 19:30,S1 Trail,1528,10,15337.5,-2875,-0.37,1000,0.13,-2875,-0.37,63837.5,63.84
638,Entry long,2003-06-18 16:30,S1 Trend,1533.75,10,15337.5,-2875,-0.37,1000,0.13,-2875,-0.37,63837.5,63.84
639,Exit long,2003-06-26 21:00,EOD,1506.25,9,13529.25,1350,0.20,1912.5,0.28,-1125,-0.17,65187.5,65.19
639,Entry long,2003-06-26 17:00,S1 Trend,1503.25,9,13529.25,1350,0.20,1912.5,0.28,-1125,-0.17,65187.5,65.19
640,Exit long,2003-06-27 18:30,S1 Trail,1501.5,12,18081,-3150,-0.35,750,0.08,-3150,-0.35,62037.5,62.04
640,Entry long,2003-06-27 16:30,S1 Trend,1506.75,12,18081,-3150,-0.35,750,0.08,-3150,-0.35,62037.5,62.04
641,Exit long,2003-07-02 21:00,EOD,1513.5,11,16560.5,4400,0.53,4675,0.56,-412.5,-0.05,66437.5,66.44
641,Entry long,2003-07-02 15:30,S1 Trend,1505.5,11,16560.5,4400,0.53,4675,0.56,-412.5,-0.05,66437.5,66.44
642,Exit long,2003-07-07 15:30,S1 Climax,1524.75,3,4530.75,2175,0.96,2287.5,1.01,-2175,-0.96,68612.5,68.61
642,Entry long,2003-07-03 15:30,S1 Trend,1510.25,3,4530.75,2175,0.96,2287.5,1.01,-2175,-0.96,68612.5,68.61
643,Exit long,2003-07-07 21:00,EOD,1524.75,8,12082,5800,0.96,6400,1.06,-5800,-0.96,74412.5,74.41
643,Entry long,2003-07-03 15:30,S1 Trend,1510.25,8,12082,5800,0.96,6400,1.06,-5800,-0.96,74412.5,74.41
644,Exit long,2003-07-08 21:00,EOD,1527.75,13,19828.25,1625,0.16,2925,0.30,-2275,-0.23,76037.5,76.04
644,Entry long,2003-07-08 16:00,S1 Trend,1525.25,13,19828.25,1625,0.16,2925,0.30,-2275,-0.23,76037.5,76.04
645,Exit long,2003-07-09 17:00,S2 FairVal,1518,10,15232.5,-2625,-0.34,500,0.07,-2625,-0.34,73412.5,73.41
645,Entry long,2003-07-09 16:30,S2 VWAP,1523.25,10,15232.5,-2625,-0.34,500,0.07,-2625,-0.34,73412.5,73.41
646,Exit long,2003-07-09 19:00,S2 FairVal,1524.25,9,13682.25,1800,0.26,1800,0.26,-225,-0.03,75212.5,75.21
646,Entry long,2003-07-09 17:30,S2 VWAP,1520.25,9,13682.25,1800,0.26,1800,0.26,-225,-0.03,75212.5,75.21
647,Exit long,2003-07-11 19:30,S1 Trail,1514,11,16706.25,-2612.5,-0.31,1512.5,0.18,-2612.5,-0.31,72600,72.60
647,Entry long,2003-07-11 15:30,S1 Trend,1518.75,11,16706.25,-2612.5,-0.31,1512.5,0.18,-2612.5,-0.31,72600,72.60
648,Exit long,2003-07-14 20:00,S1 Trail,1528.5,12,18408,-3300,-0.36,600,0.07,-3300,-0.36,69300,69.30
648,Entry long,2003-07-14 16:30,S1 Trend,1534,12,18408,-3300,-0.36,600,0.07,-3300,-0.36,69300,69.30
649,Exit short,2003-07-17 21:00,EOD,1501.25,8,11998,-600,-0.10,700,0.12,-1700,-0.28,68700,68.70
649,Entry short,2003-07-17 18:00,S3 Hedge,1499.75,8,11998,-600,-0.10,700,0.12,-1700,-0.28,68700,68.70
650,Exit long,2003-07-18 21:00,EOD,1512.25,10,15105,875,0.12,2000,0.26,-375,-0.05,69575,69.58
650,Entry long,2003-07-18 19:30,S1 Trend,1510.5,10,15105,875,0.12,2000,0.26,-375,-0.05,69575,69.58
651,Exit long,2003-07-22 18:30,S1 Trail,1502,9,13583.25,-3262.5,-0.48,675,0.10,-3262.5,-0.48,66312.5,66.31
651,Entry long,2003-07-22 17:00,S1 Trend,1509.25,9,13583.25,-3262.5,-0.48,675,0.10,-3262.5,-0.48,66312.5,66.31
652,Exit long,2003-07-24 19:00,S1 Trail,1510.75,10,15170,-3125,-0.41,750,0.10,-3125,-0.41,63187.5,63.19
652,Entry long,2003-07-24 15:30,S1 Trend,1517,10,15170,-3125,-0.41,750,0.10,-3125,-0.41,63187.5,63.19
653,Exit short,2003-07-25 16:30,S3 Scalp,1503.25,9,13491,-1912.5,-0.28,337.5,0.05,-2025,-0.30,61275,61.28
653,Entry short,2003-07-25 16:00,S3 Hedge,1499,9,13491,-1912.5,-0.28,337.5,0.05,-2025,-0.30,61275,61.28
654,Exit long,2003-07-25 21:00,EOD,1518.5,8,12078,3500,0.58,3700,0.61,-500,-0.08,64775,64.78
654,Entry long,2003-07-25 18:30,S1 Trend,1509.75,8,12078,3500,0.58,3700,0.61,-500,-0.08,64775,64.78
655,Exit long,2003-07-31 20:00,S1 Trail,1515.5,6,9138,-2250,-0.49,675,0.15,-2250,-0.49,62525,62.53
655,Entry long,2003-07-31 16:00,S1 Trend,1523,6,9138,-2250,-0.49,675,0.15,-2250,-0.49,62525,62.53
656,Exit long,2003-08-06 20:30,S1 Trail,1486.75,8,11966,-3600,-0.60,100,0.02,-3600,-0.60,58925,58.93
656,Entry long,2003-08-06 19:30,S1 Trend,1495.75,8,11966,-3600,-0.60,100,0.02,-3600,-0.60,58925,58.93
657,Exit long,2003-08-07 21:00,EOD,1494.5,9,13434.75,787.5,0.12,1350,0.20,-1462.5,-0.22,59712.5,59.71
657,Entry long,2003-08-07 17:00,S1 Trend,1492.75,9,13434.75,787.5,0.12,1350,0.20,-1462.5,-0.22,59712.5,59.71
658,Exit long,2003-08-11 18:30,S2 FairVal,1500.75,10,14970,1875,0.25,1875,0.25,-250,-0.03,61587.5,61.59
658,Entry long,2003-08-11 18:00,S2 VWAP,1497,10,14970,1875,0.25,1875,0.25,-250,-0.03,61587.5,61.59
659,Exit long,2003-08-13 18:00,S2 FairVal,1507.5,12,18069,1050,0.12,1050,0.12,-1650,-0.18,62637.5,62.64
659,Entry long,2003-08-13 16:30,S2 VWAP,1505.75,12,18069,1050,0.12,1050,0.12,-1650,-0.18,62637.5,62.64
660,Exit long,2003-08-14 21:00,EOD,1511.25,11,16607.25,825,0.10,1787.5,0.22,-1100,-0.13,63462.5,63.46
660,Entry long,2003-08-14 16:30,S1 Trend,1509.75,11,16607.25,825,0.10,1787.5,0.22,-1100,-0.13,63462.5,63.46
661,Exit long,2003-08-15 21:00,EOD,1511,11,16637.5,-825,-0.10,137.5,0.02,-2750,-0.33,62637.5,62.64
661,Entry long,2003-08-15 16:00,S1 Trend,1512.5,11,16637.5,-825,-0.10,137.5,0.02,-2750,-0.33,62637.5,62.64
662,Exit long,2003-09-02 21:00,EOD,1543.25,10,15345,4375,0.57,4750,0.62,-1500,-0.20,67012.5,67.01
662,Entry long,2003-09-02 17:30,S1 Trend,1534.5,10,15345,4375,0.57,4750,0.62,-1500,-0.20,67012.5,67.01
663,Exit long,2003-09-03 21:00,EOD,1547,11,17008.75,412.5,0.05,2612.5,0.31,-1237.5,-0.15,67425,67.43
663,Entry long,2003-09-03 16:30,S1 Trend,1546.25,11,17008.75,412.5,0.05,2612.5,0.31,-1237.5,-0.15,67425,67.43
664,Exit long,2003-09-04 16:30,S2 FairVal,1547.5,12,18534,1800,0.19,1800,0.19,-600,-0.06,69225,69.23
664,Entry long,2003-09-04 16:00,S2 VWAP,1544.5,12,18534,1800,0.19,1800,0.19,-600,-0.06,69225,69.23
665,Exit long,2003-09-17 17:00,S2 FairVal,1551.25,15,23250,937.5,0.08,1125,0.10,-187.5,-0.02,70162.5,70.16
665,Entry long,2003-09-17 16:30,S2 VWAP,1550,15,23250,937.5,0.08,1125,0.10,-187.5,-0.02,70162.5,70.16
666,Exit long,2003-09-29 21:00,EOD,1527,11,16791.5,275,0.03,1237.5,0.15,-1650,-0.20,70437.5,70.44
666,Entry long,2003-09-29 17:30,S1 Trend,1526.5,11,16791.5,275,0.03,1237.5,0.15,-1650,-0.20,70437.5,70.44
667,Exit long,2003-10-01 21:00,EOD,1538.5,10,15282.5,5125,0.67,5625,0.74,-375,-0.05,75562.5,75.56
667,Entry long,2003-10-01 17:00,S1 Trend,1528.25,10,15282.5,5125,0.67,5625,0.74,-375,-0.05,75562.5,75.56
668,Exit long,2003-10-02 18:00,S2 FairVal,1539.5,11,16907,1375,0.16,1375,0.16,-550,-0.07,76937.5,76.94
668,Entry long,2003-10-02 17:30,S2 VWAP,1537,11,16907,1375,0.16,1375,0.16,-550,-0.07,76937.5,76.94
669,Exit long,2003-10-03 20:00,S1 Trail,1553.25,9,14042.25,-3150,-0.45,450,0.06,-3150,-0.45,73787.5,73.79
669,Entry long,2003-10-03 18:00,S1 Trend,1560.25,9,14042.25,-3150,-0.45,450,0.06,-3150,-0.45,73787.5,73.79
670,Exit long,2003-10-09 19:00,S1 Trail,1563.75,12,18828,-3150,-0.33,600,0.06,-3150,-0.33,70637.5,70.64
670,Entry long,2003-10-09 17:00,S1 Trend,1569,12,18828,-3150,-0.33,600,0.06,-3150,-0.33,70637.5,70.64
671,Exit long,2003-10-13 21:00,EOD,1567.25,14,21924,875,0.08,1225,0.11,-1575,-0.14,71512.5,71.51
671,Entry long,2003-10-13 19:00,S2 VWAP,1566,14,21924,875,0.08,1225,0.11,-1575,-0.14,71512.5,71.51
672,Exit long,2003-10-14 21:00,EOD,1571.5,11,17256.25,1512.5,0.18,1512.5,0.18,-550,-0.06,73025,73.02
672,Entry long,2003-10-14 19:00,S1 Trend,1568.75,11,17256.25,1512.5,0.18,1512.5,0.18,-550,-0.06,73025,73.02
673,Exit long,2003-10-16 19:30,S1 Trail,1568.5,12,18855,-1650,-0.18,2550,0.27,-1650,-0.18,71375,71.38
673,Entry long,2003-10-16 17:30,S1 Trend,1571.25,12,18855,-1650,-0.18,2550,0.27,-1650,-0.18,71375,71.38
674,Exit short,2003-10-22 21:00,EOD,1552,12,18633,450,0.05,1800,0.19,-1050,-0.11,71825,71.83
674,Entry short,2003-10-22 18:30,S3 Hedge,1552.75,12,18633,450,0.05,1800,0.19,-1050,-0.11,71825,71.83
675,Exit long,2003-11-06 21:00,EOD,1580.25,12,18912,2550,0.27,3300,0.35,-1200,-0.13,74375,74.38
675,Entry long,2003-11-06 19:30,S1 Trend,1576,12,18912,2550,0.27,3300,0.35,-1200,-0.13,74375,74.38
676,Exit long,2003-11-14 17:00,S2 FairVal,1581.25,13,20536.75,975,0.09,975,0.09,-162.5,-0.02,75350,75.35
676,Entry long,2003-11-14 16:30,S2 VWAP,1579.75,13,20536.75,975,0.09,975,0.09,-162.5,-0.02,75350,75.35
677,Exit short,2003-11-17 20:30,S3 Scalp,1567,14,21882,-2800,-0.26,3850,0.35,-2800,-0.26,72550,72.55
677,Entry short,2003-11-17 15:30,S3 Hedge,1563,14,21882,-2800,-0.26,3850,0.35,-2800,-0.26,72550,72.55
678,Exit long,2003-11-19 21:00,EOD,1565.75,11,17231.5,-412.5,-0.05,275,0.03,-1375,-0.16,72137.5,72.14
678,Entry long,2003-11-19 19:30,S1 Trend,1566.5,11,17231.5,-412.5,-0.05,275,0.03,-1375,-0.16,72137.5,72.14
679,Exit long,2003-11-20 20:00,S1 Trail,1561,9,14078.25,-1462.5,-0.21,2362.5,0.34,-1462.5,-0.21,70675,70.68
679,Entry long,2003-11-20 16:00,S1 Trend,1564.25,9,14078.25,-1462.5,-0.21,2362.5,0.34,-1462.5,-0.21,70675,70.68
680,Exit long,2003-12-19 20:00,S2 FairVal,1611,12,19302,1500,0.16,1500,0.16,-1050,-0.11,72175,72.18
680,Entry long,2003-12-19 18:30,S2 VWAP,1608.5,12,19302,1500,0.16,1500,0.16,-1050,-0.11,72175,72.18
681,Exit long,2003-12-31 18:00,S2 FairVal,1633,20,32635,1250,0.08,1250,0.08,-750,-0.05,73425,73.43
681,Entry long,2003-12-31 17:00,S2 VWAP,1631.75,20,32635,1250,0.08,1250,0.08,-750,-0.05,73425,73.43
682,Exit long,2004-01-02 19:00,S1 Trail,1635.25,11,18042.75,-2750,-0.30,1237.5,0.14,-2750,-0.30,70675,70.68
682,Entry long,2004-01-02 15:30,S1 Trend,1640.25,11,18042.75,-2750,-0.30,1237.5,0.14,-2750,-0.30,70675,70.68
683,Exit long,2004-01-15 20:00,S1 Trail,1653.5,10,16577.5,-2125,-0.26,1625,0.20,-2125,-0.26,68550,68.55
683,Entry long,2004-01-15 18:00,S1 Trend,1657.75,10,16577.5,-2125,-0.26,1625,0.20,-2125,-0.26,68550,68.55
684,Exit long,2004-01-21 21:00,EOD,1670.75,11,18383.75,-275,-0.03,1100,0.12,-1650,-0.18,68275,68.27
684,Entry long,2004-01-21 19:30,S1 Trend,1671.25,11,18383.75,-275,-0.03,1100,0.12,-1650,-0.18,68275,68.27
685,Exit long,2004-01-22 17:30,S2 FairVal,1670.25,14,23359,1225,0.10,1925,0.16,-175,-0.01,69500,69.50
685,Entry long,2004-01-22 17:00,S2 VWAP,1668.5,14,23359,1225,0.10,1925,0.16,-175,-0.01,69500,69.50
686,Exit long,2004-01-27 18:00,S2 FairVal,1670,17,28445.25,-2762.5,-0.19,0,0.00,-2762.5,-0.19,66737.5,66.74
686,Entry long,2004-01-27 17:00,S2 VWAP,1673.25,17,28445.25,-2762.5,-0.19,0,0.00,-2762.5,-0.19,66737.5,66.74
687,Exit long,2004-02-02 20:30,S1 Trail,1658.75,10,16650,-3125,-0.38,625,0.08,-3125,-0.38,63612.5,63.61
687,Entry long,2004-02-02 18:00,S1 Trend,1665,10,16650,-3125,-0.38,625,0.08,-3125,-0.38,63612.5,63.61
688,Exit long,2004-02-11 21:00,EOD,1681.25,11,18485.5,412.5,0.04,1512.5,0.16,-825,-0.09,64025,64.03
688,Entry long,2004-02-11 19:00,S1 Trend,1680.5,11,18485.5,412.5,0.04,1512.5,0.16,-825,-0.09,64025,64.03
689,Exit long,2004-02-12 21:00,EOD,1676,14,23478,-700,-0.06,1225,0.10,-1400,-0.12,63325,63.33
689,Entry long,2004-02-12 18:30,S2 VWAP,1677,14,23478,-700,-0.06,1225,0.10,-1400,-0.12,63325,63.33
690,Exit long,2004-03-05 21:00,EOD,1681.5,10,16842.5,-1375,-0.16,625,0.07,-4250,-0.50,61950,61.95
690,Entry long,2004-03-05 16:00,S1 Trend,1684.25,10,16842.5,-1375,-0.16,625,0.07,-4250,-0.50,61950,61.95
691,Exit short,2004-03-09 21:00,EOD,1665.5,10,16630,-1250,-0.15,1125,0.14,-1625,-0.20,60700,60.70
691,Entry short,2004-03-09 19:30,S3 Hedge,1663,10,16630,-1250,-0.15,1125,0.14,-1625,-0.20,60700,60.70
692,Exit short,2004-03-18 17:30,S3 Scalp,1643.5,12,19683,-1950,-0.20,1800,0.18,-1950,-0.20,58750,58.75
692,Entry short,2004-03-18 16:30,S3 Hedge,1640.25,12,19683,-1950,-0.20,1800,0.18,-1950,-0.20,58750,58.75
693,Exit long,2004-03-18 18:30,S2 FairVal,1646.75,9,14782.5,1912.5,0.26,4387.5,0.59,-225,-0.03,60662.5,60.66
693,Entry long,2004-03-18 18:00,S2 VWAP,1642.5,9,14782.5,1912.5,0.26,4387.5,0.59,-225,-0.03,60662.5,60.66
694,Exit short,2004-03-22 16:00,S3 Scalp,1623,9,14571,-1800,-0.25,450,0.06,-1800,-0.25,58862.5,58.86
694,Entry short,2004-03-22 15:30,S3 Hedge,1619,9,14571,-1800,-0.25,450,0.06,-1800,-0.25,58862.5,58.86
695,Exit short,2004-03-22 20:00,S3 Scalp,1620,7,11305,-1750,-0.31,87.5,0.02,-1837.5,-0.33,57112.5,57.11
695,Entry short,2004-03-22 19:30,S3 Hedge,1615,7,11305,-1750,-0.31,87.5,0.02,-1837.5,-0.33,57112.5,57.11
696,Exit long,2004-03-25 19:00,S1 Climax,1631.75,3,4893.75,75,0.03,75,0.03,-225,-0.09,57187.5,57.19
696,Entry long,2004-03-25 18:30,S1 Trend,1631.25,3,4893.75,75,0.03,75,0.03,-225,-0.09,57187.5,57.19
697,Exit long,2004-03-25 19:30,S1 Climax,1632,2,3262.5,75,0.05,175,0.11,-150,-0.09,57262.5,57.26
697,Entry long,2004-03-25 18:30,S1 Trend,1631.25,2,3262.5,75,0.05,175,0.11,-150,-0.09,57262.5,57.26
698,Exit long,2004-03-25 20:30,S1 Climax,1634,1,1631.25,137.5,0.17,162.5,0.20,-75,-0.09,57400,57.40
698,Entry long,2004-03-25 18:30,S1 Trend,1631.25,1,1631.25,137.5,0.17,162.5,0.20,-75,-0.09,57400,57.40
699,Exit long,2004-03-25 21:00,EOD,1633,5,8156.25,437.5,0.11,937.5,0.23,-375,-0.09,57837.5,57.84
699,Entry long,2004-03-25 18:30,S1 Trend,1631.25,5,8156.25,437.5,0.11,937.5,0.23,-375,-0.09,57837.5,57.84
700,Exit long,2004-04-16 21:00,EOD,1658.5,10,16572.5,625,0.08,2250,0.27,-375,-0.05,58462.5,58.46
700,Entry long,2004-04-16 16:30,S1 Trend,1657.25,10,16572.5,625,0.08,2250,0.27,-375,-0.05,58462.5,58.46
701,Exit long,2004-04-20 19:30,S2 FairVal,1655.25,13,21563.75,-2275,-0.21,1462.5,0.14,-2275,-0.21,56187.5,56.19
701,Entry long,2004-04-20 17:30,S2 VWAP,1658.75,13,21563.75,-2275,-0.21,1462.5,0.14,-2275,-0.21,56187.5,56.19
702,Exit long,2004-04-22 21:00,EOD,1665.25,8,13276,2300,0.35,3300,0.50,-300,-0.05,58487.5,58.49
702,Entry long,2004-04-22 16:30,S1 Trend,1659.5,8,13276,2300,0.35,3300,0.50,-300,-0.05,58487.5,58.49
703,Exit long,2004-04-26 16:30,S2 FairVal,1665,14,23278.5,1575,0.14,1575,0.14,-175,-0.02,60062.5,60.06
703,Entry long,2004-04-26 16:00,S2 VWAP,1662.75,14,23278.5,1575,0.14,1575,0.14,-175,-0.02,60062.5,60.06
704,Exit short,2004-04-28 21:00,EOD,1646.75,12,19833,3600,0.36,4200,0.42,-750,-0.08,63662.5,63.66
704,Entry short,2004-04-28 16:00,S3 Hedge,1652.75,12,19833,3600,0.36,4200,0.42,-750,-0.08,63662.5,63.66
705,Exit long,2004-05-04 20:00,S1 Trail,1644.5,10,16435,500,0.06,4875,0.59,-625,-0.08,64162.5,64.16
705,Entry long,2004-05-04 19:30,S1 Trend,1643.5,10,16435,500,0.06,4875,0.59,-625,-0.08,64162.5,64.16
706,Exit long,2004-05-05 21:00,EOD,1646.5,10,16482.5,-875,-0.11,1000,0.12,-1125,-0.14,63287.5,63.29
706,Entry long,2004-05-05 19:30,S1 Trend,1648.25,10,16482.5,-875,-0.11,1000,0.12,-1125,-0.14,63287.5,63.29
707,Exit short,2004-05-06 20:30,S3 Scalp,1639.75,12,19629,-2400,-0.24,3150,0.32,-2400,-0.24,60887.5,60.89
707,Entry short,2004-05-06 16:00,S3 Hedge,1635.75,12,19629,-2400,-0.24,3150,0.32,-2400,-0.24,60887.5,60.89
708,Exit short,2004-05-10 17:00,S3 Scalp,1610.75,7,11238.5,-1837.5,-0.33,612.5,0.11,-1837.5,-0.33,59050,59.05
708,Entry short,2004-05-10 16:30,S3 Hedge,1605.5,7,11238.5,-1837.5,-0.33,612.5,0.11,-1837.5,-0.33,59050,59.05
709,Exit long,2004-05-13 18:30,S1 Trail,1619.5,9,14595.75,-1012.5,-0.14,2925,0.40,-1237.5,-0.17,58037.5,58.04
709,Entry long,2004-05-13 15:30,S1 Trend,1621.75,9,14595.75,-1012.5,-0.14,2925,0.40,-1237.5,-0.17,58037.5,58.04
710,Exit long,2004-05-14 21:00,EOD,1620.5,6,9745.5,-1125,-0.23,1050,0.22,-1500,-0.31,56912.5,56.91
710,Entry long,2004-05-14 18:30,S1 Trend,1624.25,6,9745.5,-1125,-0.23,1050,0.22,-1500,-0.31,56912.5,56.91
711,Exit long,2004-05-18 21:00,EOD,1617,10,16180,-500,-0.06,750,0.09,-1375,-0.17,56412.5,56.41
711,Entry long,2004-05-18 16:00,S1 Trend,1618,10,16180,-500,-0.06,750,0.09,-1375,-0.17,56412.5,56.41
712,Exit long,2004-05-21 18:30,S1 Trail,1618.75,11,17853,-2337.5,-0.26,1375,0.15,-2337.5,-0.26,54075,54.08
712,Entry long,2004-05-21 16:30,S1 Trend,1623,11,17853,-2337.5,-0.26,1375,0.15,-2337.5,-0.26,54075,54.08
713,Exit long,2004-05-25 20:30,S1 Climax,1636.75,3,4876.5,1687.5,0.69,1875,0.77,0,0.00,55762.5,55.76
713,Entry long,2004-05-25 17:30,S1 Trend,1625.5,3,4876.5,1687.5,0.69,1875,0.77,0,0.00,55762.5,55.76
714,Exit long,2004-05-25 21:00,EOD,1639,7,11378.5,4725,0.83,4900,0.86,0,0.00,60487.5,60.49
714,Entry long,2004-05-25 17:30,S1 Trend,1625.5,7,11378.5,4725,0.83,4900,0.86,0,0.00,60487.5,60.49
715,Exit long,2004-05-27 19:30,S2 FairVal,1645.5,11,18053.75,2337.5,0.26,2337.5,0.26,-275,-0.03,62825,62.83
715,Entry long,2004-05-27 18:30,S2 VWAP,1641.25,11,18053.75,2337.5,0.26,2337.5,0.26,-275,-0.03,62825,62.83
716,Exit long,2004-06-25 19:00,S2 FairVal,1664.25,15,25012.5,-2437.5,-0.19,562.5,0.04,-2437.5,-0.19,60387.5,60.39
716,Entry long,2004-06-25 18:00,S2 VWAP,1667.5,15,25012.5,-2437.5,-0.19,562.5,0.04,-2437.5,-0.19,60387.5,60.39
717,Exit short,2004-07-06 21:00,EOD,1641.5,15,24641.25,937.5,0.08,3375,0.27,-1687.5,-0.14,61325,61.33
717,Entry short,2004-07-06 16:30,S3 Hedge,1642.75,15,24641.25,937.5,0.08,3375,0.27,-1687.5,-0.14,61325,61.33
718,Exit long,2004-07-15 20:30,S1 Trail,1631.5,11,18018,-3575,-0.40,137.5,0.02,-3575,-0.40,57750,57.75
718,Entry long,2004-07-15 18:30,S1 Trend,1638,11,18018,-3575,-0.40,137.5,0.02,-3575,-0.40,57750,57.75
719,Exit short,2004-07-21 18:00,S3 Scalp,1632.25,15,24562.5,3937.5,0.32,3937.5,0.32,-375,-0.03,61687.5,61.69
719,Entry short,2004-07-21 16:30,S3 Hedge,1637.5,15,24562.5,3937.5,0.32,3937.5,0.32,-375,-0.03,61687.5,61.69
720,Exit short,2004-07-21 20:00,S3 Scalp,1626,13,21219.25,4062.5,0.38,4062.5,0.38,-650,-0.06,65750,65.75
720,Entry short,2004-07-21 18:30,S3 Hedge,1632.25,13,21219.25,4062.5,0.38,4062.5,0.38,-650,-0.06,65750,65.75
721,Exit short,2004-07-22 17:00,S3 Scalp,1615.25,11,17726.5,-2062.5,-0.23,1512.5,0.17,-2062.5,-0.23,63687.5,63.69
721,Entry short,2004-07-22 16:30,S3 Hedge,1611.5,11,17726.5,-2062.5,-0.23,1512.5,0.17,-2062.5,-0.23,63687.5,63.69
722,Exit long,2004-07-27 21:00,EOD,1619.75,11,17789.75,1375,0.15,2475,0.28,-412.5,-0.05,65062.5,65.06
722,Entry long,2004-07-27 19:30,S1 Trend,1617.25,11,17789.75,1375,0.15,2475,0.28,-412.5,-0.05,65062.5,65.06
723,Exit long,2004-08-04 21:00,EOD,1623,11,17883.25,-1512.5,-0.17,1237.5,0.14,-1512.5,-0.17,63550,63.55
723,Entry long,2004-08-04 19:30,S1 Trend,1625.75,11,17883.25,-1512.5,-0.17,1237.5,0.14,-1512.5,-0.17,63550,63.55
724,Exit long,2004-08-16 18:00,S1 Climax,1602.75,3,4807.5,37.5,0.02,112.5,0.05,-187.5,-0.08,63587.5,63.59
724,Entry long,2004-08-16 16:30,S1 Trend,1602.5,3,4807.5,37.5,0.02,112.5,0.05,-187.5,-0.08,63587.5,63.59
725,Exit long,2004-08-16 18:30,S1 Climax,1603,2,3205,50,0.03,200,0.12,-125,-0.08,63637.5,63.64
725,Entry long,2004-08-16 16:30,S1 Trend,1602.5,2,3205,50,0.03,200,0.12,-125,-0.08,63637.5,63.64
726,Exit long,2004-08-16 19:00,S1 Climax,1603.75,1,1602.5,62.5,0.08,100,0.12,-62.5,-0.08,63700,63.70
726,Entry long,2004-08-16 16:30,S1 Trend,1602.5,1,1602.5,62.5,0.08,100,0.12,-62.5,-0.08,63700,63.70
727,Exit long,2004-08-16 19:30,S1 Climax,1605.75,1,1602.5,162.5,0.20,200,0.25,-62.5,-0.08,63862.5,63.86
727,Entry long,2004-08-16 16:30,S1 Trend,1602.5,1,1602.5,162.5,0.20,200,0.25,-62.5,-0.08,63862.5,63.86
728,Exit long,2004-08-16 20:00,S1 Climax,1605.25,1,1602.5,137.5,0.17,200,0.25,-62.5,-0.08,64000,64.00
728,Entry long,2004-08-16 16:30,S1 Trend,1602.5,1,1602.5,137.5,0.17,200,0.25,-62.5,-0.08,64000,64.00
729,Exit long,2004-08-16 21:00,EOD,1605.25,3,4807.5,412.5,0.17,600,0.25,-187.5,-0.08,64412.5,64.41
729,Entry long,2004-08-16 16:30,S1 Trend,1602.5,3,4807.5,412.5,0.17,600,0.25,-187.5,-0.08,64412.5,64.41
730,Exit long,2004-08-18 20:00,S1 Climax,1618.25,3,4852.5,112.5,0.05,150,0.06,-187.5,-0.08,64525,64.53
730,Entry long,2004-08-18 19:30,S1 Trend,1617.5,3,4852.5,112.5,0.05,150,0.06,-187.5,-0.08,64525,64.53
731,Exit long,2004-08-18 20:30,S1 Climax,1618.75,2,3235,125,0.08,125,0.08,-125,-0.08,64650,64.65
731,Entry long,2004-08-18 19:30,S1 Trend,1617.5,2,3235,125,0.08,125,0.08,-125,-0.08,64650,64.65
732,Exit long,2004-08-18 21:00,EOD,1620.75,6,9705,975,0.20,1050,0.22,-375,-0.08,65625,65.63
732,Entry long,2004-08-18 19:30,S1 Trend,1617.5,6,9705,975,0.20,1050,0.22,-375,-0.08,65625,65.63
733,Exit long,2004-09-08 19:00,S2 FairVal,1645.75,14,23033.5,350,0.03,875,0.08,-525,-0.05,65975,65.97
733,Entry long,2004-09-08 18:30,S2 VWAP,1645.25,14,23033.5,350,0.03,875,0.08,-525,-0.05,65975,65.97
734,Exit short,2004-09-23 19:00,S3 Scalp,1637,13,21242,-1950,-0.18,325,0.03,-1950,-0.18,64025,64.03
734,Entry short,2004-09-23 18:00,S3 Hedge,1634,13,21242,-1950,-0.18,325,0.03,-1950,-0.18,64025,64.03
735,Exit short,2004-09-30 18:30,S3 Scalp,1638,17,27807.75,-1912.5,-0.14,850,0.06,-1912.5,-0.14,62112.5,62.11
735,Entry short,2004-09-30 17:00,S3 Hedge,1635.75,17,27807.75,-1912.5,-0.14,850,0.06,-1912.5,-0.14,62112.5,62.11
736,Exit long,2004-10-04 19:00,S2 FairVal,1664,15,24937.5,1125,0.09,1125,0.09,-187.5,-0.02,63237.5,63.24
736,Entry long,2004-10-04 18:30,S2 VWAP,1662.5,15,24937.5,1125,0.09,1125,0.09,-187.5,-0.02,63237.5,63.24
737,Exit short,2004-10-14 19:00,S3 Scalp,1629.75,13,21271.25,4225,0.40,4225,0.40,-162.5,-0.02,67462.5,67.46
737,Entry short,2004-10-14 16:30,S3 Hedge,1636.25,13,21271.25,4225,0.40,4225,0.40,-162.5,-0.02,67462.5,67.46
738,Exit long,2004-10-15 21:00,EOD,1633.25,11,18015.25,-2475,-0.27,275,0.03,-3162.5,-0.35,64987.5,64.99
738,Entry long,2004-10-15 19:00,S1 Trend,1637.75,11,18015.25,-2475,-0.27,275,0.03,-3162.5,-0.35,64987.5,64.99
739,Exit long,2004-10-18 21:00,EOD,1639.5,11,18026.25,412.5,0.05,825,0.09,-1787.5,-0.20,65400,65.40
739,Entry long,2004-10-18 17:30,S1 Trend,1638.75,11,18026.25,412.5,0.05,825,0.09,-1787.5,-0.20,65400,65.40
740,Exit short,2004-10-19 18:30,S3 Scalp,1633,17,27858.75,4887.5,0.35,4887.5,0.35,-425,-0.03,70287.5,70.29
740,Entry short,2004-10-19 16:00,S3 Hedge,1638.75,17,27858.75,4887.5,0.35,4887.5,0.35,-425,-0.03,70287.5,70.29
741,Exit short,2004-10-19 21:00,EOD,1629,12,19596,2400,0.24,3000,0.31,-450,-0.05,72687.5,72.69
741,Entry short,2004-10-19 19:00,S3 Hedge,1633,12,19596,2400,0.24,3000,0.31,-450,-0.05,72687.5,72.69
742,Exit short,2004-10-20 16:00,S3 Scalp,1625.5,16,25964,-2200,-0.17,3000,0.23,-2200,-0.17,70487.5,70.49
742,Entry short,2004-10-20 15:30,S3 Hedge,1622.75,16,25964,-2200,-0.17,3000,0.23,-2200,-0.17,70487.5,70.49
743,Exit long,2004-10-21 17:30,S1 Trail,1627.25,11,17963,-3162.5,-0.35,550,0.06,-3162.5,-0.35,67325,67.33
743,Entry long,2004-10-21 16:00,S1 Trend,1633,11,17963,-3162.5,-0.35,550,0.06,-3162.5,-0.35,67325,67.33
744,Exit long,2004-10-26 21:00,EOD,1635.75,11,17935.5,2887.5,0.32,2887.5,0.32,-825,-0.09,70212.5,70.21
744,Entry long,2004-10-26 18:30,S1 Trend,1630.5,11,17935.5,2887.5,0.32,2887.5,0.32,-825,-0.09,70212.5,70.21
745,Exit long,2004-10-27 19:00,S1 Climax,1647.25,3,4941,37.5,0.02,112.5,0.05,-187.5,-0.08,70250,70.25
745,Entry long,2004-10-27 18:30,S1 Trend,1647,3,4941,37.5,0.02,112.5,0.05,-187.5,-0.08,70250,70.25
746,Exit long,2004-10-27 19:30,S1 Climax,1648.75,2,3294,175,0.11,275,0.17,-125,-0.08,70425,70.43
746,Entry long,2004-10-27 18:30,S1 Trend,1647,2,3294,175,0.11,275,0.17,-125,-0.08,70425,70.43
747,Exit long,2004-10-27 20:00,S1 Climax,1649.75,1,1647,137.5,0.17,162.5,0.20,-62.5,-0.08,70562.5,70.56
747,Entry long,2004-10-27 18:30,S1 Trend,1647,1,1647,137.5,0.17,162.5,0.20,-62.5,-0.08,70562.5,70.56
748,Exit long,2004-10-27 20:30,S1 Climax,1650.5,1,1647,175,0.21,237.5,0.29,-62.5,-0.08,70737.5,70.74
748,Entry long,2004-10-27 18:30,S1 Trend,1647,1,1647,175,0.21,237.5,0.29,-62.5,-0.08,70737.5,70.74
749,Exit long,2004-10-27 21:00,EOD,1650.75,4,6588,750,0.23,1000,0.30,-250,-0.08,71487.5,71.49
749,Entry long,2004-10-27 18:30,S1 Trend,1647,4,6588,750,0.23,1000,0.30,-250,-0.08,71487.5,71.49
750,Exit long,2004-10-28 21:00,EOD,1652.75,11,18188.5,-412.5,-0.05,1650,0.18,-2062.5,-0.23,71075,71.08
750,Entry long,2004-10-28 19:00,S1 Trend,1653.5,11,18188.5,-412.5,-0.05,1650,0.18,-2062.5,-0.23,71075,71.08
751,Exit long,2004-10-29 18:00,S2 FairVal,1653,13,21472.75,812.5,0.08,812.5,0.08,-1300,-0.12,71887.5,71.89
751,Entry long,2004-10-29 16:30,S2 VWAP,1651.75,13,21472.75,812.5,0.08,812.5,0.08,-1300,-0.12,71887.5,71.89
752,Exit long,2004-11-01 19:30,S2 FairVal,1655.75,14,23163,875,0.08,875,0.08,-1225,-0.11,72762.5,72.76
752,Entry long,2004-11-01 19:00,S2 VWAP,1654.5,14,23163,875,0.08,875,0.08,-1225,-0.11,72762.5,72.76
753,Exit long,2004-11-04 19:00,S1 Climax,1683.75,3,5046,262.5,0.10,337.5,0.13,-75,-0.03,73025,73.02
753,Entry long,2004-11-04 18:30,S1 Trend,1682,3,5046,262.5,0.10,337.5,0.13,-75,-0.03,73025,73.02
754,Exit long,2004-11-04 20:30,S1 Climax,1684.25,2,3364,225,0.13,450,0.27,-50,-0.03,73250,73.25
754,Entry long,2004-11-04 18:30,S1 Trend,1682,2,3364,225,0.13,450,0.27,-50,-0.03,73250,73.25
755,Exit long,2004-11-04 21:00,EOD,1686,6,10092,1200,0.24,1575,0.31,-150,-0.03,74450,74.45
755,Entry long,2004-11-04 18:30,S1 Trend,1682,6,10092,1200,0.24,1575,0.31,-150,-0.03,74450,74.45
756,Exit long,2004-11-05 16:30,S1 Trail,1685.5,11,18625.75,-4262.5,-0.46,0,0.00,-4262.5,-0.46,70187.5,70.19
756,Entry long,2004-11-05 16:00,S1 Trend,1693.25,11,18625.75,-4262.5,-0.46,0,0.00,-4262.5,-0.46,70187.5,70.19
757,Exit long,2004-12-03 21:00,EOD,1716.75,10,17165,125,0.01,1875,0.22,-1750,-0.20,70312.5,70.31
757,Entry long,2004-12-03 15:30,S1 Trend,1716.5,10,17165,125,0.01,1875,0.22,-1750,-0.20,70312.5,70.31
758,Exit long,2004-12-09 21:00,EOD,1715.25,11,18826.5,2062.5,0.22,2887.5,0.31,-2200,-0.23,72375,72.38
758,Entry long,2004-12-09 18:30,S1 Trend,1711.5,11,18826.5,2062.5,0.22,2887.5,0.31,-2200,-0.23,72375,72.38
759,Exit long,2004-12-15 18:00,S2 FairVal,1728.25,15,25897.5,1312.5,0.10,1312.5,0.10,-187.5,-0.01,73687.5,73.69
759,Entry long,2004-12-15 17:00,S2 VWAP,1726.5,15,25897.5,1312.5,0.10,1312.5,0.10,-187.5,-0.01,73687.5,73.69
760,Exit long,2004-12-27 20:30,S2 FairVal,1730.5,18,31212,-3150,-0.20,900,0.06,-3150,-0.20,70537.5,70.54
760,Entry long,2004-12-27 17:30,S2 VWAP,1734,18,31212,-3150,-0.20,900,0.06,-3150,-0.20,70537.5,70.54
761,Exit long,2004-12-31 19:00,S2 FairVal,1739.25,27,46946.25,675,0.03,1012.5,0.04,0,0.00,71212.5,71.21
761,Entry long,2004-12-31 18:30,S2 VWAP,1738.75,27,46946.25,675,0.03,1012.5,0.04,0,0.00,71212.5,71.21
762,Exit long,2005-01-07 21:00,EOD,1711,9,15439.5,-2025,-0.26,450,0.06,-2475,-0.32,69187.5,69.19
762,Entry long,2005-01-07 18:00,S1 Trend,1715.5,9,15439.5,-2025,-0.26,450,0.06,-2475,-0.32,69187.5,69.19
763,Exit long,2005-02-07 20:00,S2 FairVal,1725.75,17,29316.5,1062.5,0.07,1062.5,0.07,-212.5,-0.01,70250,70.25
763,Entry long,2005-02-07 19:30,S2 VWAP,1724.5,17,29316.5,1062.5,0.07,1062.5,0.07,-212.5,-0.01,70250,70.25
764,Exit long,2005-03-31 19:30,S2 FairVal,1704.25,12,20445,300,0.03,300,0.03,-750,-0.07,70550,70.55
764,Entry long,2005-03-31 19:00,S2 VWAP,1703.75,12,20445,300,0.03,300,0.03,-750,-0.07,70550,70.55
765,Exit short,2005-04-01 22:00,EOD,1694.5,9,15300,2475,0.32,3937.5,0.51,-1237.5,-0.16,73025,73.02
765,Entry short,2005-04-01 17:00,S3 Hedge,1700,9,15300,2475,0.32,3937.5,0.51,-1237.5,-0.16,73025,73.02
766,Exit long,2005-04-08 16:30,S2 FairVal,1710.75,22,37614.5,1100,0.06,1375,0.07,-1100,-0.06,74125,74.13
766,Entry long,2005-04-08 16:00,S2 VWAP,1709.75,22,37614.5,1100,0.06,1375,0.07,-1100,-0.06,74125,74.13
767,Exit short,2005-04-08 21:00,EOD,1702.75,14,23873.5,1750,0.15,2100,0.18,-1225,-0.10,75875,75.88
767,Entry short,2005-04-08 19:30,S3 Hedge,1705.25,14,23873.5,1750,0.15,2100,0.18,-1225,-0.10,75875,75.88
768,Exit short,2005-04-15 18:30,S3 Scalp,1675.75,8,13366,-2000,-0.30,100,0.01,-2100,-0.31,73875,73.88
768,Entry short,2005-04-15 18:00,S3 Hedge,1670.75,8,13366,-2000,-0.30,100,0.01,-2100,-0.31,73875,73.88
769,Exit long,2005-04-19 21:00,EOD,1673.25,11,18425,-962.5,-0.10,412.5,0.04,-1925,-0.21,72912.5,72.91
769,Entry long,2005-04-19 19:00,S1 Trend,1675,11,18425,-962.5,-0.10,412.5,0.04,-1925,-0.21,72912.5,72.91
770,Exit short,2005-04-20 21:00,EOD,1658,8,13328,3200,0.48,3900,0.59,-500,-0.08,76112.5,76.11
770,Entry short,2005-04-20 18:00,S3 Hedge,1666,8,13328,3200,0.48,3900,0.59,-500,-0.08,76112.5,76.11
771,Exit long,2005-04-21 21:00,EOD,1680.25,10,16717.5,4250,0.51,4375,0.52,-875,-0.10,80362.5,80.36
771,Entry long,2005-04-21 17:30,S1 Trend,1671.75,10,16717.5,4250,0.51,4375,0.52,-875,-0.10,80362.5,80.36
772,Exit short,2005-04-26 21:00,EOD,1672,11,18441.5,2475,0.27,2475,0.27,-1100,-0.12,82837.5,82.84
772,Entry short,2005-04-26 19:30,S3 Hedge,1676.5,11,18441.5,2475,0.27,2475,0.27,-1100,-0.12,82837.5,82.84
773,Exit long,2005-04-27 21:00,EOD,1676.25,11,18430.5,412.5,0.04,2612.5,0.28,-825,-0.09,83250,83.25
773,Entry long,2005-04-27 17:30,S1 Trend,1675.5,11,18430.5,412.5,0.04,2612.5,0.28,-825,-0.09,83250,83.25
774,Exit long,2005-05-04 21:00,EOD,1695,11,18620.25,1237.5,0.13,2062.5,0.22,-412.5,-0.04,84487.5,84.49
774,Entry long,2005-05-04 19:00,S1 Trend,1692.75,11,18620.25,1237.5,0.13,2062.5,0.22,-412.5,-0.04,84487.5,84.49
775,Exit long,2005-05-05 20:00,S2 FairVal,1692.25,10,16892.5,1500,0.18,1500,0.18,-1000,-0.12,85987.5,85.99
775,Entry long,2005-05-05 18:30,S2 VWAP,1689.25,10,16892.5,1500,0.18,1500,0.18,-1000,-0.12,85987.5,85.99
776,Exit long,2005-05-06 19:00,S2 FairVal,1695.5,12,20313,1650,0.16,1650,0.16,-1200,-0.12,87637.5,87.64
776,Entry long,2005-05-06 17:30,S2 VWAP,1692.75,12,20313,1650,0.16,1650,0.16,-1200,-0.12,87637.5,87.64
777,Exit short,2005-05-10 17:30,S3 Scalp,1689.75,16,26992,-2200,-0.16,600,0.04,-2200,-0.16,85437.5,85.44
777,Entry short,2005-05-10 17:00,S3 Hedge,1687,16,26992,-2200,-0.16,600,0.04,-2200,-0.16,85437.5,85.44
778,Exit short,2005-05-11 18:00,S3 Scalp,1686,12,20184,-2400,-0.24,3150,0.31,-2400,-0.24,83037.5,83.04
778,Entry short,2005-05-11 16:00,S3 Hedge,1682,12,20184,-2400,-0.24,3150,0.31,-2400,-0.24,83037.5,83.04
779,Exit long,2005-05-11 21:00,EOD,1690.5,9,15210,225,0.03,1012.5,0.13,-900,-0.12,83262.5,83.26
779,Entry long,2005-05-11 19:30,S1 Trend,1690,9,15210,225,0.03,1012.5,0.13,-900,-0.12,83262.5,83.26
780,Exit long,2005-05-16 21:00,EOD,1686,12,20190,2100,0.21,2250,0.22,-750,-0.07,85362.5,85.36
780,Entry long,2005-05-16 19:30,S1 Trend,1682.5,12,20190,2100,0.21,2250,0.22,-750,-0.07,85362.5,85.36
781,Exit short,2005-05-17 16:00,S3 Scalp,1682.75,17,28564.25,-2125,-0.15,637.5,0.04,-2125,-0.15,83237.5,83.24
781,Entry short,2005-05-17 15:30,S3 Hedge,1680.25,17,28564.25,-2125,-0.15,637.5,0.04,-2125,-0.15,83237.5,83.24
782,Exit long,2005-05-20 17:30,S2 FairVal,1708,16,27308,1000,0.07,1200,0.09,-600,-0.04,84237.5,84.24
782,Entry long,2005-05-20 17:00,S2 VWAP,1706.75,16,27308,1000,0.07,1200,0.09,-600,-0.04,84237.5,84.24
783,Exit long,2005-06-14 21:00,EOD,1723.75,12,20673,600,0.06,750,0.07,-1050,-0.10,84837.5,84.84
783,Entry long,2005-06-14 19:30,S1 Trend,1722.75,12,20673,600,0.06,750,0.07,-1050,-0.10,84837.5,84.84
784,Exit short,2005-06-24 16:00,S3 Scalp,1717.25,20,34300,-2250,-0.13,250,0.01,-2750,-0.16,82587.5,82.59
784,Entry short,2005-06-24 15:30,S3 Hedge,1715,20,34300,-2250,-0.13,250,0.01,-2750,-0.16,82587.5,82.59
785,Exit short,2005-06-24 21:00,EOD,1709.75,14,23978.5,2100,0.18,2275,0.19,-875,-0.07,84687.5,84.69
785,Entry short,2005-06-24 19:00,S3 Hedge,1712.75,14,23978.5,2100,0.18,2275,0.19,-875,-0.07,84687.5,84.69
786,Exit short,2005-06-27 20:00,S3 Scalp,1709.75,15,25601.25,-2250,-0.18,375,0.03,-2250,-0.18,82437.5,82.44
786,Entry short,2005-06-27 19:00,S3 Hedge,1706.75,15,25601.25,-2250,-0.18,375,0.03,-2250,-0.18,82437.5,82.44
787,Exit long,2005-06-29 20:30,S2 FairVal,1719.25,18,30933,675,0.04,1350,0.09,-2025,-0.13,83112.5,83.11
787,Entry long,2005-06-29 19:30,S2 VWAP,1718.5,18,30933,675,0.04,1350,0.09,-2025,-0.13,83112.5,83.11
788,Exit long,2005-07-13 17:00,S2 FairVal,1739.25,17,29580,-637.5,-0.04,425,0.03,-1062.5,-0.07,82475,82.48
788,Entry long,2005-07-13 16:30,S2 VWAP,1740,17,29580,-637.5,-0.04,425,0.03,-1062.5,-0.07,82475,82.48
789,Exit long,2005-07-14 18:00,S2 FairVal,1746,13,22675.25,1137.5,0.10,1137.5,0.10,-650,-0.06,83612.5,83.61
789,Entry long,2005-07-14 17:30,S2 VWAP,1744.25,13,22675.25,1137.5,0.10,1137.5,0.10,-650,-0.06,83612.5,83.61
790,Exit short,2005-08-08 21:00,EOD,1738.5,20,34855,4250,0.24,4750,0.27,-2000,-0.11,87862.5,87.86
790,Entry short,2005-08-08 16:00,S3 Hedge,1742.75,20,34855,4250,0.24,4750,0.27,-2000,-0.11,87862.5,87.86
791,Exit long,2005-08-29 21:00,EOD,1727.5,12,20727,150,0.01,1350,0.13,-1050,-0.10,88012.5,88.01
791,Entry long,2005-08-29 19:00,S1 Trend,1727.25,12,20727,150,0.01,1350,0.13,-1050,-0.10,88012.5,88.01
792,Exit long,2005-08-31 21:00,EOD,1735,10,17257.5,4625,0.54,4875,0.56,-2125,-0.25,92637.5,92.64
792,Entry long,2005-08-31 16:30,S1 Trend,1725.75,10,17257.5,4625,0.54,4875,0.56,-2125,-0.25,92637.5,92.64
793,Exit short,2005-09-01 16:00,S3 Scalp,1735,16,27712,-2400,-0.17,1400,0.10,-2400,-0.17,90237.5,90.24
793,Entry short,2005-09-01 15:30,S3 Hedge,1732,16,27712,-2400,-0.17,1400,0.10,-2400,-0.17,90237.5,90.24
794,Exit long,2005-09-01 19:00,S1 Trail,1732.75,11,19145.5,-4262.5,-0.45,0,0.00,-4262.5,-0.45,85975,85.98
794,Entry long,2005-09-01 17:00,S1 Trend,1740.5,11,19145.5,-4262.5,-0.45,0,0.00,-4262.5,-0.45,85975,85.98
795,Exit long,2005-09-12 20:00,S2 FairVal,1755.5,18,31585.5,675,0.04,900,0.06,-450,-0.03,86650,86.65
795,Entry long,2005-09-12 19:30,S2 VWAP,1754.75,18,31585.5,675,0.04,900,0.06,-450,-0.03,86650,86.65
796,Exit short,2005-09-21 21:00,EOD,1722.75,14,24178,2975,0.25,3150,0.26,-1750,-0.14,89625,89.63
796,Entry short,2005-09-21 17:00,S3 Hedge,1727,14,24178,2975,0.25,3150,0.26,-1750,-0.14,89625,89.63
797,Exit short,2005-09-26 21:00,EOD,1728.5,13,22486.75,812.5,0.07,3575,0.32,-487.5,-0.04,90437.5,90.44
797,Entry short,2005-09-26 18:30,S3 Hedge,1729.75,13,22486.75,812.5,0.07,3575,0.32,-487.5,-0.04,90437.5,90.44
798,Exit short,2005-09-27 19:30,S3 Scalp,1729.75,20,34535,-3000,-0.17,3250,0.19,-3000,-0.17,87437.5,87.44
798,Entry short,2005-09-27 15:30,S3 Hedge,1726.75,20,34535,-3000,-0.17,3250,0.19,-3000,-0.17,87437.5,87.44
799,Exit short,2005-09-28 19:00,S3 Scalp,1730.25,15,25912.5,-2062.5,-0.16,1875,0.14,-2062.5,-0.16,85375,85.38
799,Entry short,2005-09-28 17:30,S3 Hedge,1727.5,15,25912.5,-2062.5,-0.16,1875,0.14,-2062.5,-0.16,85375,85.38
800,Exit long,2005-09-29 21:00,EOD,1741,11,19054.75,4812.5,0.51,5362.5,0.56,-1375,-0.14,90187.5,90.19
800,Entry long,2005-09-29 17:00,S1 Trend,1732.25,11,19054.75,4812.5,0.51,5362.5,0.56,-1375,-0.14,90187.5,90.19
801,Exit long,2005-10-03 18:30,S2 FairVal,1741,15,26107.5,375,0.03,375,0.03,-2062.5,-0.16,90562.5,90.56
801,Entry long,2005-10-03 16:30,S2 VWAP,1740.5,15,26107.5,375,0.03,375,0.03,-2062.5,-0.16,90562.5,90.56
802,Exit short,2005-10-05 17:00,S3 Scalp,1714.25,19,32689.5,5937.5,0.36,5937.5,0.36,-2375,-0.15,96500,96.50
802,Entry short,2005-10-05 15:30,S3 Hedge,1720.5,19,32689.5,5937.5,0.36,5937.5,0.36,-2375,-0.15,96500,96.50
803,Exit short,2005-10-11 18:00,S3 Scalp,1700.25,13,22057.75,-2275,-0.21,0,0.00,-2275,-0.21,94225,94.23
803,Entry short,2005-10-11 17:30,S3 Hedge,1696.75,13,22057.75,-2275,-0.21,0,0.00,-2275,-0.21,94225,94.23
804,Exit long,2005-10-14 21:00,EOD,1698.25,11,18612,3437.5,0.37,3850,0.41,-1100,-0.12,97662.5,97.66
804,Entry long,2005-10-14 16:30,S1 Trend,1692,11,18612,3437.5,0.37,3850,0.41,-1100,-0.12,97662.5,97.66
805,Exit long,2005-10-19 21:00,EOD,1706.5,9,15273,4275,0.56,4387.5,0.57,-225,-0.03,101937.5,101.94
805,Entry long,2005-10-19 19:30,S1 Trend,1697,9,15273,4275,0.56,4387.5,0.57,-225,-0.03,101937.5,101.94
806,Exit short,2005-10-20 19:00,S3 Scalp,1696.5,18,30667.5,6525,0.43,6525,0.43,-2250,-0.15,108462.5,108.46
806,Entry short,2005-10-20 15:30,S3 Hedge,1703.75,18,30667.5,6525,0.43,6525,0.43,-2250,-0.15,108462.5,108.46
807,Exit long,2005-10-21 21:00,EOD,1690,9,15259.5,-2475,-0.32,675,0.09,-2925,-0.38,105987.5,105.99
807,Entry long,2005-10-21 19:00,S1 Trend,1695.5,9,15259.5,-2475,-0.32,675,0.09,-2925,-0.38,105987.5,105.99
808,Exit long,2005-10-24 21:00,EOD,1710.5,13,22109.75,6337.5,0.57,6337.5,0.57,-162.5,-0.01,112325,112.33
808,Entry long,2005-10-24 17:00,S1 Trend,1700.75,13,22109.75,6337.5,0.57,6337.5,0.57,-162.5,-0.01,112325,112.33
809,Exit long,2005-10-25 18:30,S2 FairVal,1701.5,14,23884,-3150,-0.26,175,0.01,-3150,-0.26,109175,109.18
809,Entry long,2005-10-25 17:30,S2 VWAP,1706,14,23884,-3150,-0.26,175,0.01,-3150,-0.26,109175,109.18
810,Exit long,2005-10-26 18:00,S1 Trail,1707,13,22243,-2600,-0.23,2437.5,0.22,-2600,-0.23,106575,106.58
810,Entry long,2005-10-26 15:30,S1 Trend,1711,13,22243,-2600,-0.23,2437.5,0.22,-2600,-0.23,106575,106.58
811,Exit long,2005-10-28 21:00,EOD,1708,12,20403,4650,0.46,5100,0.50,-1350,-0.13,111225,111.23
811,Entry long,2005-10-28 17:00,S1 Trend,1700.25,12,20403,4650,0.46,5100,0.50,-1350,-0.13,111225,111.23
812,Exit long,2005-11-04 17:30,S2 FairVal,1728.5,16,27616,2000,0.14,2000,0.14,-1000,-0.07,113225,113.23
812,Entry long,2005-11-04 16:30,S2 VWAP,1726,16,27616,2000,0.14,2000,0.14,-1000,-0.07,113225,113.23
813,Exit long,2005-11-10 20:00,S1 Climax,1742.25,3,5216.25,525,0.20,637.5,0.24,-75,-0.03,113750,113.75
813,Entry long,2005-11-10 19:00,S1 Trend,1738.75,3,5216.25,525,0.20,637.5,0.24,-75,-0.03,113750,113.75
814,Exit long,2005-11-10 21:00,EOD,1741,9,15648.75,1012.5,0.13,1912.5,0.24,-225,-0.03,114762.5,114.76
814,Entry long,2005-11-10 19:00,S1 Trend,1738.75,9,15648.75,1012.5,0.13,1912.5,0.24,-225,-0.03,114762.5,114.76
815,Exit long,2005-11-14 19:30,S2 FairVal,1744.5,20,34900,-500,-0.03,250,0.01,-2250,-0.13,114262.5,114.26
815,Entry long,2005-11-14 19:00,S2 VWAP,1745,20,34900,-500,-0.03,250,0.01,-2250,-0.13,114262.5,114.26
816,Exit long,2005-12-23 17:00,S2 FairVal,1775,28,49665,1750,0.07,2450,0.10,0,0.00,116012.5,116.01
816,Entry long,2005-12-23 16:30,S2 VWAP,1773.75,28,49665,1750,0.07,2450,0.10,0,0.00,116012.5,116.01
817,Exit long,2006-01-03 21:00,EOD,1775,12,21171,6450,0.61,7500,0.71,-150,-0.01,122462.5,122.46
817,Entry long,2006-01-03 19:30,S1 Trend,1764.25,12,21171,6450,0.61,7500,0.71,-150,-0.01,122462.5,122.46
818,Exit long,2006-01-05 17:00,S2 FairVal,1780,18,32008.5,1575,0.10,2025,0.13,-225,-0.01,124037.5,124.04
818,Entry long,2006-01-05 16:30,S2 VWAP,1778.25,18,32008.5,1575,0.10,2025,0.13,-225,-0.01,124037.5,124.04
819,Exit short,2006-02-07 16:00,S3 Scalp,1765.25,21,37012.5,-2887.5,-0.16,3150,0.17,-2887.5,-0.16,121150,121.15
819,Entry short,2006-02-07 15:30,S3 Hedge,1762.5,21,37012.5,-2887.5,-0.16,3150,0.17,-2887.5,-0.16,121150,121.15
820,Exit short,2006-02-07 21:00,EOD,1756.75,14,24615.5,1050,0.09,2100,0.17,-1750,-0.14,122200,122.20
820,Entry short,2006-02-07 18:30,S3 Hedge,1758.25,14,24615.5,1050,0.09,2100,0.17,-1750,-0.14,122200,122.20
821,Exit long,2006-02-14 21:00,EOD,1777.25,14,24857,1225,0.10,3675,0.30,-1750,-0.14,123425,123.43
821,Entry long,2006-02-14 17:00,S1 Trend,1775.5,14,24857,1225,0.10,3675,0.30,-1750,-0.14,123425,123.43
822,Exit long,2006-02-15 17:30,S2 FairVal,1773.5,16,28448,-3600,-0.25,200,0.01,-3600,-0.25,119825,119.83
822,Entry long,2006-02-15 17:00,S2 VWAP,1778,16,28448,-3600,-0.25,200,0.01,-3600,-0.25,119825,119.83
823,Exit long,2006-02-15 19:00,S2 FairVal,1779.25,14,24874.5,1750,0.14,2275,0.18,-700,-0.06,121575,121.58
823,Entry long,2006-02-15 18:30,S2 VWAP,1776.75,14,24874.5,1750,0.14,2275,0.18,-700,-0.06,121575,121.58
824,Exit long,2006-02-17 16:30,S2 FairVal,1788,23,41095.25,1437.5,0.07,3162.5,0.15,-1150,-0.06,123012.5,123.01
824,Entry long,2006-02-17 16:00,S2 VWAP,1786.75,23,41095.25,1437.5,0.07,3162.5,0.15,-1150,-0.06,123012.5,123.01
825,Exit long,2006-03-03 20:00,S1 Trail,1790,13,23302.5,-1625,-0.14,3737.5,0.32,-1625,-0.14,121387.5,121.39
825,Entry long,2006-03-03 17:30,S1 Trend,1792.5,13,23302.5,-1625,-0.14,3737.5,0.32,-1625,-0.14,121387.5,121.39
826,Exit short,2006-03-07 18:30,S3 Scalp,1775.25,16,28352,-2600,-0.18,800,0.06,-2600,-0.18,118787.5,118.79
826,Entry short,2006-03-07 18:00,S3 Hedge,1772,16,28352,-2600,-0.18,800,0.06,-2600,-0.18,118787.5,118.79
827,Exit long,2006-03-13 19:30,S2 FairVal,1785,21,37458.75,1312.5,0.07,2100,0.11,0,0.00,120100,120.10
827,Entry long,2006-03-13 19:00,S2 VWAP,1783.75,21,37458.75,1312.5,0.07,2100,0.11,0,0.00,120100,120.10
828,Exit long,2006-03-15 17:00,S2 FairVal,1796.5,23,41313.75,287.5,0.01,287.5,0.01,-2300,-0.11,120387.5,120.39
828,Entry long,2006-03-15 16:30,S2 VWAP,1796.25,23,41313.75,287.5,0.01,287.5,0.01,-2300,-0.11,120387.5,120.39
829,Exit long,2006-04-18 20:30,S1 Climax,1803.25,3,5394.75,750,0.28,975,0.36,-337.5,-0.13,121137.5,121.14
829,Entry long,2006-04-18 19:30,S1 Trend,1798.25,3,5394.75,750,0.28,975,0.36,-337.5,-0.13,121137.5,121.14
830,Exit long,2006-04-18 21:00,EOD,1803,10,17982.5,2375,0.26,3375,0.38,-1125,-0.13,123512.5,123.51
830,Entry long,2006-04-18 19:30,S1 Trend,1798.25,10,17982.5,2375,0.26,3375,0.38,-1125,-0.13,123512.5,123.51
831,Exit long,2006-04-27 21:00,EOD,1804,10,18067.5,-1375,-0.15,1625,0.18,-1875,-0.21,122137.5,122.14
831,Entry long,2006-04-27 16:30,S1 Trend,1806.75,10,18067.5,-1375,-0.15,1625,0.18,-1875,-0.21,122137.5,122.14
832,Exit long,2006-05-01 18:30,S2 FairVal,1808,19,34337.75,712.5,0.04,950,0.06,-712.5,-0.04,122850,122.85
832,Entry long,2006-05-01 18:00,S2 VWAP,1807.25,19,34337.75,712.5,0.04,950,0.06,-712.5,-0.04,122850,122.85
833,Exit long,2006-05-08 17:30,S2 FairVal,1818,24,43602,1500,0.07,1500,0.07,-300,-0.01,124350,124.35
833,Entry long,2006-05-08 17:00,S2 VWAP,1816.75,24,43602,1500,0.07,1500,0.07,-300,-0.01,124350,124.35
834,Exit short,2006-05-12 19:00,S3 Scalp,1791.5,12,21447,-2550,-0.24,1050,0.10,-2550,-0.24,121800,121.80
834,Entry short,2006-05-12 18:00,S3 Hedge,1787.25,12,21447,-2550,-0.24,1050,0.10,-2550,-0.24,121800,121.80
835,Exit long,2006-05-23 19:30,S1 Trail,1756.5,14,24682,-4550,-0.37,700,0.06,-4550,-0.37,117250,117.25
835,Entry long,2006-05-23 16:00,S1 Trend,1763,14,24682,-4550,-0.37,700,0.06,-4550,-0.37,117250,117.25
836,Exit long,2006-05-24 16:30,S1 Trail,1745.25,9,15781.5,-3712.5,-0.47,1125,0.14,-3712.5,-0.47,113537.5,113.54
836,Entry long,2006-05-24 15:30,S1 Trend,1753.5,9,15781.5,-3712.5,-0.47,1125,0.14,-3712.5,-0.47,113537.5,113.54
837,Exit long,2006-05-25 21:00,EOD,1764.5,11,19376.5,1650,0.17,1787.5,0.18,-2475,-0.26,115187.5,115.19
837,Entry long,2006-05-25 17:00,S1 Trend,1761.5,11,19376.5,1650,0.17,1787.5,0.18,-2475,-0.26,115187.5,115.19
838,Exit short,2006-05-30 20:30,S3 Scalp,1750.5,15,26373.75,5812.5,0.44,5812.5,0.44,-2437.5,-0.18,121000,121.00
838,Entry short,2006-05-30 16:30,S3 Hedge,1758.25,15,26373.75,5812.5,0.44,5812.5,0.44,-2437.5,-0.18,121000,121.00
839,Exit long,2006-06-01 21:00,EOD,1775.5,14,24720.5,6825,0.55,7700,0.62,-175,-0.01,127825,127.83
839,Entry long,2006-06-01 16:00,S1 Trend,1765.75,14,24720.5,6825,0.55,7700,0.62,-175,-0.01,127825,127.83
840,Exit short,2006-06-02 18:00,S3 Scalp,1775.75,11,19483.75,-2475,-0.25,550,0.06,-2475,-0.25,125350,125.35
840,Entry short,2006-06-02 17:00,S3 Hedge,1771.25,11,19483.75,-2475,-0.25,550,0.06,-2475,-0.25,125350,125.35
841,Exit long,2006-06-05 19:00,S2 FairVal,1768,20,35435,-3750,-0.21,750,0.04,-3750,-0.21,121600,121.60
841,Entry long,2006-06-05 18:00,S2 VWAP,1771.75,20,35435,-3750,-0.21,750,0.04,-3750,-0.21,121600,121.60
842,Exit short,2006-06-06 17:30,S3 Scalp,1753.75,11,19236.25,-2750,-0.29,2475,0.26,-2750,-0.29,118850,118.85
842,Entry short,2006-06-06 16:30,S3 Hedge,1748.75,11,19236.25,-2750,-0.29,2475,0.26,-2750,-0.29,118850,118.85
843,Exit long,2006-06-07 19:00,S1 Trail,1754.75,12,21135,-3900,-0.37,900,0.09,-3900,-0.37,114950,114.95
843,Entry long,2006-06-07 17:00,S1 Trend,1761.25,12,21135,-3900,-0.37,900,0.09,-3900,-0.37,114950,114.95
844,Exit short,2006-06-08 19:00,S3 Scalp,1739.25,8,13858,-2800,-0.40,3200,0.46,-2800,-0.40,112150,112.15
844,Entry short,2006-06-08 16:30,S3 Hedge,1732.25,8,13858,-2800,-0.40,3200,0.46,-2800,-0.40,112150,112.15
845,Exit long,2006-06-15 20:00,S1 Climax,1741.5,3,5195.25,1462.5,0.56,1650,0.64,-562.5,-0.22,113612.5,113.61
845,Entry long,2006-06-15 16:00,S1 Trend,1731.75,3,5195.25,1462.5,0.56,1650,0.64,-562.5,-0.22,113612.5,113.61
846,Exit long,2006-06-15 20:30,S1 Climax,1742.25,3,5195.25,1575,0.61,1800,0.69,-562.5,-0.22,115187.5,115.19
846,Entry long,2006-06-15 16:00,S1 Trend,1731.75,3,5195.25,1575,0.61,1800,0.69,-562.5,-0.22,115187.5,115.19
847,Exit long,2006-06-15 21:00,EOD,1745.25,7,12122.25,4725,0.78,6125,1.01,-1312.5,-0.22,119912.5,119.91
847,Entry long,2006-06-15 16:00,S1 Trend,1731.75,7,12122.25,4725,0.78,6125,1.01,-1312.5,-0.22,119912.5,119.91
848,Exit short,2006-06-16 20:00,S3 Scalp,1744,17,29575.75,-3612.5,-0.24,3825,0.26,-3612.5,-0.24,116300,116.30
848,Entry short,2006-06-16 15:30,S3 Hedge,1739.75,17,29575.75,-3612.5,-0.24,3825,0.26,-3612.5,-0.24,116300,116.30
849,Exit long,2006-06-20 18:30,S1 Trail,1730.75,13,22574.5,-3737.5,-0.33,1300,0.12,-3737.5,-0.33,112562.5,112.56
849,Entry long,2006-06-20 16:30,S1 Trend,1736.5,13,22574.5,-3737.5,-0.33,1300,0.12,-3737.5,-0.33,112562.5,112.56
850,Exit long,2006-06-21 21:00,EOD,1741,13,22564.75,3412.5,0.30,7312.5,0.65,0,0.00,115975,115.98
850,Entry long,2006-06-21 16:00,S1 Trend,1735.75,13,22564.75,3412.5,0.30,7312.5,0.65,0,0.00,115975,115.98
851,Exit long,2006-06-23 20:00,S1 Trail,1732.75,11,19142.75,-4125,-0.43,687.5,0.07,-4125,-0.43,111850,111.85
851,Entry long,2006-06-23 17:30,S1 Trend,1740.25,11,19142.75,-4125,-0.43,687.5,0.07,-4125,-0.43,111850,111.85
852,Exit long,2006-06-29 20:00,S1 Climax,1756,3,5252.25,787.5,0.30,1125,0.43,-262.5,-0.10,112637.5,112.64
852,Entry long,2006-06-29 19:30,S1 Trend,1750.75,3,5252.25,787.5,0.30,1125,0.43,-262.5,-0.10,112637.5,112.64
853,Exit long,2006-06-29 20:30,S1 Climax,1759.25,2,3501.5,850,0.49,875,0.50,-175,-0.10,113487.5,113.49
853,Entry long,2006-06-29 19:30,S1 Trend,1750.75,2,3501.5,850,0.49,875,0.50,-175,-0.10,113487.5,113.49
854,Exit long,2006-06-29 21:00,EOD,1760.75,6,10504.5,3000,0.57,3075,0.59,-525,-0.10,116487.5,116.49
854,Entry long,2006-06-29 19:30,S1 Trend,1750.75,6,10504.5,3000,0.57,3075,0.59,-525,-0.10,116487.5,116.49
855,Exit short,2006-07-13 21:00,EOD,1727.5,10,17320,2250,0.26,2625,0.30,-1250,-0.14,118737.5,118.74
855,Entry short,2006-07-13 19:00,S3 Hedge,1732,10,17320,2250,0.26,2625,0.30,-1250,-0.14,118737.5,118.74
856,Exit long,2006-07-19 16:00,S1 Climax,1741,3,5205.75,862.5,0.33,1162.5,0.45,-75,-0.03,119600,119.60
856,Entry long,2006-07-19 15:30,S1 Trend,1735.25,3,5205.75,862.5,0.33,1162.5,0.45,-75,-0.03,119600,119.60
857,Exit long,2006-07-19 16:30,S1 Climax,1740.5,2,3470.5,525,0.30,775,0.45,-50,-0.03,120125,120.13
857,Entry long,2006-07-19 15:30,S1 Trend,1735.25,2,3470.5,525,0.30,775,0.45,-50,-0.03,120125,120.13
858,Exit long,2006-07-19 18:30,S1 Climax,1744,1,1735.25,437.5,0.50,512.5,0.59,-25,-0.03,120562.5,120.56
858,Entry long,2006-07-19 15:30,S1 Trend,1735.25,1,1735.25,437.5,0.50,512.5,0.59,-25,-0.03,120562.5,120.56
859,Exit long,2006-07-19 20:00,S1 Climax,1746.25,1,1735.25,550,0.63,612.5,0.71,-25,-0.03,121112.5,121.11
859,Entry long,2006-07-19 15:30,S1 Trend,1735.25,1,1735.25,550,0.63,612.5,0.71,-25,-0.03,121112.5,121.11
860,Exit long,2006-07-19 20:30,S1 Climax,1746.25,1,1735.25,550,0.63,612.5,0.71,-25,-0.03,121662.5,121.66
860,Entry long,2006-07-19 15:30,S1 Trend,1735.25,1,1735.25,550,0.63,612.5,0.71,-25,-0.03,121662.5,121.66
861,Exit long,2006-07-19 21:00,EOD,1744.75,3,5205.75,1425,0.55,1837.5,0.71,-75,-0.03,123087.5,123.09
861,Entry long,2006-07-19 15:30,S1 Trend,1735.25,3,5205.75,1425,0.55,1837.5,0.71,-75,-0.03,123087.5,123.09
862,Exit short,2006-07-20 21:00,EOD,1734,13,22594,2600,0.23,2762.5,0.24,-2112.5,-0.19,125687.5,125.69
862,Entry short,2006-07-20 19:30,S3 Hedge,1738,13,22594,2600,0.23,2762.5,0.24,-2112.5,-0.19,125687.5,125.69
863,Exit long,2006-07-24 16:30,S1 Climax,1741.5,4,6962,200,0.06,350,0.10,-200,-0.06,125887.5,125.89
863,Entry long,2006-07-24 16:00,S1 Trend,1740.5,4,6962,200,0.06,350,0.10,-200,-0.06,125887.5,125.89
864,Exit long,2006-07-24 17:00,S1 Climax,1743.5,3,5221.5,450,0.17,675,0.26,-150,-0.06,126337.5,126.34
864,Entry long,2006-07-24 16:00,S1 Trend,1740.5,3,5221.5,450,0.17,675,0.26,-150,-0.06,126337.5,126.34
865,Exit long,2006-07-24 21:00,EOD,1745.5,7,12183.5,1750,0.29,2450,0.40,-437.5,-0.07,128087.5,128.09
865,Entry long,2006-07-24 16:00,S1 Trend,1740.5,7,12183.5,1750,0.29,2450,0.40,-437.5,-0.07,128087.5,128.09
866,Exit long,2006-07-25 17:30,S2 FairVal,1745.5,15,26163.75,937.5,0.07,937.5,0.07,-2437.5,-0.19,129025,129.02
866,Entry long,2006-07-25 16:30,S2 VWAP,1744.25,15,26163.75,937.5,0.07,937.5,0.07,-2437.5,-0.19,129025,129.02
867,Exit long,2006-07-26 16:30,S2 FairVal,1748.75,17,29699,1487.5,0.10,2975,0.20,-637.5,-0.04,130512.5,130.51
867,Entry long,2006-07-26 16:00,S2 VWAP,1747,17,29699,1487.5,0.10,2975,0.20,-637.5,-0.04,130512.5,130.51
868,Exit long,2006-07-26 21:00,EOD,1752.25,14,24563,-1575,-0.13,2625,0.21,-2275,-0.19,128937.5,128.94
868,Entry long,2006-07-26 19:00,S1 Trend,1754.5,14,24563,-1575,-0.13,2625,0.21,-2275,-0.19,128937.5,128.94
869,Exit long,2006-07-28 21:00,EOD,1761.25,14,24661,-175,-0.01,2100,0.17,-1925,-0.16,128762.5,128.76
869,Entry long,2006-07-28 16:30,S1 Trend,1761.5,14,24661,-175,-0.01,2100,0.17,-1925,-0.16,128762.5,128.76
870,Exit long,2006-08-03 21:00,EOD,1763,14,24710,-1400,-0.11,1750,0.14,-1750,-0.14,127362.5,127.36
870,Entry long,2006-08-03 19:30,S1 Trend,1765,14,24710,-1400,-0.11,1750,0.14,-1750,-0.14,127362.5,127.36
871,Exit short,2006-08-11 19:00,S3 Scalp,1748.25,16,27920,-2600,-0.19,200,0.01,-2600,-0.19,124762.5,124.76
871,Entry short,2006-08-11 18:30,S3 Hedge,1745,16,27920,-2600,-0.19,200,0.01,-2600,-0.19,124762.5,124.76
872,Exit long,2006-08-15 21:00,EOD,1767,13,22945,1300,0.11,2600,0.23,-325,-0.03,126062.5,126.06
872,Entry long,2006-08-15 19:30,S1 Trend,1765,13,22945,1300,0.11,2600,0.23,-325,-0.03,126062.5,126.06
873,Exit short,2006-09-07 16:30,S3 Scalp,1776,22,39017,-2750,-0.14,2200,0.11,-2750,-0.14,123312.5,123.31
873,Entry short,2006-09-07 15:30,S3 Hedge,1773.5,22,39017,-2750,-0.14,2200,0.11,-2750,-0.14,123312.5,123.31
874,Exit long,2006-09-25 21:00,EOD,1804,14,25203.5,2625,0.21,5075,0.40,-700,-0.06,125937.5,125.94
874,Entry long,2006-09-25 18:30,S1 Trend,1800.25,14,25203.5,2625,0.21,5075,0.40,-700,-0.06,125937.5,125.94
875,Exit long,2006-09-26 21:00,EOD,1813.75,13,23549.5,1462.5,0.12,2112.5,0.18,-1787.5,-0.15,127400,127.40
875,Entry long,2006-09-26 19:00,S1 Trend,1811.5,13,23549.5,1462.5,0.12,2112.5,0.18,-1787.5,-0.15,127400,127.40
876,Exit long,2006-11-08 21:00,EOD,1857.25,12,22299,-600,-0.05,1500,0.13,-1200,-0.11,126800,126.80
876,Entry long,2006-11-08 19:30,S1 Trend,1858.25,12,22299,-600,-0.05,1500,0.13,-1200,-0.11,126800,126.80
877,Exit long,2006-11-09 16:30,S2 FairVal,1858.25,18,33448.5,0,0.00,1125,0.07,-1800,-0.11,126800,126.80
877,Entry long,2006-11-09 16:00,S2 VWAP,1858.25,18,33448.5,0,0.00,1125,0.07,-1800,-0.11,126800,126.80
878,Exit long,2006-11-09 19:30,S2 FairVal,1850.25,15,27821.25,-3375,-0.24,750,0.05,-3375,-0.24,123425,123.43
878,Entry long,2006-11-09 19:00,S2 VWAP,1854.75,15,27821.25,-3375,-0.24,750,0.05,-3375,-0.24,123425,123.43
879,Exit long,2006-12-07 18:00,S2 FairVal,1882.75,18,33871.5,900,0.05,900,0.05,-1575,-0.09,124325,124.33
879,Entry long,2006-12-07 17:00,S2 VWAP,1881.75,18,33871.5,900,0.05,900,0.05,-1575,-0.09,124325,124.33
880,Exit long,2006-12-18 19:30,S2 FairVal,1889.75,21,39758.25,-3675,-0.18,2100,0.11,-3675,-0.18,120650,120.65
880,Entry long,2006-12-18 18:00,S2 VWAP,1893.25,21,39758.25,-3675,-0.18,2100,0.11,-3675,-0.18,120650,120.65
881,Exit long,2006-12-19 21:00,EOD,1893,13,24573.25,1787.5,0.15,3575,0.29,-162.5,-0.01,122437.5,122.44
881,Entry long,2006-12-19 19:30,S1 Trend,1890.25,13,24573.25,1787.5,0.15,3575,0.29,-162.5,-0.01,122437.5,122.44
882,Exit long,2006-12-20 21:00,EOD,1889.75,21,39721.5,-1837.5,-0.09,1050,0.05,-1837.5,-0.09,120600,120.60
882,Entry long,2006-12-20 19:30,S2 VWAP,1891.5,21,39721.5,-1837.5,-0.09,1050,0.05,-1837.5,-0.09,120600,120.60
883,Exit short,2007-01-09 19:00,S3 Scalp,1877.25,15,28098.75,-3000,-0.21,3000,0.21,-3000,-0.21,117600,117.60
883,Entry short,2007-01-09 16:30,S3 Hedge,1873.25,15,28098.75,-3000,-0.21,3000,0.21,-3000,-0.21,117600,117.60
884,Exit short,2007-01-25 21:00,EOD,1885,15,28282.5,375,0.03,2062.5,0.15,-1312.5,-0.09,117975,117.98
884,Entry short,2007-01-25 19:30,S3 Hedge,1885.5,15,28282.5,375,0.03,2062.5,0.15,-1312.5,-0.09,117975,117.98
885,Exit short,2007-01-26 20:00,S3 Scalp,1885.75,15,28226.25,-3000,-0.21,3375,0.24,-3000,-0.21,114975,114.98
885,Entry short,2007-01-26 15:30,S3 Hedge,1881.75,15,28226.25,-3000,-0.21,3375,0.24,-3000,-0.21,114975,114.98
886,Exit long,2007-02-06 18:00,S2 FairVal,1906.25,25,47631.25,1250,0.05,1250,0.05,-3125,-0.13,116225,116.23
886,Entry long,2007-02-06 16:30,S2 VWAP,1905.25,25,47631.25,1250,0.05,1250,0.05,-3125,-0.13,116225,116.23
887,Exit short,2007-02-12 21:00,EOD,1892.75,17,32159.75,-850,-0.05,1275,0.08,-1487.5,-0.09,115375,115.38
887,Entry short,2007-02-12 19:00,S3 Hedge,1891.75,17,32159.75,-850,-0.05,1275,0.08,-1487.5,-0.09,115375,115.38
888,Exit long,2007-02-15 17:00,S2 FairVal,1915,23,44033.5,575,0.03,862.5,0.04,-862.5,-0.04,115950,115.95
888,Entry long,2007-02-15 16:30,S2 VWAP,1914.5,23,44033.5,575,0.03,862.5,0.04,-862.5,-0.04,115950,115.95
889,Exit short,2007-02-27 18:30,S3 Scalp,1879.75,13,24547.25,5525,0.45,5525,0.45,-1950,-0.16,121475,121.48
889,Entry short,2007-02-27 16:30,S3 Hedge,1888.25,13,24547.25,5525,0.45,5525,0.45,-1950,-0.16,121475,121.48
890,Exit short,2007-02-27 19:30,S3 Scalp,1865.75,11,20666.25,7150,0.69,7562.5,0.73,-275,-0.03,128625,128.63
890,Entry short,2007-02-27 19:00,S3 Hedge,1878.75,11,20666.25,7150,0.69,7562.5,0.73,-275,-0.03,128625,128.63
891,Exit long,2007-03-06 21:00,EOD,1851.25,10,18462.5,2500,0.27,4250,0.46,-875,-0.09,131125,131.13
891,Entry long,2007-03-06 18:00,S1 Trend,1846.25,10,18462.5,2500,0.27,4250,0.46,-875,-0.09,131125,131.13
892,Exit long,2007-03-07 20:30,S1 Trail,1849.5,13,24098.75,-2762.5,-0.23,2600,0.22,-2762.5,-0.23,128362.5,128.36
892,Entry long,2007-03-07 18:30,S1 Trend,1853.75,13,24098.75,-2762.5,-0.23,2600,0.22,-2762.5,-0.23,128362.5,128.36
893,Exit long,2007-03-15 20:00,EOD,1847,11,20328,-550,-0.05,1375,0.14,-3575,-0.35,127812.5,127.81
893,Entry long,2007-03-15 15:00,S1 Trend,1848,11,20328,-550,-0.05,1375,0.14,-3575,-0.35,127812.5,127.81
894,Exit long,2007-03-16 15:30,S1 Trail,1842.25,11,20366.5,-5087.5,-0.50,0,0.00,-5087.5,-0.50,122725,122.73
894,Entry long,2007-03-16 14:30,S1 Trend,1851.5,11,20366.5,-5087.5,-0.50,0,0.00,-5087.5,-0.50,122725,122.73
895,Exit short,2007-03-30 19:30,S3 Scalp,1876,12,22449,-3150,-0.28,6000,0.53,-3150,-0.28,119575,119.58
895,Entry short,2007-03-30 16:30,S3 Hedge,1870.75,12,22449,-3150,-0.28,6000,0.53,-3150,-0.28,119575,119.58
896,Exit long,2007-04-24 21:00,EOD,1930.75,12,23190,-1050,-0.09,300,0.03,-2100,-0.18,118525,118.53
896,Entry long,2007-04-24 19:30,S1 Trend,1932.5,12,23190,-1050,-0.09,300,0.03,-2100,-0.18,118525,118.53
897,Exit long,2007-05-15 19:00,S1 Trail,1953.5,12,23520,-3900,-0.33,1500,0.13,-3900,-0.33,114625,114.63
897,Entry long,2007-05-15 15:30,S1 Trend,1960,12,23520,-3900,-0.33,1500,0.13,-3900,-0.33,114625,114.63
898,Exit long,2007-05-16 21:00,EOD,1961,12,23460,3600,0.31,3750,0.32,-150,-0.01,118225,118.23
898,Entry long,2007-05-16 19:00,S1 Trend,1955,12,23460,3600,0.31,3750,0.32,-150,-0.01,118225,118.23
899,Exit long,2007-05-22 18:00,S2 FairVal,1973.5,19,37439.5,2850,0.15,3325,0.18,-237.5,-0.01,121075,121.08
899,Entry long,2007-05-22 17:30,S2 VWAP,1970.5,19,37439.5,2850,0.15,3325,0.18,-237.5,-0.01,121075,121.08
900,Exit long,2007-05-29 18:30,S2 FairVal,1957.5,17,33354,-3825,-0.23,1062.5,0.06,-3825,-0.23,117250,117.25
900,Entry long,2007-05-29 18:00,S2 VWAP,1962,17,33354,-3825,-0.23,1062.5,0.06,-3825,-0.23,117250,117.25
901,Exit long,2007-05-31 17:30,S2 FairVal,1978.5,16,31624,1600,0.10,2000,0.13,-800,-0.05,118850,118.85
901,Entry long,2007-05-31 17:00,S2 VWAP,1976.5,16,31624,1600,0.10,2000,0.13,-800,-0.05,118850,118.85
902,Exit long,2007-05-31 19:30,S2 FairVal,1977.25,14,27657,1225,0.09,2100,0.15,0,0.00,120075,120.08
902,Entry long,2007-05-31 19:00,S2 VWAP,1975.5,14,27657,1225,0.09,2100,0.15,0,0.00,120075,120.08
903,Exit short,2007-06-07 17:30,S3 Scalp,1944.25,11,21494,5362.5,0.50,5362.5,0.50,-137.5,-0.01,125437.5,125.44
903,Entry short,2007-06-07 16:00,S3 Hedge,1954,11,21494,5362.5,0.50,5362.5,0.50,-137.5,-0.01,125437.5,125.44
904,Exit long,2007-06-11 21:00,EOD,1952.75,12,23457,-1200,-0.10,2850,0.24,-1950,-0.17,124237.5,124.24
904,Entry long,2007-06-11 17:00,S1 Trend,1954.75,12,23457,-1200,-0.10,2850,0.24,-1950,-0.17,124237.5,124.24
905,Exit long,2007-06-12 19:30,S1 Trail,1944.5,10,19522.5,-3875,-0.40,1375,0.14,-3875,-0.40,120362.5,120.36
905,Entry long,2007-06-12 19:00,S1 Trend,1952.25,10,19522.5,-3875,-0.40,1375,0.14,-3875,-0.40,120362.5,120.36
906,Exit long,2007-06-13 21:00,EOD,1958.75,10,19472.5,5750,0.59,5750,0.59,-3375,-0.35,126112.5,126.11
906,Entry long,2007-06-13 15:30,S1 Trend,1947.25,10,19472.5,5750,0.59,5750,0.59,-3375,-0.35,126112.5,126.11
907,Exit short,2007-06-22 17:00,S3 Scalp,1945.25,12,23451,5400,0.46,5400,0.46,-2100,-0.18,131512.5,131.51
907,Entry short,2007-06-22 15:30,S3 Hedge,1954.25,12,23451,5400,0.46,5400,0.46,-2100,-0.18,131512.5,131.51
908,Exit long,2007-06-27 21:00,EOD,1947.5,8,15524,2800,0.36,2900,0.37,-500,-0.06,134312.5,134.31
908,Entry long,2007-06-27 19:30,S1 Trend,1940.5,8,15524,2800,0.36,2900,0.37,-500,-0.06,134312.5,134.31
909,Exit long,2007-06-28 21:00,EOD,1945.75,12,23418,-3450,-0.29,1650,0.14,-3750,-0.32,130862.5,130.86
909,Entry long,2007-06-28 19:30,S1 Trend,1951.5,12,23418,-3450,-0.29,1650,0.14,-3750,-0.32,130862.5,130.86
910,Exit long,2007-06-29 17:00,S1 Trail,1947,12,23457,-4650,-0.40,150,0.01,-4650,-0.40,126212.5,126.21
910,Entry long,2007-06-29 15:30,S1 Trend,1954.75,12,23457,-4650,-0.40,150,0.01,-4650,-0.40,126212.5,126.21
911,Exit long,2007-07-02 21:00,EOD,1959.5,12,23478,1800,0.15,1950,0.17,-1200,-0.10,128012.5,128.01
911,Entry long,2007-07-02 19:00,S1 Trend,1956.5,12,23478,1800,0.15,1950,0.17,-1200,-0.10,128012.5,128.01
912,Exit long,2007-07-03 17:30,S2 FairVal,1964,21,41212.5,1575,0.08,1837.5,0.09,0,0.00,129587.5,129.59
912,Entry long,2007-07-03 17:00,S2 VWAP,1962.5,21,41212.5,1575,0.08,1837.5,0.09,0,0.00,129587.5,129.59
913,Exit long,2007-07-09 17:00,S2 FairVal,1969.5,17,33485.75,-212.5,-0.01,212.5,0.01,-1275,-0.08,129375,129.38
913,Entry long,2007-07-09 16:30,S2 VWAP,1969.75,17,33485.75,-212.5,-0.01,212.5,0.01,-1275,-0.08,129375,129.38
914,Exit short,2007-07-10 21:00,EOD,1948.25,11,21505,3712.5,0.35,3850,0.36,-1512.5,-0.14,133087.5,133.09
914,Entry short,2007-07-10 19:00,S3 Hedge,1955,11,21505,3712.5,0.35,3850,0.36,-1512.5,-0.14,133087.5,133.09
915,Exit long,2007-07-23 19:00,S1 Trail,1976.25,13,25762.75,-3575,-0.28,1625,0.13,-3575,-0.28,129512.5,129.51
915,Entry long,2007-07-23 16:00,S1 Trend,1981.75,13,25762.75,-3575,-0.28,1625,0.13,-3575,-0.28,129512.5,129.51
916,Exit short,2007-07-26 19:00,S3 Scalp,1905.25,6,11553,6075,1.05,6075,1.05,-1200,-0.21,135587.5,135.59
916,Entry short,2007-07-26 16:30,S3 Hedge,1925.5,6,11553,6075,1.05,6075,1.05,-1200,-0.21,135587.5,135.59
917,Exit short,2007-07-26 20:00,S3 Scalp,1917.25,4,7622,-2350,-0.62,1300,0.34,-2350,-0.62,133237.5,133.24
917,Entry short,2007-07-26 19:30,S3 Hedge,1905.5,4,7622,-2350,-0.62,1300,0.34,-2350,-0.62,133237.5,133.24
918,Exit long,2007-08-02 21:00,EOD,1906.5,7,13326.25,962.5,0.14,2537.5,0.38,-3237.5,-0.49,134200,134.20
918,Entry long,2007-08-02 17:30,S1 Trend,1903.75,7,13326.25,962.5,0.14,2537.5,0.38,-3237.5,-0.49,134200,134.20
919,Exit long,2007-08-07 19:00,S1 Trail,1898.75,11,20872.5,687.5,0.07,7150,0.69,-1650,-0.16,134887.5,134.89
919,Entry long,2007-08-07 15:30,S1 Trend,1897.5,11,20872.5,687.5,0.07,7150,0.69,-1650,-0.16,134887.5,134.89
920,Exit long,2007-08-07 21:00,EOD,1909.75,7,13256.25,5600,0.84,10150,1.53,-1750,-0.26,140487.5,140.49
920,Entry long,2007-08-07 19:30,S1 Trend,1893.75,7,13256.25,5600,0.84,10150,1.53,-1750,-0.26,140487.5,140.49
921,Exit long,2007-08-08 17:00,S1 Trail,1921.25,12,23100,-2250,-0.19,3450,0.30,-2250,-0.19,138237.5,138.24
921,Entry long,2007-08-08 15:30,S1 Trend,1925,12,23100,-2250,-0.19,3450,0.30,-2250,-0.19,138237.5,138.24
922,Exit long,2007-08-08 19:30,S1 Climax,1936.5,2,3865,400,0.21,600,0.31,-250,-0.13,138637.5,138.64
922,Entry long,2007-08-08 19:00,S1 Trend,1932.5,2,3865,400,0.21,600,0.31,-250,-0.13,138637.5,138.64
923,Exit long,2007-08-08 20:00,S1 Trail,1926.25,7,13527.5,-2187.5,-0.32,2100,0.31,-2187.5,-0.32,136450,136.45
923,Entry long,2007-08-08 19:00,S1 Trend,1932.5,7,13527.5,-2187.5,-0.32,2100,0.31,-2187.5,-0.32,136450,136.45
924,Exit long,2007-08-13 20:30,S1 Trail,1884.75,8,15184,-5300,-0.70,100,0.01,-5300,-0.70,131150,131.15
924,Entry long,2007-08-13 17:00,S1 Trend,1898,8,15184,-5300,-0.70,100,0.01,-5300,-0.70,131150,131.15
925,Exit short,2007-08-16 16:00,S3 Scalp,1829,6,10917,-2850,-0.52,375,0.07,-3300,-0.60,128300,128.30
925,Entry short,2007-08-16 15:30,S3 Hedge,1819.5,6,10917,-2850,-0.52,375,0.07,-3300,-0.60,128300,128.30
926,Exit short,2007-08-20 20:00,S3 Scalp,1878,7,13088.25,-2887.5,-0.44,2537.5,0.39,-2887.5,-0.44,125412.5,125.41
926,Entry short,2007-08-20 17:00,S3 Hedge,1869.75,7,13088.25,-2887.5,-0.44,2537.5,0.39,-2887.5,-0.44,125412.5,125.41
927,Exit long,2007-08-21 21:00,EOD,1879,6,11313,-1950,-0.34,750,0.13,-3150,-0.56,123462.5,123.46
927,Entry long,2007-08-21 17:00,S1 Trend,1885.5,6,11313,-1950,-0.34,750,0.13,-3150,-0.56,123462.5,123.46
928,Exit long,2007-08-22 19:30,S2 FairVal,1889.5,8,15124,-400,-0.05,200,0.03,-2600,-0.34,123062.5,123.06
928,Entry long,2007-08-22 19:00,S2 VWAP,1890.5,8,15124,-400,-0.05,200,0.03,-2600,-0.34,123062.5,123.06
929,Exit short,2007-08-23 21:00,EOD,1894.75,8,15142,-800,-0.11,3100,0.41,-1500,-0.20,122262.5,122.26
929,Entry short,2007-08-23 16:30,S3 Hedge,1892.75,8,15142,-800,-0.11,3100,0.41,-1500,-0.20,122262.5,122.26
930,Exit long,2007-08-24 20:00,S1 Climax,1908.5,3,5690.25,1762.5,0.62,1800,0.63,-525,-0.18,124025,124.03
930,Entry long,2007-08-24 15:30,S1 Trend,1896.75,3,5690.25,1762.5,0.62,1800,0.63,-525,-0.18,124025,124.03
931,Exit long,2007-08-24 21:00,EOD,1910.75,8,15174,5600,0.74,6000,0.79,-1400,-0.18,129625,129.63
931,Entry long,2007-08-24 15:30,S1 Trend,1896.75,8,15174,5600,0.74,6000,0.79,-1400,-0.18,129625,129.63
932,Exit short,2007-08-27 18:00,S3 Scalp,1904.5,15,28511.25,-2812.5,-0.20,1125,0.08,-2812.5,-0.20,126812.5,126.81
932,Entry short,2007-08-27 16:30,S3 Hedge,1900.75,15,28511.25,-2812.5,-0.20,1125,0.08,-2812.5,-0.20,126812.5,126.81
933,Exit short,2007-08-28 19:30,S3 Scalp,1873.75,13,24479,6012.5,0.49,6012.5,0.49,-325,-0.03,132825,132.82
933,Entry short,2007-08-28 16:00,S3 Hedge,1883,13,24479,6012.5,0.49,6012.5,0.49,-325,-0.03,132825,132.82
934,Exit long,2007-08-30 17:00,S1 Trail,1887,9,17019,-1800,-0.21,3825,0.45,-1800,-0.21,131025,131.02
934,Entry long,2007-08-30 15:30,S1 Trend,1891,9,17019,-1800,-0.21,3825,0.45,-1800,-0.21,131025,131.02
935,Exit long,2007-08-31 21:00,EOD,1901.75,7,13361.25,-2450,-0.37,1400,0.21,-2712.5,-0.41,128575,128.57
935,Entry long,2007-08-31 18:00,S1 Trend,1908.75,7,13361.25,-2450,-0.37,1400,0.21,-2712.5,-0.41,128575,128.57
936,Exit long,2007-09-04 18:30,S1 Climax,1917.25,3,5734.5,862.5,0.30,1087.5,0.38,-112.5,-0.04,129437.5,129.44
936,Entry long,2007-09-04 15:30,S1 Trend,1911.5,3,5734.5,862.5,0.30,1087.5,0.38,-112.5,-0.04,129437.5,129.44
937,Exit long,2007-09-04 19:00,S1 Climax,1917.5,2,3823,600,0.31,725,0.38,-75,-0.04,130037.5,130.04
937,Entry long,2007-09-04 15:30,S1 Trend,1911.5,2,3823,600,0.31,725,0.38,-75,-0.04,130037.5,130.04
938,Exit long,2007-09-04 19:30,S1 Climax,1918.5,2,3823,700,0.37,825,0.43,-75,-0.04,130737.5,130.74
938,Entry long,2007-09-04 15:30,S1 Trend,1911.5,2,3823,700,0.37,825,0.43,-75,-0.04,130737.5,130.74
939,Exit long,2007-09-04 20:00,S1 Climax,1921.75,1,1911.5,512.5,0.54,525,0.55,-37.5,-0.04,131250,131.25
939,Entry long,2007-09-04 15:30,S1 Trend,1911.5,1,1911.5,512.5,0.54,525,0.55,-37.5,-0.04,131250,131.25
940,Exit long,2007-09-04 20:30,S1 Climax,1926.25,1,1911.5,737.5,0.77,750,0.78,-37.5,-0.04,131987.5,131.99
940,Entry long,2007-09-04 15:30,S1 Trend,1911.5,1,1911.5,737.5,0.77,750,0.78,-37.5,-0.04,131987.5,131.99
941,Exit long,2007-09-04 21:00,EOD,1919.75,3,5734.5,1237.5,0.43,2362.5,0.82,-112.5,-0.04,133225,133.23
941,Entry long,2007-09-04 15:30,S1 Trend,1911.5,3,5734.5,1237.5,0.43,2362.5,0.82,-112.5,-0.04,133225,133.23
942,Exit long,2007-09-06 21:00,EOD,1909,9,17172,450,0.05,2025,0.24,-1800,-0.21,133675,133.68
942,Entry long,2007-09-06 17:00,S1 Trend,1908,9,17172,450,0.05,2025,0.24,-1800,-0.21,133675,133.68
943,Exit long,2007-09-11 21:00,EOD,1901.5,11,20842.25,3712.5,0.36,4262.5,0.41,-3162.5,-0.30,137387.5,137.39
943,Entry long,2007-09-11 15:30,S1 Trend,1894.75,11,20842.25,3712.5,0.36,4262.5,0.41,-3162.5,-0.30,137387.5,137.39
944,Exit long,2007-09-12 21:00,EOD,1901,13,24726,-650,-0.05,4712.5,0.38,-1950,-0.16,136737.5,136.74
944,Entry long,2007-09-12 15:30,S1 Trend,1902,13,24726,-650,-0.05,4712.5,0.38,-1950,-0.16,136737.5,136.74
945,Exit long,2007-09-13 20:30,S1 Trail,1910.5,13,24843,-325,-0.03,5200,0.42,-325,-0.03,136412.5,136.41
945,Entry long,2007-09-13 15:30,S1 Trend,1911,13,24843,-325,-0.03,5200,0.42,-325,-0.03,136412.5,136.41
946,Exit long,2007-09-14 21:00,EOD,1913,12,22917,1950,0.17,3150,0.27,-1650,-0.14,138362.5,138.36
946,Entry long,2007-09-14 15:30,S1 Trend,1909.75,12,22917,1950,0.17,3150,0.27,-1650,-0.14,138362.5,138.36
947,Exit long,2007-09-18 19:30,S1 Climax,1930.25,3,5747.25,2175,0.76,3675,1.28,-675,-0.23,140537.5,140.54
947,Entry long,2007-09-18 16:00,S1 Trend,1915.75,3,5747.25,2175,0.76,3675,1.28,-675,-0.23,140537.5,140.54
948,Exit long,2007-09-18 20:00,S1 Climax,1937.75,2,3831.5,2200,1.15,2600,1.36,-450,-0.23,142737.5,142.74
948,Entry long,2007-09-18 16:00,S1 Trend,1915.75,2,3831.5,2200,1.15,2600,1.36,-450,-0.23,142737.5,142.74
949,Exit long,2007-09-18 20:30,S1 Climax,1944.75,2,3831.5,2900,1.51,2925,1.53,-450,-0.23,145637.5,145.64
949,Entry long,2007-09-18 16:00,S1 Trend,1915.75,2,3831.5,2900,1.51,2925,1.53,-450,-0.23,145637.5,145.64
950,Exit long,2007-09-18 21:00,EOD,1948.5,5,9578.75,8187.5,1.71,8437.5,1.76,-1125,-0.23,153825,153.82
950,Entry long,2007-09-18 16:00,S1 Trend,1915.75,5,9578.75,8187.5,1.71,8437.5,1.76,-1125,-0.23,153825,153.82
951,Exit long,2007-09-19 16:30,S1 Climax,1964.5,3,5885.25,412.5,0.14,825,0.28,-300,-0.10,154237.5,154.24
951,Entry long,2007-09-19 15:30,S1 Trend,1961.75,3,5885.25,412.5,0.14,825,0.28,-300,-0.10,154237.5,154.24
952,Exit long,2007-09-19 18:00,S1 Trail,1957.75,9,17655.75,-1800,-0.20,2475,0.28,-1800,-0.20,152437.5,152.44
952,Entry long,2007-09-19 15:30,S1 Trend,1961.75,9,17655.75,-1800,-0.20,2475,0.28,-1800,-0.20,152437.5,152.44
953,Exit long,2007-09-26 20:00,S2 FairVal,1950.5,13,25330.5,1300,0.10,1300,0.10,-812.5,-0.06,153737.5,153.74
953,Entry long,2007-09-26 19:30,S2 VWAP,1948.5,13,25330.5,1300,0.10,1300,0.10,-812.5,-0.06,153737.5,153.74
954,Exit long,2007-10-01 17:30,S1 Climax,1969.75,4,7850,1450,0.37,1650,0.42,-150,-0.04,155187.5,155.19
954,Entry long,2007-10-01 15:30,S1 Trend,1962.5,4,7850,1450,0.37,1650,0.42,-150,-0.04,155187.5,155.19
955,Exit long,2007-10-01 20:00,S1 Climax,1974.5,3,5887.5,1800,0.61,1950,0.66,-112.5,-0.04,156987.5,156.99
955,Entry long,2007-10-01 15:30,S1 Trend,1962.5,3,5887.5,1800,0.61,1950,0.66,-112.5,-0.04,156987.5,156.99
956,Exit long,2007-10-01 21:00,EOD,1974,7,13737.5,4025,0.59,4812.5,0.70,-262.5,-0.04,161012.5,161.01
956,Entry long,2007-10-01 15:30,S1 Trend,1962.5,7,13737.5,4025,0.59,4812.5,0.70,-262.5,-0.04,161012.5,161.01
957,Exit long,2007-10-05 20:00,S1 Climax,1987.75,4,7948,150,0.04,300,0.08,-200,-0.05,161162.5,161.16
957,Entry long,2007-10-05 19:30,S1 Trend,1987,4,7948,150,0.04,300,0.08,-200,-0.05,161162.5,161.16
958,Exit long,2007-10-05 21:00,EOD,1983.5,10,19870,-1750,-0.18,875,0.09,-2375,-0.24,159412.5,159.41
958,Entry long,2007-10-05 19:30,S1 Trend,1987,10,19870,-1750,-0.18,875,0.09,-2375,-0.24,159412.5,159.41
959,Exit long,2007-10-12 21:00,EOD,1986.75,14,27793.5,1050,0.08,2450,0.18,-2100,-0.15,160462.5,160.46
959,Entry long,2007-10-12 15:30,S1 Trend,1985.25,14,27793.5,1050,0.08,2450,0.18,-2100,-0.15,160462.5,160.46
960,Exit long,2007-10-25 17:00,S1 Trail,1930.75,9,17484.75,-5400,-0.62,112.5,0.01,-5400,-0.62,155062.5,155.06
960,Entry long,2007-10-25 15:30,S1 Trend,1942.75,9,17484.75,-5400,-0.62,112.5,0.01,-5400,-0.62,155062.5,155.06
961,Exit long,2007-10-26 21:00,EOD,1956.75,8,15626,1400,0.18,1600,0.20,-1300,-0.17,156462.5,156.46
961,Entry long,2007-10-26 19:30,S1 Trend,1953.25,8,15626,1400,0.18,1600,0.20,-1300,-0.17,156462.5,156.46
962,Exit long,2007-10-29 16:00,S2 FairVal,1961.5,15,29411.25,562.5,0.04,937.5,0.06,-1312.5,-0.09,157025,157.03
962,Entry long,2007-10-29 15:30,S2 VWAP,1960.75,15,29411.25,562.5,0.04,937.5,0.06,-1312.5,-0.09,157025,157.03
963,Exit short,2007-11-06 16:30,S3 Scalp,1926.5,12,23061,-2850,-0.25,600,0.05,-2850,-0.25,154175,154.17
963,Entry short,2007-11-06 16:00,S3 Hedge,1921.75,12,23061,-2850,-0.25,600,0.05,-2850,-0.25,154175,154.17
964,Exit long,2007-11-06 21:00,EOD,1941.25,10,19300,5625,0.58,5625,0.58,-875,-0.09,159800,159.80
964,Entry long,2007-11-06 19:00,S1 Trend,1930,10,19300,5625,0.58,5625,0.58,-875,-0.09,159800,159.80
965,Exit short,2007-11-07 20:30,S3 Scalp,1894.75,7,13399.75,6825,1.02,6825,1.02,-1225,-0.18,166625,166.63
965,Entry short,2007-11-07 18:00,S3 Hedge,1914.25,7,13399.75,6825,1.02,6825,1.02,-1225,-0.18,166625,166.63
966,Exit long,2007-11-13 21:00,EOD,1900,10,18772.5,11375,1.21,12125,1.29,-2875,-0.31,178000,178.00
966,Entry long,2007-11-13 15:30,S1 Trend,1877.25,10,18772.5,11375,1.21,12125,1.29,-2875,-0.31,178000,178.00
967,Exit long,2007-11-20 17:00,S1 Trail,1856.75,8,14956,-5100,-0.68,900,0.12,-5100,-0.68,172900,172.90
967,Entry long,2007-11-20 16:00,S1 Trend,1869.5,8,14956,-5100,-0.68,900,0.12,-5100,-0.68,172900,172.90
968,Exit short,2007-11-21 17:00,S3 Scalp,1844.5,8,14694,-3100,-0.42,1400,0.19,-3100,-0.42,169800,169.80
968,Entry short,2007-11-21 16:00,S3 Hedge,1836.75,8,14694,-3100,-0.42,1400,0.19,-3100,-0.42,169800,169.80
969,Exit long,2007-11-26 01:00,S1 Climax,1862.75,4,7388,3150,0.85,3200,0.87,-150,-0.04,172950,172.95
969,Entry long,2007-11-23 15:30,S1 Trend,1847,4,7388,3150,0.85,3200,0.87,-150,-0.04,172950,172.95
970,Exit long,2007-11-26 02:00,S1 Climax,1864.75,3,5541,2662.5,0.96,2737.5,0.99,-112.5,-0.04,175612.5,175.61
970,Entry long,2007-11-23 15:30,S1 Trend,1847,3,5541,2662.5,0.96,2737.5,0.99,-112.5,-0.04,175612.5,175.61
971,Exit long,2007-11-26 02:30,S1 Climax,1864.75,2,3694,1775,0.96,1925,1.04,-75,-0.04,177387.5,177.39
971,Entry long,2007-11-23 15:30,S1 Trend,1847,2,3694,1775,0.96,1925,1.04,-75,-0.04,177387.5,177.39
972,Exit long,2007-11-26 03:00,S1 Climax,1864.75,1,1847,887.5,0.96,962.5,1.04,-37.5,-0.04,178275,178.28
972,Entry long,2007-11-23 15:30,S1 Trend,1847,1,1847,887.5,0.96,962.5,1.04,-37.5,-0.04,178275,178.28
973,Exit long,2007-11-26 03:30,S1 Climax,1865,1,1847,900,0.97,962.5,1.04,-37.5,-0.04,179175,179.18
973,Entry long,2007-11-23 15:30,S1 Trend,1847,1,1847,900,0.97,962.5,1.04,-37.5,-0.04,179175,179.18
974,Exit long,2007-11-26 04:00,S1 Climax,1865.75,1,1847,937.5,1.02,962.5,1.04,-37.5,-0.04,180112.5,180.11
974,Entry long,2007-11-23 15:30,S1 Trend,1847,1,1847,937.5,1.02,962.5,1.04,-37.5,-0.04,180112.5,180.11
975,Exit long,2007-11-26 04:30,S1 Climax,1868.5,1,1847,1075,1.16,1125,1.22,-37.5,-0.04,181187.5,181.19
975,Entry long,2007-11-23 15:30,S1 Trend,1847,1,1847,1075,1.16,1125,1.22,-37.5,-0.04,181187.5,181.19
976,Exit long,2007-11-26 05:00,S1 Climax,1869,1,1847,1100,1.19,1125,1.22,-37.5,-0.04,182287.5,182.29
976,Entry long,2007-11-23 15:30,S1 Trend,1847,1,1847,1100,1.19,1125,1.22,-37.5,-0.04,182287.5,182.29
977,Exit short,2007-11-26 17:30,S3 Scalp,1856.75,10,18500,-3375,-0.36,1250,0.14,-3375,-0.36,178912.5,178.91
977,Entry short,2007-11-26 16:00,S3 Hedge,1850,10,18500,-3375,-0.36,1250,0.14,-3375,-0.36,178912.5,178.91
978,Exit long,2007-11-28 16:00,S1 Climax,1874.25,2,3739.5,450,0.24,700,0.37,-50,-0.03,179362.5,179.36
978,Entry long,2007-11-28 15:30,S1 Trend,1869.75,2,3739.5,450,0.24,700,0.37,-50,-0.03,179362.5,179.36
979,Exit long,2007-11-28 17:00,S1 Climax,1874.25,2,3739.5,450,0.24,700,0.37,-50,-0.03,179812.5,179.81
979,Entry long,2007-11-28 15:30,S1 Trend,1869.75,2,3739.5,450,0.24,700,0.37,-50,-0.03,179812.5,179.81
980,Exit long,2007-11-28 17:30,S1 Climax,1876.75,1,1869.75,350,0.37,400,0.43,-25,-0.03,180162.5,180.16
980,Entry long,2007-11-28 15:30,S1 Trend,1869.75,1,1869.75,350,0.37,400,0.43,-25,-0.03,180162.5,180.16
981,Exit long,2007-11-28 18:30,S1 Climax,1879.75,1,1869.75,500,0.53,537.5,0.57,-25,-0.03,180662.5,180.66
981,Entry long,2007-11-28 15:30,S1 Trend,1869.75,1,1869.75,500,0.53,537.5,0.57,-25,-0.03,180662.5,180.66
982,Exit long,2007-11-28 19:00,S1 Climax,1883,1,1869.75,662.5,0.71,750,0.80,-25,-0.03,181325,181.33
982,Entry long,2007-11-28 15:30,S1 Trend,1869.75,1,1869.75,662.5,0.71,750,0.80,-25,-0.03,181325,181.33
983,Exit long,2007-11-28 19:30,S1 Climax,1884,1,1869.75,712.5,0.76,862.5,0.92,-25,-0.03,182037.5,182.04
983,Entry long,2007-11-28 15:30,S1 Trend,1869.75,1,1869.75,712.5,0.76,862.5,0.92,-25,-0.03,182037.5,182.04
984,Exit long,2007-11-28 20:00,S1 Climax,1884.25,1,1869.75,725,0.78,862.5,0.92,-25,-0.03,182762.5,182.76
984,Entry long,2007-11-28 15:30,S1 Trend,1869.75,1,1869.75,725,0.78,862.5,0.92,-25,-0.03,182762.5,182.76
985,Exit long,2007-11-29 18:30,S1 Trail,1878.25,9,17005.5,-5062.5,-0.60,787.5,0.09,-5062.5,-0.60,177700,177.70
985,Entry long,2007-11-29 17:00,S1 Trend,1889.5,9,17005.5,-5062.5,-0.60,787.5,0.09,-5062.5,-0.60,177700,177.70
986,Exit long,2007-12-05 17:00,S1 Climax,1903,4,7578,1700,0.45,1900,0.50,-250,-0.07,179400,179.40
986,Entry long,2007-12-05 15:30,S1 Trend,1894.5,4,7578,1700,0.45,1900,0.50,-250,-0.07,179400,179.40
987,Exit long,2007-12-05 19:00,S1 Trail,1894.5,11,20839.5,0,0.00,5362.5,0.51,-687.5,-0.07,179400,179.40
987,Entry long,2007-12-05 15:30,S1 Trend,1894.5,11,20839.5,0,0.00,5362.5,0.51,-687.5,-0.07,179400,179.40
988,Exit long,2007-12-06 21:00,EOD,1924.75,12,22908,9450,0.83,10200,0.89,-750,-0.07,188850,188.85
988,Entry long,2007-12-06 17:30,S1 Trend,1909,12,22908,9450,0.83,10200,0.89,-750,-0.07,188850,188.85
989,Exit long,2007-12-10 21:00,EOD,1934,15,28972.5,1875,0.13,3375,0.23,-2625,-0.18,190725,190.73
989,Entry long,2007-12-10 15:30,S1 Trend,1931.5,15,28972.5,1875,0.13,3375,0.23,-2625,-0.18,190725,190.73
990,Exit long,2007-12-11 19:30,S1 Trail,1915,16,31028,-19400,-1.25,2400,0.15,-23600,-1.52,171325,171.33
990,Entry long,2007-12-11 19:00,S1 Trend,1939.25,16,31028,-19400,-1.25,2400,0.15,-23600,-1.52,171325,171.33
991,Exit short,2007-12-17 21:00,EOD,1861.75,10,18705,4375,0.47,4875,0.52,-750,-0.08,175700,175.70
991,Entry short,2007-12-17 18:30,S3 Hedge,1870.5,10,18705,4375,0.47,4875,0.52,-750,-0.08,175700,175.70
992,Exit long,2007-12-19 16:00,S1 Trail,1868.5,10,18760,-3750,-0.40,2250,0.24,-3750,-0.40,171950,171.95
992,Entry long,2007-12-19 15:30,S1 Trend,1876,10,18760,-3750,-0.40,2250,0.24,-3750,-0.40,171950,171.95
993,Exit long,2007-12-21 21:00,EOD,1901.75,13,24641.5,4062.5,0.33,4875,0.40,-2275,-0.18,176012.5,176.01
993,Entry long,2007-12-21 15:30,S1 Trend,1895.5,13,24641.5,4062.5,0.33,4875,0.40,-2275,-0.18,176012.5,176.01
994,Exit long,2007-12-26 21:00,EOD,1913,16,30576,1600,0.10,3600,0.24,-600,-0.04,177612.5,177.61
994,Entry long,2007-12-26 18:30,S1 Trend,1911,16,30576,1600,0.10,3600,0.24,-600,-0.04,177612.5,177.61
995,Exit short,2008-01-04 21:00,EOD,1822.75,8,14618,1800,0.25,1800,0.25,-1800,-0.25,179412.5,179.41
995,Entry short,2008-01-04 19:30,S3 Hedge,1827.25,8,14618,1800,0.25,1800,0.25,-1800,-0.25,179412.5,179.41
996,Exit long,2008-01-10 21:00,EOD,1831.25,7,12778.5,2012.5,0.31,5512.5,0.86,-4550,-0.71,181425,181.43
996,Entry long,2008-01-10 17:30,S1 Trend,1825.5,7,12778.5,2012.5,0.31,5512.5,0.86,-4550,-0.71,181425,181.43
997,Exit long,2008-01-11 19:30,S1 Trail,1810.75,8,14594,-5400,-0.74,600,0.08,-5400,-0.74,176025,176.03
997,Entry long,2008-01-11 17:00,S1 Trend,1824.25,8,14594,-5400,-0.74,600,0.08,-5400,-0.74,176025,176.03
998,Exit long,2008-01-14 21:00,EOD,1827,10,18222.5,2375,0.26,3625,0.40,-2625,-0.29,178400,178.40
998,Entry long,2008-01-14 16:30,S1 Trend,1822.25,10,18222.5,2375,0.26,3625,0.40,-2625,-0.29,178400,178.40
999,Exit long,2008-01-22 21:00,EOD,1718.25,2,3430.5,300,0.17,1475,0.86,-875,-0.51,178700,178.70
999,Entry long,2008-01-22 16:30,S1 Trend,1715.25,2,3430.5,300,0.17,1475,0.86,-875,-0.51,178700,178.70
1000,Exit long,2008-01-24 21:00,EOD,1757.75,5,8738.75,2500,0.57,3625,0.83,-1187.5,-0.27,181200,181.20
1000,Entry long,2008-01-24 15:30,S1 Trend,1747.75,5,8738.75,2500,0.57,3625,0.83,-1187.5,-0.27,181200,181.20
1001,Exit long,2008-01-25 18:30,S2 FairVal,1741.5,8,14028,-4800,-0.68,3300,0.47,-4800,-0.68,176400,176.40
1001,Entry long,2008-01-25 16:30,S2 VWAP,1753.5,8,14028,-4800,-0.68,3300,0.47,-4800,-0.68,176400,176.40
1002,Exit long,2008-01-28 21:00,EOD,1761.25,6,10474.5,4650,0.89,4650,0.89,-1125,-0.21,181050,181.05
1002,Entry long,2008-01-28 16:00,S1 Trend,1745.75,6,10474.5,4650,0.89,4650,0.89,-1125,-0.21,181050,181.05
1003,Exit long,2008-01-30 20:30,S1 Trail,1773,8,14248,-3200,-0.45,4600,0.65,-4000,-0.56,177850,177.85
1003,Entry long,2008-01-30 19:30,S1 Trend,1781,8,14248,-3200,-0.45,4600,0.65,-4000,-0.56,177850,177.85
1004,Exit long,2008-01-31 21:00,EOD,1779.5,6,10549.5,6375,1.21,10200,1.93,-1275,-0.24,184225,184.23
1004,Entry long,2008-01-31 16:00,S1 Trend,1758.25,6,10549.5,6375,1.21,10200,1.93,-1275,-0.24,184225,184.23
1005,Exit short,2008-02-05 21:00,EOD,1743.25,7,12255.25,2625,0.43,2887.5,0.47,-2362.5,-0.39,186850,186.85
1005,Entry short,2008-02-05 19:00,S3 Hedge,1750.75,7,12255.25,2625,0.43,2887.5,0.47,-2362.5,-0.39,186850,186.85
1006,Exit long,2008-02-07 20:00,S1 Trail,1731.75,6,10501.5,-5550,-1.06,975,0.19,-5550,-1.06,181300,181.30
1006,Entry long,2008-02-07 19:00,S1 Trend,1750.25,6,10501.5,-5550,-1.06,975,0.19,-5550,-1.06,181300,181.30
1007,Exit long,2008-02-11 21:00,EOD,1744,8,13952,0,0.00,1400,0.20,-1800,-0.26,181300,181.30
1007,Entry long,2008-02-11 18:00,S1 Trend,1744,8,13952,0,0.00,1400,0.20,-1800,-0.26,181300,181.30
1008,Exit long,2008-02-12 16:00,S1 Climax,1767,2,3524,500,0.28,575,0.33,-75,-0.04,181800,181.80
1008,Entry long,2008-02-12 15:30,S1 Trend,1762,2,3524,500,0.28,575,0.33,-75,-0.04,181800,181.80
1009,Exit long,2008-02-12 20:00,S1 Trail,1755.25,7,12334,-2362.5,-0.38,2275,0.37,-2362.5,-0.38,179437.5,179.44
1009,Entry long,2008-02-12 15:30,S1 Trend,1762,7,12334,-2362.5,-0.38,2275,0.37,-2362.5,-0.38,179437.5,179.44
1010,Exit long,2008-02-13 21:00,EOD,1771.5,9,15923.25,1012.5,0.13,2812.5,0.35,-1800,-0.23,180450,180.45
1010,Entry long,2008-02-13 18:30,S1 Trend,1769.25,9,15923.25,1012.5,0.13,2812.5,0.35,-1800,-0.23,180450,180.45
1011,Exit short,2008-02-14 21:00,EOD,1754.25,9,15828.75,2025,0.26,2925,0.37,-2137.5,-0.27,182475,182.48
1011,Entry short,2008-02-14 18:30,S3 Hedge,1758.75,9,15828.75,2025,0.26,2925,0.37,-2137.5,-0.27,182475,182.48
1012,Exit long,2008-02-19 08:30,S1 Trail,1765,16,28268,-1400,-0.10,5400,0.38,-1400,-0.10,181075,181.08
1012,Entry long,2008-02-18 15:30,S1 Trend,1766.75,16,28268,-1400,-0.10,5400,0.38,-1400,-0.10,181075,181.08
1013,Exit long,2008-02-20 21:00,EOD,1765,7,12307.75,2362.5,0.38,4025,0.65,-437.5,-0.07,183437.5,183.44
1013,Entry long,2008-02-20 19:30,S1 Trend,1758.25,7,12307.75,2362.5,0.38,4025,0.65,-437.5,-0.07,183437.5,183.44
1014,Exit long,2008-02-21 18:00,S2 FairVal,1753.25,10,17617.5,-4250,-0.48,1750,0.20,-4250,-0.48,179187.5,179.19
1014,Entry long,2008-02-21 16:30,S2 VWAP,1761.75,10,17617.5,-4250,-0.48,1750,0.20,-4250,-0.48,179187.5,179.19
1015,Exit long,2008-02-25 18:30,S1 Trail,1756,9,15912,-5400,-0.68,225,0.03,-5400,-0.68,173787.5,173.79
1015,Entry long,2008-02-25 16:00,S1 Trend,1768,9,15912,-5400,-0.68,225,0.03,-5400,-0.68,173787.5,173.79
1016,Exit long,2008-02-25 21:00,EOD,1776.75,7,12416.25,1050,0.17,2362.5,0.38,-3850,-0.62,174837.5,174.84
1016,Entry long,2008-02-25 19:30,S1 Trend,1773.75,7,12416.25,1050,0.17,2362.5,0.38,-3850,-0.62,174837.5,174.84
1017,Exit long,2008-02-26 21:00,EOD,1786.75,9,16058.25,1125,0.14,4162.5,0.52,-1125,-0.14,175962.5,175.96
1017,Entry long,2008-02-26 17:00,S1 Trend,1784.25,9,16058.25,1125,0.14,4162.5,0.52,-1125,-0.14,175962.5,175.96
1018,Exit long,2008-02-27 19:00,S1 Trail,1780.25,9,16110,-4387.5,-0.54,1912.5,0.24,-4387.5,-0.54,171575,171.58
1018,Entry long,2008-02-27 16:00,S1 Trend,1790,9,16110,-4387.5,-0.54,1912.5,0.24,-4387.5,-0.54,171575,171.58
1019,Exit short,2008-02-29 20:30,S3 Scalp,1736,9,15745.5,6075,0.77,6075,0.77,-1350,-0.17,177650,177.65
1019,Entry short,2008-02-29 15:30,S3 Hedge,1749.5,9,15745.5,6075,0.77,6075,0.77,-1350,-0.17,177650,177.65
1020,Exit long,2008-03-05 18:00,S1 Trail,1736.25,10,17432.5,-3500,-0.40,3375,0.39,-3500,-0.40,174150,174.15
1020,Entry long,2008-03-05 15:30,S1 Trend,1743.25,10,17432.5,-3500,-0.40,3375,0.39,-3500,-0.40,174150,174.15
1021,Exit short,2008-03-05 19:30,S3 Scalp,1738.25,7,12108.25,-2975,-0.49,1137.5,0.19,-2975,-0.49,171175,171.18
1021,Entry short,2008-03-05 19:00,S3 Hedge,1729.75,7,12108.25,-2975,-0.49,1137.5,0.19,-2975,-0.49,171175,171.18
1022,Exit short,2008-03-06 21:00,EOD,1710.25,8,13762,4000,0.58,4700,0.68,-1600,-0.23,175175,175.18
1022,Entry short,2008-03-06 17:30,S3 Hedge,1720.25,8,13762,4000,0.58,4700,0.68,-1600,-0.23,175175,175.18
1023,Exit long,2008-03-12 17:30,S1 Trail,1722.75,9,15621.75,-5850,-0.75,337.5,0.04,-5850,-0.75,169325,169.33
1023,Entry long,2008-03-12 15:30,S1 Trend,1735.75,9,15621.75,-5850,-0.75,337.5,0.04,-5850,-0.75,169325,169.33
1024,Exit long,2008-03-13 20:00,EOD,1720.75,6,10315.5,450,0.09,2475,0.48,-975,-0.19,169775,169.78
1024,Entry long,2008-03-13 17:30,S1 Trend,1719.25,6,10315.5,450,0.09,2475,0.48,-975,-0.19,169775,169.78
1025,Exit long,2008-03-18 15:00,S1 Climax,1713,2,3416.5,475,0.28,525,0.31,-175,-0.10,170250,170.25
1025,Entry long,2008-03-18 14:30,S1 Trend,1708.25,2,3416.5,475,0.28,525,0.31,-175,-0.10,170250,170.25
1026,Exit long,2008-03-18 15:30,S1 Climax,1715,2,3416.5,675,0.40,725,0.42,-175,-0.10,170925,170.93
1026,Entry long,2008-03-18 14:30,S1 Trend,1708.25,2,3416.5,675,0.40,725,0.42,-175,-0.10,170925,170.93
1027,Exit long,2008-03-18 17:00,S1 Climax,1717.5,1,1708.25,462.5,0.54,525,0.61,-87.5,-0.10,171387.5,171.39
1027,Entry long,2008-03-18 14:30,S1 Trend,1708.25,1,1708.25,462.5,0.54,525,0.61,-87.5,-0.10,171387.5,171.39
1028,Exit long,2008-03-18 17:30,S1 Climax,1719.5,1,1708.25,562.5,0.66,650,0.76,-87.5,-0.10,171950,171.95
1028,Entry long,2008-03-18 14:30,S1 Trend,1708.25,1,1708.25,562.5,0.66,650,0.76,-87.5,-0.10,171950,171.95
1029,Exit long,2008-03-18 18:00,S1 Climax,1719.75,1,1708.25,575,0.67,662.5,0.78,-87.5,-0.10,172525,172.53
1029,Entry long,2008-03-18 14:30,S1 Trend,1708.25,1,1708.25,575,0.67,662.5,0.78,-87.5,-0.10,172525,172.53
1030,Exit long,2008-03-18 18:00,S1 Trail,1708.75,2,3416.5,50,0.03,1325,0.78,-175,-0.10,172575,172.58
1030,Entry long,2008-03-18 14:30,S1 Trend,1708.25,2,3416.5,50,0.03,1325,0.78,-175,-0.10,172575,172.58
1031,Exit long,2008-03-20 20:00,EOD,1734.25,8,13708,8300,1.21,9000,1.31,-1500,-0.22,180875,180.88
1031,Entry long,2008-03-20 14:30,S1 Trend,1713.5,8,13708,8300,1.21,9000,1.31,-1500,-0.22,180875,180.88
1032,Exit long,2008-03-24 16:30,S1 Climax,1760.75,3,5262,1012.5,0.38,1200,0.46,-112.5,-0.04,181887.5,181.89
1032,Entry long,2008-03-24 14:30,S1 Trend,1754,3,5262,1012.5,0.38,1200,0.46,-112.5,-0.04,181887.5,181.89
1033,Exit long,2008-03-24 17:00,S1 Climax,1761.75,2,3508,775,0.44,1100,0.63,-75,-0.04,182662.5,182.66
1033,Entry long,2008-03-24 14:30,S1 Trend,1754,2,3508,775,0.44,1100,0.63,-75,-0.04,182662.5,182.66
1034,Exit long,2008-03-24 17:30,S1 Climax,1762.5,1,1754,425,0.48,550,0.63,-37.5,-0.04,183087.5,183.09
1034,Entry long,2008-03-24 14:30,S1 Trend,1754,1,1754,425,0.48,550,0.63,-37.5,-0.04,183087.5,183.09
1035,Exit long,2008-03-24 18:00,S1 Climax,1763.5,1,1754,475,0.54,550,0.63,-37.5,-0.04,183562.5,183.56
1035,Entry long,2008-03-24 14:30,S1 Trend,1754,1,1754,475,0.54,550,0.63,-37.5,-0.04,183562.5,183.56
1036,Exit long,2008-03-24 19:30,S1 Trail,1752.25,3,5262,-262.5,-0.10,1650,0.63,-262.5,-0.10,183300,183.30
1036,Entry long,2008-03-24 14:30,S1 Trend,1754,3,5262,-262.5,-0.10,1650,0.63,-262.5,-0.10,183300,183.30
1037,Exit long,2008-03-25 20:00,EOD,1757.25,9,15853.5,-1912.5,-0.24,562.5,0.07,-2812.5,-0.35,181387.5,181.39
1037,Entry long,2008-03-25 18:00,S1 Trend,1761.5,9,15853.5,-1912.5,-0.24,562.5,0.07,-2812.5,-0.35,181387.5,181.39
1038,Exit long,2008-04-01 16:00,S1 Climax,1757.25,3,5253,937.5,0.36,1012.5,0.39,-75,-0.03,182325,182.33
1038,Entry long,2008-04-01 15:30,S1 Trend,1751,3,5253,937.5,0.36,1012.5,0.39,-75,-0.03,182325,182.33
1039,Exit long,2008-04-01 16:30,S1 Climax,1755.25,2,3502,425,0.24,725,0.41,-50,-0.03,182750,182.75
1039,Entry long,2008-04-01 15:30,S1 Trend,1751,2,3502,425,0.24,725,0.41,-50,-0.03,182750,182.75
1040,Exit long,2008-04-01 17:00,S1 Climax,1758.75,1,1751,387.5,0.44,412.5,0.47,-25,-0.03,183137.5,183.14
1040,Entry long,2008-04-01 15:30,S1 Trend,1751,1,1751,387.5,0.44,412.5,0.47,-25,-0.03,183137.5,183.14
1041,Exit long,2008-04-01 17:30,S1 Climax,1763.25,1,1751,612.5,0.70,650,0.74,-25,-0.03,183750,183.75
1041,Entry long,2008-04-01 15:30,S1 Trend,1751,1,1751,612.5,0.70,650,0.74,-25,-0.03,183750,183.75
1042,Exit long,2008-04-01 18:30,S1 Climax,1765.5,1,1751,725,0.83,762.5,0.87,-25,-0.03,184475,184.48
1042,Entry long,2008-04-01 15:30,S1 Trend,1751,1,1751,725,0.83,762.5,0.87,-25,-0.03,184475,184.48
1043,Exit long,2008-04-01 21:00,EOD,1775.75,3,5253,3712.5,1.41,3750,1.43,-75,-0.03,188187.5,188.19
1043,Entry long,2008-04-01 15:30,S1 Trend,1751,3,5253,3712.5,1.41,3750,1.43,-75,-0.03,188187.5,188.19
1044,Exit long,2008-04-02 19:30,S1 Trail,1771.25,11,19604.75,-6050,-0.62,550,0.06,-6050,-0.62,182137.5,182.14
1044,Entry long,2008-04-02 16:00,S1 Trend,1782.25,11,19604.75,-6050,-0.62,550,0.06,-6050,-0.62,182137.5,182.14
1045,Exit long,2008-04-03 21:00,EOD,1774.25,10,17722.5,1000,0.11,4500,0.51,-1000,-0.11,183137.5,183.14
1045,Entry long,2008-04-03 17:00,S1 Trend,1772.25,10,17722.5,1000,0.11,4500,0.51,-1000,-0.11,183137.5,183.14
1046,Exit long,2008-04-07 19:00,S1 Trail,1783,13,23237.5,-2925,-0.25,3250,0.28,-2925,-0.25,180212.5,180.21
1046,Entry long,2008-04-07 17:00,S1 Trend,1787.5,13,23237.5,-2925,-0.25,3250,0.28,-2925,-0.25,180212.5,180.21
1047,Exit long,2008-04-10 20:30,S1 Trail,1761,10,17715,-5250,-0.59,625,0.07,-5250,-0.59,174962.5,174.96
1047,Entry long,2008-04-10 17:00,S1 Trend,1771.5,10,17715,-5250,-0.59,625,0.07,-5250,-0.59,174962.5,174.96
1048,Exit short,2008-04-11 21:00,EOD,1738,9,15705,3150,0.40,4387.5,0.56,-1462.5,-0.19,178112.5,178.11
1048,Entry short,2008-04-11 17:30,S3 Hedge,1745,9,15705,3150,0.40,4387.5,0.56,-1462.5,-0.19,178112.5,178.11
1049,Exit long,2008-04-16 21:00,EOD,1767.75,13,22844.25,6825,0.60,8937.5,0.78,-650,-0.06,184937.5,184.94
1049,Entry long,2008-04-16 15:30,S1 Trend,1757.25,13,22844.25,6825,0.60,8937.5,0.78,-650,-0.06,184937.5,184.94
1050,Exit long,2008-04-18 21:00,EOD,1795.75,12,21531,900,0.08,4500,0.42,-1800,-0.17,185837.5,185.84
1050,Entry long,2008-04-18 16:00,S1 Trend,1794.25,12,21531,900,0.08,4500,0.42,-1800,-0.17,185837.5,185.84
1051,Exit long,2008-04-23 17:30,S1 Trail,1780.5,12,21474,-5400,-0.50,1050,0.10,-5400,-0.50,180437.5,180.44
1051,Entry long,2008-04-23 16:00,S1 Trend,1789.5,12,21474,-5400,-0.50,1050,0.10,-5400,-0.50,180437.5,180.44
1052,Exit long,2008-04-24 21:00,EOD,1793.25,8,14318,1400,0.20,5200,0.73,-100,-0.01,181837.5,181.84
1052,Entry long,2008-04-24 17:00,S1 Trend,1789.75,8,14318,1400,0.20,5200,0.73,-100,-0.01,181837.5,181.84
1053,Exit long,2008-04-25 17:30,S2 FairVal,1793,10,17910,1000,0.11,1000,0.11,-1125,-0.13,182837.5,182.84
1053,Entry long,2008-04-25 17:00,S2 VWAP,1791,10,17910,1000,0.11,1000,0.11,-1125,-0.13,182837.5,182.84
1054,Exit long,2008-04-30 19:30,S1 Trail,1799.75,14,25235,-1925,-0.15,5600,0.44,-3150,-0.25,180912.5,180.91
1054,Entry long,2008-04-30 16:30,S1 Trend,1802.5,14,25235,-1925,-0.15,5600,0.44,-3150,-0.25,180912.5,180.91
1055,Exit long,2008-05-01 18:30,S1 Climax,1811,4,7182,3100,0.86,3750,1.04,-700,-0.19,184012.5,184.01
1055,Entry long,2008-05-01 15:30,S1 Trend,1795.5,4,7182,3100,0.86,3750,1.04,-700,-0.19,184012.5,184.01
1056,Exit long,2008-05-01 21:00,EOD,1813.5,12,21546,10800,1.00,11550,1.07,-2100,-0.19,194812.5,194.81
1056,Entry long,2008-05-01 15:30,S1 Trend,1795.5,12,21546,10800,1.00,11550,1.07,-2100,-0.19,194812.5,194.81
1057,Exit long,2008-05-05 21:00,EOD,1811,15,27183.75,-937.5,-0.07,1687.5,0.12,-3375,-0.25,193875,193.88
1057,Entry long,2008-05-05 15:30,S1 Trend,1812.25,15,27183.75,-937.5,-0.07,1687.5,0.12,-3375,-0.25,193875,193.88
1058,Exit long,2008-05-06 21:00,EOD,1822.25,13,23624.25,3250,0.28,5525,0.47,-1462.5,-0.12,197125,197.13
1058,Entry long,2008-05-06 17:30,S1 Trend,1817.25,13,23624.25,3250,0.28,5525,0.47,-1462.5,-0.12,197125,197.13
1059,Exit long,2008-05-12 21:00,EOD,1807.5,18,32364,8550,0.53,9225,0.57,-900,-0.06,205675,205.68
1059,Entry long,2008-05-12 16:00,S1 Trend,1798,18,32364,8550,0.53,9225,0.57,-900,-0.06,205675,205.68
1060,Exit long,2008-05-14 20:30,S1 Trail,1816.75,16,29104,-1800,-0.12,4800,0.33,-1800,-0.12,203875,203.87
1060,Entry long,2008-05-14 16:00,S1 Trend,1819,16,29104,-1800,-0.12,4800,0.33,-1800,-0.12,203875,203.87
1061,Exit long,2008-05-15 21:00,EOD,1828.25,17,30850.75,11475,0.74,12112.5,0.79,-1700,-0.11,215350,215.35
1061,Entry long,2008-05-15 16:30,S1 Trend,1814.75,17,30850.75,11475,0.74,12112.5,0.79,-1700,-0.11,215350,215.35
1062,Exit long,2008-05-19 19:00,S1 Trail,1836.25,19,35036,-7362.5,-0.42,237.5,0.01,-7362.5,-0.42,207987.5,207.99
1062,Entry long,2008-05-19 18:30,S1 Trend,1844,19,35036,-7362.5,-0.42,237.5,0.01,-7362.5,-0.42,207987.5,207.99
1063,Exit short,2008-05-23 21:00,EOD,1780,17,30328,3400,0.22,6162.5,0.41,-850,-0.06,211387.5,211.39
1063,Entry short,2008-05-23 15:30,S3 Hedge,1784,17,30328,3400,0.22,6162.5,0.41,-850,-0.06,211387.5,211.39
1064,Exit long,2008-05-29 21:00,EOD,1801.75,16,28752,3800,0.26,10800,0.75,-4200,-0.29,215187.5,215.19
1064,Entry long,2008-05-29 15:30,S1 Trend,1797,16,28752,3800,0.26,10800,0.75,-4200,-0.29,215187.5,215.19
1065,Exit short,2008-06-02 19:00,S3 Scalp,1786.25,15,26722.5,-3562.5,-0.27,375,0.03,-3562.5,-0.27,211625,211.63
1065,Entry short,2008-06-02 18:00,S3 Hedge,1781.5,15,26722.5,-3562.5,-0.27,375,0.03,-3562.5,-0.27,211625,211.63
1066,Exit long,2008-06-04 19:00,S1 Trail,1781.25,13,23244,-4387.5,-0.38,2600,0.22,-4387.5,-0.38,207237.5,207.24
1066,Entry long,2008-06-04 16:00,S1 Trend,1788,13,23244,-4387.5,-0.38,2600,0.22,-4387.5,-0.38,207237.5,207.24
1067,Exit long,2008-06-05 21:00,EOD,1807,12,21546,6900,0.64,7950,0.74,-1200,-0.11,214137.5,214.14
1067,Entry long,2008-06-05 15:30,S1 Trend,1795.5,12,21546,6900,0.64,7950,0.74,-1200,-0.11,214137.5,214.14
1068,Exit short,2008-06-06 21:00,EOD,1763.5,9,15972.75,5062.5,0.63,5287.5,0.66,-2362.5,-0.30,219200,219.20
1068,Entry short,2008-06-06 19:30,S3 Hedge,1774.75,9,15972.75,5062.5,0.63,5287.5,0.66,-2362.5,-0.30,219200,219.20
1069,Exit long,2008-06-13 21:00,EOD,1763.75,11,19362.75,1925,0.20,2062.5,0.21,-6737.5,-0.70,221125,221.13
1069,Entry long,2008-06-13 15:30,S1 Trend,1760.25,11,19362.75,1925,0.20,2062.5,0.21,-6737.5,-0.70,221125,221.13
1070,Exit long,2008-06-16 21:00,EOD,1763.5,12,21201,-1950,-0.18,1050,0.10,-2550,-0.24,219175,219.18
1070,Entry long,2008-06-16 18:30,S1 Trend,1766.75,12,21201,-1950,-0.18,1050,0.10,-2550,-0.24,219175,219.18
1071,Exit short,2008-06-17 21:00,EOD,1754,14,24629.5,3675,0.30,4025,0.33,-2450,-0.20,222850,222.85
1071,Entry short,2008-06-17 17:00,S3 Hedge,1759.25,14,24629.5,3675,0.30,4025,0.33,-2450,-0.20,222850,222.85
1072,Exit short,2008-06-18 16:30,S3 Scalp,1744.75,16,27840,-3800,-0.27,600,0.04,-3800,-0.27,219050,219.05
1072,Entry short,2008-06-18 16:00,S3 Hedge,1740,16,27840,-3800,-0.27,600,0.04,-3800,-0.27,219050,219.05
1073,Exit long,2008-06-24 20:00,S1 Trail,1717,11,19002.5,-5775,-0.61,962.5,0.10,-5775,-0.61,213275,213.28
1073,Entry long,2008-06-24 17:30,S1 Trend,1727.5,11,19002.5,-5775,-0.61,962.5,0.10,-5775,-0.61,213275,213.28
1074,Exit long,2008-06-25 19:30,S1 Trail,1726,18,31045.5,1125,0.07,9900,0.64,-225,-0.01,214400,214.40
1074,Entry long,2008-06-25 15:30,S1 Trend,1724.75,18,31045.5,1125,0.07,9900,0.64,-225,-0.01,214400,214.40
1075,Exit short,2008-06-26 21:00,EOD,1685.5,11,18661.5,6050,0.65,6187.5,0.66,-1650,-0.18,220450,220.45
1075,Entry short,2008-06-26 17:30,S3 Hedge,1696.5,11,18661.5,6050,0.65,6187.5,0.66,-1650,-0.18,220450,220.45
1076,Exit long,2008-07-08 21:00,EOD,1676,8,13282,6300,0.95,6700,1.01,-3500,-0.53,226750,226.75
1076,Entry long,2008-07-08 17:30,S1 Trend,1660.25,8,13282,6300,0.95,6700,1.01,-3500,-0.53,226750,226.75
1077,Exit long,2008-07-09 19:30,S2 FairVal,1660,11,18353.5,-4675,-0.51,412.5,0.04,-4675,-0.51,222075,222.08
1077,Entry long,2008-07-09 19:00,S2 VWAP,1668.5,11,18353.5,-4675,-0.51,412.5,0.04,-4675,-0.51,222075,222.08
1078,Exit short,2008-07-11 19:00,S3 Scalp,1642.25,8,13060,-3900,-0.60,2300,0.35,-3900,-0.60,218175,218.18
1078,Entry short,2008-07-11 16:30,S3 Hedge,1632.5,8,13060,-3900,-0.60,2300,0.35,-3900,-0.60,218175,218.18
1079,Exit short,2008-07-15 16:00,S3 Scalp,1615.25,10,16080,-3625,-0.45,1375,0.17,-3625,-0.45,214550,214.55
1079,Entry short,2008-07-15 15:30,S3 Hedge,1608,10,16080,-3625,-0.45,1375,0.17,-3625,-0.45,214550,214.55
1080,Exit long,2008-07-16 21:00,EOD,1646.25,8,13042,6400,0.98,6900,1.06,-700,-0.11,220950,220.95
1080,Entry long,2008-07-16 18:00,S1 Trend,1630.25,8,13042,6400,0.98,6900,1.06,-700,-0.11,220950,220.95
1081,Exit long,2008-07-17 21:00,EOD,1660.5,9,14951.25,-337.5,-0.05,1350,0.18,-3600,-0.48,220612.5,220.61
1081,Entry long,2008-07-17 19:00,S1 Trend,1661.25,9,14951.25,-337.5,-0.05,1350,0.18,-3600,-0.48,220612.5,220.61
1082,Exit long,2008-07-18 21:00,EOD,1660.5,10,16622.5,-875,-0.11,375,0.05,-4750,-0.57,219737.5,219.74
1082,Entry long,2008-07-18 16:30,S1 Trend,1662.25,10,16622.5,-875,-0.11,375,0.05,-4750,-0.57,219737.5,219.74
1083,Exit long,2008-07-22 21:00,EOD,1678,15,24866.25,15187.5,1.22,16125,1.30,-1312.5,-0.11,234925,234.93
1083,Entry long,2008-07-22 15:30,S1 Trend,1657.75,15,24866.25,15187.5,1.22,16125,1.30,-1312.5,-0.11,234925,234.93
1084,Exit long,2008-07-23 16:30,S1 Trail,1682.25,15,25308.75,-3750,-0.30,3937.5,0.31,-3750,-0.30,231175,231.18
1084,Entry long,2008-07-23 15:30,S1 Trend,1687.25,15,25308.75,-3750,-0.30,3937.5,0.31,-3750,-0.30,231175,231.18
1085,Exit short,2008-07-24 21:00,EOD,1654.75,12,19950,4650,0.47,6150,0.62,-1200,-0.12,235825,235.83
1085,Entry short,2008-07-24 19:30,S3 Hedge,1662.5,12,19950,4650,0.47,6150,0.62,-1200,-0.12,235825,235.83
1086,Exit long,2008-07-29 21:00,EOD,1663.5,14,23135,7700,0.67,7875,0.68,-1225,-0.11,243525,243.52
1086,Entry long,2008-07-29 17:00,S1 Trend,1652.5,14,23135,7700,0.67,7875,0.68,-1225,-0.11,243525,243.52
1087,Exit long,2008-07-30 17:30,S1 Trail,1671,16,26880,-7200,-0.54,1400,0.10,-7200,-0.54,236325,236.33
1087,Entry long,2008-07-30 15:30,S1 Trend,1680,16,26880,-7200,-0.54,1400,0.10,-7200,-0.54,236325,236.33
1088,Exit long,2008-08-05 17:00,S1 Climax,1671.75,5,8331.25,1375,0.33,1375,0.33,-250,-0.06,237700,237.70
1088,Entry long,2008-08-05 15:30,S1 Trend,1666.25,5,8331.25,1375,0.33,1375,0.33,-250,-0.06,237700,237.70
1089,Exit long,2008-08-05 17:30,S1 Climax,1672.5,3,4998.75,937.5,0.38,1125,0.45,-150,-0.06,238637.5,238.64
1089,Entry long,2008-08-05 15:30,S1 Trend,1666.25,3,4998.75,937.5,0.38,1125,0.45,-150,-0.06,238637.5,238.64
1090,Exit long,2008-08-05 18:00,S1 Climax,1672.5,2,3332.5,625,0.38,750,0.45,-100,-0.06,239262.5,239.26
1090,Entry long,2008-08-05 15:30,S1 Trend,1666.25,2,3332.5,625,0.38,750,0.45,-100,-0.06,239262.5,239.26
1091,Exit long,2008-08-05 18:30,S1 Climax,1672.5,2,3332.5,625,0.38,750,0.45,-100,-0.06,239887.5,239.89
1091,Entry long,2008-08-05 15:30,S1 Trend,1666.25,2,3332.5,625,0.38,750,0.45,-100,-0.06,239887.5,239.89
1092,Exit long,2008-08-05 19:00,S1 Climax,1673,1,1666.25,337.5,0.41,437.5,0.53,-50,-0.06,240225,240.23
1092,Entry long,2008-08-05 15:30,S1 Trend,1666.25,1,1666.25,337.5,0.41,437.5,0.53,-50,-0.06,240225,240.23
1093,Exit long,2008-08-05 19:30,S1 Climax,1674.5,1,1666.25,412.5,0.50,662.5,0.80,-50,-0.06,240637.5,240.64
1093,Entry long,2008-08-05 15:30,S1 Trend,1666.25,1,1666.25,412.5,0.50,662.5,0.80,-50,-0.06,240637.5,240.64
1094,Exit long,2008-08-05 20:00,S1 Climax,1678.25,1,1666.25,600,0.72,712.5,0.86,-50,-0.06,241237.5,241.24
1094,Entry long,2008-08-05 15:30,S1 Trend,1666.25,1,1666.25,600,0.72,712.5,0.86,-50,-0.06,241237.5,241.24
1095,Exit long,2008-08-05 20:30,S1 Climax,1678.5,1,1666.25,612.5,0.74,712.5,0.86,-50,-0.06,241850,241.85
1095,Entry long,2008-08-05 15:30,S1 Trend,1666.25,1,1666.25,612.5,0.74,712.5,0.86,-50,-0.06,241850,241.85
1096,Exit long,2008-08-05 21:00,EOD,1684.5,1,1666.25,912.5,1.10,925,1.11,-50,-0.06,242762.5,242.76
1096,Entry long,2008-08-05 15:30,S1 Trend,1666.25,1,1666.25,912.5,1.10,925,1.11,-50,-0.06,242762.5,242.76
1097,Exit long,2008-08-06 21:00,EOD,1690.5,17,28628,5525,0.39,7650,0.53,-1487.5,-0.10,248287.5,248.29
1097,Entry long,2008-08-06 18:00,S1 Trend,1684,17,28628,5525,0.39,7650,0.53,-1487.5,-0.10,248287.5,248.29
1098,Exit long,2008-08-08 21:00,EOD,1696,12,20232,6000,0.59,7950,0.79,-1950,-0.19,254287.5,254.29
1098,Entry long,2008-08-08 15:30,S1 Trend,1686,12,20232,6000,0.59,7950,0.79,-1950,-0.19,254287.5,254.29
1099,Exit long,2008-08-11 17:30,S1 Climax,1711,6,10188,3900,0.77,4050,0.80,-450,-0.09,258187.5,258.19
1099,Entry long,2008-08-11 15:30,S1 Trend,1698,6,10188,3900,0.77,4050,0.80,-450,-0.09,258187.5,258.19
1100,Exit long,2008-08-11 18:30,S1 Climax,1712.25,4,6792,2850,0.84,2850,0.84,-300,-0.09,261037.5,261.04
1100,Entry long,2008-08-11 15:30,S1 Trend,1698,4,6792,2850,0.84,2850,0.84,-300,-0.09,261037.5,261.04
1101,Exit long,2008-08-11 19:30,S1 Trail,1704.75,10,16980,3375,0.40,8375,0.99,-750,-0.09,264412.5,264.41
1101,Entry long,2008-08-11 15:30,S1 Trend,1698,10,16980,3375,0.40,8375,0.99,-750,-0.09,264412.5,264.41
1102,Exit long,2008-08-14 21:00,EOD,1694.25,14,23698.5,1050,0.09,6475,0.55,-1925,-0.16,265462.5,265.46
1102,Entry long,2008-08-14 16:00,S1 Trend,1692.75,14,23698.5,1050,0.09,6475,0.55,-1925,-0.16,265462.5,265.46
1103,Exit short,2008-08-19 18:30,S3 Scalp,1673,18,30019.5,-4725,-0.31,3150,0.21,-4725,-0.31,260737.5,260.74
1103,Entry short,2008-08-19 15:30,S3 Hedge,1667.75,18,30019.5,-4725,-0.31,3150,0.21,-4725,-0.31,260737.5,260.74
1104,Exit long,2008-08-21 21:00,EOD,1678.25,14,23478,875,0.07,4200,0.36,-175,-0.01,261612.5,261.61
1104,Entry long,2008-08-21 19:30,S1 Trend,1677,14,23478,875,0.07,4200,0.36,-175,-0.01,261612.5,261.61
1105,Exit long,2008-08-22 17:00,S1 Trail,1685.25,16,27092,-6400,-0.47,1600,0.12,-6400,-0.47,255212.5,255.21
1105,Entry long,2008-08-22 15:30,S1 Trend,1693.25,16,27092,-6400,-0.47,1600,0.12,-6400,-0.47,255212.5,255.21
1106,Exit long,2008-08-27 21:00,EOD,1682.25,18,30199.5,4050,0.27,7875,0.52,-2925,-0.19,259262.5,259.26
1106,Entry long,2008-08-27 15:30,S1 Trend,1677.75,18,30199.5,4050,0.27,7875,0.52,-2925,-0.19,259262.5,259.26
1107,Exit long,2008-08-28 21:00,EOD,1700.75,19,32181.25,6650,0.41,7125,0.44,-3562.5,-0.22,265912.5,265.91
1107,Entry long,2008-08-28 16:00,S1 Trend,1693.75,19,32181.25,6650,0.41,7125,0.44,-3562.5,-0.22,265912.5,265.91
1108,Exit long,2008-08-29 18:00,S2 FairVal,1691.75,20,33785,2500,0.15,2500,0.15,-4000,-0.24,268412.5,268.41
1108,Entry long,2008-08-29 16:30,S2 VWAP,1689.25,20,33785,2500,0.15,2500,0.15,-4000,-0.24,268412.5,268.41
1109,Exit short,2008-09-04 21:00,EOD,1637.75,12,19704,2550,0.26,3150,0.32,-3000,-0.30,270962.5,270.96
1109,Entry short,2008-09-04 19:30,S3 Hedge,1642,12,19704,2550,0.26,3150,0.32,-3000,-0.30,270962.5,270.96
1110,Exit short,2008-09-05 16:30,S3 Scalp,1628,10,16200,-4000,-0.49,1125,0.14,-4000,-0.49,266962.5,266.96
1110,Entry short,2008-09-05 16:00,S3 Hedge,1620,10,16200,-4000,-0.49,1125,0.14,-4000,-0.49,266962.5,266.96
1111,Exit short,2008-09-08 21:00,EOD,1669.75,10,16605,-4625,-0.56,6250,0.75,-4750,-0.57,262337.5,262.34
1111,Entry short,2008-09-08 16:00,S3 Hedge,1660.5,10,16605,-4625,-0.56,6250,0.75,-4750,-0.57,262337.5,262.34
1112,Exit short,2008-09-09 20:30,S3 Scalp,1628.25,10,16447.5,8250,1.00,8250,1.00,-625,-0.08,270587.5,270.59
1112,Entry short,2008-09-09 19:00,S3 Hedge,1644.75,10,16447.5,8250,1.00,8250,1.00,-625,-0.08,270587.5,270.59
1113,Exit long,2008-09-11 21:00,EOD,1652.25,8,13122,4800,0.73,4800,0.73,-3600,-0.55,275387.5,275.39
1113,Entry long,2008-09-11 19:30,S1 Trend,1640.25,8,13122,4800,0.73,4800,0.73,-3600,-0.55,275387.5,275.39
1114,Exit long,2008-09-12 21:00,EOD,1654,11,18194,0,0.00,1237.5,0.14,-7150,-0.79,275387.5,275.39
1114,Entry long,2008-09-12 16:30,S1 Trend,1654,11,18194,0,0.00,1237.5,0.14,-7150,-0.79,275387.5,275.39
1115,Exit long,2008-09-15 19:30,S1 Trail,1612,7,11446.75,-8137.5,-1.42,262.5,0.05,-8137.5,-1.42,267250,267.25
1115,Entry long,2008-09-15 16:00,S1 Trend,1635.25,7,11446.75,-8137.5,-1.42,262.5,0.05,-8137.5,-1.42,267250,267.25
1116,Exit long,2008-09-22 20:00,S2 FairVal,1615.75,8,13038,-5600,-0.86,2200,0.34,-5600,-0.86,261650,261.65
1116,Entry long,2008-09-22 17:00,S2 VWAP,1629.75,8,13038,-5600,-0.86,2200,0.34,-5600,-0.86,261650,261.65
1117,Exit short,2008-09-23 20:00,S3 Scalp,1613,8,12812,-4600,-0.72,5800,0.91,-4600,-0.72,257050,257.05
1117,Entry short,2008-09-23 18:00,S3 Hedge,1601.5,8,12812,-4600,-0.72,5800,0.91,-4600,-0.72,257050,257.05
1118,Exit long,2008-09-25 21:00,EOD,1616.25,8,12902,1400,0.22,4900,0.76,-2600,-0.40,258450,258.45
1118,Entry long,2008-09-25 15:30,S1 Trend,1612.75,8,12902,1400,0.22,4900,0.76,-2600,-0.40,258450,258.45
1119,Exit long,2008-09-26 21:00,EOD,1619.5,9,14424.75,7537.5,1.05,8325,1.15,-4162.5,-0.58,265987.5,265.99
1119,Entry long,2008-09-26 16:00,S1 Trend,1602.75,9,14424.75,7537.5,1.05,8325,1.15,-4162.5,-0.58,265987.5,265.99
1120,Exit long,2008-10-01 21:00,EOD,1565.75,8,12548,-1100,-0.18,1900,0.30,-6100,-0.97,264887.5,264.89
1120,Entry long,2008-10-01 18:00,S1 Trend,1568.5,8,12548,-1100,-0.18,1900,0.30,-6100,-0.97,264887.5,264.89
1121,Exit long,2008-10-03 18:30,S1 Trail,1535.75,8,12404,-5900,-0.95,4300,0.69,-5900,-0.95,258987.5,258.99
1121,Entry long,2008-10-03 16:00,S1 Trend,1550.5,8,12404,-5900,-0.95,4300,0.69,-5900,-0.95,258987.5,258.99
1122,Exit short,2008-10-03 21:00,EOD,1506.25,5,7597.5,3312.5,0.87,4187.5,1.10,-3125,-0.82,262300,262.30
1122,Entry short,2008-10-03 19:30,S3 Hedge,1519.5,5,7597.5,3312.5,0.87,4187.5,1.10,-3125,-0.82,262300,262.30
1123,Exit short,2008-10-06 20:00,S3 Scalp,1437.25,4,5677,-3600,-1.27,2000,0.70,-3600,-1.27,258700,258.70
1123,Entry short,2008-10-06 19:30,S3 Hedge,1419.25,4,5677,-3600,-1.27,2000,0.70,-3600,-1.27,258700,258.70
1124,Exit long,2008-10-13 21:00,EOD,1413.25,5,6757.5,15437.5,4.57,15937.5,4.72,-750,-0.22,274137.5,274.14
1124,Entry long,2008-10-13 15:30,S1 Trend,1351.5,5,6757.5,15437.5,4.57,15937.5,4.72,-750,-0.22,274137.5,274.14
1125,Exit short,2008-10-14 21:00,EOD,1402,4,5641,1650,0.59,7150,2.54,-2600,-0.92,275787.5,275.79
1125,Entry short,2008-10-14 16:00,S3 Hedge,1410.25,4,5641,1650,0.59,7150,2.54,-2600,-0.92,275787.5,275.79
1126,Exit short,2008-10-15 20:30,S3 Scalp,1310.5,5,6727.5,8750,2.60,8750,2.60,-937.5,-0.28,284537.5,284.54
1126,Entry short,2008-10-15 18:30,S3 Hedge,1345.5,5,6727.5,8750,2.60,8750,2.60,-937.5,-0.28,284537.5,284.54
1127,Exit long,2008-10-17 20:00,S1 Trail,1351.25,5,6721.25,1750,0.52,10937.5,3.25,-2437.5,-0.73,286287.5,286.29
1127,Entry long,2008-10-17 15:30,S1 Trend,1344.25,5,6721.25,1750,0.52,10937.5,3.25,-2437.5,-0.73,286287.5,286.29
1128,Exit long,2008-10-20 21:00,EOD,1385.75,6,8139,8775,2.16,9150,2.25,-3975,-0.98,295062.5,295.06
1128,Entry long,2008-10-20 15:30,S1 Trend,1356.5,6,8139,8775,2.16,9150,2.25,-3975,-0.98,295062.5,295.06
1129,Exit long,2008-10-21 16:30,S1 Trail,1361.75,8,11056,-8100,-1.47,200,0.04,-8100,-1.47,286962.5,286.96
1129,Entry long,2008-10-21 15:30,S1 Trend,1382,8,11056,-8100,-1.47,200,0.04,-8100,-1.47,286962.5,286.96
1130,Exit long,2008-10-21 19:00,S2 FairVal,1370.5,6,8179.5,2175,0.53,2175,0.53,-825,-0.20,289137.5,289.14
1130,Entry long,2008-10-21 18:30,S2 VWAP,1363.25,6,8179.5,2175,0.53,2175,0.53,-825,-0.20,289137.5,289.14
1131,Exit short,2008-10-23 20:30,S3 Scalp,1302.25,4,5115,-4700,-1.84,4500,1.76,-4700,-1.84,284437.5,284.44
1131,Entry short,2008-10-23 18:30,S3 Hedge,1278.75,4,5115,-4700,-1.84,4500,1.76,-4700,-1.84,284437.5,284.44
1132,Exit long,2008-10-27 19:30,S1 Trail,1258.25,4,5144,-5550,-2.16,1650,0.64,-5550,-2.16,278887.5,278.89
1132,Entry long,2008-10-27 17:00,S1 Trend,1286,4,5144,-5550,-2.16,1650,0.64,-5550,-2.16,278887.5,278.89
1133,Exit long,2008-10-29 18:30,S1 Trail,1327,5,6723.75,-4437.5,-1.32,2562.5,0.76,-4437.5,-1.32,274450,274.45
1133,Entry long,2008-10-29 17:00,S1 Trend,1344.75,5,6723.75,-4437.5,-1.32,2562.5,0.76,-4437.5,-1.32,274450,274.45
1134,Exit short,2008-10-30 20:00,EOD,1353.25,6,8061,-2925,-0.73,4950,1.23,-4425,-1.10,271525,271.53
1134,Entry short,2008-10-30 15:00,S3 Hedge,1343.5,6,8061,-2925,-0.73,4950,1.23,-4425,-1.10,271525,271.53
1135,Exit long,2008-10-31 19:30,S1 Trail,1356,8,10844,200,0.04,11500,2.12,-3200,-0.59,271725,271.73
1135,Entry long,2008-10-31 14:30,S1 Trend,1355.5,8,10844,200,0.04,11500,2.12,-3200,-0.59,271725,271.73
1136,Exit long,2008-11-04 19:30,S1 Trail,1388.25,9,12588.75,-4725,-0.75,3150,0.50,-4725,-0.75,267000,267.00
1136,Entry long,2008-11-04 16:00,S1 Trend,1398.75,9,12588.75,-4725,-0.75,3150,0.50,-4725,-0.75,267000,267.00
1137,Exit short,2008-11-06 18:00,S3 Scalp,1308.5,7,9334.5,8750,1.87,8750,1.87,-87.5,-0.02,275750,275.75
1137,Entry short,2008-11-06 15:30,S3 Hedge,1333.5,7,9334.5,8750,1.87,8750,1.87,-87.5,-0.02,275750,275.75
1138,Exit short,2008-11-11 18:30,S3 Scalp,1298.25,8,10306,-4000,-0.78,2100,0.41,-4000,-0.78,271750,271.75
1138,Entry short,2008-11-11 16:00,S3 Hedge,1288.25,8,10306,-4000,-0.78,2100,0.41,-4000,-0.78,271750,271.75
1139,Exit short,2008-11-12 21:00,EOD,1253.25,7,8841,3412.5,0.77,4987.5,1.13,-2012.5,-0.46,275162.5,275.16
1139,Entry short,2008-11-12 19:00,S3 Hedge,1263,7,8841,3412.5,0.77,4987.5,1.13,-2012.5,-0.46,275162.5,275.16
1140,Exit short,2008-11-13 18:30,S3 Scalp,1259,6,7452,-5100,-1.37,7500,2.01,-5100,-1.37,270062.5,270.06
1140,Entry short,2008-11-13 17:30,S3 Hedge,1242,6,7452,-5100,-1.37,7500,2.01,-5100,-1.37,270062.5,270.06
1141,Exit long,2008-11-17 20:30,S1 Trail,1255.5,6,7663.5,-6525,-1.70,1425,0.37,-6525,-1.70,263537.5,263.54
1141,Entry long,2008-11-17 17:30,S1 Trend,1277.25,6,7663.5,-6525,-1.70,1425,0.37,-6525,-1.70,263537.5,263.54
1142,Exit long,2008-11-18 18:00,S1 Trail,1241.75,6,7588.5,-6900,-1.82,525,0.14,-6900,-1.82,256637.5,256.64
1142,Entry long,2008-11-18 15:30,S1 Trend,1264.75,6,7588.5,-6900,-1.82,525,0.14,-6900,-1.82,256637.5,256.64
1143,Exit long,2008-11-24 21:00,EOD,1245,6,7392,3900,1.06,10350,2.80,-2025,-0.55,260537.5,260.54
1143,Entry long,2008-11-24 15:30,S1 Trend,1232,6,7392,3900,1.06,10350,2.80,-2025,-0.55,260537.5,260.54
1144,Exit long,2008-11-26 21:00,EOD,1286.75,7,8776.25,11550,2.63,11812.5,2.69,-1925,-0.44,272087.5,272.09
1144,Entry long,2008-11-26 15:30,S1 Trend,1253.75,7,8776.25,11550,2.63,11812.5,2.69,-1925,-0.44,272087.5,272.09
1145,Exit long,2008-11-28 09:30,S1 Trail,1283.75,15,19271.25,-750,-0.08,6750,0.70,-2250,-0.23,271337.5,271.34
1145,Entry long,2008-11-27 15:30,S1 Trend,1284.75,15,19271.25,-750,-0.08,6750,0.70,-2250,-0.23,271337.5,271.34
1146,Exit long,2008-12-01 08:30,S1 Trail,1282.5,11,14201,-4675,-0.66,3712.5,0.52,-4675,-0.66,266662.5,266.66
1146,Entry long,2008-11-28 17:00,S1 Trend,1291,11,14201,-4675,-0.66,3712.5,0.52,-4675,-0.66,266662.5,266.66
1147,Exit short,2008-12-01 20:30,S3 Scalp,1225.25,10,12455,10125,1.63,10125,1.63,-3000,-0.48,276787.5,276.79
1147,Entry short,2008-12-01 16:30,S3 Hedge,1245.5,10,12455,10125,1.63,10125,1.63,-3000,-0.48,276787.5,276.79
1148,Exit long,2008-12-03 18:30,S1 Trail,1242.5,7,8799,-5075,-1.15,2800,0.64,-5075,-1.15,271712.5,271.71
1148,Entry long,2008-12-03 16:00,S1 Trend,1257,7,8799,-5075,-1.15,2800,0.64,-5075,-1.15,271712.5,271.71
1149,Exit long,2008-12-08 21:00,EOD,1307.5,8,10480,-1000,-0.19,3800,0.73,-6800,-1.30,270712.5,270.71
1149,Entry long,2008-12-08 16:00,S1 Trend,1310,8,10480,-1000,-0.19,3800,0.73,-6800,-1.30,270712.5,270.71
1150,Exit long,2008-12-09 18:30,S1 Trail,1297,9,11821.5,-7425,-1.26,1350,0.23,-7425,-1.26,263287.5,263.29
1150,Entry long,2008-12-09 16:00,S1 Trend,1313.5,9,11821.5,-7425,-1.26,1350,0.23,-7425,-1.26,263287.5,263.29
1151,Exit long,2008-12-11 19:30,S1 Trail,1287.75,10,13007.5,-6500,-1.00,2250,0.35,-6500,-1.00,256787.5,256.79
1151,Entry long,2008-12-11 15:30,S1 Trend,1300.75,10,13007.5,-6500,-1.00,2250,0.35,-6500,-1.00,256787.5,256.79
1152,Exit long,2008-12-12 21:00,EOD,1279.5,6,7671,300,0.08,1650,0.43,-5025,-1.31,257087.5,257.09
1152,Entry long,2008-12-12 18:00,S1 Trend,1278.5,6,7671,300,0.08,1650,0.43,-5025,-1.31,257087.5,257.09
1153,Exit long,2008-12-16 20:30,S1 Climax,1310.5,3,3846.75,4237.5,2.20,4837.5,2.52,-562.5,-0.29,261325,261.33
1153,Entry long,2008-12-16 15:30,S1 Trend,1282.25,3,3846.75,4237.5,2.20,4837.5,2.52,-562.5,-0.29,261325,261.33
1154,Exit long,2008-12-16 21:00,EOD,1314,9,11540.25,14287.5,2.48,15187.5,2.63,-1687.5,-0.29,275612.5,275.61
1154,Entry long,2008-12-16 15:30,S1 Trend,1282.25,9,11540.25,14287.5,2.48,15187.5,2.63,-1687.5,-0.29,275612.5,275.61
1155,Exit long,2008-12-17 21:00,EOD,1305,9,11787.75,-2137.5,-0.36,4387.5,0.74,-2925,-0.50,273475,273.48
1155,Entry long,2008-12-17 17:30,S1 Trend,1309.75,9,11787.75,-2137.5,-0.36,4387.5,0.74,-2925,-0.50,273475,273.48
1156,Exit long,2008-12-19 16:30,S1 Trail,1288.25,10,13022.5,-7000,-1.08,1250,0.19,-7000,-1.08,266475,266.48
1156,Entry long,2008-12-19 15:30,S1 Trend,1302.25,10,13022.5,-7000,-1.08,1250,0.19,-7000,-1.08,266475,266.48
1157,Exit long,2008-12-30 21:00,EOD,1287.75,18,23089.5,4500,0.39,6075,0.53,-5850,-0.51,270975,270.98
1157,Entry long,2008-12-30 17:00,S1 Trend,1282.75,18,23089.5,4500,0.39,6075,0.53,-5850,-0.51,270975,270.98
1158,Exit long,2008-12-31 21:00,EOD,1301.5,22,28528.5,5225,0.37,13750,0.96,-2750,-0.19,276200,276.20
1158,Entry long,2008-12-31 15:30,S1 Trend,1296.75,22,28528.5,5225,0.37,13750,0.96,-2750,-0.19,276200,276.20
1159,Exit long,2009-01-02 20:30,S1 Climax,1330.75,3,3943.5,2437.5,1.24,2475,1.26,-300,-0.15,278637.5,278.64
1159,Entry long,2009-01-02 16:00,S1 Trend,1314.5,3,3943.5,2437.5,1.24,2475,1.26,-300,-0.15,278637.5,278.64
1160,Exit long,2009-01-02 21:00,EOD,1329,7,9201.5,5075,1.10,6825,1.48,-700,-0.15,283712.5,283.71
1160,Entry long,2009-01-02 16:00,S1 Trend,1314.5,7,9201.5,5075,1.10,6825,1.48,-700,-0.15,283712.5,283.71
1161,Exit long,2009-01-05 20:00,S1 Trail,1320.75,13,17293.25,-6175,-0.71,3412.5,0.39,-6175,-0.71,277537.5,277.54
1161,Entry long,2009-01-05 16:00,S1 Trend,1330.25,13,17293.25,-6175,-0.71,3412.5,0.39,-6175,-0.71,277537.5,277.54
1162,Exit long,2009-01-06 21:00,EOD,1333,14,18602.5,2975,0.32,8575,0.92,-2100,-0.23,280512.5,280.51
1162,Entry long,2009-01-06 15:30,S1 Trend,1328.75,14,18602.5,2975,0.32,8575,0.92,-2100,-0.23,280512.5,280.51
1163,Exit short,2009-01-12 21:00,EOD,1267,16,20296,1200,0.12,5600,0.55,-1000,-0.10,281712.5,281.71
1163,Entry short,2009-01-12 19:30,S3 Hedge,1268.5,16,20296,1200,0.12,5600,0.55,-1000,-0.10,281712.5,281.71
1164,Exit short,2009-01-20 21:00,EOD,1203.25,9,10955.25,6300,1.15,7087.5,1.29,-1237.5,-0.23,288012.5,288.01
1164,Entry short,2009-01-20 19:00,S3 Hedge,1217.25,9,10955.25,6300,1.15,7087.5,1.29,-1237.5,-0.23,288012.5,288.01
1165,Exit long,2009-01-22 21:00,EOD,1224.75,9,11092.5,-3487.5,-0.63,1125,0.20,-6975,-1.26,284525,284.52
1165,Entry long,2009-01-22 19:30,S1 Trend,1232.5,9,11092.5,-3487.5,-0.63,1125,0.20,-6975,-1.26,284525,284.52
1166,Exit long,2009-01-23 21:00,EOD,1228.5,7,8597.75,87.5,0.02,3150,0.73,-2187.5,-0.51,284612.5,284.61
1166,Entry long,2009-01-23 18:30,S1 Trend,1228.25,7,8597.75,87.5,0.02,3150,0.73,-2187.5,-0.51,284612.5,284.61
1167,Exit long,2009-01-26 18:30,S1 Trail,1233.75,11,13728,-7837.5,-1.14,687.5,0.10,-7837.5,-1.14,276775,276.77
1167,Entry long,2009-01-26 15:30,S1 Trend,1248,11,13728,-7837.5,-1.14,687.5,0.10,-7837.5,-1.14,276775,276.77
1168,Exit long,2009-01-27 21:00,EOD,1242.75,11,13725.25,-2750,-0.40,550,0.08,-5775,-0.84,274025,274.03
1168,Entry long,2009-01-27 17:30,S1 Trend,1247.75,11,13725.25,-2750,-0.40,550,0.08,-5775,-0.84,274025,274.03
1169,Exit long,2009-01-28 20:00,S1 Trail,1265,15,18967.5,375,0.04,9562.5,1.01,-2062.5,-0.22,274400,274.40
1169,Entry long,2009-01-28 16:00,S1 Trend,1264.5,15,18967.5,375,0.04,9562.5,1.01,-2062.5,-0.22,274400,274.40
1170,Exit short,2009-01-30 21:00,EOD,1223.5,11,13563,5225,0.77,7837.5,1.16,-3300,-0.49,279625,279.63
1170,Entry short,2009-01-30 15:30,S3 Hedge,1233,11,13563,5225,0.77,7837.5,1.16,-3300,-0.49,279625,279.63
1171,Exit long,2009-02-03 21:00,EOD,1235.25,11,13541,2337.5,0.35,5500,0.81,-137.5,-0.02,281962.5,281.96
1171,Entry long,2009-02-03 19:30,S1 Trend,1231,11,13541,2337.5,0.35,5500,0.81,-137.5,-0.02,281962.5,281.96
1172,Exit long,2009-02-04 18:00,S1 Trail,1239,15,18720,-6750,-0.72,2062.5,0.22,-6750,-0.72,275212.5,275.21
1172,Entry long,2009-02-04 15:30,S1 Trend,1248,15,18720,-6750,-0.72,2062.5,0.22,-6750,-0.72,275212.5,275.21
1173,Exit long,2009-02-05 21:00,EOD,1243.5,11,13582.25,4812.5,0.71,8525,1.26,-412.5,-0.06,280025,280.03
1173,Entry long,2009-02-05 16:00,S1 Trend,1234.75,11,13582.25,4812.5,0.71,8525,1.26,-412.5,-0.06,280025,280.03
1174,Exit long,2009-02-06 21:00,EOD,1266.5,12,15099,4950,0.66,7350,0.97,0,0.00,284975,284.97
1174,Entry long,2009-02-06 16:00,S1 Trend,1258.25,12,15099,4950,0.66,7350,0.97,0,0.00,284975,284.97
1175,Exit long,2009-02-09 21:00,EOD,1268.5,14,17829,-3500,-0.39,175,0.02,-8225,-0.92,281475,281.48
1175,Entry long,2009-02-09 16:00,S1 Trend,1273.5,14,17829,-3500,-0.39,175,0.02,-8225,-0.92,281475,281.48
1176,Exit short,2009-02-20 19:00,S3 Scalp,1167,12,13914,-4500,-0.65,3450,0.50,-4500,-0.65,276975,276.98
1176,Entry short,2009-02-20 18:00,S3 Hedge,1159.5,12,13914,-4500,-0.65,3450,0.50,-4500,-0.65,276975,276.98
1177,Exit long,2009-02-24 21:00,EOD,1172.25,11,12820.5,3712.5,0.58,5775,0.90,-1237.5,-0.19,280687.5,280.69
1177,Entry long,2009-02-24 19:00,S1 Trend,1165.5,11,12820.5,3712.5,0.58,5775,0.90,-1237.5,-0.19,280687.5,280.69
1178,Exit long,2009-02-25 21:00,EOD,1165,10,11702.5,-2625,-0.45,5250,0.90,-5875,-1.00,278062.5,278.06
1178,Entry long,2009-02-25 19:00,S1 Trend,1170.25,10,11702.5,-2625,-0.45,5250,0.90,-5875,-1.00,278062.5,278.06
1179,Exit long,2009-02-26 18:00,S1 Trail,1164.5,11,12963.5,-7700,-1.19,412.5,0.06,-7700,-1.19,270362.5,270.36
1179,Entry long,2009-02-26 16:00,S1 Trend,1178.5,11,12963.5,-7700,-1.19,412.5,0.06,-7700,-1.19,270362.5,270.36
1180,Exit short,2009-03-02 21:00,EOD,1102.25,12,13347,6000,0.90,7350,1.10,-900,-0.13,276362.5,276.36
1180,Entry short,2009-03-02 16:30,S3 Hedge,1112.25,12,13347,6000,0.90,7350,1.10,-900,-0.13,276362.5,276.36
1181,Exit short,2009-03-05 21:00,EOD,1083.75,10,10835,-125,-0.02,3000,0.55,-3250,-0.60,276237.5,276.24
1181,Entry short,2009-03-05 19:30,S3 Hedge,1083.5,10,10835,-125,-0.02,3000,0.55,-3250,-0.60,276237.5,276.24
1182,Exit long,2009-03-10 15:30,S1 Climax,1109.25,3,3315.75,600,0.36,675,0.41,-225,-0.14,276837.5,276.84
1182,Entry long,2009-03-10 14:30,S1 Trend,1105.25,3,3315.75,600,0.36,675,0.41,-225,-0.14,276837.5,276.84
1183,Exit long,2009-03-10 16:00,S1 Climax,1114,2,2210.5,875,0.79,900,0.81,-150,-0.14,277712.5,277.71
1183,Entry long,2009-03-10 14:30,S1 Trend,1105.25,2,2210.5,875,0.79,900,0.81,-150,-0.14,277712.5,277.71
1184,Exit long,2009-03-10 16:30,S1 Climax,1114.75,2,2210.5,950,0.86,1150,1.04,-150,-0.14,278662.5,278.66
1184,Entry long,2009-03-10 14:30,S1 Trend,1105.25,2,2210.5,950,0.86,1150,1.04,-150,-0.14,278662.5,278.66
1185,Exit long,2009-03-10 20:00,EOD,1118.25,5,5526.25,3250,1.18,3625,1.31,-375,-0.14,281912.5,281.91
1185,Entry long,2009-03-10 14:30,S1 Trend,1105.25,5,5526.25,3250,1.18,3625,1.31,-375,-0.14,281912.5,281.91
1186,Exit long,2009-03-12 19:30,S1 Climax,1147.75,4,4520,3550,1.57,3850,1.70,-400,-0.18,285462.5,285.46
1186,Entry long,2009-03-12 14:30,S1 Trend,1130,4,4520,3550,1.57,3850,1.70,-400,-0.18,285462.5,285.46
1187,Exit long,2009-03-12 20:00,EOD,1151.25,10,11300,10625,1.88,11875,2.10,-1000,-0.18,296087.5,296.09
1187,Entry long,2009-03-12 14:30,S1 Trend,1130,10,11300,10625,1.88,11875,2.10,-1000,-0.18,296087.5,296.09
1188,Exit short,2009-03-13 17:00,S3 Scalp,1153.75,15,17212.5,-4687.5,-0.54,3000,0.35,-4687.5,-0.54,291400,291.40
1188,Entry short,2009-03-13 16:00,S3 Hedge,1147.5,15,17212.5,-4687.5,-0.54,3000,0.35,-4687.5,-0.54,291400,291.40
1189,Exit long,2009-03-16 19:00,S1 Trail,1164.25,15,17561.25,-4875,-0.56,3937.5,0.45,-4875,-0.56,286525,286.53
1189,Entry long,2009-03-16 15:30,S1 Trend,1170.75,15,17561.25,-4875,-0.56,3937.5,0.45,-4875,-0.56,286525,286.53
1190,Exit long,2009-03-17 20:00,EOD,1178.5,14,16285.5,10675,1.31,11025,1.35,-875,-0.11,297200,297.20
1190,Entry long,2009-03-17 16:30,S1 Trend,1163.25,14,16285.5,10675,1.31,11025,1.35,-875,-0.11,297200,297.20
1191,Exit long,2009-03-18 19:00,S1 Climax,1201.75,4,4717,4500,1.91,5150,2.18,-350,-0.15,301700,301.70
1191,Entry long,2009-03-18 18:00,S1 Trend,1179.25,4,4717,4500,1.91,5150,2.18,-350,-0.15,301700,301.70
1192,Exit long,2009-03-18 19:00,S1 Trail,1187.5,12,14151,4950,0.70,15450,2.18,-1050,-0.15,306650,306.65
1192,Entry long,2009-03-18 18:00,S1 Trend,1179.25,12,14151,4950,0.70,15450,2.18,-1050,-0.15,306650,306.65
1193,Exit long,2009-03-23 20:00,EOD,1223.75,14,16751,19075,2.28,19250,2.30,-525,-0.06,325725,325.73
1193,Entry long,2009-03-23 14:30,S1 Trend,1196.5,14,16751,19075,2.28,19250,2.30,-525,-0.06,325725,325.73
1194,Exit long,2009-03-24 19:00,S1 Trail,1212.5,19,23037.5,0,0.00,11400,0.99,-2612.5,-0.23,325725,325.73
1194,Entry long,2009-03-24 14:30,S1 Trend,1212.5,19,23037.5,0,0.00,11400,0.99,-2612.5,-0.23,325725,325.73
1195,Exit long,2009-03-25 17:00,S1 Trail,1216.25,17,20765.5,-4462.5,-0.43,5525,0.53,-4462.5,-0.43,321262.5,321.26
1195,Entry long,2009-03-25 14:30,S1 Trend,1221.5,17,20765.5,-4462.5,-0.43,5525,0.53,-4462.5,-0.43,321262.5,321.26
1196,Exit long,2009-03-26 20:00,EOD,1232.5,12,14772,900,0.12,1800,0.24,-5700,-0.77,322162.5,322.16
1196,Entry long,2009-03-26 17:30,S1 Trend,1231,12,14772,900,0.12,1800,0.24,-5700,-0.77,322162.5,322.16
1197,Exit long,2009-03-31 20:30,S1 Trail,1200.5,18,21685.5,-3825,-0.35,6075,0.56,-3825,-0.35,318337.5,318.34
1197,Entry long,2009-03-31 19:00,S1 Trend,1204.75,18,21685.5,-3825,-0.35,6075,0.56,-3825,-0.35,318337.5,318.34
1198,Exit long,2009-04-01 21:00,EOD,1210.75,14,16779,8575,1.02,11375,1.36,-1225,-0.15,326912.5,326.91
1198,Entry long,2009-04-01 15:30,S1 Trend,1198.5,14,16779,8575,1.02,11375,1.36,-1225,-0.15,326912.5,326.91
1199,Exit long,2009-04-02 20:30,S1 Trail,1232.75,15,18465,1312.5,0.14,11812.5,1.28,-375,-0.04,328225,328.23
1199,Entry long,2009-04-02 15:30,S1 Trend,1231,15,18465,1312.5,0.14,11812.5,1.28,-375,-0.04,328225,328.23
1200,Exit long,2009-04-03 21:00,EOD,1242.75,14,17384.5,700,0.08,1050,0.12,-5600,-0.64,328925,328.93
1200,Entry long,2009-04-03 19:30,S1 Trend,1241.75,14,17384.5,700,0.08,1050,0.12,-5600,-0.64,328925,328.93
1201,Exit long,2009-04-08 20:00,S1 Trail,1216.5,15,18427.5,-9000,-0.98,187.5,0.02,-9000,-0.98,319925,319.93
1201,Entry long,2009-04-08 18:00,S1 Trend,1228.5,15,18427.5,-9000,-0.98,187.5,0.02,-9000,-0.98,319925,319.93
1202,Exit long,2009-04-09 21:00,EOD,1258.5,16,20004,6600,0.66,6800,0.68,-4600,-0.46,326525,326.52
1202,Entry long,2009-04-09 15:30,S1 Trend,1250.25,16,20004,6600,0.66,6800,0.68,-4600,-0.46,326525,326.52
1203,Exit long,2009-04-13 21:00,EOD,1258.5,25,31337.5,6250,0.40,15312.5,0.98,-7187.5,-0.46,332775,332.78
1203,Entry long,2009-04-13 15:30,S1 Trend,1253.5,25,31337.5,6250,0.40,15312.5,0.98,-7187.5,-0.46,332775,332.78
1204,Exit long,2009-04-15 21:00,EOD,1252.75,17,21211.75,4250,0.40,5737.5,0.54,-7650,-0.72,337025,337.03
1204,Entry long,2009-04-15 18:00,S1 Trend,1247.75,17,21211.75,4250,0.40,5737.5,0.54,-7650,-0.72,337025,337.03
1205,Exit long,2009-04-16 21:00,EOD,1265.5,14,17654,3150,0.36,7350,0.83,-175,-0.02,340175,340.17
1205,Entry long,2009-04-16 19:30,S1 Trend,1261,14,17654,3150,0.36,7350,0.83,-175,-0.02,340175,340.17
1206,Exit long,2009-04-17 21:00,EOD,1270.75,18,22887,-675,-0.06,4500,0.39,-2025,-0.18,339500,339.50
1206,Entry long,2009-04-17 18:30,S1 Trend,1271.5,18,22887,-675,-0.06,4500,0.39,-2025,-0.18,339500,339.50
1207,Exit long,2009-04-22 20:30,S1 Trail,1249.25,15,18873.75,-6750,-0.72,3750,0.40,-6750,-0.72,332750,332.75
1207,Entry long,2009-04-22 15:30,S1 Trend,1258.25,15,18873.75,-6750,-0.72,3750,0.40,-6750,-0.72,332750,332.75
1208,Exit long,2009-04-24 19:00,S1 Trail,1259,17,21420,-850,-0.08,8287.5,0.77,-850,-0.08,331900,331.90
1208,Entry long,2009-04-24 15:30,S1 Trend,1260,17,21420,-850,-0.08,8287.5,0.77,-850,-0.08,331900,331.90
1209,Exit long,2009-04-27 18:30,S1 Trail,1258,16,20220,-4600,-0.45,5200,0.51,-4600,-0.45,327300,327.30
1209,Entry long,2009-04-27 15:30,S1 Trend,1263.75,16,20220,-4600,-0.45,5200,0.51,-4600,-0.45,327300,327.30
1210,Exit long,2009-04-28 21:00,EOD,1255.5,18,22680,-4050,-0.36,5400,0.48,-4500,-0.40,323250,323.25
1210,Entry long,2009-04-28 15:30,S1 Trend,1260,18,22680,-4050,-0.36,5400,0.48,-4500,-0.40,323250,323.25
1211,Exit long,2009-04-29 20:00,S1 Trail,1272,18,22900.5,-225,-0.02,10350,0.90,-450,-0.04,323025,323.02
1211,Entry long,2009-04-29 15:30,S1 Trend,1272.25,18,22900.5,-225,-0.02,10350,0.90,-450,-0.04,323025,323.02
1212,Exit long,2009-04-30 21:00,EOD,1274,15,19147.5,-1875,-0.20,2437.5,0.25,-5625,-0.59,321150,321.15
1212,Entry long,2009-04-30 19:00,S2 VWAP,1276.5,15,19147.5,-1875,-0.20,2437.5,0.25,-5625,-0.59,321150,321.15
1213,Exit long,2009-05-01 21:00,EOD,1278.5,19,24301,-475,-0.04,1662.5,0.14,-7362.5,-0.61,320675,320.68
1213,Entry long,2009-05-01 19:00,S1 Trend,1279,19,24301,-475,-0.04,1662.5,0.14,-7362.5,-0.61,320675,320.68
1214,Exit long,2009-05-04 21:00,EOD,1309.25,20,25955,11500,0.89,11500,0.89,-4250,-0.33,332175,332.18
1214,Entry long,2009-05-04 15:30,S1 Trend,1297.75,20,25955,11500,0.89,11500,0.89,-4250,-0.33,332175,332.18
1215,Exit long,2009-05-05 17:00,S2 FairVal,1303.5,22,28627.5,2475,0.17,3575,0.25,-275,-0.02,334650,334.65
1215,Entry long,2009-05-05 16:30,S2 VWAP,1301.25,22,28627.5,2475,0.17,3575,0.25,-275,-0.02,334650,334.65
1216,Exit long,2009-05-06 21:00,EOD,1321.25,14,18441.5,2800,0.30,3150,0.34,-3325,-0.36,337450,337.45
1216,Entry long,2009-05-06 19:00,S1 Trend,1317.25,14,18441.5,2800,0.30,3150,0.34,-3325,-0.36,337450,337.45
1217,Exit long,2009-05-08 21:00,EOD,1330.25,14,18581.5,2100,0.23,3500,0.38,-1575,-0.17,339550,339.55
1217,Entry long,2009-05-08 19:30,S1 Trend,1327.25,14,18581.5,2100,0.23,3500,0.38,-1575,-0.17,339550,339.55
1218,Exit long,2009-05-18 16:00,S1 Climax,1301.5,6,7789.5,975,0.25,1125,0.29,-225,-0.06,340525,340.53
1218,Entry long,2009-05-18 15:30,S1 Trend,1298.25,6,7789.5,975,0.25,1125,0.29,-225,-0.06,340525,340.53
1219,Exit long,2009-05-18 16:30,S1 Climax,1301.5,4,5193,650,0.25,800,0.31,-150,-0.06,341175,341.18
1219,Entry long,2009-05-18 15:30,S1 Trend,1298.25,4,5193,650,0.25,800,0.31,-150,-0.06,341175,341.18
1220,Exit long,2009-05-18 18:00,S1 Climax,1305.75,3,3894.75,1125,0.58,1200,0.62,-112.5,-0.06,342300,342.30
1220,Entry long,2009-05-18 15:30,S1 Trend,1298.25,3,3894.75,1125,0.58,1200,0.62,-112.5,-0.06,342300,342.30
1221,Exit long,2009-05-18 21:00,EOD,1312.5,8,10386,5700,1.10,6000,1.16,-300,-0.06,348000,348.00
1221,Entry long,2009-05-18 15:30,S1 Trend,1298.25,8,10386,5700,1.10,6000,1.16,-300,-0.06,348000,348.00
1222,Exit long,2009-05-20 16:30,S1 Trail,1317.25,22,29155.5,-8800,-0.60,1375,0.09,-8800,-0.60,339200,339.20
1222,Entry long,2009-05-20 15:30,S1 Trend,1325.25,22,29155.5,-8800,-0.60,1375,0.09,-8800,-0.60,339200,339.20
1223,Exit long,2009-05-20 20:30,S2 FairVal,1306.5,19,24985,-8075,-0.65,3800,0.30,-8075,-0.65,331125,331.13
1223,Entry long,2009-05-20 18:30,S2 VWAP,1315,19,24985,-8075,-0.65,3800,0.30,-8075,-0.65,331125,331.13
1224,Exit long,2009-05-26 19:00,S1 Climax,1313.75,4,5218,1850,0.71,1950,0.75,-50,-0.02,332975,332.98
1224,Entry long,2009-05-26 15:30,S1 Trend,1304.5,4,5218,1850,0.71,1950,0.75,-50,-0.02,332975,332.98
1225,Exit long,2009-05-26 21:00,EOD,1313.25,12,15654,5250,0.67,6600,0.84,-150,-0.02,338225,338.23
1225,Entry long,2009-05-26 15:30,S1 Trend,1304.5,12,15654,5250,0.67,6600,0.84,-150,-0.02,338225,338.23
1226,Exit long,2009-05-28 21:00,EOD,1309.25,13,16997.5,1137.5,0.13,3737.5,0.44,-2437.5,-0.29,339362.5,339.36
1226,Entry long,2009-05-28 18:30,S1 Trend,1307.5,13,16997.5,1137.5,0.13,3737.5,0.44,-2437.5,-0.29,339362.5,339.36
1227,Exit long,2009-06-01 17:30,S1 Climax,1348,5,6721.25,937.5,0.28,1000,0.30,-187.5,-0.06,340300,340.30
1227,Entry long,2009-06-01 15:30,S1 Trend,1344.25,5,6721.25,937.5,0.28,1000,0.30,-187.5,-0.06,340300,340.30
1228,Exit long,2009-06-01 21:00,EOD,1347.25,13,17475.25,1950,0.22,4875,0.56,-487.5,-0.06,342250,342.25
1228,Entry long,2009-06-01 15:30,S1 Trend,1344.25,13,17475.25,1950,0.22,4875,0.56,-487.5,-0.06,342250,342.25
1229,Exit long,2009-06-02 21:00,EOD,1348.5,20,27005,-1750,-0.13,2000,0.15,-6500,-0.48,340500,340.50
1229,Entry long,2009-06-02 15:30,S1 Trend,1350.25,20,27005,-1750,-0.13,2000,0.15,-6500,-0.48,340500,340.50
1230,Exit long,2009-06-04 21:00,EOD,1345.25,20,26870,1750,0.13,3000,0.22,-1000,-0.07,342250,342.25
1230,Entry long,2009-06-04 18:30,S1 Trend,1343.5,20,26870,1750,0.13,3000,0.22,-1000,-0.07,342250,342.25
1231,Exit long,2009-06-11 20:30,S1 Trail,1350.25,21,28392,-1837.5,-0.13,9450,0.67,-2887.5,-0.20,340412.5,340.41
1231,Entry long,2009-06-11 15:30,S1 Trend,1352,21,28392,-1837.5,-0.13,9450,0.67,-2887.5,-0.20,340412.5,340.41
1232,Exit long,2009-06-18 21:00,EOD,1321,19,25132.25,-1662.5,-0.13,3325,0.26,-3325,-0.26,338750,338.75
1232,Entry long,2009-06-18 15:30,S1 Trend,1322.75,19,25132.25,-1662.5,-0.13,3325,0.26,-3325,-0.26,338750,338.75
1233,Exit short,2009-06-22 21:00,EOD,1297,22,28627.5,4675,0.33,5225,0.37,-2750,-0.19,343425,343.43
1233,Entry short,2009-06-22 17:00,S3 Hedge,1301.25,22,28627.5,4675,0.33,5225,0.37,-2750,-0.19,343425,343.43
1234,Exit long,2009-06-24 19:00,S1 Trail,1306.5,24,31500,-7200,-0.46,3000,0.19,-7200,-0.46,336225,336.23
1234,Entry long,2009-06-24 15:30,S1 Trend,1312.5,24,31500,-7200,-0.46,3000,0.19,-7200,-0.46,336225,336.23
1235,Exit long,2009-06-25 21:00,EOD,1324.5,17,22316.75,9987.5,0.90,11475,1.03,-2762.5,-0.25,346212.5,346.21
1235,Entry long,2009-06-25 15:30,S1 Trend,1312.75,17,22316.75,9987.5,0.90,11475,1.03,-2762.5,-0.25,346212.5,346.21
1236,Exit long,2009-06-29 21:00,EOD,1331.5,25,33225,3125,0.19,4375,0.26,-937.5,-0.06,349337.5,349.34
1236,Entry long,2009-06-29 15:30,S1 Trend,1329,25,33225,3125,0.19,4375,0.26,-937.5,-0.06,349337.5,349.34
1237,Exit long,2009-07-01 20:30,S1 Trail,1327.75,22,29403,-9625,-0.65,275,0.02,-9625,-0.65,339712.5,339.71
1237,Entry long,2009-07-01 15:30,S1 Trend,1336.5,22,29403,-9625,-0.65,275,0.02,-9625,-0.65,339712.5,339.71
1238,Exit short,2009-07-10 17:30,S3 Scalp,1283.5,21,26853.75,-4987.5,-0.37,1575,0.12,-4987.5,-0.37,334725,334.73
1238,Entry short,2009-07-10 16:30,S3 Hedge,1278.75,21,26853.75,-4987.5,-0.37,1575,0.12,-4987.5,-0.37,334725,334.73
1239,Exit long,2009-07-13 21:00,EOD,1305.25,18,23251.5,12150,1.05,12600,1.08,-1350,-0.12,346875,346.88
1239,Entry long,2009-07-13 16:00,S1 Trend,1291.75,18,23251.5,12150,1.05,12600,1.08,-1350,-0.12,346875,346.88
1240,Exit long,2009-07-15 16:30,S1 Climax,1329.75,9,11943,1237.5,0.21,1575,0.26,-450,-0.08,348112.5,348.11
1240,Entry long,2009-07-15 15:30,S1 Trend,1327,9,11943,1237.5,0.21,1575,0.26,-450,-0.08,348112.5,348.11
1241,Exit long,2009-07-15 17:00,S1 Climax,1329.75,6,7962,825,0.21,1425,0.36,-300,-0.08,348937.5,348.94
1241,Entry long,2009-07-15 15:30,S1 Trend,1327,6,7962,825,0.21,1425,0.36,-300,-0.08,348937.5,348.94
1242,Exit long,2009-07-15 17:30,S1 Climax,1331,4,5308,800,0.30,950,0.36,-200,-0.08,349737.5,349.74
1242,Entry long,2009-07-15 15:30,S1 Trend,1327,4,5308,800,0.30,950,0.36,-200,-0.08,349737.5,349.74
1243,Exit long,2009-07-15 18:00,S1 Climax,1330.75,3,3981,562.5,0.28,750,0.38,-150,-0.08,350300,350.30
1243,Entry long,2009-07-15 15:30,S1 Trend,1327,3,3981,562.5,0.28,750,0.38,-150,-0.08,350300,350.30
1244,Exit long,2009-07-15 18:30,S1 Climax,1332.25,2,2654,525,0.40,525,0.40,-100,-0.08,350825,350.83
1244,Entry long,2009-07-15 15:30,S1 Trend,1327,2,2654,525,0.40,525,0.40,-100,-0.08,350825,350.83
1245,Exit long,2009-07-15 19:00,S1 Climax,1333,2,2654,600,0.45,700,0.53,-100,-0.08,351425,351.43
1245,Entry long,2009-07-15 15:30,S1 Trend,1327,2,2654,600,0.45,700,0.53,-100,-0.08,351425,351.43
1246,Exit long,2009-07-15 19:30,S1 Climax,1334,1,1327,350,0.53,412.5,0.62,-50,-0.08,351775,351.78
1246,Entry long,2009-07-15 15:30,S1 Trend,1327,1,1327,350,0.53,412.5,0.62,-50,-0.08,351775,351.78
1247,Exit long,2009-07-15 20:00,S1 Climax,1337.75,1,1327,537.5,0.81,550,0.83,-50,-0.08,352312.5,352.31
1247,Entry long,2009-07-15 15:30,S1 Trend,1327,1,1327,537.5,0.81,550,0.83,-50,-0.08,352312.5,352.31
1248,Exit long,2009-07-15 21:00,EOD,1337.25,3,3981,1537.5,0.77,1837.5,0.92,-150,-0.08,353850,353.85
1248,Entry long,2009-07-15 15:30,S1 Trend,1327,3,3981,1537.5,0.77,1837.5,0.92,-150,-0.08,353850,353.85
1249,Exit long,2009-07-16 21:00,EOD,1345.75,21,28187.25,3675,0.26,7350,0.52,-525,-0.04,357525,357.53
1249,Entry long,2009-07-16 19:30,S1 Trend,1342.25,21,28187.25,3675,0.26,7350,0.52,-525,-0.04,357525,357.53
1250,Exit long,2009-07-17 21:00,EOD,1345.5,23,30940.75,287.5,0.02,575,0.04,-4600,-0.30,357812.5,357.81
1250,Entry long,2009-07-17 19:00,S1 Trend,1345.25,23,30940.75,287.5,0.02,575,0.04,-4600,-0.30,357812.5,357.81
1251,Exit long,2009-07-21 20:00,S2 FairVal,1355.75,23,31090.25,4600,0.30,4600,0.30,-4312.5,-0.28,362412.5,362.41
1251,Entry long,2009-07-21 17:30,S2 VWAP,1351.75,23,31090.25,4600,0.30,4600,0.30,-4312.5,-0.28,362412.5,362.41
1252,Exit long,2009-07-22 21:00,EOD,1359.5,23,31234,1725,0.11,8337.5,0.53,-2012.5,-0.13,364137.5,364.14
1252,Entry long,2009-07-22 15:30,S1 Trend,1358,23,31234,1725,0.11,8337.5,0.53,-2012.5,-0.13,364137.5,364.14
1253,Exit long,2009-07-23 16:30,S1 Climax,1380.25,6,8235,2325,0.56,2700,0.66,-75,-0.02,366462.5,366.46
1253,Entry long,2009-07-23 15:30,S1 Trend,1372.5,6,8235,2325,0.56,2700,0.66,-75,-0.02,366462.5,366.46
1254,Exit long,2009-07-23 18:00,S1 Climax,1382.75,4,5490,2050,0.75,2100,0.77,-50,-0.02,368512.5,368.51
1254,Entry long,2009-07-23 15:30,S1 Trend,1372.5,4,5490,2050,0.75,2100,0.77,-50,-0.02,368512.5,368.51
1255,Exit long,2009-07-23 21:00,EOD,1381,12,16470,5100,0.62,7500,0.91,-150,-0.02,373612.5,373.61
1255,Entry long,2009-07-23 15:30,S1 Trend,1372.5,12,16470,5100,0.62,7500,0.91,-150,-0.02,373612.5,373.61
1256,Exit long,2009-07-24 21:00,EOD,1384.75,24,33162,3600,0.22,4800,0.29,-1800,-0.11,377212.5,377.21
1256,Entry long,2009-07-24 19:00,S1 Trend,1381.75,24,33162,3600,0.22,4800,0.29,-1800,-0.11,377212.5,377.21
1257,Exit long,2009-07-30 20:30,S1 Trail,1393,22,30789,-7150,-0.46,3300,0.21,-7150,-0.46,370062.5,370.06
1257,Entry long,2009-07-30 15:30,S1 Trend,1399.5,22,30789,-7150,-0.46,3300,0.21,-7150,-0.46,370062.5,370.06
1258,Exit long,2009-08-03 21:00,EOD,1408,24,33720,3600,0.21,5400,0.32,-5100,-0.30,373662.5,373.66
1258,Entry long,2009-08-03 15:30,S1 Trend,1405,24,33720,3600,0.21,5400,0.32,-5100,-0.30,373662.5,373.66
1259,Exit long,2009-08-04 21:00,EOD,1411,29,40832,4350,0.21,6525,0.32,-3625,-0.18,378012.5,378.01
1259,Entry long,2009-08-04 16:30,S1 Trend,1408,29,40832,4350,0.21,6525,0.32,-3625,-0.18,378012.5,378.01
1260,Exit long,2009-08-07 21:00,EOD,1415.75,20,28390,-3750,-0.26,5000,0.35,-3750,-0.26,374262.5,374.26
1260,Entry long,2009-08-07 16:00,S1 Trend,1419.5,20,28390,-3750,-0.26,5000,0.35,-3750,-0.26,374262.5,374.26
1261,Exit long,2009-08-10 18:00,S1 Trail,1409.25,32,45280,-9200,-0.41,2000,0.09,-9200,-0.41,365062.5,365.06
1261,Entry long,2009-08-10 16:00,S1 Trend,1415,32,45280,-9200,-0.41,2000,0.09,-9200,-0.41,365062.5,365.06
1262,Exit long,2009-08-12 21:00,EOD,1412,23,32499,-1150,-0.07,7762.5,0.48,-4600,-0.28,363912.5,363.91
1262,Entry long,2009-08-12 15:30,S1 Trend,1413,23,32499,-1150,-0.07,7762.5,0.48,-4600,-0.28,363912.5,363.91
1263,Exit long,2009-08-19 21:00,EOD,1404.25,21,29442,2362.5,0.16,5512.5,0.37,-2100,-0.14,366275,366.28
1263,Entry long,2009-08-19 17:00,S1 Trend,1402,21,29442,2362.5,0.16,5512.5,0.37,-2100,-0.14,366275,366.28
1264,Exit long,2009-08-20 21:00,EOD,1414,25,35300,2500,0.14,5312.5,0.30,-2812.5,-0.16,368775,368.78
1264,Entry long,2009-08-20 16:00,S1 Trend,1412,25,35300,2500,0.14,5312.5,0.30,-2812.5,-0.16,368775,368.78
1265,Exit long,2009-08-21 16:00,S1 Climax,1430.25,7,10010,87.5,0.02,787.5,0.16,-262.5,-0.05,368862.5,368.86
1265,Entry long,2009-08-21 15:30,S1 Trend,1430,7,10010,87.5,0.02,787.5,0.16,-262.5,-0.05,368862.5,368.86
1266,Exit long,2009-08-21 16:30,S1 Climax,1431,5,7150,250,0.07,562.5,0.16,-187.5,-0.05,369112.5,369.11
1266,Entry long,2009-08-21 15:30,S1 Trend,1430,5,7150,250,0.07,562.5,0.16,-187.5,-0.05,369112.5,369.11
1267,Exit long,2009-08-21 17:00,S1 Climax,1432,3,4290,300,0.14,412.5,0.19,-112.5,-0.05,369412.5,369.41
1267,Entry long,2009-08-21 15:30,S1 Trend,1430,3,4290,300,0.14,412.5,0.19,-112.5,-0.05,369412.5,369.41
1268,Exit long,2009-08-21 17:30,S1 Climax,1431.75,2,2860,175,0.12,275,0.19,-75,-0.05,369587.5,369.59
1268,Entry long,2009-08-21 15:30,S1 Trend,1430,2,2860,175,0.12,275,0.19,-75,-0.05,369587.5,369.59
1269,Exit long,2009-08-21 18:00,S1 Climax,1431.25,2,2860,125,0.09,275,0.19,-75,-0.05,369712.5,369.71
1269,Entry long,2009-08-21 15:30,S1 Trend,1430,2,2860,125,0.09,275,0.19,-75,-0.05,369712.5,369.71
1270,Exit long,2009-08-21 18:30,S1 Climax,1431.5,1,1430,75,0.10,137.5,0.19,-37.5,-0.05,369787.5,369.79
1270,Entry long,2009-08-21 15:30,S1 Trend,1430,1,1430,75,0.10,137.5,0.19,-37.5,-0.05,369787.5,369.79
1271,Exit long,2009-08-21 20:30,S1 Climax,1434.5,1,1430,225,0.31,275,0.38,-50,-0.07,370012.5,370.01
1271,Entry long,2009-08-21 15:30,S1 Trend,1430,1,1430,225,0.31,275,0.38,-50,-0.07,370012.5,370.01
1272,Exit long,2009-08-21 21:00,EOD,1433,3,4290,450,0.21,825,0.38,-150,-0.07,370462.5,370.46
1272,Entry long,2009-08-21 15:30,S1 Trend,1430,3,4290,450,0.21,825,0.38,-150,-0.07,370462.5,370.46
1273,Exit long,2009-08-24 18:00,S1 Trail,1436,28,40376,-8400,-0.42,2100,0.10,-8400,-0.42,362062.5,362.06
1273,Entry long,2009-08-24 15:30,S1 Trend,1442,28,40376,-8400,-0.42,2100,0.10,-8400,-0.42,362062.5,362.06
1274,Exit long,2009-08-24 21:00,EOD,1433.5,25,35856.25,-937.5,-0.05,2187.5,0.12,-5625,-0.31,361125,361.13
1274,Entry long,2009-08-24 19:00,S2 VWAP,1434.25,25,35856.25,-937.5,-0.05,2187.5,0.12,-5625,-0.31,361125,361.13
1275,Exit long,2009-08-25 19:30,S1 Trail,1434.25,20,28710,-1250,-0.09,8750,0.61,-1250,-0.09,359875,359.88
1275,Entry long,2009-08-25 15:30,S1 Trend,1435.5,20,28710,-1250,-0.09,8750,0.61,-1250,-0.09,359875,359.88
1276,Exit long,2009-08-26 21:00,EOD,1435.5,21,30192.75,-2362.5,-0.16,2887.5,0.19,-7350,-0.49,357512.5,357.51
1276,Entry long,2009-08-26 15:30,S1 Trend,1437.75,21,30192.75,-2362.5,-0.16,2887.5,0.19,-7350,-0.49,357512.5,357.51
1277,Exit long,2009-08-27 21:00,EOD,1438.5,21,30166.5,2100,0.14,4987.5,0.33,0,0.00,359612.5,359.61
1277,Entry long,2009-08-27 19:30,S1 Trend,1436.5,21,30166.5,2100,0.14,4987.5,0.33,0,0.00,359612.5,359.61
1278,Exit long,2009-09-01 16:00,S1 Trail,1422.5,21,30061.5,-9450,-0.63,1575,0.10,-9450,-0.63,350162.5,350.16
1278,Entry long,2009-09-01 15:30,S1 Trend,1431.5,21,30061.5,-9450,-0.63,1575,0.10,-9450,-0.63,350162.5,350.16
1279,Exit long,2009-09-04 21:00,EOD,1424.25,21,29851.5,2887.5,0.19,3412.5,0.23,-1575,-0.11,353050,353.05
1279,Entry long,2009-09-04 17:30,S1 Trend,1421.5,21,29851.5,2887.5,0.19,3412.5,0.23,-1575,-0.11,353050,353.05
1280,Exit long,2009-09-09 19:00,S1 Trail,1437.5,30,43117.5,375,0.02,11250,0.52,-1875,-0.09,353425,353.43
1280,Entry long,2009-09-09 15:30,S1 Trend,1437.25,30,43117.5,375,0.02,11250,0.52,-1875,-0.09,353425,353.43
1281,Exit long,2009-09-10 21:00,EOD,1451.5,24,34674,8100,0.47,9300,0.54,-2100,-0.12,361525,361.53
1281,Entry long,2009-09-10 16:00,S1 Trend,1444.75,24,34674,8100,0.47,9300,0.54,-2100,-0.12,361525,361.53
1282,Exit long,2009-09-11 20:00,S2 FairVal,1452,27,39170.25,1687.5,0.09,1687.5,0.09,-1012.5,-0.05,363212.5,363.21
1282,Entry long,2009-09-11 19:30,S2 VWAP,1450.75,27,39170.25,1687.5,0.09,1687.5,0.09,-1012.5,-0.05,363212.5,363.21
1283,Exit long,2009-09-14 21:00,EOD,1457,30,43447.5,13125,0.60,15000,0.69,-375,-0.02,376337.5,376.34
1283,Entry long,2009-09-14 15:30,S1 Trend,1448.25,30,43447.5,13125,0.60,15000,0.69,-375,-0.02,376337.5,376.34
1284,Exit long,2009-09-15 21:00,EOD,1461,25,36543.75,-937.5,-0.05,4062.5,0.22,-3125,-0.17,375400,375.40
1284,Entry long,2009-09-15 18:30,S1 Trend,1461.75,25,36543.75,-937.5,-0.05,4062.5,0.22,-3125,-0.17,375400,375.40
1285,Exit long,2009-09-16 21:00,EOD,1476.75,31,45500.25,13950,0.61,14337.5,0.63,-2325,-0.10,389350,389.35
1285,Entry long,2009-09-16 16:00,S1 Trend,1467.75,31,45500.25,13950,0.61,14337.5,0.63,-2325,-0.10,389350,389.35
1286,Exit long,2009-09-17 17:00,S1 Trail,1472.5,24,35442,-5100,-0.29,6300,0.36,-5100,-0.29,384250,384.25
1286,Entry long,2009-09-17 15:30,S1 Trend,1476.75,24,35442,-5100,-0.29,6300,0.36,-5100,-0.29,384250,384.25
1287,Exit long,2009-09-17 20:00,S2 FairVal,1477,19,28006,2850,0.20,2850,0.20,-1187.5,-0.08,387100,387.10
1287,Entry long,2009-09-17 19:00,S2 VWAP,1474,19,28006,2850,0.20,2850,0.20,-1187.5,-0.08,387100,387.10
1288,Exit long,2009-09-21 21:00,EOD,1473.25,27,39750.75,1350,0.07,4725,0.24,-2700,-0.14,388450,388.45
1288,Entry long,2009-09-21 16:30,S1 Trend,1472.25,27,39750.75,1350,0.07,4725,0.24,-2700,-0.14,388450,388.45
1289,Exit long,2009-09-22 21:00,EOD,1479.5,34,50362.5,-2975,-0.12,1700,0.07,-5525,-0.22,385475,385.48
1289,Entry long,2009-09-22 17:30,S1 Trend,1481.25,34,50362.5,-2975,-0.12,1700,0.07,-5525,-0.22,385475,385.48
1290,Exit long,2009-09-23 20:00,S1 Trail,1480.25,29,43094,-8337.5,-0.39,3987.5,0.19,-8337.5,-0.39,377137.5,377.14
1290,Entry long,2009-09-23 19:30,S1 Trend,1486,29,43094,-8337.5,-0.39,3987.5,0.19,-8337.5,-0.39,377137.5,377.14
1291,Exit long,2009-09-28 21:00,EOD,1471.75,23,33758.25,4600,0.27,7187.5,0.43,0,0.00,381737.5,381.74
1291,Entry long,2009-09-28 15:30,S1 Trend,1467.75,23,33758.25,4600,0.27,7187.5,0.43,0,0.00,381737.5,381.74
1292,Exit long,2009-09-29 18:00,S2 FairVal,1472.25,23,33821.5,2012.5,0.12,2012.5,0.12,-4887.5,-0.29,383750,383.75
1292,Entry long,2009-09-29 16:30,S2 VWAP,1470.5,23,33821.5,2012.5,0.12,2012.5,0.12,-4887.5,-0.29,383750,383.75
1293,Exit short,2009-10-01 21:00,EOD,1437.75,19,27426.5,5462.5,0.40,5700,0.42,-4037.5,-0.29,389212.5,389.21
1293,Entry short,2009-10-01 18:30,S3 Hedge,1443.5,19,27426.5,5462.5,0.40,5700,0.42,-4037.5,-0.29,389212.5,389.21
1294,Exit long,2009-10-05 21:00,EOD,1448.5,23,33258,2875,0.17,6325,0.38,-2012.5,-0.12,392087.5,392.09
1294,Entry long,2009-10-05 18:00,S1 Trend,1446,23,33258,2875,0.17,6325,0.38,-2012.5,-0.12,392087.5,392.09
1295,Exit long,2009-10-06 18:30,S1 Trail,1461.25,29,42405.25,-1450,-0.07,10875,0.51,-1450,-0.07,390637.5,390.64
1295,Entry long,2009-10-06 15:30,S1 Trend,1462.25,29,42405.25,-1450,-0.07,10875,0.51,-1450,-0.07,390637.5,390.64
1296,Exit long,2009-10-07 21:00,EOD,1466.25,26,38070.5,2600,0.14,3900,0.20,-4875,-0.26,393237.5,393.24
1296,Entry long,2009-10-07 16:30,S1 Trend,1464.25,26,38070.5,2600,0.14,3900,0.20,-4875,-0.26,393237.5,393.24
1297,Exit long,2009-10-08 21:00,EOD,1474.5,28,41384,-4900,-0.24,3150,0.15,-6650,-0.32,388337.5,388.34
1297,Entry long,2009-10-08 16:30,S1 Trend,1478,28,41384,-4900,-0.24,3150,0.15,-6650,-0.32,388337.5,388.34
1298,Exit long,2009-10-14 21:00,EOD,1501.75,33,49392.75,8250,0.33,9900,0.40,-1650,-0.07,396587.5,396.59
1298,Entry long,2009-10-14 18:30,S1 Trend,1496.75,33,49392.75,8250,0.33,9900,0.40,-1650,-0.07,396587.5,396.59
1299,Exit long,2009-10-16 21:00,EOD,1497,26,38948,-1300,-0.07,4225,0.22,-3250,-0.17,395287.5,395.29
1299,Entry long,2009-10-16 19:00,S1 Trend,1498,26,38948,-1300,-0.07,4225,0.22,-3250,-0.17,395287.5,395.29
1300,Exit long,2009-10-19 21:00,EOD,1506.75,30,45135,3375,0.15,7875,0.35,-750,-0.03,398662.5,398.66
1300,Entry long,2009-10-19 16:00,S1 Trend,1504.5,30,45135,3375,0.15,7875,0.35,-750,-0.03,398662.5,398.66
1301,Exit long,2009-10-21 20:00,S1 Trail,1501.75,24,36186,-7200,-0.40,4500,0.25,-7200,-0.40,391462.5,391.46
1301,Entry long,2009-10-21 15:30,S1 Trend,1507.75,24,36186,-7200,-0.40,4500,0.25,-7200,-0.40,391462.5,391.46
1302,Exit long,2009-10-22 21:00,EOD,1501.5,20,29995,1750,0.12,5500,0.37,-250,-0.02,393212.5,393.21
1302,Entry long,2009-10-22 19:30,S1 Trend,1499.75,20,29995,1750,0.12,5500,0.37,-250,-0.02,393212.5,393.21
1303,Exit long,2009-10-26 15:30,S1 Trail,1492,26,38987,-9750,-0.50,1625,0.08,-9750,-0.50,383462.5,383.46
1303,Entry long,2009-10-26 14:30,S1 Trend,1499.5,26,38987,-9750,-0.50,1625,0.08,-9750,-0.50,383462.5,383.46
1304,Exit short,2009-10-28 20:00,EOD,1452.75,21,30723,10762.5,0.70,11812.5,0.77,-2887.5,-0.19,394225,394.23
1304,Entry short,2009-10-28 15:00,S3 Hedge,1463,21,30723,10762.5,0.70,11812.5,0.77,-2887.5,-0.19,394225,394.23
1305,Exit long,2009-10-29 19:00,S1 Climax,1475,6,8818.5,1575,0.36,1650,0.37,-150,-0.03,395800,395.80
1305,Entry long,2009-10-29 16:30,S1 Trend,1469.75,6,8818.5,1575,0.36,1650,0.37,-150,-0.03,395800,395.80
1306,Exit long,2009-10-29 20:00,EOD,1474.5,17,24985.75,4037.5,0.32,6162.5,0.49,-425,-0.03,399837.5,399.84
1306,Entry long,2009-10-29 16:30,S1 Trend,1469.75,17,24985.75,4037.5,0.32,6162.5,0.49,-425,-0.03,399837.5,399.84
1307,Exit long,2009-11-04 16:00,S1 Climax,1470.5,8,11750,700,0.12,700,0.12,-400,-0.07,400537.5,400.54
1307,Entry long,2009-11-04 15:30,S1 Trend,1468.75,8,11750,700,0.12,700,0.12,-400,-0.07,400537.5,400.54
1308,Exit long,2009-11-04 19:00,S1 Trail,1462.5,20,29375,-6250,-0.43,1750,0.12,-6250,-0.43,394287.5,394.29
1308,Entry long,2009-11-04 15:30,S1 Trend,1468.75,20,29375,-6250,-0.43,1750,0.12,-6250,-0.43,394287.5,394.29
1309,Exit long,2009-11-05 21:00,EOD,1476.5,25,36737.5,8750,0.48,9375,0.51,-937.5,-0.05,403037.5,403.04
1309,Entry long,2009-11-05 15:30,S1 Trend,1469.5,25,36737.5,8750,0.48,9375,0.51,-937.5,-0.05,403037.5,403.04
1310,Exit long,2009-11-09 20:00,S1 Climax,1501.75,9,13439.25,3825,0.57,4050,0.60,-337.5,-0.05,406862.5,406.86
1310,Entry long,2009-11-09 15:30,S1 Trend,1493.25,9,13439.25,3825,0.57,4050,0.60,-337.5,-0.05,406862.5,406.86
1311,Exit long,2009-11-09 21:00,EOD,1504,24,35838,12900,0.72,13200,0.74,-900,-0.05,419762.5,419.76
1311,Entry long,2009-11-09 15:30,S1 Trend,1493.25,24,35838,12900,0.72,13200,0.74,-900,-0.05,419762.5,419.76
1312,Exit long,2009-11-10 16:00,S1 Trail,1500.25,38,57256.5,-12350,-0.43,1425,0.05,-12350,-0.43,407412.5,407.41
1312,Entry long,2009-11-10 15:30,S1 Trend,1506.75,38,57256.5,-12350,-0.43,1425,0.05,-12350,-0.43,407412.5,407.41
1313,Exit long,2009-11-10 19:00,S2 FairVal,1502.5,28,42042,1400,0.07,1400,0.07,-3150,-0.15,408812.5,408.81
1313,Entry long,2009-11-10 18:00,S2 VWAP,1501.5,28,42042,1400,0.07,1400,0.07,-3150,-0.15,408812.5,408.81
1314,Exit long,2009-11-11 16:00,S1 Trail,1507.5,37,56055,-13875,-0.50,462.5,0.02,-15262.5,-0.54,394937.5,394.94
1314,Entry long,2009-11-11 15:30,S1 Trend,1515,37,56055,-13875,-0.50,462.5,0.02,-15262.5,-0.54,394937.5,394.94
1315,Exit long,2009-11-12 16:30,S1 Trail,1502,23,34718.5,-8625,-0.50,2875,0.17,-8625,-0.50,386312.5,386.31
1315,Entry long,2009-11-12 15:30,S1 Trend,1509.5,23,34718.5,-8625,-0.50,2875,0.17,-8625,-0.50,386312.5,386.31
1316,Exit long,2009-11-13 20:00,S1 Trail,1499.75,23,34689.75,-9775,-0.56,862.5,0.05,-9775,-0.56,376537.5,376.54
1316,Entry long,2009-11-13 17:30,S1 Trend,1508.25,23,34689.75,-9775,-0.56,862.5,0.05,-9775,-0.56,376537.5,376.54
1317,Exit long,2009-11-16 20:00,S1 Trail,1517,28,42581,-5250,-0.25,6300,0.30,-5250,-0.25,371287.5,371.29
1317,Entry long,2009-11-16 15:30,S1 Trend,1520.75,28,42581,-5250,-0.25,6300,0.30,-5250,-0.25,371287.5,371.29
1318,Exit long,2009-11-17 21:00,EOD,1521.5,25,37993.75,2187.5,0.12,2812.5,0.15,-3437.5,-0.18,373475,373.48
1318,Entry long,2009-11-17 19:00,S1 Trend,1519.75,25,37993.75,2187.5,0.12,2812.5,0.15,-3437.5,-0.18,373475,373.48
1319,Exit short,2009-11-26 23:00,S3 Scalp,1500.5,24,35904,-5400,-0.30,0,0.00,-5400,-0.30,368075,368.08
1319,Entry short,2009-11-26 16:00,S3 Hedge,1496,24,35904,-5400,-0.30,0,0.00,-5400,-0.30,368075,368.08
1320,Exit long,2009-11-30 08:30,S1 Trail,1501.5,15,22620,-4875,-0.43,2437.5,0.22,-5062.5,-0.45,363200,363.20
1320,Entry long,2009-11-27 16:00,S1 Trend,1508,15,22620,-4875,-0.43,2437.5,0.22,-5062.5,-0.45,363200,363.20
1321,Exit long,2009-11-30 16:30,S1 Trail,1498.25,19,28656.75,-9500,-0.66,1187.5,0.08,-9500,-0.66,353700,353.70
1321,Entry long,2009-11-30 15:30,S1 Trend,1508.25,19,28656.75,-9500,-0.66,1187.5,0.08,-9500,-0.66,353700,353.70
1322,Exit long,2009-12-01 21:00,EOD,1520.75,26,39539.5,0,0.00,5200,0.26,-1625,-0.08,353700,353.70
1322,Entry long,2009-12-01 16:30,S1 Trend,1520.75,26,39539.5,0,0.00,5200,0.26,-1625,-0.08,353700,353.70
1323,Exit long,2009-12-02 17:00,S1 Trail,1519.25,26,39695.5,-9750,-0.49,0,0.00,-9750,-0.49,343950,343.95
1323,Entry long,2009-12-02 15:30,S1 Trend,1526.75,26,39695.5,-9750,-0.49,0,0.00,-9750,-0.49,343950,343.95
1324,Exit long,2009-12-02 20:30,S2 FairVal,1522.25,24,36474,3000,0.16,3000,0.16,-2100,-0.12,346950,346.95
1324,Entry long,2009-12-02 18:00,S2 VWAP,1519.75,24,36474,3000,0.16,3000,0.16,-2100,-0.12,346950,346.95
1325,Exit long,2009-12-11 18:00,S2 FairVal,1519.5,26,39409.5,4875,0.25,4875,0.25,0,0.00,351825,351.83
1325,Entry long,2009-12-11 17:00,S2 VWAP,1515.75,26,39409.5,4875,0.25,4875,0.25,0,0.00,351825,351.83
1326,Exit short,2009-12-17 19:30,S3 Scalp,1514.25,26,39273,-4875,-0.25,325,0.02,-4875,-0.25,346950,346.95
1326,Entry short,2009-12-17 18:00,S3 Hedge,1510.5,26,39273,-4875,-0.25,325,0.02,-4875,-0.25,346950,346.95
1327,Exit long,2009-12-21 21:00,EOD,1527.25,31,47383.5,-1937.5,-0.08,4262.5,0.18,-4650,-0.20,345012.5,345.01
1327,Entry long,2009-12-21 15:30,S1 Trend,1528.5,31,47383.5,-1937.5,-0.08,4262.5,0.18,-4650,-0.20,345012.5,345.01
1328,Exit long,2010-01-07 21:00,EOD,1555.75,31,48096.5,6587.5,0.27,8137.5,0.34,-1550,-0.06,351600,351.60
1328,Entry long,2010-01-07 16:00,S1 Trend,1551.5,31,48096.5,6587.5,0.27,8137.5,0.34,-1550,-0.06,351600,351.60
1329,Exit long,2010-01-13 21:00,EOD,1560.25,30,46710,4875,0.21,9375,0.40,-1125,-0.05,356475,356.48
1329,Entry long,2010-01-13 17:30,S1 Trend,1557,30,46710,4875,0.21,9375,0.40,-1125,-0.05,356475,356.48
1330,Exit long,2010-01-19 21:00,EOD,1564.25,30,46725,10125,0.43,11250,0.48,0,0.00,366600,366.60
1330,Entry long,2010-01-19 15:30,S1 Trend,1557.5,30,46725,10125,0.43,11250,0.48,0,0.00,366600,366.60
1331,Exit long,2010-01-29 16:30,S1 Trail,1499.25,18,27180,-9675,-0.71,1125,0.08,-9675,-0.71,356925,356.92
1331,Entry long,2010-01-29 15:30,S1 Trend,1510,18,27180,-9675,-0.71,1125,0.08,-9675,-0.71,356925,356.92
1332,Exit long,2010-02-01 21:00,EOD,1503.5,21,31526.25,2362.5,0.15,3150,0.20,-4462.5,-0.28,359287.5,359.29
1332,Entry long,2010-02-01 16:30,S1 Trend,1501.25,21,31526.25,2362.5,0.15,3150,0.20,-4462.5,-0.28,359287.5,359.29
1333,Exit long,2010-02-02 21:00,EOD,1517.5,24,36252,8400,0.46,10800,0.60,-1800,-0.10,367687.5,367.69
1333,Entry long,2010-02-02 15:30,S1 Trend,1510.5,24,36252,8400,0.46,10800,0.60,-1800,-0.10,367687.5,367.69
1334,Exit short,2010-02-05 20:00,S3 Scalp,1474.25,14,20531,-5425,-0.53,5425,0.53,-5425,-0.53,362262.5,362.26
1334,Entry short,2010-02-05 18:30,S3 Hedge,1466.5,14,20531,-5425,-0.53,5425,0.53,-5425,-0.53,362262.5,362.26
1335,Exit long,2010-02-09 16:00,S1 Trail,1476.5,24,35640,-10200,-0.57,900,0.05,-10200,-0.57,352062.5,352.06
1335,Entry long,2010-02-09 15:30,S1 Trend,1485,24,35640,-10200,-0.57,900,0.05,-10200,-0.57,352062.5,352.06
1336,Exit long,2010-02-09 21:00,EOD,1485.75,17,25274.75,-850,-0.07,7012.5,0.55,-2975,-0.24,351212.5,351.21
1336,Entry long,2010-02-09 17:00,S1 Trend,1486.75,17,25274.75,-850,-0.07,7012.5,0.55,-2975,-0.24,351212.5,351.21
1337,Exit long,2010-02-10 21:00,EOD,1483.25,16,23824,-4600,-0.39,200,0.02,-6200,-0.52,346612.5,346.61
1337,Entry long,2010-02-10 18:30,S1 Trend,1489,16,23824,-4600,-0.39,200,0.02,-6200,-0.52,346612.5,346.61
1338,Exit long,2010-02-11 21:00,EOD,1494.25,15,22368.75,2250,0.20,3562.5,0.32,-750,-0.07,348862.5,348.86
1338,Entry long,2010-02-11 17:00,S1 Trend,1491.25,15,22368.75,2250,0.20,3562.5,0.32,-750,-0.07,348862.5,348.86
1339,Exit long,2010-02-12 21:00,EOD,1493.5,17,25355.5,1700,0.13,2125,0.17,-6800,-0.54,350562.5,350.56
1339,Entry long,2010-02-12 17:30,S1 Trend,1491.5,17,25355.5,1700,0.13,2125,0.17,-6800,-0.54,350562.5,350.56
1340,Exit long,2010-02-16 21:00,EOD,1510.75,27,40560.75,11475,0.57,13162.5,0.65,-1350,-0.07,362037.5,362.04
1340,Entry long,2010-02-16 16:00,S1 Trend,1502.25,27,40560.75,11475,0.57,13162.5,0.65,-1350,-0.07,362037.5,362.04
1341,Exit long,2010-02-18 21:00,EOD,1522.75,30,45480,10125,0.45,13125,0.58,-2625,-0.12,372162.5,372.16
1341,Entry long,2010-02-18 15:30,S1 Trend,1516,30,45480,10125,0.45,13125,0.58,-2625,-0.12,372162.5,372.16
1342,Exit long,2010-02-19 21:00,EOD,1525,27,41087.25,4387.5,0.21,9787.5,0.48,-1687.5,-0.08,376550,376.55
1342,Entry long,2010-02-19 15:30,S1 Trend,1521.75,27,41087.25,4387.5,0.21,9787.5,0.48,-1687.5,-0.08,376550,376.55
1343,Exit long,2010-02-24 21:00,EOD,1521.5,23,34983,575,0.03,2875,0.16,-4600,-0.26,377125,377.13
1343,Entry long,2010-02-24 16:00,S1 Trend,1521,23,34983,575,0.03,2875,0.16,-4600,-0.26,377125,377.13
1344,Exit long,2010-03-01 21:00,EOD,1532.25,29,44319.25,5800,0.26,7612.5,0.34,-2175,-0.10,382925,382.93
1344,Entry long,2010-03-01 15:30,S1 Trend,1528.25,29,44319.25,5800,0.26,7612.5,0.34,-2175,-0.10,382925,382.93
1345,Exit long,2010-03-02 20:30,S1 Trail,1534,33,50820,-9900,-0.39,1237.5,0.05,-9900,-0.39,373025,373.03
1345,Entry long,2010-03-02 19:00,S1 Trend,1540,33,50820,-9900,-0.39,1237.5,0.05,-9900,-0.39,373025,373.03
1346,Exit long,2010-03-03 19:00,S1 Trail,1536.5,34,52334.5,-4675,-0.18,6375,0.24,-4675,-0.18,368350,368.35
1346,Entry long,2010-03-03 15:30,S1 Trend,1539.25,34,52334.5,-4675,-0.18,6375,0.24,-4675,-0.18,368350,368.35
1347,Exit long,2010-03-04 21:00,EOD,1539.5,34,52300.5,2125,0.08,5525,0.21,-8075,-0.31,370475,370.48
1347,Entry long,2010-03-04 15:30,S1 Trend,1538.25,34,52300.5,2125,0.08,5525,0.21,-8075,-0.31,370475,370.48
1348,Exit long,2010-03-05 20:00,S1 Climax,1554.5,9,13965.75,1237.5,0.18,1462.5,0.21,-562.5,-0.08,371712.5,371.71
1348,Entry long,2010-03-05 15:30,S1 Trend,1551.75,9,13965.75,1237.5,0.18,1462.5,0.21,-562.5,-0.08,371712.5,371.71
1349,Exit long,2010-03-05 21:00,EOD,1555.75,23,35690.25,4600,0.26,5750,0.32,-1437.5,-0.08,376312.5,376.31
1349,Entry long,2010-03-05 15:30,S1 Trend,1551.75,23,35690.25,4600,0.26,5750,0.32,-1437.5,-0.08,376312.5,376.31
1350,Exit long,2010-03-09 20:00,S1 Trail,1557,34,53091,-7650,-0.29,2975,0.11,-7650,-0.29,368662.5,368.66
1350,Entry long,2010-03-09 17:30,S1 Trend,1561.5,34,53091,-7650,-0.29,2975,0.11,-7650,-0.29,368662.5,368.66
1351,Exit long,2010-03-18 17:30,S2 FairVal,1582.5,38,60068.5,3325,0.11,3325,0.11,-3800,-0.13,371987.5,371.99
1351,Entry long,2010-03-18 16:30,S2 VWAP,1580.75,38,60068.5,3325,0.11,3325,0.11,-3800,-0.13,371987.5,371.99
1352,Exit long,2010-03-22 20:00,EOD,1583.5,29,45841.75,3987.5,0.17,7250,0.32,-1087.5,-0.05,375975,375.98
1352,Entry long,2010-03-22 14:30,S1 Trend,1580.75,29,45841.75,3987.5,0.17,7250,0.32,-1087.5,-0.05,375975,375.98
1353,Exit long,2010-03-23 20:00,EOD,1592.25,34,53958,8925,0.33,10200,0.38,-3825,-0.14,384900,384.90
1353,Entry long,2010-03-23 17:30,S1 Trend,1587,34,53958,8925,0.33,10200,0.38,-3825,-0.14,384900,384.90
1354,Exit long,2010-03-26 16:00,S1 Trail,1585.5,33,52511.25,-9487.5,-0.36,1650,0.06,-9487.5,-0.36,375412.5,375.41
1354,Entry long,2010-03-26 14:30,S1 Trend,1591.25,33,52511.25,-9487.5,-0.36,1650,0.06,-9487.5,-0.36,375412.5,375.41
1355,Exit long,2010-03-30 17:30,S2 FairVal,1592,33,52470,3300,0.13,3300,0.13,-1237.5,-0.05,378712.5,378.71
1355,Entry long,2010-03-30 17:00,S2 VWAP,1590,33,52470,3300,0.13,3300,0.13,-1237.5,-0.05,378712.5,378.71
1356,Exit long,2010-04-07 17:00,S2 FairVal,1605,36,57798,-900,-0.03,900,0.03,-2700,-0.09,377812.5,377.81
1356,Entry long,2010-04-07 16:30,S2 VWAP,1605.5,36,57798,-900,-0.03,900,0.03,-2700,-0.09,377812.5,377.81
1357,Exit long,2010-04-08 21:00,EOD,1605.25,31,49677.5,4262.5,0.17,7750,0.31,-387.5,-0.02,382075,382.08
1357,Entry long,2010-04-08 17:30,S1 Trend,1602.5,31,49677.5,4262.5,0.17,7750,0.31,-387.5,-0.02,382075,382.08
1358,Exit long,2010-04-20 21:00,EOD,1626.25,31,50413.75,0,0.00,1550,0.06,-3875,-0.15,382075,382.08
1358,Entry long,2010-04-20 17:30,S1 Trend,1626.25,31,50413.75,0,0.00,1550,0.06,-3875,-0.15,382075,382.08
1359,Exit long,2010-04-22 21:00,EOD,1627.75,22,35678.5,6600,0.37,8525,0.48,-1375,-0.08,388675,388.68
1359,Entry long,2010-04-22 18:30,S1 Trend,1621.75,22,35678.5,6600,0.37,8525,0.48,-1375,-0.08,388675,388.68
1360,Exit long,2010-04-23 21:00,EOD,1635.75,29,47233.75,10150,0.43,10875,0.46,-6887.5,-0.29,398825,398.83
1360,Entry long,2010-04-23 15:30,S1 Trend,1628.75,29,47233.75,10150,0.43,10875,0.46,-6887.5,-0.29,398825,398.83
1361,Exit long,2010-04-29 21:00,EOD,1626,30,48697.5,4125,0.17,8250,0.34,-1500,-0.06,402950,402.95
1361,Entry long,2010-04-29 15:30,S1 Trend,1623.25,30,48697.5,4125,0.17,8250,0.34,-1500,-0.06,402950,402.95
1362,Exit long,2010-05-03 21:00,EOD,1621.5,27,43740,2025,0.09,6075,0.28,-675,-0.03,404975,404.98
1362,Entry long,2010-05-03 17:30,S1 Trend,1620,27,43740,2025,0.09,6075,0.28,-675,-0.03,404975,404.98
1363,Exit short,2010-05-06 19:30,S3 Scalp,1546,14,21906.5,13125,1.20,13125,1.20,-1050,-0.10,418100,418.10
1363,Entry short,2010-05-06 19:00,S3 Hedge,1564.75,14,21906.5,13125,1.20,13125,1.20,-1050,-0.10,418100,418.10
1364,Exit long,2010-05-11 19:30,S1 Trail,1577.75,18,28345.5,2700,0.19,15075,1.06,-1800,-0.13,420800,420.80
1364,Entry long,2010-05-11 15:30,S1 Trend,1574.75,18,28345.5,2700,0.19,15075,1.06,-1800,-0.13,420800,420.80
1365,Exit long,2010-05-12 21:00,EOD,1592.25,21,33327,5512.5,0.33,7087.5,0.43,-5512.5,-0.33,426312.5,426.31
1365,Entry long,2010-05-12 15:30,S1 Trend,1587,21,33327,5512.5,0.33,7087.5,0.43,-5512.5,-0.33,426312.5,426.31
1366,Exit short,2010-05-14 21:00,EOD,1556.5,15,23283.75,-3187.5,-0.27,4500,0.39,-4875,-0.42,423125,423.13
1366,Entry short,2010-05-14 16:30,S3 Hedge,1552.25,15,23283.75,-3187.5,-0.27,4500,0.39,-4875,-0.42,423125,423.13
1367,Exit short,2010-05-20 18:30,S3 Scalp,1506,11,16442.25,-6187.5,-0.75,687.5,0.08,-7562.5,-0.92,416937.5,416.94
1367,Entry short,2010-05-20 18:00,S3 Hedge,1494.75,11,16442.25,-6187.5,-0.75,687.5,0.08,-7562.5,-0.92,416937.5,416.94
1368,Exit long,2010-05-26 19:30,S1 Trail,1498.75,18,27148.5,-8550,-0.63,3375,0.25,-8550,-0.63,408387.5,408.39
1368,Entry long,2010-05-26 15:30,S1 Trend,1508.25,18,27148.5,-8550,-0.63,3375,0.25,-8550,-0.63,408387.5,408.39
1369,Exit long,2010-05-27 21:00,EOD,1525,15,22725,7500,0.66,7875,0.69,-3750,-0.33,415887.5,415.89
1369,Entry long,2010-05-27 15:30,S1 Trend,1515,15,22725,7500,0.66,7875,0.69,-3750,-0.33,415887.5,415.89
1370,Exit long,2010-06-01 20:00,S1 Trail,1503.75,18,27274.5,-10350,-0.76,1575,0.12,-10350,-0.76,405537.5,405.54
1370,Entry long,2010-06-01 15:30,S1 Trend,1515.25,18,27274.5,-10350,-0.76,1575,0.12,-10350,-0.76,405537.5,405.54
1371,Exit long,2010-06-02 21:00,EOD,1520.5,18,27121.5,12375,0.91,12600,0.93,-3600,-0.27,417912.5,417.91
1371,Entry long,2010-06-02 17:00,S1 Trend,1506.75,18,27121.5,12375,0.91,12600,0.93,-3600,-0.27,417912.5,417.91
1372,Exit short,2010-06-03 21:00,EOD,1524.5,24,36504,-4200,-0.23,9300,0.51,-6000,-0.33,413712.5,413.71
1372,Entry short,2010-06-03 15:30,S3 Hedge,1521,24,36504,-4200,-0.23,9300,0.51,-6000,-0.33,413712.5,413.71
1373,Exit short,2010-06-04 21:00,EOD,1487.25,16,23916,6000,0.50,10400,0.87,-1600,-0.13,419712.5,419.71
1373,Entry short,2010-06-04 19:00,S3 Hedge,1494.75,16,23916,6000,0.50,10400,0.87,-1600,-0.13,419712.5,419.71
1374,Exit long,2010-06-09 19:30,S1 Trail,1488,21,31342.5,-4725,-0.30,8137.5,0.52,-4725,-0.30,414987.5,414.99
1374,Entry long,2010-06-09 16:00,S1 Trend,1492.5,21,31342.5,-4725,-0.30,8137.5,0.52,-4725,-0.30,414987.5,414.99
1375,Exit long,2010-06-10 21:00,EOD,1509.25,17,25487.25,8500,0.67,9350,0.73,-4250,-0.33,423487.5,423.49
1375,Entry long,2010-06-10 15:30,S1 Trend,1499.25,17,25487.25,8500,0.67,9350,0.73,-4250,-0.33,423487.5,423.49
1376,Exit long,2010-06-11 21:00,EOD,1514,22,33209,4950,0.30,5775,0.35,-8800,-0.53,428437.5,428.44
1376,Entry long,2010-06-11 15:30,S1 Trend,1509.5,22,33209,4950,0.30,5775,0.35,-8800,-0.53,428437.5,428.44
1377,Exit long,2010-06-14 18:00,S1 Trail,1519.75,30,45690,-4875,-0.21,8250,0.36,-4875,-0.21,423562.5,423.56
1377,Entry long,2010-06-14 15:30,S1 Trend,1523,30,45690,-4875,-0.21,8250,0.36,-4875,-0.21,423562.5,423.56
1378,Exit long,2010-06-14 20:30,S2 FairVal,1511.25,24,36438,-8400,-0.46,3300,0.18,-8400,-0.46,415162.5,415.16
1378,Entry long,2010-06-14 19:30,S2 VWAP,1518.25,24,36438,-8400,-0.46,3300,0.18,-8400,-0.46,415162.5,415.16
1379,Exit long,2010-06-15 19:30,S1 Climax,1533.5,7,10673.25,3062.5,0.57,3412.5,0.64,-700,-0.13,418225,418.23
1379,Entry long,2010-06-15 16:00,S1 Trend,1524.75,7,10673.25,3062.5,0.57,3412.5,0.64,-700,-0.13,418225,418.23
1380,Exit long,2010-06-15 21:00,EOD,1537,19,28970.25,11637.5,0.80,12825,0.89,-1900,-0.13,429862.5,429.86
1380,Entry long,2010-06-15 16:00,S1 Trend,1524.75,19,28970.25,11637.5,0.80,12825,0.89,-1900,-0.13,429862.5,429.86
1381,Exit long,2010-06-16 20:30,S1 Trail,1532.5,30,45945,1500,0.07,15000,0.65,-3375,-0.15,431362.5,431.36
1381,Entry long,2010-06-16 15:30,S1 Trend,1531.5,30,45945,1500,0.07,15000,0.65,-3375,-0.15,431362.5,431.36
1382,Exit long,2010-06-18 21:00,EOD,1539.25,29,44739.75,-5075,-0.23,1087.5,0.05,-8700,-0.39,426287.5,426.29
1382,Entry long,2010-06-18 16:00,S1 Trend,1542.75,29,44739.75,-5075,-0.23,1087.5,0.05,-8700,-0.39,426287.5,426.29
1383,Exit long,2010-07-06 17:30,S1 Trail,1454.75,26,38018.5,-9750,-0.51,1950,0.10,-9750,-0.51,416537.5,416.54
1383,Entry long,2010-07-06 15:30,S1 Trend,1462.25,26,38018.5,-9750,-0.51,1950,0.10,-9750,-0.51,416537.5,416.54
1384,Exit long,2010-07-07 16:00,S1 Climax,1467.25,7,10220,2537.5,0.50,2975,0.58,-87.5,-0.02,419075,419.08
1384,Entry long,2010-07-07 15:30,S1 Trend,1460,7,10220,2537.5,0.50,2975,0.58,-87.5,-0.02,419075,419.08
1385,Exit long,2010-07-07 20:00,S1 Climax,1475,5,7300,3750,1.03,3750,1.03,-62.5,-0.02,422825,422.83
1385,Entry long,2010-07-07 15:30,S1 Trend,1460,5,7300,3750,1.03,3750,1.03,-62.5,-0.02,422825,422.83
1386,Exit long,2010-07-07 20:30,S1 Climax,1478,3,4380,2700,1.23,2775,1.27,-37.5,-0.02,425525,425.53
1386,Entry long,2010-07-07 15:30,S1 Trend,1460,3,4380,2700,1.23,2775,1.27,-37.5,-0.02,425525,425.53
1387,Exit long,2010-07-07 21:00,EOD,1483,9,13140,10350,1.58,10912.5,1.66,-112.5,-0.02,435875,435.87
1387,Entry long,2010-07-07 15:30,S1 Trend,1460,9,13140,10350,1.58,10912.5,1.66,-112.5,-0.02,435875,435.87
1388,Exit long,2010-07-09 21:00,EOD,1501,34,50855.5,8925,0.35,9775,0.38,-5950,-0.23,444800,444.80
1388,Entry long,2010-07-09 15:30,S1 Trend,1495.75,34,50855.5,8925,0.35,9775,0.38,-5950,-0.23,444800,444.80
1389,Exit long,2010-07-13 21:00,EOD,1518.25,31,46980.5,4262.5,0.18,11237.5,0.48,-4262.5,-0.18,449062.5,449.06
1389,Entry long,2010-07-13 15:30,S1 Trend,1515.5,31,46980.5,4262.5,0.18,11237.5,0.48,-4262.5,-0.18,449062.5,449.06
1390,Exit short,2010-07-16 21:00,EOD,1488,21,31321.5,3675,0.23,6037.5,0.39,-2362.5,-0.15,452737.5,452.74
1390,Entry short,2010-07-16 19:00,S3 Hedge,1491.5,21,31321.5,3675,0.23,6037.5,0.39,-2362.5,-0.15,452737.5,452.74
1391,Exit long,2010-07-20 21:00,EOD,1506.25,20,30025,5000,0.33,6000,0.40,-4250,-0.28,457737.5,457.74
1391,Entry long,2010-07-20 19:00,S1 Trend,1501.25,20,30025,5000,0.33,6000,0.40,-4250,-0.28,457737.5,457.74
1392,Exit long,2010-07-22 16:00,S1 Climax,1518,7,10615.5,525,0.10,1312.5,0.25,-437.5,-0.08,458262.5,458.26
1392,Entry long,2010-07-22 15:30,S1 Trend,1516.5,7,10615.5,525,0.10,1312.5,0.25,-437.5,-0.08,458262.5,458.26
1393,Exit long,2010-07-22 16:30,S1 Climax,1519.25,5,7582.5,687.5,0.18,937.5,0.25,-312.5,-0.08,458950,458.95
1393,Entry long,2010-07-22 15:30,S1 Trend,1516.5,5,7582.5,687.5,0.18,937.5,0.25,-312.5,-0.08,458950,458.95
1394,Exit long,2010-07-22 21:00,EOD,1516.25,14,21231,-175,-0.02,3325,0.31,-2975,-0.28,458775,458.78
1394,Entry long,2010-07-22 15:30,S1 Trend,1516.5,14,21231,-175,-0.02,3325,0.31,-2975,-0.28,458775,458.78
1395,Exit long,2010-07-23 21:00,EOD,1525.75,20,30485,1500,0.10,3250,0.21,-4000,-0.26,460275,460.28
1395,Entry long,2010-07-23 18:30,S1 Trend,1524.25,20,30485,1500,0.10,3250,0.21,-4000,-0.26,460275,460.28
1396,Exit long,2010-07-26 21:00,EOD,1537.5,31,47499.75,8137.5,0.34,9687.5,0.41,-4262.5,-0.18,468412.5,468.41
1396,Entry long,2010-07-26 15:30,S1 Trend,1532.25,31,47499.75,8137.5,0.34,9687.5,0.41,-4262.5,-0.18,468412.5,468.41
1397,Exit long,2010-08-02 21:00,EOD,1549.25,32,49448,6400,0.26,9200,0.37,-1600,-0.06,474812.5,474.81
1397,Entry long,2010-08-02 15:30,S1 Trend,1545.25,32,49448,6400,0.26,9200,0.37,-1600,-0.06,474812.5,474.81
1398,Exit long,2010-08-03 21:00,EOD,1543.75,34,52606.5,-5950,-0.23,425,0.02,-10200,-0.39,468862.5,468.86
1398,Entry long,2010-08-03 17:00,S1 Trend,1547.25,34,52606.5,-5950,-0.23,425,0.02,-10200,-0.39,468862.5,468.86
1399,Exit long,2010-08-04 21:00,EOD,1551.25,31,47910.5,8912.5,0.37,11237.5,0.47,-3875,-0.16,477775,477.78
1399,Entry long,2010-08-04 15:30,S1 Trend,1545.5,31,47910.5,8912.5,0.37,11237.5,0.47,-3875,-0.16,477775,477.78
1400,Exit short,2010-08-11 21:00,EOD,1514.25,29,44043.75,6525,0.30,9062.5,0.41,-1087.5,-0.05,484300,484.30
1400,Entry short,2010-08-11 16:00,S3 Hedge,1518.75,29,44043.75,6525,0.30,9062.5,0.41,-1087.5,-0.05,484300,484.30
1401,Exit long,2010-08-17 21:00,EOD,1517.5,32,48496,3200,0.13,15600,0.64,0,0.00,487500,487.50
1401,Entry long,2010-08-17 16:00,S1 Trend,1515.5,32,48496,3200,0.13,15600,0.64,0,0.00,487500,487.50
1402,Exit long,2010-08-18 21:00,EOD,1519.25,29,44109,-2537.5,-0.12,6162.5,0.28,-2900,-0.13,484962.5,484.96
1402,Entry long,2010-08-18 18:00,S1 Trend,1521,29,44109,-2537.5,-0.12,6162.5,0.28,-2900,-0.13,484962.5,484.96
1403,Exit short,2010-08-20 18:30,S3 Scalp,1493.75,26,38714,-6175,-0.32,0,0.00,-6175,-0.32,478787.5,478.79
1403,Entry short,2010-08-20 17:00,S3 Hedge,1489,26,38714,-6175,-0.32,0,0.00,-6175,-0.32,478787.5,478.79
1404,Exit long,2010-08-27 21:00,EOD,1490,19,28215,4750,0.34,5700,0.40,-3800,-0.27,483537.5,483.54
1404,Entry long,2010-08-27 16:30,S1 Trend,1485,19,28215,4750,0.34,5700,0.40,-3800,-0.27,483537.5,483.54
1405,Exit short,2010-08-30 20:30,S3 Scalp,1476.75,33,49029.75,14850,0.61,14850,0.61,-4125,-0.17,498387.5,498.39
1405,Entry short,2010-08-30 15:30,S3 Hedge,1485.75,33,49029.75,14850,0.61,14850,0.61,-4125,-0.17,498387.5,498.39
1406,Exit long,2010-08-31 19:30,S1 Trail,1469.5,25,36981.25,-12187.5,-0.66,1250,0.07,-12187.5,-0.66,486200,486.20
1406,Entry long,2010-08-31 17:00,S1 Trend,1479.25,25,36981.25,-12187.5,-0.66,1250,0.07,-12187.5,-0.66,486200,486.20
1407,Exit long,2010-09-01 16:00,S1 Climax,1503.75,7,10508.75,875,0.17,1400,0.27,-262.5,-0.05,487075,487.08
1407,Entry long,2010-09-01 15:30,S1 Trend,1501.25,7,10508.75,875,0.17,1400,0.27,-262.5,-0.05,487075,487.08
1408,Exit long,2010-09-01 16:30,S1 Climax,1503.75,5,7506.25,625,0.17,1000,0.27,-187.5,-0.05,487700,487.70
1408,Entry long,2010-09-01 15:30,S1 Trend,1501.25,5,7506.25,625,0.17,1000,0.27,-187.5,-0.05,487700,487.70
1409,Exit long,2010-09-01 17:00,S1 Climax,1504.5,3,4503.75,487.5,0.22,750,0.33,-112.5,-0.05,488187.5,488.19
1409,Entry long,2010-09-01 15:30,S1 Trend,1501.25,3,4503.75,487.5,0.22,750,0.33,-112.5,-0.05,488187.5,488.19
1410,Exit long,2010-09-01 17:30,S1 Climax,1503.5,3,4503.75,337.5,0.15,750,0.33,-112.5,-0.05,488525,488.53
1410,Entry long,2010-09-01 15:30,S1 Trend,1501.25,3,4503.75,337.5,0.15,750,0.33,-112.5,-0.05,488525,488.53
1411,Exit long,2010-09-01 18:30,S1 Climax,1503.75,2,3002.5,250,0.17,500,0.33,-75,-0.05,488775,488.78
1411,Entry long,2010-09-01 15:30,S1 Trend,1501.25,2,3002.5,250,0.17,500,0.33,-75,-0.05,488775,488.78
1412,Exit long,2010-09-01 19:00,S1 Climax,1505,1,1501.25,187.5,0.25,250,0.33,-37.5,-0.05,488962.5,488.96
1412,Entry long,2010-09-01 15:30,S1 Trend,1501.25,1,1501.25,187.5,0.25,250,0.33,-37.5,-0.05,488962.5,488.96
1413,Exit long,2010-09-01 21:00,EOD,1506,4,6005,950,0.32,1250,0.42,-150,-0.05,489912.5,489.91
1413,Entry long,2010-09-01 15:30,S1 Trend,1501.25,4,6005,950,0.32,1250,0.42,-150,-0.05,489912.5,489.91
1414,Exit long,2010-09-02 21:00,EOD,1516,31,46833.25,8137.5,0.35,8137.5,0.35,-3875,-0.17,498050,498.05
1414,Entry long,2010-09-02 15:30,S1 Trend,1510.75,31,46833.25,8137.5,0.35,8137.5,0.35,-3875,-0.17,498050,498.05
1415,Exit long,2010-09-08 21:00,EOD,1525.25,32,48808,0,0.00,7200,0.30,-5200,-0.21,498050,498.05
1415,Entry long,2010-09-08 15:30,S1 Trend,1525.25,32,48808,0,0.00,7200,0.30,-5200,-0.21,498050,498.05
1416,Exit long,2010-09-14 21:00,EOD,1547.75,36,55764,-2250,-0.08,9450,0.34,-3150,-0.11,495800,495.80
1416,Entry long,2010-09-14 16:00,S1 Trend,1549,36,55764,-2250,-0.08,9450,0.34,-3150,-0.11,495800,495.80
1417,Exit long,2010-09-15 21:00,EOD,1552.25,36,55701,9000,0.32,10800,0.39,-3600,-0.13,504800,504.80
1417,Entry long,2010-09-15 15:30,S1 Trend,1547.25,36,55701,9000,0.32,10800,0.39,-3600,-0.13,504800,504.80
1418,Exit long,2010-09-20 21:00,EOD,1569.5,36,56214,14400,0.51,18900,0.67,-450,-0.02,519200,519.20
1418,Entry long,2010-09-20 15:30,S1 Trend,1561.5,36,56214,14400,0.51,18900,0.67,-450,-0.02,519200,519.20
1419,Exit long,2010-09-21 20:30,S1 Trail,1566.75,34,53371.5,-5100,-0.19,10200,0.38,-5100,-0.19,514100,514.10
1419,Entry long,2010-09-21 19:30,S1 Trend,1569.75,34,53371.5,-5100,-0.19,10200,0.38,-5100,-0.19,514100,514.10
1420,Exit long,2010-09-24 16:30,S1 Climax,1573.25,9,14157,112.5,0.02,900,0.13,-562.5,-0.08,514212.5,514.21
1420,Entry long,2010-09-24 15:30,S1 Trend,1573,9,14157,112.5,0.02,900,0.13,-562.5,-0.08,514212.5,514.21
1421,Exit long,2010-09-24 17:00,S1 Climax,1573.5,6,9438,150,0.03,600,0.13,-450,-0.10,514362.5,514.36
1421,Entry long,2010-09-24 15:30,S1 Trend,1573,6,9438,150,0.03,600,0.13,-450,-0.10,514362.5,514.36
1422,Exit long,2010-09-24 18:00,S1 Climax,1574.5,4,6292,300,0.10,450,0.14,-300,-0.10,514662.5,514.66
1422,Entry long,2010-09-24 15:30,S1 Trend,1573,4,6292,300,0.10,450,0.14,-300,-0.10,514662.5,514.66
1423,Exit long,2010-09-24 18:30,S1 Climax,1575,3,4719,300,0.13,337.5,0.14,-225,-0.10,514962.5,514.96
1423,Entry long,2010-09-24 15:30,S1 Trend,1573,3,4719,300,0.13,337.5,0.14,-225,-0.10,514962.5,514.96
1424,Exit long,2010-09-24 20:00,S1 Climax,1575.25,2,3146,225,0.14,325,0.21,-150,-0.10,515187.5,515.19
1424,Entry long,2010-09-24 15:30,S1 Trend,1573,2,3146,225,0.14,325,0.21,-150,-0.10,515187.5,515.19
1425,Exit long,2010-09-24 21:00,EOD,1575.25,7,11011,787.5,0.14,1137.5,0.21,-525,-0.10,515975,515.98
1425,Entry long,2010-09-24 15:30,S1 Trend,1573,7,11011,787.5,0.14,1137.5,0.21,-525,-0.10,515975,515.98
1426,Exit long,2010-09-28 21:00,EOD,1574.5,28,44100,-700,-0.03,3850,0.17,-9450,-0.43,515275,515.28
1426,Entry long,2010-09-28 19:00,S1 Trend,1575,28,44100,-700,-0.03,3850,0.17,-9450,-0.43,515275,515.28
1427,Exit long,2010-09-29 21:00,EOD,1571.25,29,45667.75,-5075,-0.22,2175,0.10,-10150,-0.44,510200,510.20
1427,Entry long,2010-09-29 17:30,S1 Trend,1574.75,29,45667.75,-5075,-0.22,2175,0.10,-10150,-0.44,510200,510.20
1428,Exit long,2010-10-05 17:00,S1 Climax,1584.5,10,15795,2500,0.32,3500,0.44,0,0.00,512700,512.70
1428,Entry long,2010-10-05 15:30,S1 Trend,1579.5,10,15795,2500,0.32,3500,0.44,0,0.00,512700,512.70
1429,Exit long,2010-10-05 17:30,S1 Climax,1584.5,7,11056.5,1750,0.32,2450,0.44,0,0.00,514450,514.45
1429,Entry long,2010-10-05 15:30,S1 Trend,1579.5,7,11056.5,1750,0.32,2450,0.44,0,0.00,514450,514.45
1430,Exit long,2010-10-05 18:00,S1 Climax,1586.5,5,7897.5,1750,0.44,1812.5,0.46,0,0.00,516200,516.20
1430,Entry long,2010-10-05 15:30,S1 Trend,1579.5,5,7897.5,1750,0.44,1812.5,0.46,0,0.00,516200,516.20
1431,Exit long,2010-10-05 18:30,S1 Climax,1587.25,3,4738.5,1162.5,0.49,1312.5,0.55,0,0.00,517362.5,517.36
1431,Entry long,2010-10-05 15:30,S1 Trend,1579.5,3,4738.5,1162.5,0.49,1312.5,0.55,0,0.00,517362.5,517.36
1432,Exit long,2010-10-05 19:00,S1 Climax,1587.25,2,3159,775,0.49,875,0.55,0,0.00,518137.5,518.14
1432,Entry long,2010-10-05 15:30,S1 Trend,1579.5,2,3159,775,0.49,875,0.55,0,0.00,518137.5,518.14
1433,Exit long,2010-10-05 19:30,S1 Climax,1587.25,2,3159,775,0.49,875,0.55,0,0.00,518912.5,518.91
1433,Entry long,2010-10-05 15:30,S1 Trend,1579.5,2,3159,775,0.49,875,0.55,0,0.00,518912.5,518.91
1434,Exit long,2010-10-05 20:00,S1 Climax,1588.25,1,1579.5,437.5,0.55,462.5,0.59,0,0.00,519350,519.35
1434,Entry long,2010-10-05 15:30,S1 Trend,1579.5,1,1579.5,437.5,0.55,462.5,0.59,0,0.00,519350,519.35
1435,Exit long,2010-10-05 20:30,S1 Climax,1590,1,1579.5,525,0.66,550,0.70,0,0.00,519875,519.88
1435,Entry long,2010-10-05 15:30,S1 Trend,1579.5,1,1579.5,525,0.66,550,0.70,0,0.00,519875,519.88
1436,Exit long,2010-10-05 21:00,EOD,1587.25,3,4738.5,1162.5,0.49,1650,0.70,0,0.00,521037.5,521.04
1436,Entry long,2010-10-05 15:30,S1 Trend,1579.5,3,4738.5,1162.5,0.49,1650,0.70,0,0.00,521037.5,521.04
1437,Exit long,2010-10-12 21:00,EOD,1597.5,33,52511.25,10312.5,0.39,15675,0.60,-2062.5,-0.08,531350,531.35
1437,Entry long,2010-10-12 16:00,S1 Trend,1591.25,33,52511.25,10312.5,0.39,15675,0.60,-2062.5,-0.08,531350,531.35
1438,Exit long,2010-10-13 20:30,S1 Trail,1606,44,70631,1650,0.05,16500,0.47,-1100,-0.03,533000,533.00
1438,Entry long,2010-10-13 15:30,S1 Trend,1605.25,44,70631,1650,0.05,16500,0.47,-1100,-0.03,533000,533.00
1439,Exit long,2010-10-18 21:00,EOD,1612.5,34,54646.5,8925,0.33,11475,0.42,-3400,-0.12,541925,541.92
1439,Entry long,2010-10-18 15:30,S1 Trend,1607.25,34,54646.5,8925,0.33,11475,0.42,-3400,-0.12,541925,541.92
1440,Exit long,2010-10-20 21:00,EOD,1606,31,49747.25,1937.5,0.08,10850,0.44,-1937.5,-0.08,543862.5,543.86
1440,Entry long,2010-10-20 16:00,S1 Trend,1604.75,31,49747.25,1937.5,0.08,10850,0.44,-1937.5,-0.08,543862.5,543.86
1441,Exit long,2010-10-21 16:30,S1 Trail,1610,36,58158,-9900,-0.34,4500,0.15,-9900,-0.34,533962.5,533.96
1441,Entry long,2010-10-21 15:30,S1 Trend,1615.5,36,58158,-9900,-0.34,4500,0.15,-9900,-0.34,533962.5,533.96
1442,Exit long,2010-10-25 20:00,S2 FairVal,1619.25,38,61474.5,2850,0.09,2850,0.09,-5700,-0.19,536812.5,536.81
1442,Entry long,2010-10-25 18:30,S2 VWAP,1617.75,38,61474.5,2850,0.09,2850,0.09,-5700,-0.19,536812.5,536.81
1443,Exit long,2010-10-29 21:00,EOD,1611.75,35,56446.25,-1750,-0.06,2625,0.09,-9187.5,-0.33,535062.5,535.06
1443,Entry long,2010-10-29 15:30,S1 Trend,1612.75,35,56446.25,-1750,-0.06,2625,0.09,-9187.5,-0.33,535062.5,535.06
1444,Exit long,2010-11-01 15:30,S1 Trail,1616.25,44,71379,-13200,-0.37,1650,0.05,-13200,-0.37,521862.5,521.86
1444,Entry long,2010-11-01 14:30,S1 Trend,1622.25,44,71379,-13200,-0.37,1650,0.05,-13200,-0.37,521862.5,521.86
1445,Exit long,2010-11-01 18:30,S2 FairVal,1610.5,37,59773.5,-9250,-0.31,4162.5,0.14,-9250,-0.31,512612.5,512.61
1445,Entry long,2010-11-01 17:30,S2 VWAP,1615.5,37,59773.5,-9250,-0.31,4162.5,0.14,-9250,-0.31,512612.5,512.61
1446,Exit long,2010-11-04 15:00,S1 Climax,1644.75,11,18073,962.5,0.11,1375,0.15,-687.5,-0.08,513575,513.57
1446,Entry long,2010-11-04 14:30,S1 Trend,1643,11,18073,962.5,0.11,1375,0.15,-687.5,-0.08,513575,513.57
1447,Exit long,2010-11-04 15:30,S1 Climax,1644.25,8,13144,500,0.08,1500,0.23,-500,-0.08,514075,514.07
1447,Entry long,2010-11-04 14:30,S1 Trend,1643,8,13144,500,0.08,1500,0.23,-500,-0.08,514075,514.07
1448,Exit long,2010-11-04 17:00,S1 Climax,1645.25,5,8215,562.5,0.14,937.5,0.23,-312.5,-0.08,514637.5,514.64
1448,Entry long,2010-11-04 14:30,S1 Trend,1643,5,8215,562.5,0.14,937.5,0.23,-312.5,-0.08,514637.5,514.64
1449,Exit long,2010-11-04 17:30,S1 Climax,1645.75,4,6572,550,0.17,750,0.23,-250,-0.08,515187.5,515.19
1449,Entry long,2010-11-04 14:30,S1 Trend,1643,4,6572,550,0.17,750,0.23,-250,-0.08,515187.5,515.19
1450,Exit long,2010-11-04 20:00,EOD,1649.25,10,16430,3125,0.38,3750,0.46,-625,-0.08,518312.5,518.31
1450,Entry long,2010-11-04 14:30,S1 Trend,1643,10,16430,3125,0.38,3750,0.46,-625,-0.08,518312.5,518.31
1451,Exit long,2010-11-05 16:00,S1 Trail,1649.25,40,66160,-9500,-0.29,4500,0.14,-9500,-0.29,508812.5,508.81
1451,Entry long,2010-11-05 14:30,S1 Trend,1654,40,66160,-9500,-0.29,4500,0.14,-9500,-0.29,508812.5,508.81
1452,Exit long,2010-11-10 21:00,EOD,1647.5,27,44482.5,0,0.00,675,0.03,-3712.5,-0.17,508812.5,508.81
1452,Entry long,2010-11-10 19:30,S1 Trend,1647.5,27,44482.5,0,0.00,675,0.03,-3712.5,-0.17,508812.5,508.81
1453,Exit long,2010-11-15 20:00,S1 Trail,1628.5,32,52368,-12800,-0.49,1200,0.05,-12800,-0.49,496012.5,496.01
1453,Entry long,2010-11-15 17:00,S1 Trend,1636.5,32,52368,-12800,-0.49,1200,0.05,-12800,-0.49,496012.5,496.01
1454,Exit long,2010-11-18 21:00,EOD,1626.75,35,57041.25,-5250,-0.18,1750,0.06,-7875,-0.28,490762.5,490.76
1454,Entry long,2010-11-18 15:30,S1 Trend,1629.75,35,57041.25,-5250,-0.18,1750,0.06,-7875,-0.28,490762.5,490.76
1455,Exit short,2010-11-22 19:00,S3 Scalp,1621.75,29,46900.25,-6525,-0.28,4350,0.19,-6525,-0.28,484237.5,484.24
1455,Entry short,2010-11-22 17:30,S3 Hedge,1617.25,29,46900.25,-6525,-0.28,4350,0.19,-6525,-0.28,484237.5,484.24
1456,Exit short,2010-11-23 17:30,S3 Scalp,1613.25,25,40200,-6562.5,-0.33,1875,0.09,-6562.5,-0.33,477675,477.67
1456,Entry short,2010-11-23 16:30,S3 Hedge,1608,25,40200,-6562.5,-0.33,1875,0.09,-6562.5,-0.33,477675,477.67
1457,Exit long,2010-11-24 21:00,EOD,1628.5,26,42250,4550,0.22,5525,0.26,-975,-0.05,482225,482.23
1457,Entry long,2010-11-24 15:30,S1 Trend,1625,26,42250,4550,0.22,5525,0.26,-975,-0.05,482225,482.23
1458,Exit long,2010-12-01 21:00,EOD,1636.75,30,48907.5,9750,0.40,13875,0.57,-375,-0.02,491975,491.98
1458,Entry long,2010-12-01 15:30,S1 Trend,1630.25,30,48907.5,9750,0.40,13875,0.57,-375,-0.02,491975,491.98
1459,Exit long,2010-12-02 21:00,EOD,1652.5,29,47755.75,8337.5,0.35,9787.5,0.41,-725,-0.03,500312.5,500.31
1459,Entry long,2010-12-02 15:30,S1 Trend,1646.75,29,47755.75,8337.5,0.35,9787.5,0.41,-725,-0.03,500312.5,500.31
1460,Exit long,2010-12-06 21:00,EOD,1654,39,64564.5,-2925,-0.09,3412.5,0.11,-7312.5,-0.23,497387.5,497.39
1460,Entry long,2010-12-06 15:30,S1 Trend,1655.5,39,64564.5,-2925,-0.09,3412.5,0.11,-7312.5,-0.23,497387.5,497.39
1461,Exit long,2010-12-09 18:00,S2 FairVal,1663.75,36,59805,4500,0.15,4500,0.15,-5400,-0.18,501887.5,501.89
1461,Entry long,2010-12-09 16:30,S2 VWAP,1661.25,36,59805,4500,0.15,4500,0.15,-5400,-0.18,501887.5,501.89
1462,Exit long,2010-12-16 21:00,EOD,1674.75,35,58563.75,2625,0.09,4812.5,0.16,-1750,-0.06,504512.5,504.51
1462,Entry long,2010-12-16 16:30,S1 Trend,1673.25,35,58563.75,2625,0.09,4812.5,0.16,-1750,-0.06,504512.5,504.51
1463,Exit long,2011-01-05 21:00,EOD,1709.5,39,66368.25,15112.5,0.46,17062.5,0.51,-2925,-0.09,519625,519.63
1463,Entry long,2011-01-05 15:30,S1 Trend,1701.75,39,66368.25,15112.5,0.46,17062.5,0.51,-2925,-0.09,519625,519.63
1464,Exit long,2011-01-14 21:00,EOD,1725.5,40,68630,19500,0.57,21000,0.61,-500,-0.01,539125,539.13
1464,Entry long,2011-01-14 15:30,S1 Trend,1715.75,40,68630,19500,0.57,21000,0.61,-500,-0.01,539125,539.13
1465,Exit long,2011-01-18 00:00,S2 FairVal,1722.5,64,110176,3200,0.06,3200,0.06,-2400,-0.04,542325,542.33
1465,Entry long,2011-01-17 16:00,S2 VWAP,1721.5,64,110176,3200,0.06,3200,0.06,-2400,-0.04,542325,542.33
1466,Exit long,2011-01-21 21:00,EOD,1716.75,38,65360,-6175,-0.19,2375,0.07,-9025,-0.28,536150,536.15
1466,Entry long,2011-01-21 15:30,S1 Trend,1720,38,65360,-6175,-0.19,2375,0.07,-9025,-0.28,536150,536.15
1467,Exit long,2011-01-24 21:00,EOD,1724.25,41,70612.25,4100,0.12,6662.5,0.19,-3587.5,-0.10,540250,540.25
1467,Entry long,2011-01-24 16:30,S1 Trend,1722.25,41,70612.25,4100,0.12,6662.5,0.19,-3587.5,-0.10,540250,540.25
1468,Exit long,2011-01-26 21:00,EOD,1729.75,40,69180,500,0.01,8000,0.23,-1500,-0.04,540750,540.75
1468,Entry long,2011-01-26 19:30,S1 Trend,1729.5,40,69180,500,0.01,8000,0.23,-1500,-0.04,540750,540.75
1469,Exit long,2011-01-27 21:00,EOD,1732.75,36,62379,0,0.00,4050,0.13,-9450,-0.30,540750,540.75
1469,Entry long,2011-01-27 15:30,S1 Trend,1732.75,36,62379,0,0.00,4050,0.13,-9450,-0.30,540750,540.75
1470,Exit long,2011-01-31 21:00,EOD,1719.5,35,60200,-875,-0.03,875,0.03,-10062.5,-0.33,539875,539.88
1470,Entry long,2011-01-31 17:30,S1 Trend,1720,35,60200,-875,-0.03,875,0.03,-10062.5,-0.33,539875,539.88
1471,Exit long,2011-02-01 17:30,S1 Climax,1739,12,20838,1500,0.14,2100,0.20,-150,-0.01,541375,541.38
1471,Entry long,2011-02-01 17:00,S1 Trend,1736.5,12,20838,1500,0.14,2100,0.20,-150,-0.01,541375,541.38
1472,Exit long,2011-02-01 18:00,S1 Climax,1741.75,8,13892,2100,0.30,2100,0.30,-100,-0.01,543475,543.48
1472,Entry long,2011-02-01 17:00,S1 Trend,1736.5,8,13892,2100,0.30,2100,0.30,-100,-0.01,543475,543.48
1473,Exit long,2011-02-01 18:30,S1 Climax,1741.25,6,10419,1425,0.27,1725,0.33,-75,-0.01,544900,544.90
1473,Entry long,2011-02-01 17:00,S1 Trend,1736.5,6,10419,1425,0.27,1725,0.33,-75,-0.01,544900,544.90
1474,Exit long,2011-02-01 21:00,EOD,1740,14,24311,2450,0.20,4375,0.36,-175,-0.01,547350,547.35
1474,Entry long,2011-02-01 17:00,S1 Trend,1736.5,14,24311,2450,0.20,4375,0.36,-175,-0.01,547350,547.35
1475,Exit long,2011-02-04 17:30,S2 FairVal,1740,34,59109,2550,0.09,2975,0.10,-1700,-0.06,549900,549.90
1475,Entry long,2011-02-04 16:30,S2 VWAP,1738.5,34,59109,2550,0.09,2975,0.10,-1700,-0.06,549900,549.90
1476,Exit long,2011-02-09 18:00,S2 FairVal,1754.25,49,85872.5,4287.5,0.10,4287.5,0.10,-612.5,-0.01,554187.5,554.19
1476,Entry long,2011-02-09 17:30,S2 VWAP,1752.5,49,85872.5,4287.5,0.10,4287.5,0.10,-612.5,-0.01,554187.5,554.19
1477,Exit long,2011-02-11 21:00,EOD,1763.75,40,70460,4500,0.13,8000,0.23,-8500,-0.24,558687.5,558.69
1477,Entry long,2011-02-11 16:30,S1 Trend,1761.5,40,70460,4500,0.13,8000,0.23,-8500,-0.24,558687.5,558.69
1478,Exit long,2011-02-15 16:30,S2 FairVal,1763.25,47,82790.5,4112.5,0.10,5287.5,0.13,0,0.00,562800,562.80
1478,Entry long,2011-02-15 16:00,S2 VWAP,1761.5,47,82790.5,4112.5,0.10,5287.5,0.13,0,0.00,562800,562.80
1479,Exit long,2011-02-25 21:00,EOD,1755.75,40,70080,7500,0.21,9500,0.27,-6000,-0.17,570300,570.30
1479,Entry long,2011-02-25 15:30,S1 Trend,1752,40,70080,7500,0.21,9500,0.27,-6000,-0.17,570300,570.30
1480,Exit long,2011-02-28 18:00,S1 Trail,1757.75,40,70570,-13000,-0.37,2000,0.06,-13000,-0.37,557300,557.30
1480,Entry long,2011-02-28 15:30,S1 Trend,1764.25,40,70570,-13000,-0.37,2000,0.06,-13000,-0.37,557300,557.30
1481,Exit short,2011-03-01 21:00,EOD,1741.5,26,45337.5,2925,0.13,3250,0.14,-3250,-0.14,560225,560.23
1481,Entry short,2011-03-01 19:30,S3 Hedge,1743.75,26,45337.5,2925,0.13,3250,0.14,-3250,-0.14,560225,560.23
1482,Exit long,2011-03-03 21:00,EOD,1767,32,56368,8800,0.31,11600,0.41,-800,-0.03,569025,569.03
1482,Entry long,2011-03-03 16:00,S1 Trend,1761.5,32,56368,8800,0.31,11600,0.41,-800,-0.03,569025,569.03
1483,Exit long,2011-03-04 17:00,S2 FairVal,1753.5,32,56328,-10800,-0.38,1200,0.04,-10800,-0.38,558225,558.23
1483,Entry long,2011-03-04 16:00,S2 VWAP,1760.25,32,56328,-10800,-0.38,1200,0.04,-10800,-0.38,558225,558.23
1484,Exit long,2011-03-08 21:00,EOD,1758,29,50880.5,5075,0.20,11600,0.46,-3987.5,-0.16,563300,563.30
1484,Entry long,2011-03-08 15:30,S1 Trend,1754.5,29,50880.5,5075,0.20,11600,0.46,-3987.5,-0.16,563300,563.30
1485,Exit long,2011-03-17 20:00,EOD,1710,19,32589.75,-4987.5,-0.31,712.5,0.04,-11400,-0.70,558312.5,558.31
1485,Entry long,2011-03-17 14:30,S1 Trend,1715.25,19,32589.75,-4987.5,-0.31,712.5,0.04,-11400,-0.70,558312.5,558.31
1486,Exit long,2011-03-21 20:00,EOD,1735,34,59058,-3400,-0.12,1275,0.04,-8500,-0.29,554912.5,554.91
1486,Entry long,2011-03-21 14:30,S1 Trend,1737,34,59058,-3400,-0.12,1275,0.04,-8500,-0.29,554912.5,554.91
1487,Exit short,2011-03-22 20:00,EOD,1730.75,35,60550,-1312.5,-0.04,437.5,0.01,-4375,-0.14,553600,553.60
1487,Entry short,2011-03-22 18:30,S3 Hedge,1730,35,60550,-1312.5,-0.04,437.5,0.01,-4375,-0.14,553600,553.60
1488,Exit long,2011-03-23 20:00,EOD,1734.25,31,53699.75,3100,0.12,8525,0.32,-2325,-0.09,556700,556.70
1488,Entry long,2011-03-23 18:00,S1 Trend,1732.25,31,53699.75,3100,0.12,8525,0.32,-2325,-0.09,556700,556.70
1489,Exit long,2011-03-24 20:00,EOD,1746.25,33,57552,3712.5,0.13,7425,0.26,-3712.5,-0.13,560412.5,560.41
1489,Entry long,2011-03-24 16:00,S1 Trend,1744,33,57552,3712.5,0.13,7425,0.26,-3712.5,-0.13,560412.5,560.41
1490,Exit long,2011-03-29 21:00,EOD,1756.25,37,64833.25,7400,0.23,8325,0.26,-1850,-0.06,567812.5,567.81
1490,Entry long,2011-03-29 16:30,S1 Trend,1752.25,37,64833.25,7400,0.23,8325,0.26,-1850,-0.06,567812.5,567.81
1491,Exit long,2011-04-01 20:00,S1 Trail,1768.25,42,74466,-9975,-0.27,5250,0.14,-9975,-0.27,557837.5,557.84
1491,Entry long,2011-04-01 15:30,S1 Trend,1773,42,74466,-9975,-0.27,5250,0.14,-9975,-0.27,557837.5,557.84
1492,Exit long,2011-04-04 20:00,S2 FairVal,1770.25,49,86632,5512.5,0.13,5512.5,0.13,-2450,-0.06,563350,563.35
1492,Entry long,2011-04-04 19:30,S2 VWAP,1768,49,86632,5512.5,0.13,5512.5,0.13,-2450,-0.06,563350,563.35
1493,Exit short,2011-04-12 17:30,S3 Scalp,1751.25,40,69900,-7500,-0.21,1000,0.03,-7500,-0.21,555850,555.85
1493,Entry short,2011-04-12 16:00,S3 Hedge,1747.5,40,69900,-7500,-0.21,1000,0.03,-7500,-0.21,555850,555.85
1494,Exit long,2011-04-15 21:00,EOD,1758,39,68454.75,5362.5,0.16,11212.5,0.33,-5850,-0.17,561212.5,561.21
1494,Entry long,2011-04-15 15:30,S1 Trend,1755.25,39,68454.75,5362.5,0.16,11212.5,0.33,-5850,-0.17,561212.5,561.21
1495,Exit long,2011-04-19 21:00,EOD,1750,41,71678.25,3587.5,0.10,5125,0.14,-1537.5,-0.04,564800,564.80
1495,Entry long,2011-04-19 19:00,S1 Trend,1748.25,41,71678.25,3587.5,0.10,5125,0.14,-1537.5,-0.04,564800,564.80
1496,Exit long,2011-05-02 21:00,EOD,1799.25,42,75621,-2625,-0.07,6825,0.18,-8400,-0.22,562175,562.17
1496,Entry long,2011-05-02 18:00,S2 VWAP,1800.5,42,75621,-2625,-0.07,6825,0.18,-8400,-0.22,562175,562.17
1497,Exit long,2011-05-06 17:30,S1 Trail,1781.5,27,48384,-14175,-0.59,675,0.03,-14175,-0.59,548000,548.00
1497,Entry long,2011-05-06 16:30,S1 Trend,1792,27,48384,-14175,-0.59,675,0.03,-14175,-0.59,548000,548.00
1498,Exit long,2011-05-09 21:00,EOD,1784.25,29,51779.5,-1812.5,-0.07,3625,0.14,-2175,-0.08,546187.5,546.19
1498,Entry long,2011-05-09 17:30,S1 Trend,1785.5,29,51779.5,-1812.5,-0.07,3625,0.14,-2175,-0.08,546187.5,546.19
1499,Exit long,2011-05-12 21:00,EOD,1788,25,44681.25,937.5,0.04,4062.5,0.18,-3125,-0.14,547125,547.13
1499,Entry long,2011-05-12 18:30,S1 Trend,1787.25,25,44681.25,937.5,0.04,4062.5,0.18,-3125,-0.14,547125,547.13
1500,Exit long,2011-05-16 17:30,S1 Trail,1774.25,34,60562.5,-11900,-0.39,2975,0.10,-11900,-0.39,535225,535.23
1500,Entry long,2011-05-16 16:00,S1 Trend,1781.25,34,60562.5,-11900,-0.39,2975,0.10,-11900,-0.39,535225,535.23
1501,Exit long,2011-05-18 21:00,EOD,1780.75,39,69312.75,6825,0.20,9262.5,0.27,-1462.5,-0.04,542050,542.05
1501,Entry long,2011-05-18 18:30,S1 Trend,1777.25,39,69312.75,6825,0.20,9262.5,0.27,-1462.5,-0.04,542050,542.05
1502,Exit long,2011-05-25 21:00,EOD,1760.25,31,54529,1937.5,0.07,11237.5,0.41,-1162.5,-0.04,543987.5,543.99
1502,Entry long,2011-05-25 16:30,S1 Trend,1759,31,54529,1937.5,0.07,11237.5,0.41,-1162.5,-0.04,543987.5,543.99
1503,Exit long,2011-05-26 21:00,EOD,1766.5,31,54668.5,4650,0.17,8912.5,0.33,-775,-0.03,548637.5,548.64
1503,Entry long,2011-05-26 18:00,S1 Trend,1763.5,31,54668.5,4650,0.17,8912.5,0.33,-775,-0.03,548637.5,548.64
1504,Exit long,2011-05-27 21:00,EOD,1771.5,38,67393,-3800,-0.11,2375,0.07,-9025,-0.27,544837.5,544.84
1504,Entry long,2011-05-27 16:30,S1 Trend,1773.5,38,67393,-3800,-0.11,2375,0.07,-9025,-0.27,544837.5,544.84
1505,Exit long,2011-06-09 21:00,EOD,1730,35,60558.75,-437.5,-0.01,9625,0.32,-3500,-0.12,544400,544.40
1505,Entry long,2011-06-09 16:00,S1 Trend,1730.25,35,60558.75,-437.5,-0.01,9625,0.32,-3500,-0.12,544400,544.40
1506,Exit long,2011-06-14 21:00,EOD,1729.5,38,65702,950,0.03,9500,0.29,-2850,-0.09,545350,545.35
1506,Entry long,2011-06-14 15:30,S1 Trend,1729,38,65702,950,0.03,9500,0.29,-2850,-0.09,545350,545.35
1507,Exit short,2011-06-15 21:00,EOD,1706.25,30,51360,8625,0.34,13875,0.54,-1500,-0.06,553975,553.98
1507,Entry short,2011-06-15 17:00,S3 Hedge,1712,30,51360,8625,0.34,13875,0.54,-1500,-0.06,553975,553.98
1508,Exit long,2011-06-20 21:00,EOD,1719.75,33,56570.25,9075,0.32,13200,0.47,0,0.00,563050,563.05
1508,Entry long,2011-06-20 15:30,S1 Trend,1714.25,33,56570.25,9075,0.32,13200,0.47,0,0.00,563050,563.05
1509,Exit long,2011-06-21 21:00,EOD,1737,42,72733.5,11025,0.30,16800,0.46,-2625,-0.07,574075,574.08
1509,Entry long,2011-06-21 15:30,S1 Trend,1731.75,42,72733.5,11025,0.30,16800,0.46,-2625,-0.07,574075,574.08
1510,Exit long,2011-06-22 20:30,S1 Trail,1732.25,38,65977.5,-7600,-0.23,8550,0.26,-7600,-0.23,566475,566.48
1510,Entry long,2011-06-22 15:30,S1 Trend,1736.25,38,65977.5,-7600,-0.23,8550,0.26,-7600,-0.23,566475,566.48
1511,Exit long,2011-06-27 21:00,EOD,1722,30,51592.5,3375,0.13,10875,0.42,-5250,-0.20,569850,569.85
1511,Entry long,2011-06-27 15:30,S1 Trend,1719.75,30,51592.5,3375,0.13,10875,0.42,-5250,-0.20,569850,569.85
1512,Exit long,2011-06-28 21:00,EOD,1738.5,33,57180.75,9487.5,0.33,10312.5,0.36,-2062.5,-0.07,579337.5,579.34
1512,Entry long,2011-06-28 15:30,S1 Trend,1732.75,33,57180.75,9487.5,0.33,10312.5,0.36,-2062.5,-0.07,579337.5,579.34
1513,Exit long,2011-06-29 21:00,EOD,1750.25,32,56008,0,0.00,2000,0.07,-10000,-0.36,579337.5,579.34
1513,Entry long,2011-06-29 18:30,S1 Trend,1750.25,32,56008,0,0.00,2000,0.07,-10000,-0.36,579337.5,579.34
1514,Exit long,2011-06-30 21:00,EOD,1762.25,41,72211.25,2050,0.06,6662.5,0.18,-5125,-0.14,581387.5,581.39
1514,Entry long,2011-06-30 15:30,S1 Trend,1761.25,41,72211.25,2050,0.06,6662.5,0.18,-5125,-0.14,581387.5,581.39
1515,Exit long,2011-07-01 16:30,S1 Climax,1774.5,12,21270,1200,0.11,1500,0.14,-450,-0.04,582587.5,582.59
1515,Entry long,2011-07-01 15:30,S1 Trend,1772.5,12,21270,1200,0.11,1500,0.14,-450,-0.04,582587.5,582.59
1516,Exit long,2011-07-01 17:00,S1 Climax,1774.5,8,14180,800,0.11,1200,0.17,-300,-0.04,583387.5,583.39
1516,Entry long,2011-07-01 15:30,S1 Trend,1772.5,8,14180,800,0.11,1200,0.17,-300,-0.04,583387.5,583.39
1517,Exit long,2011-07-01 17:30,S1 Climax,1776,6,10635,1050,0.20,1275,0.24,-225,-0.04,584437.5,584.44
1517,Entry long,2011-07-01 15:30,S1 Trend,1772.5,6,10635,1050,0.20,1275,0.24,-225,-0.04,584437.5,584.44
1518,Exit long,2011-07-01 18:00,S1 Climax,1776.25,4,7090,750,0.21,850,0.24,-150,-0.04,585187.5,585.19
1518,Entry long,2011-07-01 15:30,S1 Trend,1772.5,4,7090,750,0.21,850,0.24,-150,-0.04,585187.5,585.19
1519,Exit long,2011-07-01 18:30,S1 Climax,1778.25,3,5317.5,862.5,0.32,937.5,0.35,-112.5,-0.04,586050,586.05
1519,Entry long,2011-07-01 15:30,S1 Trend,1772.5,3,5317.5,862.5,0.32,937.5,0.35,-112.5,-0.04,586050,586.05
1520,Exit long,2011-07-01 19:00,S1 Climax,1779.25,2,3545,675,0.38,750,0.42,-75,-0.04,586725,586.73
1520,Entry long,2011-07-01 15:30,S1 Trend,1772.5,2,3545,675,0.38,750,0.42,-75,-0.04,586725,586.73
1521,Exit long,2011-07-01 19:30,S1 Climax,1780,1,1772.5,375,0.42,387.5,0.44,-37.5,-0.04,587100,587.10
1521,Entry long,2011-07-01 15:30,S1 Trend,1772.5,1,1772.5,375,0.42,387.5,0.44,-37.5,-0.04,587100,587.10
1522,Exit long,2011-07-01 20:00,S1 Climax,1782.25,1,1772.5,487.5,0.55,512.5,0.58,-37.5,-0.04,587587.5,587.59
1522,Entry long,2011-07-01 15:30,S1 Trend,1772.5,1,1772.5,487.5,0.55,512.5,0.58,-37.5,-0.04,587587.5,587.59
1523,Exit long,2011-07-01 20:30,S1 Climax,1780.5,1,1772.5,400,0.45,512.5,0.58,-37.5,-0.04,587987.5,587.99
1523,Entry long,2011-07-01 15:30,S1 Trend,1772.5,1,1772.5,400,0.45,512.5,0.58,-37.5,-0.04,587987.5,587.99
1524,Exit long,2011-07-01 21:00,EOD,1781.5,2,3545,900,0.51,1100,0.62,-75,-0.04,588887.5,588.89
1524,Entry long,2011-07-01 15:30,S1 Trend,1772.5,2,3545,900,0.51,1100,0.62,-75,-0.04,588887.5,588.89
1525,Exit long,2011-07-07 21:00,EOD,1796.75,43,77271,-537.5,-0.01,5912.5,0.15,-2687.5,-0.07,588350,588.35
1525,Entry long,2011-07-07 18:30,S1 Trend,1797,43,77271,-537.5,-0.01,5912.5,0.15,-2687.5,-0.07,588350,588.35
1526,Exit long,2011-07-13 20:00,S1 Trail,1764.25,30,53092.5,-8250,-0.31,7500,0.28,-8250,-0.31,580100,580.10
1526,Entry long,2011-07-13 15:30,S1 Trend,1769.75,30,53092.5,-8250,-0.31,7500,0.28,-8250,-0.31,580100,580.10
1527,Exit long,2011-07-14 17:00,S1 Trail,1758,30,53070,-16500,-0.62,750,0.03,-16500,-0.62,563600,563.60
1527,Entry long,2011-07-14 15:30,S1 Trend,1769,30,53070,-16500,-0.62,750,0.03,-16500,-0.62,563600,563.60
1528,Exit long,2011-07-19 21:00,EOD,1769.75,33,58146,12787.5,0.44,15262.5,0.52,-7837.5,-0.27,576387.5,576.39
1528,Entry long,2011-07-19 15:30,S1 Trend,1762,33,58146,12787.5,0.44,15262.5,0.52,-7837.5,-0.27,576387.5,576.39
1529,Exit long,2011-07-21 21:00,EOD,1787.25,24,42912,-900,-0.04,3000,0.14,-7800,-0.36,575487.5,575.49
1529,Entry long,2011-07-21 15:30,S1 Trend,1788,24,42912,-900,-0.04,3000,0.14,-7800,-0.36,575487.5,575.49
1530,Exit long,2011-07-25 21:00,EOD,1780.75,38,67706.5,-1900,-0.06,10450,0.31,-4750,-0.14,573587.5,573.59
1530,Entry long,2011-07-25 15:30,S1 Trend,1781.75,38,67706.5,-1900,-0.06,10450,0.31,-4750,-0.14,573587.5,573.59
1531,Exit short,2011-07-27 21:00,EOD,1748.5,30,52605,7500,0.29,10875,0.41,-375,-0.01,581087.5,581.09
1531,Entry short,2011-07-27 19:30,S3 Hedge,1753.5,30,52605,7500,0.29,10875,0.41,-375,-0.01,581087.5,581.09
1532,Exit short,2011-08-02 21:00,EOD,1697.25,21,35910,13387.5,0.75,13912.5,0.77,-4725,-0.26,594475,594.48
1532,Entry short,2011-08-02 18:00,S3 Hedge,1710,21,35910,13387.5,0.75,13912.5,0.77,-4725,-0.26,594475,594.48
1533,Exit short,2011-08-04 20:30,S3 Scalp,1650,16,26780,19000,1.42,19000,1.42,-2200,-0.16,613475,613.48
1533,Entry short,2011-08-04 16:00,S3 Hedge,1673.75,16,26780,19000,1.42,19000,1.42,-2200,-0.16,613475,613.48
1534,Exit short,2011-08-05 17:30,S3 Scalp,1633.5,8,12912,-7800,-1.21,600,0.09,-10100,-1.56,605675,605.67
1534,Entry short,2011-08-05 17:00,S3 Hedge,1614,8,12912,-7800,-1.21,600,0.09,-10100,-1.56,605675,605.67
1535,Exit long,2011-08-11 21:00,EOD,1614.75,9,14492.25,2025,0.28,9337.5,1.29,-4387.5,-0.61,607700,607.70
1535,Entry long,2011-08-11 18:00,S1 Trend,1610.25,9,14492.25,2025,0.28,9337.5,1.29,-4387.5,-0.61,607700,607.70
1536,Exit long,2011-08-12 21:00,EOD,1623.25,13,21212.75,-5525,-0.52,650,0.06,-9262.5,-0.87,602175,602.17
1536,Entry long,2011-08-12 17:00,S1 Trend,1631.75,13,21212.75,-5525,-0.52,650,0.06,-9262.5,-0.87,602175,602.17
1537,Exit long,2011-08-15 21:00,EOD,1648.25,24,39438,6000,0.30,6600,0.33,-14100,-0.72,608175,608.18
1537,Entry long,2011-08-15 15:30,S1 Trend,1643.25,24,39438,6000,0.30,6600,0.33,-14100,-0.72,608175,608.18
1538,Exit long,2011-08-16 17:30,S1 Trail,1632.5,23,37777.5,-11500,-0.61,6900,0.37,-11500,-0.61,596675,596.68
1538,Entry long,2011-08-16 16:00,S1 Trend,1642.5,23,37777.5,-11500,-0.61,6900,0.37,-11500,-0.61,596675,596.68
1539,Exit long,2011-08-17 16:30,S1 Trail,1639.75,24,39684,-16500,-0.83,0,0.00,-16500,-0.83,580175,580.18
1539,Entry long,2011-08-17 15:30,S1 Trend,1653.5,24,39684,-16500,-0.83,0,0.00,-16500,-0.83,580175,580.18
1540,Exit long,2011-08-23 21:00,EOD,1606.25,16,25504,9800,0.77,10400,0.82,-7200,-0.56,589975,589.98
1540,Entry long,2011-08-23 17:00,S1 Trend,1594,16,25504,9800,0.77,10400,0.82,-7200,-0.56,589975,589.98
1541,Exit long,2011-08-24 21:00,EOD,1622.5,17,27433.75,7437.5,0.54,8500,0.62,-11050,-0.81,597412.5,597.41
1541,Entry long,2011-08-24 15:30,S1 Trend,1613.75,17,27433.75,7437.5,0.54,8500,0.62,-11050,-0.81,597412.5,597.41
1542,Exit long,2011-08-26 21:00,EOD,1621,13,21115.25,-2112.5,-0.20,1625,0.15,-7150,-0.68,595300,595.30
1542,Entry long,2011-08-26 17:30,S1 Trend,1624.25,13,21115.25,-2112.5,-0.20,1625,0.15,-7150,-0.68,595300,595.30
1543,Exit long,2011-08-29 21:00,EOD,1655,29,47654.25,17037.5,0.72,17762.5,0.75,-6162.5,-0.26,612337.5,612.34
1543,Entry long,2011-08-29 15:30,S1 Trend,1643.25,29,47654.25,17037.5,0.72,17762.5,0.75,-6162.5,-0.26,612337.5,612.34
1544,Exit long,2011-08-30 21:00,EOD,1657.5,25,41337.5,5000,0.24,15312.5,0.74,-5937.5,-0.29,617337.5,617.34
1544,Entry long,2011-08-30 16:30,S1 Trend,1653.5,25,41337.5,5000,0.24,15312.5,0.74,-5937.5,-0.29,617337.5,617.34
1545,Exit long,2011-08-31 16:30,S1 Trail,1665,31,51901.75,-14337.5,-0.55,2325,0.09,-14337.5,-0.55,603000,603.00
1545,Entry long,2011-08-31 15:30,S1 Trend,1674.25,31,51901.75,-14337.5,-0.55,2325,0.09,-14337.5,-0.55,603000,603.00
1546,Exit long,2011-09-01 18:30,S1 Trail,1654.5,22,36696,-14850,-0.81,825,0.04,-14850,-0.81,588150,588.15
1546,Entry long,2011-09-01 15:30,S1 Trend,1668,22,36696,-14850,-0.81,825,0.04,-14850,-0.81,588150,588.15
1547,Exit long,2011-09-07 19:30,S1 Climax,1642.25,7,11404.75,4550,0.80,4725,0.83,-350,-0.06,592700,592.70
1547,Entry long,2011-09-07 15:30,S1 Trend,1629.25,7,11404.75,4550,0.80,4725,0.83,-350,-0.06,592700,592.70
1548,Exit long,2011-09-07 20:00,S1 Climax,1644,5,8146.25,3687.5,0.91,3937.5,0.97,-250,-0.06,596387.5,596.39
1548,Entry long,2011-09-07 15:30,S1 Trend,1629.25,5,8146.25,3687.5,0.91,3937.5,0.97,-250,-0.06,596387.5,596.39
1549,Exit long,2011-09-07 21:00,EOD,1644,14,22809.5,10325,0.91,11025,0.97,-700,-0.06,606712.5,606.71
1549,Entry long,2011-09-07 15:30,S1 Trend,1629.25,14,22809.5,10325,0.91,11025,0.97,-700,-0.06,606712.5,606.71
1550,Exit long,2011-09-08 18:30,S1 Trail,1634,23,37852.25,-13512.5,-0.71,3162.5,0.17,-13512.5,-0.71,593200,593.20
1550,Entry long,2011-09-08 16:30,S1 Trend,1645.75,23,37852.25,-13512.5,-0.71,3162.5,0.17,-13512.5,-0.71,593200,593.20
1551,Exit long,2011-09-13 21:00,EOD,1618.75,15,24247.5,1687.5,0.14,5250,0.43,-7125,-0.59,594887.5,594.89
1551,Entry long,2011-09-13 15:30,S1 Trend,1616.5,15,24247.5,1687.5,0.14,5250,0.43,-7125,-0.59,594887.5,594.89
1552,Exit long,2011-09-14 21:00,EOD,1635,18,29353.5,3825,0.26,16650,1.13,0,0.00,598712.5,598.71
1552,Entry long,2011-09-14 19:00,S1 Trend,1630.75,18,29353.5,3825,0.26,16650,1.13,0,0.00,598712.5,598.71
1553,Exit long,2011-09-15 21:00,EOD,1655.75,21,34681.5,4462.5,0.26,4725,0.27,-1837.5,-0.11,603175,603.17
1553,Entry long,2011-09-15 19:30,S1 Trend,1651.5,21,34681.5,4462.5,0.26,4725,0.27,-1837.5,-0.11,603175,603.17
1554,Exit long,2011-09-20 20:00,S1 Trail,1652,20,33310,-13500,-0.81,1500,0.09,-13500,-0.81,589675,589.67
1554,Entry long,2011-09-20 16:30,S1 Trend,1665.5,20,33310,-13500,-0.81,1500,0.09,-13500,-0.81,589675,589.67
1555,Exit short,2011-09-22 20:30,S3 Scalp,1577.25,14,21910,-8575,-0.78,3675,0.34,-10325,-0.94,581100,581.10
1555,Entry short,2011-09-22 19:00,S3 Hedge,1565,14,21910,-8575,-0.78,3675,0.34,-10325,-0.94,581100,581.10
1556,Exit long,2011-09-27 16:00,S1 Climax,1639.75,6,9811.5,1350,0.28,1425,0.29,-825,-0.17,582450,582.45
1556,Entry long,2011-09-27 15:30,S1 Trend,1635.25,6,9811.5,1350,0.28,1425,0.29,-825,-0.17,582450,582.45
1557,Exit long,2011-09-27 20:00,S1 Trail,1629.25,17,27799.25,-5100,-0.37,6587.5,0.47,-5100,-0.37,577350,577.35
1557,Entry long,2011-09-27 15:30,S1 Trend,1635.25,17,27799.25,-5100,-0.37,6587.5,0.47,-5100,-0.37,577350,577.35
1558,Exit short,2011-09-28 21:00,EOD,1598,16,25836,13400,1.04,14600,1.13,-600,-0.05,590750,590.75
1558,Entry short,2011-09-28 18:30,S3 Hedge,1614.75,16,25836,13400,1.04,14600,1.13,-600,-0.05,590750,590.75
1559,Exit long,2011-10-05 21:00,EOD,1591.5,16,25296,8400,0.66,10600,0.84,-8200,-0.65,599150,599.15
1559,Entry long,2011-10-05 16:00,S1 Trend,1581,16,25296,8400,0.66,10600,0.84,-8200,-0.65,599150,599.15
1560,Exit long,2011-10-06 21:00,EOD,1612,16,25664,6400,0.50,7600,0.59,-4400,-0.34,605550,605.55
1560,Entry long,2011-10-06 17:00,S1 Trend,1604,16,25664,6400,0.50,7600,0.59,-4400,-0.34,605550,605.55
1561,Exit long,2011-10-07 20:00,S2 FairVal,1610.75,17,27242.5,7012.5,0.51,7012.5,0.51,-4037.5,-0.30,612562.5,612.56
1561,Entry long,2011-10-07 18:30,S2 VWAP,1602.5,17,27242.5,7012.5,0.51,7012.5,0.51,-4037.5,-0.30,612562.5,612.56
1562,Exit long,2011-10-10 21:00,EOD,1643.25,25,40881.25,10000,0.49,10000,0.49,-6875,-0.34,622562.5,622.56
1562,Entry long,2011-10-10 15:30,S1 Trend,1635.25,25,40881.25,10000,0.49,10000,0.49,-6875,-0.34,622562.5,622.56
1563,Exit long,2011-10-11 21:00,EOD,1643.75,30,49320,-375,-0.02,5625,0.23,-7125,-0.29,622187.5,622.19
1563,Entry long,2011-10-11 15:30,S1 Trend,1644,30,49320,-375,-0.02,5625,0.23,-7125,-0.29,622187.5,622.19
1564,Exit long,2011-10-12 20:30,S1 Trail,1656,28,46466,-4900,-0.21,13300,0.57,-4900,-0.21,617287.5,617.29
1564,Entry long,2011-10-12 15:30,S1 Trend,1659.5,28,46466,-4900,-0.21,13300,0.57,-4900,-0.21,617287.5,617.29
1565,Exit long,2011-10-18 21:00,EOD,1673.25,19,31525.75,13300,0.84,22325,1.42,-2137.5,-0.14,630587.5,630.59
1565,Entry long,2011-10-18 17:00,S1 Trend,1659.25,19,31525.75,13300,0.84,22325,1.42,-2137.5,-0.14,630587.5,630.59
1566,Exit long,2011-10-21 18:00,S1 Trail,1676.5,27,45555.75,-14512.5,-0.64,2025,0.09,-14512.5,-0.64,616075,616.08
1566,Entry long,2011-10-21 15:30,S1 Trend,1687.25,27,45555.75,-14512.5,-0.64,2025,0.09,-14512.5,-0.64,616075,616.08
1567,Exit long,2011-10-24 21:00,EOD,1702.5,26,44148,5850,0.27,9750,0.44,-2925,-0.13,621925,621.92
1567,Entry long,2011-10-24 15:30,S1 Trend,1698,26,44148,5850,0.27,9750,0.44,-2925,-0.13,621925,621.92
1568,Exit long,2011-10-27 20:30,S1 Trail,1728.25,24,41436,2100,0.10,18900,0.91,-1500,-0.07,624025,624.03
1568,Entry long,2011-10-27 17:30,S1 Trend,1726.5,24,41436,2100,0.10,18900,0.91,-1500,-0.07,624025,624.03
1569,Exit long,2011-10-28 21:00,EOD,1733.75,30,51982.5,1500,0.06,5625,0.22,-7875,-0.30,625525,625.53
1569,Entry long,2011-10-28 16:00,S1 Trend,1732.75,30,51982.5,1500,0.06,5625,0.22,-7875,-0.30,625525,625.53
1570,Exit long,2011-11-03 20:00,EOD,1710.25,16,27300,3200,0.23,5200,0.38,-1800,-0.13,628725,628.73
1570,Entry long,2011-11-03 18:00,S1 Trend,1706.25,16,27300,3200,0.23,5200,0.38,-1800,-0.13,628725,628.73
1571,Exit long,2011-11-08 21:00,EOD,1726.5,26,44492.5,19825,0.89,21775,0.98,-8775,-0.39,648550,648.55
1571,Entry long,2011-11-08 15:30,S1 Trend,1711.25,26,44492.5,19825,0.89,21775,0.98,-8775,-0.39,648550,648.55
1572,Exit long,2011-11-11 21:00,EOD,1714.5,28,47929,3850,0.16,8400,0.35,-1050,-0.04,652400,652.40
1572,Entry long,2011-11-11 15:30,S1 Trend,1711.75,28,47929,3850,0.16,8400,0.35,-1050,-0.04,652400,652.40
1573,Exit long,2011-11-15 21:00,EOD,1708.75,24,41004,300,0.01,8100,0.40,-1500,-0.07,652700,652.70
1573,Entry long,2011-11-15 18:00,S1 Trend,1708.5,24,41004,300,0.01,8100,0.40,-1500,-0.07,652700,652.70
1574,Exit long,2011-11-16 20:00,S1 Trail,1695.5,21,35805,-9975,-0.56,6037.5,0.34,-9975,-0.56,642725,642.73
1574,Entry long,2011-11-16 16:30,S1 Trend,1705,21,35805,-9975,-0.56,6037.5,0.34,-9975,-0.56,642725,642.73
1575,Exit short,2011-11-21 19:00,S3 Scalp,1643.25,26,42549,-8775,-0.41,3900,0.18,-8775,-0.41,633950,633.95
1575,Entry short,2011-11-21 16:00,S3 Hedge,1636.5,26,42549,-8775,-0.41,3900,0.18,-8775,-0.41,633950,633.95
1576,Exit long,2011-11-28 20:00,S1 Trail,1637.5,28,46116,-13300,-0.58,3150,0.14,-13300,-0.58,620650,620.65
1576,Entry long,2011-11-28 15:30,S1 Trend,1647,28,46116,-13300,-0.58,3150,0.14,-13300,-0.58,620650,620.65
1577,Exit long,2011-11-30 16:00,S1 Climax,1692.25,5,8438.75,1125,0.27,1250,0.30,-250,-0.06,621775,621.78
1577,Entry long,2011-11-30 15:30,S1 Trend,1687.75,5,8438.75,1125,0.27,1250,0.30,-250,-0.06,621775,621.78
1578,Exit long,2011-11-30 21:00,EOD,1698.5,13,21940.75,6987.5,0.64,7800,0.71,-1462.5,-0.13,628762.5,628.76
1578,Entry long,2011-11-30 15:30,S1 Trend,1687.75,13,21940.75,6987.5,0.64,7800,0.71,-1462.5,-0.13,628762.5,628.76
1579,Exit long,2011-12-01 21:00,EOD,1697.25,30,51037.5,-6000,-0.24,375,0.01,-14250,-0.56,622762.5,622.76
1579,Entry long,2011-12-01 15:30,S1 Trend,1701.25,30,51037.5,-6000,-0.24,375,0.01,-14250,-0.56,622762.5,622.76
1580,Exit long,2011-12-02 21:00,EOD,1695.75,25,42575,-9062.5,-0.43,3125,0.15,-10000,-0.47,613700,613.70
1580,Entry long,2011-12-02 17:30,S2 VWAP,1703,25,42575,-9062.5,-0.43,3125,0.15,-10000,-0.47,613700,613.70
1581,Exit long,2011-12-05 18:30,S1 Trail,1709.25,31,53234.75,-12400,-0.47,3100,0.12,-12400,-0.47,601300,601.30
1581,Entry long,2011-12-05 15:30,S1 Trend,1717.25,31,53234.75,-12400,-0.47,3100,0.12,-12400,-0.47,601300,601.30
1582,Exit long,2011-12-09 21:00,EOD,1707.75,21,35820.75,2100,0.12,5775,0.32,-2625,-0.15,603400,603.40
1582,Entry long,2011-12-09 16:30,S1 Trend,1705.75,21,35820.75,2100,0.12,5775,0.32,-2625,-0.15,603400,603.40
1583,Exit long,2011-12-13 19:30,S1 Trail,1687.5,29,49220.25,-14137.5,-0.57,2537.5,0.10,-14137.5,-0.57,589262.5,589.26
1583,Entry long,2011-12-13 15:30,S1 Trend,1697.25,29,49220.25,-14137.5,-0.57,2537.5,0.10,-14137.5,-0.57,589262.5,589.26
1584,Exit short,2011-12-14 18:00,S3 Scalp,1671.25,25,41625,-7812.5,-0.38,3437.5,0.17,-7812.5,-0.38,581450,581.45
1584,Entry short,2011-12-14 16:00,S3 Hedge,1665,25,41625,-7812.5,-0.38,3437.5,0.17,-7812.5,-0.38,581450,581.45
1585,Exit long,2011-12-16 17:00,S1 Trail,1673,32,53792,-12800,-0.48,2400,0.09,-12800,-0.48,568650,568.65
1585,Entry long,2011-12-16 15:30,S1 Trend,1681,32,53792,-12800,-0.48,2400,0.09,-12800,-0.48,568650,568.65
1586,Exit long,2011-12-20 16:00,S1 Climax,1688,8,13500,200,0.03,700,0.10,-300,-0.04,568850,568.85
1586,Entry long,2011-12-20 15:30,S1 Trend,1687.5,8,13500,200,0.03,700,0.10,-300,-0.04,568850,568.85
1587,Exit long,2011-12-20 16:30,S1 Climax,1689,6,10125,450,0.09,975,0.19,-225,-0.04,569300,569.30
1587,Entry long,2011-12-20 15:30,S1 Trend,1687.5,6,10125,450,0.09,975,0.19,-225,-0.04,569300,569.30
1588,Exit long,2011-12-20 17:00,S1 Climax,1689,4,6750,300,0.09,650,0.19,-150,-0.04,569600,569.60
1588,Entry long,2011-12-20 15:30,S1 Trend,1687.5,4,6750,300,0.09,650,0.19,-150,-0.04,569600,569.60
1589,Exit long,2011-12-20 17:30,S1 Climax,1689.25,3,5062.5,262.5,0.10,487.5,0.19,-112.5,-0.04,569862.5,569.86
1589,Entry long,2011-12-20 15:30,S1 Trend,1687.5,3,5062.5,262.5,0.10,487.5,0.19,-112.5,-0.04,569862.5,569.86
1590,Exit long,2011-12-20 18:00,S1 Climax,1690.25,2,3375,275,0.16,325,0.19,-75,-0.04,570137.5,570.14
1590,Entry long,2011-12-20 15:30,S1 Trend,1687.5,2,3375,275,0.16,325,0.19,-75,-0.04,570137.5,570.14
1591,Exit long,2011-12-20 18:30,S1 Climax,1692,1,1687.5,225,0.27,325,0.39,-37.5,-0.04,570362.5,570.36
1591,Entry long,2011-12-20 15:30,S1 Trend,1687.5,1,1687.5,225,0.27,325,0.39,-37.5,-0.04,570362.5,570.36
1592,Exit long,2011-12-20 19:00,S1 Climax,1691.75,1,1687.5,212.5,0.25,325,0.39,-37.5,-0.04,570575,570.58
1592,Entry long,2011-12-20 15:30,S1 Trend,1687.5,1,1687.5,212.5,0.25,325,0.39,-37.5,-0.04,570575,570.58
1593,Exit long,2011-12-20 19:30,S1 Climax,1692,1,1687.5,225,0.27,325,0.39,-37.5,-0.04,570800,570.80
1593,Entry long,2011-12-20 15:30,S1 Trend,1687.5,1,1687.5,225,0.27,325,0.39,-37.5,-0.04,570800,570.80
1594,Exit long,2011-12-20 20:00,S1 Climax,1693.75,1,1687.5,312.5,0.37,387.5,0.46,-37.5,-0.04,571112.5,571.11
1594,Entry long,2011-12-20 15:30,S1 Trend,1687.5,1,1687.5,312.5,0.37,387.5,0.46,-37.5,-0.04,571112.5,571.11
1595,Exit long,2011-12-20 20:30,S1 Climax,1694.25,1,1687.5,337.5,0.40,400,0.47,-37.5,-0.04,571450,571.45
1595,Entry long,2011-12-20 15:30,S1 Trend,1687.5,1,1687.5,337.5,0.40,400,0.47,-37.5,-0.04,571450,571.45
1596,Exit long,2011-12-20 21:00,EOD,1693.75,1,1687.5,312.5,0.37,437.5,0.52,-37.5,-0.04,571762.5,571.76
1596,Entry long,2011-12-20 15:30,S1 Trend,1687.5,1,1687.5,312.5,0.37,437.5,0.52,-37.5,-0.04,571762.5,571.76
1597,Exit long,2011-12-22 21:00,EOD,1707.75,30,51135,4875,0.19,6000,0.23,-6375,-0.25,576637.5,576.64
1597,Entry long,2011-12-22 15:30,S1 Trend,1704.5,30,51135,4875,0.19,6000,0.23,-6375,-0.25,576637.5,576.64
1598,Exit long,2011-12-27 21:00,EOD,1719.5,44,75801,-7150,-0.19,0,0.00,-9900,-0.26,569487.5,569.49
1598,Entry long,2011-12-27 15:30,S1 Trend,1722.75,44,75801,-7150,-0.19,0,0.00,-9900,-0.26,569487.5,569.49
1599,Exit long,2011-12-29 21:00,EOD,1716.25,44,75317,9900,0.26,12650,0.34,-4400,-0.12,579387.5,579.39
1599,Entry long,2011-12-29 15:30,S1 Trend,1711.75,44,75317,9900,0.26,12650,0.34,-4400,-0.12,579387.5,579.39
1600,Exit long,2012-01-04 21:00,EOD,1731.25,35,60567.5,1312.5,0.04,3937.5,0.13,-3937.5,-0.13,580700,580.70
1600,Entry long,2012-01-04 17:30,S1 Trend,1730.5,35,60567.5,1312.5,0.04,3937.5,0.13,-3937.5,-0.13,580700,580.70
1601,Exit long,2012-01-05 21:00,EOD,1735,27,46797.75,2362.5,0.10,5062.5,0.22,-1687.5,-0.07,583062.5,583.06
1601,Entry long,2012-01-05 18:00,S1 Trend,1733.25,27,46797.75,2362.5,0.10,5062.5,0.22,-1687.5,-0.07,583062.5,583.06
1602,Exit long,2012-01-11 21:00,EOD,1747.25,37,64472.5,8787.5,0.27,11100,0.34,-2775,-0.09,591850,591.85
1602,Entry long,2012-01-11 16:00,S1 Trend,1742.5,37,64472.5,8787.5,0.27,11100,0.34,-2775,-0.09,591850,591.85
1603,Exit long,2012-01-17 13:30,S1 Trail,1756,44,77022,12100,0.31,24200,0.63,-7150,-0.19,603950,603.95
1603,Entry long,2012-01-16 16:30,S1 Trend,1750.5,44,77022,12100,0.31,24200,0.63,-7150,-0.19,603950,603.95
1604,Exit long,2012-01-18 21:00,EOD,1762.5,33,57939.75,11137.5,0.38,12375,0.43,-4125,-0.14,615087.5,615.09
1604,Entry long,2012-01-18 16:00,S1 Trend,1755.75,33,57939.75,11137.5,0.38,12375,0.43,-4125,-0.14,615087.5,615.09
1605,Exit long,2012-01-19 21:00,EOD,1769.5,43,75981,5375,0.14,7525,0.20,-1612.5,-0.04,620462.5,620.46
1605,Entry long,2012-01-19 16:00,S1 Trend,1767,43,75981,5375,0.14,7525,0.20,-1612.5,-0.04,620462.5,620.46
1606,Exit long,2012-01-23 16:30,S1 Trail,1768.25,44,78100,-14850,-0.38,1650,0.04,-14850,-0.38,605612.5,605.61
1606,Entry long,2012-01-23 15:30,S1 Trend,1775,44,78100,-14850,-0.38,1650,0.04,-14850,-0.38,605612.5,605.61
1607,Exit long,2012-01-25 21:00,EOD,1780.5,32,56824,7600,0.27,12800,0.45,-3600,-0.13,613212.5,613.21
1607,Entry long,2012-01-25 18:30,S1 Trend,1775.75,32,56824,7600,0.27,12800,0.45,-3600,-0.13,613212.5,613.21
1608,Exit long,2012-02-01 20:30,S1 Trail,1778,39,69468.75,-6337.5,-0.18,9262.5,0.27,-6337.5,-0.18,606875,606.88
1608,Entry long,2012-02-01 15:30,S1 Trend,1781.25,39,69468.75,-6337.5,-0.18,9262.5,0.27,-6337.5,-0.18,606875,606.88
1609,Exit long,2012-02-02 17:30,S1 Trail,1777.5,44,78386,-8800,-0.22,7700,0.20,-8800,-0.22,598075,598.07
1609,Entry long,2012-02-02 15:30,S1 Trend,1781.5,44,78386,-8800,-0.22,7700,0.20,-8800,-0.22,598075,598.07
1610,Exit long,2012-02-03 16:00,S1 Climax,1797,11,19764.25,137.5,0.01,1100,0.11,-137.5,-0.01,598212.5,598.21
1610,Entry long,2012-02-03 15:30,S1 Trend,1796.75,11,19764.25,137.5,0.01,1100,0.11,-137.5,-0.01,598212.5,598.21
1611,Exit long,2012-02-03 16:30,S1 Climax,1798.5,7,12577.25,612.5,0.10,700,0.11,-262.5,-0.04,598825,598.82
1611,Entry long,2012-02-03 15:30,S1 Trend,1796.75,7,12577.25,612.5,0.10,700,0.11,-262.5,-0.04,598825,598.82
1612,Exit long,2012-02-03 17:30,S1 Climax,1799,5,8983.75,562.5,0.13,562.5,0.13,-187.5,-0.04,599387.5,599.39
1612,Entry long,2012-02-03 15:30,S1 Trend,1796.75,5,8983.75,562.5,0.13,562.5,0.13,-187.5,-0.04,599387.5,599.39
1613,Exit long,2012-02-03 18:00,S1 Climax,1799.25,4,7187,500,0.14,700,0.19,-150,-0.04,599887.5,599.89
1613,Entry long,2012-02-03 15:30,S1 Trend,1796.75,4,7187,500,0.14,700,0.19,-150,-0.04,599887.5,599.89
1614,Exit long,2012-02-03 21:00,EOD,1800,10,17967.5,1625,0.18,2125,0.24,-375,-0.04,601512.5,601.51
1614,Entry long,2012-02-03 15:30,S1 Trend,1796.75,10,17967.5,1625,0.18,2125,0.24,-375,-0.04,601512.5,601.51
1615,Exit long,2012-02-07 21:00,EOD,1802.25,39,70209.75,3900,0.11,8775,0.25,-975,-0.03,605412.5,605.41
1615,Entry long,2012-02-07 16:00,S1 Trend,1800.25,39,70209.75,3900,0.11,8775,0.25,-975,-0.03,605412.5,605.41
1616,Exit long,2012-02-08 17:30,S2 FairVal,1802.75,45,81011.25,5625,0.14,5625,0.14,-1687.5,-0.04,611037.5,611.04
1616,Entry long,2012-02-08 17:00,S2 VWAP,1800.25,45,81011.25,5625,0.14,5625,0.14,-1687.5,-0.04,611037.5,611.04
1617,Exit long,2012-02-16 21:00,EOD,1814.75,38,68590,18525,0.54,21375,0.62,-3800,-0.11,629562.5,629.56
1617,Entry long,2012-02-16 15:30,S1 Trend,1805,38,68590,18525,0.54,21375,0.62,-3800,-0.11,629562.5,629.56
1618,Exit long,2012-02-21 19:30,S1 Trail,1817.75,44,80234,-12650,-0.32,2750,0.07,-12650,-0.32,616912.5,616.91
1618,Entry long,2012-02-21 16:00,S1 Trend,1823.5,44,80234,-12650,-0.32,2750,0.07,-12650,-0.32,616912.5,616.91
1619,Exit long,2012-02-23 21:00,EOD,1820.75,40,72710,6000,0.17,8000,0.22,-3000,-0.08,622912.5,622.91
1619,Entry long,2012-02-23 16:00,S1 Trend,1817.75,40,72710,6000,0.17,8000,0.22,-3000,-0.08,622912.5,622.91
1620,Exit long,2012-02-27 21:00,EOD,1825.25,45,82147.5,-562.5,-0.01,9562.5,0.23,-3937.5,-0.10,622350,622.35
1620,Entry long,2012-02-27 16:30,S1 Trend,1825.5,45,82147.5,-562.5,-0.01,9562.5,0.23,-3937.5,-0.10,622350,622.35
1621,Exit short,2012-03-06 21:00,EOD,1801,43,77550.5,5375,0.14,12900,0.33,-4837.5,-0.12,627725,627.73
1621,Entry short,2012-03-06 15:30,S3 Hedge,1803.5,43,77550.5,5375,0.14,12900,0.33,-4837.5,-0.12,627725,627.73
1622,Exit long,2012-03-09 21:00,EOD,1830,45,82473.75,-6187.5,-0.15,1125,0.03,-11250,-0.27,621537.5,621.54
1622,Entry long,2012-03-09 16:00,S1 Trend,1832.75,45,82473.75,-6187.5,-0.15,1125,0.03,-11250,-0.27,621537.5,621.54
1623,Exit long,2012-03-14 20:00,EOD,1853.5,42,77763,4200,0.11,5250,0.14,-5250,-0.14,625737.5,625.74
1623,Entry long,2012-03-14 18:30,S2 VWAP,1851.5,42,77763,4200,0.11,5250,0.14,-5250,-0.14,625737.5,625.74
1624,Exit long,2012-04-02 21:00,EOD,1878,41,76731.5,13325,0.35,22550,0.59,-3587.5,-0.09,639062.5,639.06
1624,Entry long,2012-04-02 15:30,S1 Trend,1871.5,41,76731.5,13325,0.35,22550,0.59,-3587.5,-0.09,639062.5,639.06
1625,Exit long,2012-04-03 19:00,S2 FairVal,1868,44,82412,-11000,-0.27,2750,0.07,-11000,-0.27,628062.5,628.06
1625,Entry long,2012-04-03 18:00,S2 VWAP,1873,44,82412,-11000,-0.27,2750,0.07,-11000,-0.27,628062.5,628.06
1626,Exit long,2012-04-12 21:00,EOD,1848.25,35,64312.5,18812.5,0.59,20125,0.63,0,0.00,646875,646.88
1626,Entry long,2012-04-12 15:30,S1 Trend,1837.5,35,64312.5,18812.5,0.59,20125,0.63,0,0.00,646875,646.88
1627,Exit long,2012-04-17 16:30,S1 Climax,1847.75,11,20275.75,2475,0.24,3300,0.33,-275,-0.03,649350,649.35
1627,Entry long,2012-04-17 15:30,S1 Trend,1843.25,11,20275.75,2475,0.24,3300,0.33,-275,-0.03,649350,649.35
1628,Exit long,2012-04-17 17:00,S1 Climax,1848.25,8,14746,2000,0.27,2400,0.33,-200,-0.03,651350,651.35
1628,Entry long,2012-04-17 15:30,S1 Trend,1843.25,8,14746,2000,0.27,2400,0.33,-200,-0.03,651350,651.35
1629,Exit long,2012-04-17 17:30,S1 Climax,1850.5,6,11059.5,2175,0.39,2250,0.41,-150,-0.03,653525,653.53
1629,Entry long,2012-04-17 15:30,S1 Trend,1843.25,6,11059.5,2175,0.39,2250,0.41,-150,-0.03,653525,653.53
1630,Exit long,2012-04-17 18:00,S1 Climax,1851,4,7373,1550,0.42,1750,0.47,-100,-0.03,655075,655.07
1630,Entry long,2012-04-17 15:30,S1 Trend,1843.25,4,7373,1550,0.42,1750,0.47,-100,-0.03,655075,655.07
1631,Exit long,2012-04-17 18:30,S1 Climax,1851.5,3,5529.75,1237.5,0.45,1312.5,0.47,-75,-0.03,656312.5,656.31
1631,Entry long,2012-04-17 15:30,S1 Trend,1843.25,3,5529.75,1237.5,0.45,1312.5,0.47,-75,-0.03,656312.5,656.31
1632,Exit long,2012-04-17 19:00,S1 Climax,1851.75,2,3686.5,850,0.46,925,0.50,-50,-0.03,657162.5,657.16
1632,Entry long,2012-04-17 15:30,S1 Trend,1843.25,2,3686.5,850,0.46,925,0.50,-50,-0.03,657162.5,657.16
1633,Exit long,2012-04-17 19:30,S1 Climax,1852.75,1,1843.25,475,0.52,487.5,0.53,-25,-0.03,657637.5,657.64
1633,Entry long,2012-04-17 15:30,S1 Trend,1843.25,1,1843.25,475,0.52,487.5,0.53,-25,-0.03,657637.5,657.64
1634,Exit long,2012-04-17 20:00,S1 Climax,1852,1,1843.25,437.5,0.47,512.5,0.56,-25,-0.03,658075,658.08
1634,Entry long,2012-04-17 15:30,S1 Trend,1843.25,1,1843.25,437.5,0.47,512.5,0.56,-25,-0.03,658075,658.08
1635,Exit long,2012-04-17 20:30,S1 Climax,1853,1,1843.25,487.5,0.53,512.5,0.56,-25,-0.03,658562.5,658.56
1635,Entry long,2012-04-17 15:30,S1 Trend,1843.25,1,1843.25,487.5,0.53,512.5,0.56,-25,-0.03,658562.5,658.56
1636,Exit long,2012-04-17 21:00,EOD,1850.5,2,3686.5,725,0.39,1025,0.56,-50,-0.03,659287.5,659.29
1636,Entry long,2012-04-17 15:30,S1 Trend,1843.25,2,3686.5,725,0.39,1025,0.56,-50,-0.03,659287.5,659.29
1637,Exit long,2012-04-20 20:00,S1 Trail,1839.75,39,71955,-10237.5,-0.28,5850,0.16,-10237.5,-0.28,649050,649.05
1637,Entry long,2012-04-20 15:30,S1 Trend,1845,39,71955,-10237.5,-0.28,5850,0.16,-10237.5,-0.28,649050,649.05
1638,Exit long,2012-04-24 21:00,EOD,1833,40,73410,-4500,-0.12,500,0.01,-14500,-0.40,644550,644.55
1638,Entry long,2012-04-24 16:30,S1 Trend,1835.25,40,73410,-4500,-0.12,500,0.01,-14500,-0.40,644550,644.55
1639,Exit long,2012-04-25 21:00,EOD,1851.5,41,75850,3075,0.08,4612.5,0.12,-6662.5,-0.18,647625,647.63
1639,Entry long,2012-04-25 19:30,S1 Trend,1850,41,75850,3075,0.08,4612.5,0.12,-6662.5,-0.18,647625,647.63
1640,Exit long,2012-04-26 21:00,EOD,1861,45,83407.5,16875,0.40,21375,0.51,-2812.5,-0.07,664500,664.50
1640,Entry long,2012-04-26 17:00,S1 Trend,1853.5,45,83407.5,16875,0.40,21375,0.51,-2812.5,-0.07,664500,664.50
1641,Exit long,2012-05-01 17:00,S1 Climax,1875,13,24323,2600,0.21,3575,0.29,-487.5,-0.04,667100,667.10
1641,Entry long,2012-05-01 15:30,S1 Trend,1871,13,24323,2600,0.21,3575,0.29,-487.5,-0.04,667100,667.10
1642,Exit long,2012-05-01 20:30,S1 Trail,1868.5,31,58001,-3875,-0.13,8525,0.29,-3875,-0.13,663225,663.23
1642,Entry long,2012-05-01 15:30,S1 Trend,1871,31,58001,-3875,-0.13,8525,0.29,-3875,-0.13,663225,663.23
1643,Exit short,2012-05-04 19:30,S3 Scalp,1828.25,33,60645.75,15675,0.52,15675,0.52,-825,-0.03,678900,678.90
1643,Entry short,2012-05-04 15:30,S3 Hedge,1837.75,33,60645.75,15675,0.52,15675,0.52,-825,-0.03,678900,678.90
1644,Exit short,2012-05-09 16:00,S3 Scalp,1811.25,29,52337.75,-9425,-0.36,362.5,0.01,-11600,-0.44,669475,669.48
1644,Entry short,2012-05-09 15:30,S3 Hedge,1804.75,29,52337.75,-9425,-0.36,362.5,0.01,-11600,-0.44,669475,669.48
1645,Exit long,2012-05-11 20:00,S1 Trail,1816.75,33,60117.75,-8250,-0.27,10312.5,0.34,-8250,-0.27,661225,661.23
1645,Entry long,2012-05-11 15:30,S1 Trend,1821.75,33,60117.75,-8250,-0.27,10312.5,0.34,-8250,-0.27,661225,661.23
1646,Exit short,2012-05-14 16:00,S3 Scalp,1803.75,38,68352.5,-9500,-0.28,950,0.03,-10450,-0.31,651725,651.73
1646,Entry short,2012-05-14 15:30,S3 Hedge,1798.75,38,68352.5,-9500,-0.28,950,0.03,-10450,-0.31,651725,651.73
1647,Exit long,2012-05-21 21:00,EOD,1778.5,31,55009.5,6200,0.23,7362.5,0.27,-5037.5,-0.18,657925,657.93
1647,Entry long,2012-05-21 17:30,S1 Trend,1774.5,31,55009.5,6200,0.23,7362.5,0.27,-5037.5,-0.18,657925,657.93
1648,Exit long,2012-05-22 20:00,S1 Trail,1782,37,66146.75,-10637.5,-0.32,6475,0.20,-10637.5,-0.32,647287.5,647.29
1648,Entry long,2012-05-22 15:30,S1 Trend,1787.75,37,66146.75,-10637.5,-0.32,6475,0.20,-10637.5,-0.32,647287.5,647.29
1649,Exit short,2012-05-23 18:00,S3 Scalp,1765.75,27,47506.5,-8437.5,-0.36,337.5,0.01,-8437.5,-0.36,638850,638.85
1649,Entry short,2012-05-23 17:30,S3 Hedge,1759.5,27,47506.5,-8437.5,-0.36,337.5,0.01,-8437.5,-0.36,638850,638.85
1650,Exit long,2012-05-29 16:30,S1 Trail,1789.25,36,64674,-13050,-0.40,3600,0.11,-13050,-0.40,625800,625.80
1650,Entry long,2012-05-29 15:30,S1 Trend,1796.5,36,64674,-13050,-0.40,3600,0.11,-13050,-0.40,625800,625.80
1651,Exit short,2012-05-30 19:00,S3 Scalp,1781,28,49707,-8050,-0.32,700,0.03,-8050,-0.32,617750,617.75
1651,Entry short,2012-05-30 17:30,S3 Hedge,1775.25,28,49707,-8050,-0.32,700,0.03,-8050,-0.32,617750,617.75
1652,Exit short,2012-06-01 21:00,EOD,1741,27,47088,4050,0.17,5062.5,0.22,-4050,-0.17,621800,621.80
1652,Entry short,2012-06-01 19:00,S3 Hedge,1744,27,47088,4050,0.17,5062.5,0.22,-4050,-0.17,621800,621.80
1653,Exit long,2012-06-05 21:00,EOD,1748.75,29,50713.75,0,0.00,3987.5,0.16,-3262.5,-0.13,621800,621.80
1653,Entry long,2012-06-05 19:30,S1 Trend,1748.75,29,50713.75,0,0.00,3987.5,0.16,-3262.5,-0.13,621800,621.80
1654,Exit long,2012-06-06 21:00,EOD,1779.25,29,51177.75,21025,0.82,21025,0.82,-362.5,-0.01,642825,642.83
1654,Entry long,2012-06-06 15:30,S1 Trend,1764.75,29,51177.75,21025,0.82,21025,0.82,-362.5,-0.01,642825,642.83
1655,Exit long,2012-06-08 21:00,EOD,1790,31,55234.25,12787.5,0.46,13175,0.48,-4262.5,-0.15,655612.5,655.61
1655,Entry long,2012-06-08 16:00,S1 Trend,1781.75,31,55234.25,12787.5,0.46,13175,0.48,-4262.5,-0.15,655612.5,655.61
1656,Exit short,2012-06-11 21:00,EOD,1773.75,31,55257.5,13562.5,0.49,16662.5,0.60,-3100,-0.11,669175,669.18
1656,Entry short,2012-06-11 19:30,S3 Hedge,1782.5,31,55257.5,13562.5,0.49,16662.5,0.60,-3100,-0.11,669175,669.18
1657,Exit long,2012-06-12 21:00,EOD,1788.5,26,46384,5850,0.25,6500,0.28,-6825,-0.29,675025,675.03
1657,Entry long,2012-06-12 16:30,S1 Trend,1784,26,46384,5850,0.25,6500,0.28,-6825,-0.29,675025,675.03
1658,Exit long,2012-06-13 19:30,S1 Trail,1781.75,34,60894,-15725,-0.52,2975,0.10,-15725,-0.52,659300,659.30
1658,Entry long,2012-06-13 16:00,S1 Trend,1791,34,60894,-15725,-0.52,2975,0.10,-15725,-0.52,659300,659.30
1659,Exit long,2012-06-14 21:00,EOD,1794,33,58962.75,11962.5,0.41,20625,0.70,-3300,-0.11,671262.5,671.26
1659,Entry long,2012-06-14 15:30,S1 Trend,1786.75,33,58962.75,11962.5,0.41,20625,0.70,-3300,-0.11,671262.5,671.26
1660,Exit long,2012-06-18 21:00,EOD,1810,33,59680.5,2475,0.08,7837.5,0.26,-7012.5,-0.24,673737.5,673.74
1660,Entry long,2012-06-18 15:30,S1 Trend,1808.5,33,59680.5,2475,0.08,7837.5,0.26,-7012.5,-0.24,673737.5,673.74
1661,Exit long,2012-06-19 21:00,EOD,1822.75,42,76545,525,0.01,12600,0.33,-3675,-0.10,674262.5,674.26
1661,Entry long,2012-06-19 15:30,S1 Trend,1822.5,42,76545,525,0.01,12600,0.33,-3675,-0.10,674262.5,674.26
1662,Exit short,2012-06-25 18:30,S3 Scalp,1779,41,72764.75,-8712.5,-0.24,1537.5,0.04,-8712.5,-0.24,665550,665.55
1662,Entry short,2012-06-25 17:00,S3 Hedge,1774.75,41,72764.75,-8712.5,-0.24,1537.5,0.04,-8712.5,-0.24,665550,665.55
1663,Exit long,2012-06-27 21:00,EOD,1797.25,42,75453,1575,0.04,7350,0.19,-7875,-0.21,667125,667.13
1663,Entry long,2012-06-27 15:30,S1 Trend,1796.5,42,75453,1575,0.04,7350,0.19,-7875,-0.21,667125,667.13
1664,Exit long,2012-06-29 21:00,EOD,1828.25,31,56443.25,11625,0.41,12012.5,0.43,-3487.5,-0.12,678750,678.75
1664,Entry long,2012-06-29 15:30,S1 Trend,1820.75,31,56443.25,11625,0.41,12012.5,0.43,-3487.5,-0.12,678750,678.75
1665,Exit long,2012-07-13 17:00,S1 Climax,1819.5,11,19976,1925,0.19,2475,0.25,-137.5,-0.01,680675,680.68
1665,Entry long,2012-07-13 15:30,S1 Trend,1816,11,19976,1925,0.19,2475,0.25,-137.5,-0.01,680675,680.68
1666,Exit long,2012-07-13 17:30,S1 Climax,1819.5,8,14528,1400,0.19,2100,0.29,-100,-0.01,682075,682.08
1666,Entry long,2012-07-13 15:30,S1 Trend,1816,8,14528,1400,0.19,2100,0.29,-100,-0.01,682075,682.08
1667,Exit long,2012-07-13 18:00,S1 Climax,1820,5,9080,1000,0.22,1312.5,0.29,-62.5,-0.01,683075,683.08
1667,Entry long,2012-07-13 15:30,S1 Trend,1816,5,9080,1000,0.22,1312.5,0.29,-62.5,-0.01,683075,683.08
1668,Exit long,2012-07-13 20:30,S1 Climax,1822.5,4,7264,1300,0.36,1750,0.48,-50,-0.01,684375,684.38
1668,Entry long,2012-07-13 15:30,S1 Trend,1816,4,7264,1300,0.36,1750,0.48,-50,-0.01,684375,684.38
1669,Exit long,2012-07-13 21:00,EOD,1822.5,10,18160,3250,0.36,4375,0.48,-125,-0.01,687625,687.63
1669,Entry long,2012-07-13 15:30,S1 Trend,1816,10,18160,3250,0.36,4375,0.48,-125,-0.01,687625,687.63
1670,Exit long,2012-07-16 16:00,S2 FairVal,1819.25,56,101850,1400,0.03,7700,0.15,-1400,-0.03,689025,689.03
1670,Entry long,2012-07-16 15:30,S2 VWAP,1818.75,56,101850,1400,0.03,7700,0.15,-1400,-0.03,689025,689.03
1671,Exit long,2012-07-16 21:00,EOD,1819.75,49,89290.25,-6125,-0.14,2450,0.05,-12250,-0.27,682900,682.90
1671,Entry long,2012-07-16 16:30,S1 Trend,1822.25,49,89290.25,-6125,-0.14,2450,0.05,-12250,-0.27,682900,682.90
1672,Exit long,2012-07-17 21:00,EOD,1829.5,33,60357,825,0.03,4950,0.16,-3712.5,-0.12,683725,683.73
1672,Entry long,2012-07-17 18:30,S1 Trend,1829,33,60357,825,0.03,4950,0.16,-3712.5,-0.12,683725,683.73
1673,Exit long,2012-07-18 21:00,EOD,1839.25,45,82552.5,10687.5,0.26,16875,0.41,-3375,-0.08,694412.5,694.41
1673,Entry long,2012-07-18 15:30,S1 Trend,1834.5,45,82552.5,10687.5,0.26,16875,0.41,-3375,-0.08,694412.5,694.41
1674,Exit long,2012-07-19 21:00,EOD,1842.75,43,79378,-6987.5,-0.18,1075,0.03,-15587.5,-0.39,687425,687.43
1674,Entry long,2012-07-19 17:30,S1 Trend,1846,43,79378,-6987.5,-0.18,1075,0.03,-15587.5,-0.39,687425,687.43
1675,Exit long,2012-07-26 21:00,EOD,1826.5,30,54780,750,0.03,6375,0.23,-12000,-0.44,688175,688.18
1675,Entry long,2012-07-26 15:30,S1 Trend,1826,30,54780,750,0.03,6375,0.23,-12000,-0.44,688175,688.18
1676,Exit long,2012-07-27 18:00,S1 Climax,1843.75,10,18365,3625,0.39,4125,0.45,-375,-0.04,691800,691.80
1676,Entry long,2012-07-27 15:30,S1 Trend,1836.5,10,18365,3625,0.39,4125,0.45,-375,-0.04,691800,691.80
1677,Exit long,2012-07-27 18:30,S1 Climax,1850.5,7,12855.5,4900,0.76,4987.5,0.78,-262.5,-0.04,696700,696.70
1677,Entry long,2012-07-27 15:30,S1 Trend,1836.5,7,12855.5,4900,0.76,4987.5,0.78,-262.5,-0.04,696700,696.70
1678,Exit long,2012-07-27 19:00,S1 Climax,1852.25,5,9182.5,3937.5,0.86,4812.5,1.05,-187.5,-0.04,700637.5,700.64
1678,Entry long,2012-07-27 15:30,S1 Trend,1836.5,5,9182.5,3937.5,0.86,4812.5,1.05,-187.5,-0.04,700637.5,700.64
1679,Exit long,2012-07-27 19:30,S1 Climax,1850.5,4,7346,2800,0.76,3850,1.05,-150,-0.04,703437.5,703.44
1679,Entry long,2012-07-27 15:30,S1 Trend,1836.5,4,7346,2800,0.76,3850,1.05,-150,-0.04,703437.5,703.44
1680,Exit long,2012-07-27 20:00,S1 Climax,1852.75,3,5509.5,2437.5,0.88,2887.5,1.05,-112.5,-0.04,705875,705.88
1680,Entry long,2012-07-27 15:30,S1 Trend,1836.5,3,5509.5,2437.5,0.88,2887.5,1.05,-112.5,-0.04,705875,705.88
1681,Exit long,2012-07-27 20:30,S1 Climax,1855.25,2,3673,1875,1.02,1925,1.05,-75,-0.04,707750,707.75
1681,Entry long,2012-07-27 15:30,S1 Trend,1836.5,2,3673,1875,1.02,1925,1.05,-75,-0.04,707750,707.75
1682,Exit long,2012-07-27 21:00,EOD,1852.5,5,9182.5,4000,0.87,5000,1.09,-187.5,-0.04,711750,711.75
1682,Entry long,2012-07-27 15:30,S1 Trend,1836.5,5,9182.5,4000,0.87,5000,1.09,-187.5,-0.04,711750,711.75
1683,Exit long,2012-07-31 19:00,S2 FairVal,1851.75,41,75839.75,4100,0.11,4100,0.11,-4612.5,-0.12,715850,715.85
1683,Entry long,2012-07-31 18:30,S2 VWAP,1849.75,41,75839.75,4100,0.11,4100,0.11,-4612.5,-0.12,715850,715.85
1684,Exit long,2012-08-03 17:00,S1 Climax,1861,11,20454.5,825,0.08,962.5,0.09,-1650,-0.16,716675,716.68
1684,Entry long,2012-08-03 15:30,S1 Trend,1859.5,11,20454.5,825,0.08,962.5,0.09,-1650,-0.16,716675,716.68
1685,Exit long,2012-08-03 17:30,S1 Climax,1861.5,8,14876,800,0.11,1000,0.13,-1200,-0.16,717475,717.48
1685,Entry long,2012-08-03 15:30,S1 Trend,1859.5,8,14876,800,0.11,1000,0.13,-1200,-0.16,717475,717.48
1686,Exit long,2012-08-03 21:00,EOD,1858.75,19,35330.5,-712.5,-0.04,2375,0.13,-3325,-0.19,716762.5,716.76
1686,Entry long,2012-08-03 15:30,S1 Trend,1859.5,19,35330.5,-712.5,-0.04,2375,0.13,-3325,-0.19,716762.5,716.76
1687,Exit long,2012-08-24 21:00,EOD,1880.5,46,86399.5,5175,0.12,12075,0.28,-3450,-0.08,721937.5,721.94
1687,Entry long,2012-08-24 16:30,S1 Trend,1878.25,46,86399.5,5175,0.12,12075,0.28,-3450,-0.08,721937.5,721.94
1688,Exit long,2012-08-28 21:00,EOD,1879.25,49,92218,-6737.5,-0.15,3675,0.08,-9800,-0.21,715200,715.20
1688,Entry long,2012-08-28 15:30,S1 Trend,1882,49,92218,-6737.5,-0.15,3675,0.08,-9800,-0.21,715200,715.20
1689,Exit long,2012-09-05 21:00,EOD,1873.5,42,78886.5,-9975,-0.25,3150,0.08,-14175,-0.36,705225,705.23
1689,Entry long,2012-09-05 15:30,S1 Trend,1878.25,42,78886.5,-9975,-0.25,3150,0.08,-14175,-0.36,705225,705.23
1690,Exit long,2012-09-06 16:00,S1 Climax,1899.75,12,22737,3000,0.26,3450,0.30,0,0.00,708225,708.23
1690,Entry long,2012-09-06 15:30,S1 Trend,1894.75,12,22737,3000,0.26,3450,0.30,0,0.00,708225,708.23
1691,Exit long,2012-09-06 16:30,S1 Climax,1899,9,17052.75,1912.5,0.22,2587.5,0.30,0,0.00,710137.5,710.14
1691,Entry long,2012-09-06 15:30,S1 Trend,1894.75,9,17052.75,1912.5,0.22,2587.5,0.30,0,0.00,710137.5,710.14
1692,Exit long,2012-09-06 17:00,S1 Climax,1900.75,6,11368.5,1800,0.32,2100,0.37,0,0.00,711937.5,711.94
1692,Entry long,2012-09-06 15:30,S1 Trend,1894.75,6,11368.5,1800,0.32,2100,0.37,0,0.00,711937.5,711.94
1693,Exit long,2012-09-06 17:30,S1 Climax,1901,4,7579,1250,0.33,1500,0.40,0,0.00,713187.5,713.19
1693,Entry long,2012-09-06 15:30,S1 Trend,1894.75,4,7579,1250,0.33,1500,0.40,0,0.00,713187.5,713.19
1694,Exit long,2012-09-06 18:00,S1 Climax,1901.25,3,5684.25,975,0.34,1125,0.40,0,0.00,714162.5,714.16
1694,Entry long,2012-09-06 15:30,S1 Trend,1894.75,3,5684.25,975,0.34,1125,0.40,0,0.00,714162.5,714.16
1695,Exit long,2012-09-06 18:30,S1 Climax,1900.75,2,3789.5,600,0.32,750,0.40,0,0.00,714762.5,714.76
1695,Entry long,2012-09-06 15:30,S1 Trend,1894.75,2,3789.5,600,0.32,750,0.40,0,0.00,714762.5,714.76
1696,Exit long,2012-09-06 19:00,S1 Climax,1901.25,1,1894.75,325,0.34,375,0.40,0,0.00,715087.5,715.09
1696,Entry long,2012-09-06 15:30,S1 Trend,1894.75,1,1894.75,325,0.34,375,0.40,0,0.00,715087.5,715.09
1697,Exit long,2012-09-06 21:00,EOD,1902.5,5,9473.75,1937.5,0.41,2000,0.42,0,0.00,717025,717.03
1697,Entry long,2012-09-06 15:30,S1 Trend,1894.75,5,9473.75,1937.5,0.41,2000,0.42,0,0.00,717025,717.03
1698,Exit long,2012-09-10 20:00,S2 FairVal,1902.75,75,142968.75,-13125,-0.18,1875,0.03,-13125,-0.18,703900,703.90
1698,Entry long,2012-09-10 19:30,S2 VWAP,1906.25,75,142968.75,-13125,-0.18,1875,0.03,-13125,-0.18,703900,703.90
1699,Exit long,2012-09-13 19:00,S1 Climax,1925.75,13,24953.5,4062.5,0.33,5037.5,0.40,-650,-0.05,707962.5,707.96
1699,Entry long,2012-09-13 18:00,S1 Trend,1919.5,13,24953.5,4062.5,0.33,5037.5,0.40,-650,-0.05,707962.5,707.96
1700,Exit long,2012-09-13 19:30,S1 Climax,1934,9,17275.5,6525,0.76,7312.5,0.85,-450,-0.05,714487.5,714.49
1700,Entry long,2012-09-13 18:00,S1 Trend,1919.5,9,17275.5,6525,0.76,7312.5,0.85,-450,-0.05,714487.5,714.49
1701,Exit long,2012-09-13 21:00,EOD,1931.75,24,46068,14700,0.64,19500,0.85,-1200,-0.05,729187.5,729.19
1701,Entry long,2012-09-13 18:00,S1 Trend,1919.5,24,46068,14700,0.64,19500,0.85,-1200,-0.05,729187.5,729.19
1702,Exit long,2012-09-14 18:00,S1 Trail,1934.75,42,81648,-19425,-0.48,0,0.00,-19425,-0.48,709762.5,709.76
1702,Entry long,2012-09-14 15:30,S1 Trend,1944,42,81648,-19425,-0.48,0,0.00,-19425,-0.48,709762.5,709.76
1703,Exit short,2012-09-26 16:30,S3 Scalp,1908,47,89464.5,-10575,-0.24,0,0.00,-11162.5,-0.25,699187.5,699.19
1703,Entry short,2012-09-26 16:00,S3 Hedge,1903.5,47,89464.5,-10575,-0.24,0,0.00,-11162.5,-0.25,699187.5,699.19
1704,Exit long,2012-09-27 21:00,EOD,1919.75,44,84436,1650,0.04,8250,0.20,-3300,-0.08,700837.5,700.84
1704,Entry long,2012-09-27 17:30,S1 Trend,1919,44,84436,1650,0.04,8250,0.20,-3300,-0.08,700837.5,700.84
1705,Exit long,2012-10-01 17:30,S1 Trail,1920,42,80934,-14700,-0.36,2625,0.06,-14700,-0.36,686137.5,686.14
1705,Entry long,2012-10-01 15:30,S1 Trend,1927,42,80934,-14700,-0.36,2625,0.06,-14700,-0.36,686137.5,686.14
1706,Exit long,2012-10-03 21:00,EOD,1923.5,40,77000,-3000,-0.08,4000,0.10,-11500,-0.30,683137.5,683.14
1706,Entry long,2012-10-03 17:00,S1 Trend,1925,40,77000,-3000,-0.08,4000,0.10,-11500,-0.30,683137.5,683.14
1707,Exit long,2012-10-04 21:00,EOD,1934.25,43,83162,537.5,0.01,2687.5,0.06,-11287.5,-0.27,683675,683.68
1707,Entry long,2012-10-04 15:30,S1 Trend,1934,43,83162,537.5,0.01,2687.5,0.06,-11287.5,-0.27,683675,683.68
1708,Exit long,2012-10-15 21:00,EOD,1913.25,43,82022.5,12362.5,0.30,15587.5,0.38,-1075,-0.03,696037.5,696.04
1708,Entry long,2012-10-15 17:00,S1 Trend,1907.5,43,82022.5,12362.5,0.30,15587.5,0.38,-1075,-0.03,696037.5,696.04
1709,Exit long,2012-10-18 20:30,S2 FairVal,1932.25,45,86805,7312.5,0.17,7312.5,0.17,-6750,-0.16,703350,703.35
1709,Entry long,2012-10-18 19:30,S2 VWAP,1929,45,86805,7312.5,0.17,7312.5,0.17,-6750,-0.16,703350,703.35
1710,Exit short,2012-10-19 21:00,EOD,1906,39,74363.25,1462.5,0.04,7800,0.21,-5362.5,-0.14,704812.5,704.81
1710,Entry short,2012-10-19 19:00,S3 Hedge,1906.75,39,74363.25,1462.5,0.04,7800,0.21,-5362.5,-0.14,704812.5,704.81
1711,Exit short,2012-10-23 18:00,S3 Scalp,1890.25,39,73524.75,-9750,-0.27,9750,0.27,-9750,-0.27,695062.5,695.06
1711,Entry short,2012-10-23 15:30,S3 Hedge,1885.25,39,73524.75,-9750,-0.27,9750,0.27,-9750,-0.27,695062.5,695.06
1712,Exit short,2012-10-25 21:00,EOD,1886.25,40,75310,-7000,-0.19,10000,0.27,-9000,-0.24,688062.5,688.06
1712,Entry short,2012-10-25 16:30,S3 Hedge,1882.75,40,75310,-7000,-0.19,10000,0.27,-9000,-0.24,688062.5,688.06
1713,Exit short,2012-10-31 20:00,EOD,1885,49,92365,0,0.00,15312.5,0.33,-7350,-0.16,688062.5,688.06
1713,Entry short,2012-10-31 15:00,S3 Hedge,1885,49,92365,0,0.00,15312.5,0.33,-7350,-0.16,688062.5,688.06
1714,Exit long,2012-11-01 15:00,S1 Climax,1900,11,20875.25,1237.5,0.12,2200,0.21,-137.5,-0.01,689300,689.30
1714,Entry long,2012-11-01 14:30,S1 Trend,1897.75,11,20875.25,1237.5,0.12,2200,0.21,-137.5,-0.01,689300,689.30
1715,Exit long,2012-11-01 20:00,EOD,1900.75,28,53137,4200,0.16,6300,0.24,-1400,-0.05,693500,693.50
1715,Entry long,2012-11-01 14:30,S1 Trend,1897.75,28,53137,4200,0.16,6300,0.24,-1400,-0.05,693500,693.50
1716,Exit short,2012-11-02 19:30,S3 Scalp,1886,39,73924.5,18525,0.50,18525,0.50,-487.5,-0.01,712025,712.03
1716,Entry short,2012-11-02 18:00,S3 Hedge,1895.5,39,73924.5,18525,0.50,18525,0.50,-487.5,-0.01,712025,712.03
1717,Exit long,2012-11-06 21:00,EOD,1901.25,46,87584,-6325,-0.14,8050,0.18,-9200,-0.21,705700,705.70
1717,Entry long,2012-11-06 17:00,S1 Trend,1904,46,87584,-6325,-0.14,8050,0.18,-9200,-0.21,705700,705.70
1718,Exit long,2012-11-13 20:00,S1 Trail,1853,31,57729.75,-14337.5,-0.50,3487.5,0.12,-14337.5,-0.50,691362.5,691.36
1718,Entry long,2012-11-13 16:00,S1 Trend,1862.25,31,57729.75,-14337.5,-0.50,3487.5,0.12,-14337.5,-0.50,691362.5,691.36
1719,Exit short,2012-11-15 18:30,S3 Scalp,1831,31,56575,-9300,-0.33,2325,0.08,-9300,-0.33,682062.5,682.06
1719,Entry short,2012-11-15 17:00,S3 Hedge,1825,31,56575,-9300,-0.33,2325,0.08,-9300,-0.33,682062.5,682.06
1720,Exit long,2012-11-19 21:00,EOD,1862.5,45,83475,16875,0.40,18000,0.43,-1687.5,-0.04,698937.5,698.94
1720,Entry long,2012-11-19 15:30,S1 Trend,1855,45,83475,16875,0.40,18000,0.43,-1687.5,-0.04,698937.5,698.94
1721,Exit long,2012-11-20 18:00,S1 Trail,1857.25,46,85617.5,-9200,-0.21,10350,0.24,-9200,-0.21,689737.5,689.74
1721,Entry long,2012-11-20 16:00,S1 Trend,1861.25,46,85617.5,-9200,-0.21,10350,0.24,-9200,-0.21,689737.5,689.74
1722,Exit long,2012-11-20 19:30,S2 FairVal,1860.25,33,61305.75,4125,0.13,4537.5,0.15,-1650,-0.05,693862.5,693.86
1722,Entry long,2012-11-20 19:00,S2 VWAP,1857.75,33,61305.75,4125,0.13,4537.5,0.15,-1650,-0.05,693862.5,693.86
1723,Exit long,2012-11-26 17:30,S2 FairVal,1877.5,52,97591,1950,0.04,2600,0.05,-5200,-0.11,695812.5,695.81
1723,Entry long,2012-11-26 17:00,S2 VWAP,1876.75,52,97591,1950,0.04,2600,0.05,-5200,-0.11,695812.5,695.81
1724,Exit long,2012-11-27 16:30,S2 FairVal,1880.75,43,80764.75,5375,0.13,5375,0.13,0,0.00,701187.5,701.19
1724,Entry long,2012-11-27 16:00,S2 VWAP,1878.25,43,80764.75,5375,0.13,5375,0.13,0,0.00,701187.5,701.19
1725,Exit long,2012-11-28 21:00,EOD,1886,37,69439.75,17112.5,0.49,18962.5,0.55,-10637.5,-0.31,718300,718.30
1725,Entry long,2012-11-28 16:30,S1 Trend,1876.75,37,69439.75,17112.5,0.49,18962.5,0.55,-10637.5,-0.31,718300,718.30
1726,Exit long,2012-11-29 16:30,S1 Trail,1886.75,46,87043.5,-12650,-0.29,6325,0.15,-12650,-0.29,705650,705.65
1726,Entry long,2012-11-29 15:30,S1 Trend,1892.25,46,87043.5,-12650,-0.29,6325,0.15,-12650,-0.29,705650,705.65
1727,Exit long,2012-12-05 21:00,EOD,1886,35,66088.75,-3937.5,-0.12,8312.5,0.25,-7000,-0.21,701712.5,701.71
1727,Entry long,2012-12-05 17:30,S1 Trend,1888.25,35,66088.75,-3937.5,-0.12,8312.5,0.25,-7000,-0.21,701712.5,701.71
1728,Exit long,2012-12-06 21:00,EOD,1890.75,42,79369.5,2100,0.05,4200,0.11,-8400,-0.21,703812.5,703.81
1728,Entry long,2012-12-06 16:00,S1 Trend,1889.75,42,79369.5,2100,0.05,4200,0.11,-8400,-0.21,703812.5,703.81
1729,Exit long,2012-12-12 20:00,S1 Trail,1907.75,47,90005,-17037.5,-0.38,1762.5,0.04,-17037.5,-0.38,686775,686.78
1729,Entry long,2012-12-12 19:00,S1 Trend,1915,47,90005,-17037.5,-0.38,1762.5,0.04,-17037.5,-0.38,686775,686.78
1730,Exit long,2012-12-17 21:00,EOD,1909,46,87457.5,17825,0.41,19550,0.45,-1725,-0.04,704600,704.60
1730,Entry long,2012-12-17 16:30,S1 Trend,1901.25,46,87457.5,17825,0.41,19550,0.45,-1725,-0.04,704600,704.60
1731,Exit long,2012-12-18 21:00,EOD,1925.75,45,86310,17437.5,0.40,20812.5,0.48,-562.5,-0.01,722037.5,722.04
1731,Entry long,2012-12-18 16:00,S1 Trend,1918,45,86310,17437.5,0.40,20812.5,0.48,-562.5,-0.01,722037.5,722.04
1732,Exit long,2012-12-31 21:00,EOD,1905.5,31,58597.75,23637.5,0.81,25575,0.87,-5037.5,-0.17,745675,745.68
1732,Entry long,2012-12-31 18:00,S1 Trend,1890.25,31,58597.75,23637.5,0.81,25575,0.87,-5037.5,-0.17,745675,745.68
1733,Exit long,2013-01-07 19:00,S2 FairVal,1937.75,75,145162.5,8437.5,0.12,8437.5,0.12,-1875,-0.03,754112.5,754.11
1733,Entry long,2013-01-07 17:30,S2 VWAP,1935.5,75,145162.5,8437.5,0.12,8437.5,0.12,-1875,-0.03,754112.5,754.11
1734,Exit long,2013-01-11 16:30,S2 FairVal,1948.75,68,132481,1700,0.03,4250,0.06,-5950,-0.09,755812.5,755.81
1734,Entry long,2013-01-11 16:00,S2 VWAP,1948.25,68,132481,1700,0.03,4250,0.06,-5950,-0.09,755812.5,755.81
1735,Exit long,2013-02-01 21:00,EOD,1992,49,97363,12250,0.25,17762.5,0.36,0,0.00,768062.5,768.06
1735,Entry long,2013-02-01 15:30,S1 Trend,1987,49,97363,12250,0.25,17762.5,0.36,0,0.00,768062.5,768.06
1736,Exit long,2013-02-13 18:30,S2 FairVal,2002.25,78,156000,8775,0.11,8775,0.11,-975,-0.01,776837.5,776.84
1736,Entry long,2013-02-13 17:30,S2 VWAP,2000,78,156000,8775,0.11,8775,0.11,-975,-0.01,776837.5,776.84
1737,Exit short,2013-02-21 20:00,S3 Scalp,1985,46,91103,-10350,-0.23,575,0.01,-10350,-0.23,766487.5,766.49
1737,Entry short,2013-02-21 19:30,S3 Hedge,1980.5,46,91103,-10350,-0.23,575,0.01,-10350,-0.23,766487.5,766.49
1738,Exit long,2013-02-27 17:30,S1 Climax,1995,13,25834.25,5037.5,0.39,5525,0.43,-487.5,-0.04,771525,771.53
1738,Entry long,2013-02-27 15:30,S1 Trend,1987.25,13,25834.25,5037.5,0.39,5525,0.43,-487.5,-0.04,771525,771.53
1739,Exit long,2013-02-27 18:00,S1 Climax,1995.5,9,17885.25,3712.5,0.42,4500,0.50,-337.5,-0.04,775237.5,775.24
1739,Entry long,2013-02-27 15:30,S1 Trend,1987.25,9,17885.25,3712.5,0.42,4500,0.50,-337.5,-0.04,775237.5,775.24
1740,Exit long,2013-02-27 19:00,S1 Climax,1995.75,6,11923.5,2550,0.43,3000,0.50,-225,-0.04,777787.5,777.79
1740,Entry long,2013-02-27 15:30,S1 Trend,1987.25,6,11923.5,2550,0.43,3000,0.50,-225,-0.04,777787.5,777.79
1741,Exit long,2013-02-27 19:30,S1 Climax,1998.5,5,9936.25,2812.5,0.57,3187.5,0.64,-187.5,-0.04,780600,780.60
1741,Entry long,2013-02-27 15:30,S1 Trend,1987.25,5,9936.25,2812.5,0.57,3187.5,0.64,-187.5,-0.04,780600,780.60
1742,Exit long,2013-02-27 20:00,S1 Climax,2000.5,3,5961.75,1987.5,0.67,2025,0.68,-112.5,-0.04,782587.5,782.59
1742,Entry long,2013-02-27 15:30,S1 Trend,1987.25,3,5961.75,1987.5,0.67,2025,0.68,-112.5,-0.04,782587.5,782.59
1743,Exit long,2013-02-27 20:30,S1 Climax,2001,2,3974.5,1375,0.69,1575,0.79,-75,-0.04,783962.5,783.96
1743,Entry long,2013-02-27 15:30,S1 Trend,1987.25,2,3974.5,1375,0.69,1575,0.79,-75,-0.04,783962.5,783.96
1744,Exit long,2013-02-27 21:00,EOD,1998.5,7,13910.75,3937.5,0.57,5512.5,0.79,-262.5,-0.04,787900,787.90
1744,Entry long,2013-02-27 15:30,S1 Trend,1987.25,7,13910.75,3937.5,0.57,5512.5,0.79,-262.5,-0.04,787900,787.90
1745,Exit long,2013-02-28 20:30,S1 Trail,2000,49,98306.25,-15312.5,-0.31,4900,0.10,-15312.5,-0.31,772587.5,772.59
1745,Entry long,2013-02-28 18:30,S1 Trend,2006.25,49,98306.25,-15312.5,-0.31,4900,0.10,-15312.5,-0.31,772587.5,772.59
1746,Exit long,2013-03-01 21:00,EOD,2000.5,41,81969.25,2562.5,0.06,7175,0.18,-13325,-0.33,775150,775.15
1746,Entry long,2013-03-01 16:00,S1 Trend,1999.25,41,81969.25,2562.5,0.06,7175,0.18,-13325,-0.33,775150,775.15
1747,Exit long,2013-03-04 21:00,EOD,2008,49,98024.5,18375,0.37,18375,0.37,-15312.5,-0.31,793525,793.53
1747,Entry long,2013-03-04 16:30,S1 Trend,2000.5,49,98024.5,18375,0.37,18375,0.37,-15312.5,-0.31,793525,793.53
1748,Exit long,2013-03-12 18:00,S2 FairVal,2032,70,142537.5,-14875,-0.21,875,0.01,-14875,-0.21,778650,778.65
1748,Entry long,2013-03-12 16:00,S2 VWAP,2036.25,70,142537.5,-14875,-0.21,875,0.01,-14875,-0.21,778650,778.65
1749,Exit long,2013-03-18 19:30,S1 Trail,2032.75,44,89573,-6600,-0.15,13200,0.29,-6600,-0.15,772050,772.05
1749,Entry long,2013-03-18 14:30,S1 Trend,2035.75,44,89573,-6600,-0.15,13200,0.29,-6600,-0.15,772050,772.05
1750,Exit long,2013-04-12 17:30,S2 FairVal,2070.5,47,97196,5875,0.12,5875,0.12,-4112.5,-0.08,777925,777.93
1750,Entry long,2013-04-12 16:30,S2 VWAP,2068,47,97196,5875,0.12,5875,0.12,-4112.5,-0.08,777925,777.93
1751,Exit long,2013-04-16 21:00,EOD,2059,36,74034,4500,0.12,6300,0.17,-8550,-0.23,782425,782.43
1751,Entry long,2013-04-16 18:00,S1 Trend,2056.5,36,74034,4500,0.12,6300,0.17,-8550,-0.23,782425,782.43
1752,Exit short,2013-04-17 18:00,S3 Scalp,2034.75,30,60840,-10125,-0.33,1125,0.04,-10125,-0.33,772300,772.30
1752,Entry short,2013-04-17 17:30,S3 Hedge,2028,30,60840,-10125,-0.33,1125,0.04,-10125,-0.33,772300,772.30
1753,Exit long,2013-04-22 21:00,EOD,2046.5,40,81910,-2500,-0.06,5000,0.12,-4000,-0.10,769800,769.80
1753,Entry long,2013-04-22 19:30,S1 Trend,2047.75,40,81910,-2500,-0.06,5000,0.12,-4000,-0.10,769800,769.80
1754,Exit long,2013-04-23 16:30,S1 Climax,2062.25,12,24726,1050,0.08,1500,0.12,-450,-0.04,770850,770.85
1754,Entry long,2013-04-23 15:30,S1 Trend,2060.5,12,24726,1050,0.08,1500,0.12,-450,-0.04,770850,770.85
1755,Exit long,2013-04-23 17:00,S1 Climax,2063.25,8,16484,1100,0.13,1300,0.16,-300,-0.04,771950,771.95
1755,Entry long,2013-04-23 15:30,S1 Trend,2060.5,8,16484,1100,0.13,1300,0.16,-300,-0.04,771950,771.95
1756,Exit long,2013-04-23 17:30,S1 Climax,2063.75,6,12363,975,0.16,1050,0.17,-225,-0.04,772925,772.93
1756,Entry long,2013-04-23 15:30,S1 Trend,2060.5,6,12363,975,0.16,1050,0.17,-225,-0.04,772925,772.93
1757,Exit long,2013-04-23 18:00,S1 Trail,2055.25,15,30907.5,-3937.5,-0.25,2625,0.17,-3937.5,-0.25,768987.5,768.99
1757,Entry long,2013-04-23 15:30,S1 Trend,2060.5,15,30907.5,-3937.5,-0.25,2625,0.17,-3937.5,-0.25,768987.5,768.99
1758,Exit long,2013-04-26 18:30,S2 FairVal,2067,46,94978.5,5175,0.11,6325,0.13,-1725,-0.04,774162.5,774.16
1758,Entry long,2013-04-26 18:00,S2 VWAP,2064.75,46,94978.5,5175,0.11,6325,0.13,-1725,-0.04,774162.5,774.16
1759,Exit long,2013-05-02 21:00,EOD,2081.75,44,91586,550,0.01,4400,0.10,-4400,-0.10,774712.5,774.71
1759,Entry long,2013-05-02 16:30,S1 Trend,2081.5,44,91586,550,0.01,4400,0.10,-4400,-0.10,774712.5,774.71
1760,Exit long,2013-05-03 16:00,S1 Climax,2102.5,14,29438.5,-175,-0.01,525,0.04,-700,-0.05,774537.5,774.54
1760,Entry long,2013-05-03 15:30,S1 Trend,2102.75,14,29438.5,-175,-0.01,525,0.04,-700,-0.05,774537.5,774.54
1761,Exit long,2013-05-03 16:30,S1 Climax,2101,9,18924.75,-787.5,-0.08,337.5,0.04,-1012.5,-0.11,773750,773.75
1761,Entry long,2013-05-03 15:30,S1 Trend,2102.75,9,18924.75,-787.5,-0.08,337.5,0.04,-1012.5,-0.11,773750,773.75
1762,Exit long,2013-05-03 17:00,S1 Climax,2100.5,7,14719.25,-787.5,-0.11,262.5,0.04,-875,-0.12,772962.5,772.96
1762,Entry long,2013-05-03 15:30,S1 Trend,2102.75,7,14719.25,-787.5,-0.11,262.5,0.04,-875,-0.12,772962.5,772.96
1763,Exit long,2013-05-03 17:30,S1 Climax,2101.75,5,10513.75,-250,-0.05,187.5,0.04,-625,-0.12,772712.5,772.71
1763,Entry long,2013-05-03 15:30,S1 Trend,2102.75,5,10513.75,-250,-0.05,187.5,0.04,-625,-0.12,772712.5,772.71
1764,Exit long,2013-05-03 18:00,S1 Climax,2102.25,3,6308.25,-75,-0.02,112.5,0.04,-375,-0.12,772637.5,772.64
1764,Entry long,2013-05-03 15:30,S1 Trend,2102.75,3,6308.25,-75,-0.02,112.5,0.04,-375,-0.12,772637.5,772.64
1765,Exit long,2013-05-03 21:00,EOD,2098,9,18924.75,-2137.5,-0.23,337.5,0.04,-2362.5,-0.25,770500,770.50
1765,Entry long,2013-05-03 15:30,S1 Trend,2102.75,9,18924.75,-2137.5,-0.23,337.5,0.04,-2362.5,-0.25,770500,770.50
1766,Exit long,2013-05-09 16:30,S2 FairVal,2116.5,67,141654.75,7537.5,0.11,7537.5,0.11,-1675,-0.02,778037.5,778.04
1766,Entry long,2013-05-09 16:00,S2 VWAP,2114.25,67,141654.75,7537.5,0.11,7537.5,0.11,-1675,-0.02,778037.5,778.04
1767,Exit long,2013-05-10 18:00,S2 FairVal,2114.75,46,97186.5,4600,0.09,4600,0.09,-2300,-0.05,782637.5,782.64
1767,Entry long,2013-05-10 17:30,S2 VWAP,2112.75,46,97186.5,4600,0.09,4600,0.09,-2300,-0.05,782637.5,782.64
1768,Exit long,2013-05-28 21:00,EOD,2147.25,40,85800,4500,0.10,11000,0.26,-6000,-0.14,787137.5,787.14
1768,Entry long,2013-05-28 19:30,S2 VWAP,2145,40,85800,4500,0.10,11000,0.26,-6000,-0.14,787137.5,787.14
1769,Exit long,2013-05-30 21:00,EOD,2142,33,70719,-1650,-0.05,11550,0.33,-2062.5,-0.06,785487.5,785.49
1769,Entry long,2013-05-30 15:30,S1 Trend,2143,33,70719,-1650,-0.05,11550,0.33,-2062.5,-0.06,785487.5,785.49
1770,Exit long,2013-05-31 19:30,S1 Trail,2134.25,36,77184,-17550,-0.45,2250,0.06,-17550,-0.45,767937.5,767.94
1770,Entry long,2013-05-31 16:30,S1 Trend,2144,36,77184,-17550,-0.45,2250,0.06,-17550,-0.45,767937.5,767.94
1771,Exit short,2013-06-04 21:00,EOD,2118.75,33,69927,412.5,0.01,13612.5,0.39,-9900,-0.28,768350,768.35
1771,Entry short,2013-06-04 18:30,S3 Hedge,2119,33,69927,412.5,0.01,13612.5,0.39,-9900,-0.28,768350,768.35
1772,Exit long,2013-06-07 21:00,EOD,2131.75,29,61675.75,7250,0.24,9425,0.31,-8337.5,-0.27,775600,775.60
1772,Entry long,2013-06-07 15:30,S1 Trend,2126.75,29,61675.75,7250,0.24,9425,0.31,-8337.5,-0.27,775600,775.60
1773,Exit long,2013-06-11 18:30,S1 Trail,2118,36,76563,-15750,-0.41,4050,0.11,-15750,-0.41,759850,759.85
1773,Entry long,2013-06-11 16:30,S1 Trend,2126.75,36,76563,-15750,-0.41,4050,0.11,-15750,-0.41,759850,759.85
1774,Exit long,2013-06-13 20:00,S1 Climax,2118.75,9,19026,2137.5,0.22,2250,0.24,-1575,-0.17,761987.5,761.99
1774,Entry long,2013-06-13 18:00,S1 Trend,2114,9,19026,2137.5,0.22,2250,0.24,-1575,-0.17,761987.5,761.99
1775,Exit long,2013-06-13 20:30,S1 Climax,2122.5,7,14798,2975,0.40,3237.5,0.44,-1225,-0.17,764962.5,764.96
1775,Entry long,2013-06-13 18:00,S1 Trend,2114,7,14798,2975,0.40,3237.5,0.44,-1225,-0.17,764962.5,764.96
1776,Exit long,2013-06-13 21:00,EOD,2125.75,17,35938,9987.5,0.56,12537.5,0.70,-2975,-0.17,774950,774.95
1776,Entry long,2013-06-13 18:00,S1 Trend,2114,17,35938,9987.5,0.56,12537.5,0.70,-2975,-0.17,774950,774.95
1777,Exit long,2013-06-14 18:00,S1 Trail,2116,43,91364.25,-18812.5,-0.41,3225,0.07,-18812.5,-0.41,756137.5,756.14
1777,Entry long,2013-06-14 15:30,S1 Trend,2124.75,43,91364.25,-18812.5,-0.41,3225,0.07,-18812.5,-0.41,756137.5,756.14
1778,Exit long,2013-06-18 21:00,EOD,2141.25,45,96198.75,7875,0.16,14062.5,0.29,-2250,-0.05,764012.5,764.01
1778,Entry long,2013-06-18 17:00,S1 Trend,2137.75,45,96198.75,7875,0.16,14062.5,0.29,-2250,-0.05,764012.5,764.01
1779,Exit short,2013-06-20 19:30,S3 Scalp,2077,29,60704.25,23562.5,0.78,23562.5,0.78,-6525,-0.21,787575,787.58
1779,Entry short,2013-06-20 15:30,S3 Hedge,2093.25,29,60704.25,23562.5,0.78,23562.5,0.78,-6525,-0.21,787575,787.58
1780,Exit long,2013-06-27 17:00,S1 Trail,2100.75,47,99017.25,-14100,-0.28,6462.5,0.13,-14100,-0.28,773475,773.48
1780,Entry long,2013-06-27 15:30,S1 Trend,2106.75,47,99017.25,-14100,-0.28,6462.5,0.13,-14100,-0.28,773475,773.48
1781,Exit long,2013-07-01 20:30,S1 Trail,2105,36,76068,-14400,-0.38,4950,0.13,-14400,-0.38,759075,759.08
1781,Entry long,2013-07-01 15:30,S1 Trend,2113,36,76068,-14400,-0.38,4950,0.13,-14400,-0.38,759075,759.08
1782,Exit long,2013-07-02 18:30,S1 Trail,2103.25,36,76005,-14400,-0.38,4500,0.12,-14400,-0.38,744675,744.68
1782,Entry long,2013-07-02 15:30,S1 Trend,2111.25,36,76005,-14400,-0.38,4500,0.12,-14400,-0.38,744675,744.68
1783,Exit long,2013-07-05 12:00,S1 Trail,2117.25,34,71442.5,27200,0.76,35275,0.99,-1275,-0.04,771875,771.88
1783,Entry long,2013-07-03 16:30,S1 Trend,2101.25,34,71442.5,27200,0.76,35275,0.99,-1275,-0.04,771875,771.88
1784,Exit short,2013-07-05 16:30,S3 Scalp,2112,35,73718.75,-10062.5,-0.27,3062.5,0.08,-10062.5,-0.27,761812.5,761.81
1784,Entry short,2013-07-05 15:30,S3 Hedge,2106.25,35,73718.75,-10062.5,-0.27,3062.5,0.08,-10062.5,-0.27,761812.5,761.81
1785,Exit long,2013-07-17 21:00,EOD,2170.25,45,97751.25,-4500,-0.09,3937.5,0.08,-9562.5,-0.20,757312.5,757.31
1785,Entry long,2013-07-17 16:00,S1 Trend,2172.25,45,97751.25,-4500,-0.09,3937.5,0.08,-9562.5,-0.20,757312.5,757.31
1786,Exit long,2013-08-22 21:00,EOD,2149.5,45,96626.25,5062.5,0.10,12937.5,0.27,-10125,-0.21,762375,762.38
1786,Entry long,2013-08-22 16:00,S1 Trend,2147.25,45,96626.25,5062.5,0.10,12937.5,0.27,-10125,-0.21,762375,762.38
1787,Exit short,2013-08-27 21:00,EOD,2122.75,34,72343.5,8500,0.23,10625,0.29,-6375,-0.18,770875,770.88
1787,Entry short,2013-08-27 18:30,S3 Hedge,2127.75,34,72343.5,8500,0.23,10625,0.29,-6375,-0.18,770875,770.88
1788,Exit long,2013-08-29 20:30,S1 Trail,2130,37,79096.75,-14337.5,-0.36,4162.5,0.11,-14337.5,-0.36,756537.5,756.54
1788,Entry long,2013-08-29 16:00,S1 Trend,2137.75,37,79096.75,-14337.5,-0.36,4162.5,0.11,-14337.5,-0.36,756537.5,756.54
1789,Exit long,2013-09-12 18:30,S2 FairVal,2182.25,61,132964.75,7625,0.11,9150,0.14,-1525,-0.02,764162.5,764.16
1789,Entry long,2013-09-12 18:00,S2 VWAP,2179.75,61,132964.75,7625,0.11,9150,0.14,-1525,-0.02,764162.5,764.16
1790,Exit long,2013-09-16 17:00,S2 FairVal,2199.5,58,127440.5,6525,0.10,6525,0.10,-5075,-0.08,770687.5,770.69
1790,Entry long,2013-09-16 15:30,S2 VWAP,2197.25,58,127440.5,6525,0.10,6525,0.10,-5075,-0.08,770687.5,770.69
1791,Exit long,2013-09-18 20:00,S1 Climax,2224.5,12,26589,5250,0.39,5250,0.39,-1050,-0.08,775937.5,775.94
1791,Entry long,2013-09-18 19:30,S1 Trend,2215.75,12,26589,5250,0.39,5250,0.39,-1050,-0.08,775937.5,775.94
1792,Exit long,2013-09-18 21:00,EOD,2220.75,29,64256.75,7250,0.23,13775,0.43,-2537.5,-0.08,783187.5,783.19
1792,Entry long,2013-09-18 19:30,S1 Trend,2215.75,29,64256.75,7250,0.23,13775,0.43,-2537.5,-0.08,783187.5,783.19
1793,Exit long,2013-10-01 21:00,EOD,2190.5,40,87410,10500,0.24,14500,0.33,-2000,-0.05,793687.5,793.69
1793,Entry long,2013-10-01 15:30,S1 Trend,2185.25,40,87410,10500,0.24,14500,0.33,-2000,-0.05,793687.5,793.69
1794,Exit long,2013-10-02 21:00,EOD,2189,41,89564.5,9225,0.21,10250,0.23,-1025,-0.02,802912.5,802.91
1794,Entry long,2013-10-02 17:30,S1 Trend,2184.5,41,89564.5,9225,0.21,10250,0.23,-1025,-0.02,802912.5,802.91
1795,Exit long,2013-10-04 21:00,EOD,2185.75,45,98336.25,1125,0.02,6187.5,0.13,-4500,-0.09,804037.5,804.04
1795,Entry long,2013-10-04 17:30,S1 Trend,2185.25,45,98336.25,1125,0.02,6187.5,0.13,-4500,-0.09,804037.5,804.04
1796,Exit long,2013-10-07 20:30,S1 Trail,2171,45,98066.25,-18562.5,-0.38,1687.5,0.03,-18562.5,-0.38,785475,785.48
1796,Entry long,2013-10-07 19:30,S1 Trend,2179.25,45,98066.25,-18562.5,-0.38,1687.5,0.03,-18562.5,-0.38,785475,785.48
1797,Exit long,2013-10-10 16:00,S1 Climax,2176,13,28281.5,325,0.02,2112.5,0.15,-812.5,-0.06,785800,785.80
1797,Entry long,2013-10-10 15:30,S1 Trend,2175.5,13,28281.5,325,0.02,2112.5,0.15,-812.5,-0.06,785800,785.80
1798,Exit long,2013-10-10 16:30,S1 Climax,2176.5,9,19579.5,450,0.05,1462.5,0.15,-1237.5,-0.13,786250,786.25
1798,Entry long,2013-10-10 15:30,S1 Trend,2175.5,9,19579.5,450,0.05,1462.5,0.15,-1237.5,-0.13,786250,786.25
1799,Exit long,2013-10-10 17:00,S1 Climax,2181,6,13053,1650,0.25,2025,0.31,-825,-0.13,787900,787.90
1799,Entry long,2013-10-10 15:30,S1 Trend,2175.5,6,13053,1650,0.25,2025,0.31,-825,-0.13,787900,787.90
1800,Exit long,2013-10-10 17:30,S1 Climax,2180.75,5,10877.5,1312.5,0.24,1687.5,0.31,-687.5,-0.13,789212.5,789.21
1800,Entry long,2013-10-10 15:30,S1 Trend,2175.5,5,10877.5,1312.5,0.24,1687.5,0.31,-687.5,-0.13,789212.5,789.21
1801,Exit long,2013-10-10 18:00,S1 Climax,2181.25,3,6526.5,862.5,0.26,1012.5,0.31,-412.5,-0.13,790075,790.08
1801,Entry long,2013-10-10 15:30,S1 Trend,2175.5,3,6526.5,862.5,0.26,1012.5,0.31,-412.5,-0.13,790075,790.08
1802,Exit long,2013-10-10 19:00,S1 Climax,2181.25,2,4351,575,0.26,675,0.31,-275,-0.13,790650,790.65
1802,Entry long,2013-10-10 15:30,S1 Trend,2175.5,2,4351,575,0.26,675,0.31,-275,-0.13,790650,790.65
1803,Exit long,2013-10-10 20:30,S1 Climax,2187.75,2,4351,1225,0.56,1425,0.66,-275,-0.13,791875,791.88
1803,Entry long,2013-10-10 15:30,S1 Trend,2175.5,2,4351,1225,0.56,1425,0.66,-275,-0.13,791875,791.88
1804,Exit long,2013-10-10 21:00,EOD,2188.5,5,10877.5,3250,0.60,3562.5,0.66,-687.5,-0.13,795125,795.13
1804,Entry long,2013-10-10 15:30,S1 Trend,2175.5,5,10877.5,3250,0.60,3562.5,0.66,-687.5,-0.13,795125,795.13
1805,Exit long,2013-10-11 21:00,EOD,2199.5,43,94428,7525,0.16,9137.5,0.19,-2687.5,-0.06,802650,802.65
1805,Entry long,2013-10-11 17:00,S1 Trend,2196,43,94428,7525,0.16,9137.5,0.19,-2687.5,-0.06,802650,802.65
1806,Exit long,2013-10-14 21:00,EOD,2207,46,101269,12650,0.25,14950,0.30,-1150,-0.02,815300,815.30
1806,Entry long,2013-10-14 18:30,S1 Trend,2201.5,46,101269,12650,0.25,14950,0.30,-1150,-0.02,815300,815.30
1807,Exit long,2013-10-16 21:00,EOD,2218,38,84236.5,2375,0.06,4275,0.10,-9500,-0.23,817675,817.68
1807,Entry long,2013-10-16 16:00,S1 Trend,2216.75,38,84236.5,2375,0.06,4275,0.10,-9500,-0.23,817675,817.68
1808,Exit long,2013-11-08 21:00,EOD,2269.5,36,81315,19350,0.48,19350,0.48,-4050,-0.10,837025,837.03
1808,Entry long,2013-11-08 16:00,S1 Trend,2258.75,36,81315,19350,0.48,19350,0.48,-4050,-0.10,837025,837.03
1809,Exit long,2013-11-25 16:30,S2 FairVal,2307,94,216670,9400,0.09,10575,0.10,-3525,-0.03,846425,846.43
1809,Entry long,2013-11-25 15:30,S2 VWAP,2305,94,216670,9400,0.09,10575,0.10,-3525,-0.03,846425,846.43
1810,Exit long,2013-11-27 19:30,S2 FairVal,2306.75,82,188989.5,8200,0.09,8200,0.09,-1025,-0.01,854625,854.63
1810,Entry long,2013-11-27 18:30,S2 VWAP,2304.75,82,188989.5,8200,0.09,8200,0.09,-1025,-0.01,854625,854.63
1811,Exit long,2013-12-06 21:00,EOD,2306,45,103758.75,562.5,0.01,5062.5,0.10,-6750,-0.13,855187.5,855.19
1811,Entry long,2013-12-06 18:00,S1 Trend,2305.75,45,103758.75,562.5,0.01,5062.5,0.10,-6750,-0.13,855187.5,855.19
1812,Exit long,2013-12-18 21:00,EOD,2313.5,31,71121.75,29837.5,0.84,30612.5,0.86,-775,-0.02,885025,885.03
1812,Entry long,2013-12-18 19:30,S1 Trend,2294.25,31,71121.75,29837.5,0.84,30612.5,0.86,-775,-0.02,885025,885.03
1813,Exit long,2014-01-16 17:00,S2 FairVal,2347.25,68,159494,5950,0.07,8500,0.11,-1700,-0.02,890975,890.98
1813,Entry long,2014-01-16 16:30,S2 VWAP,2345.5,68,159494,5950,0.07,8500,0.11,-1700,-0.02,890975,890.98
1814,Exit short,2014-01-23 20:30,S3 Scalp,2331.25,44,102344,-11550,-0.23,8800,0.17,-11550,-0.23,879425,879.43
1814,Entry short,2014-01-23 18:30,S3 Hedge,2326,44,102344,-11550,-0.23,8800,0.17,-11550,-0.23,879425,879.43
1815,Exit short,2014-01-24 20:00,S3 Scalp,2297.5,37,85488.5,24050,0.56,24050,0.56,-2775,-0.06,903475,903.48
1815,Entry short,2014-01-24 16:00,S3 Hedge,2310.5,37,85488.5,24050,0.56,24050,0.56,-2775,-0.06,903475,903.48
1816,Exit short,2014-01-27 19:30,S3 Scalp,2294,35,80010,-14000,-0.35,18812.5,0.47,-14000,-0.35,889475,889.48
1816,Entry short,2014-01-27 15:30,S3 Hedge,2286,35,80010,-14000,-0.35,18812.5,0.47,-14000,-0.35,889475,889.48
1817,Exit long,2014-01-30 21:00,EOD,2297,37,84859.5,6475,0.15,15725,0.37,0,0.00,895950,895.95
1817,Entry long,2014-01-30 16:30,S1 Trend,2293.5,37,84859.5,6475,0.15,15725,0.37,0,0.00,895950,895.95
1818,Exit long,2014-01-31 21:00,EOD,2284.5,29,66395.5,-7250,-0.22,10150,0.31,-9787.5,-0.29,888700,888.70
1818,Entry long,2014-01-31 16:30,S1 Trend,2289.5,29,66395.5,-7250,-0.22,10150,0.31,-9787.5,-0.29,888700,888.70
1819,Exit long,2014-02-06 21:00,EOD,2277.5,35,79441.25,13562.5,0.34,14437.5,0.36,0,0.00,902262.5,902.26
1819,Entry long,2014-02-06 15:30,S1 Trend,2269.75,35,79441.25,13562.5,0.34,14437.5,0.36,0,0.00,902262.5,902.26
1820,Exit long,2014-02-07 21:00,EOD,2300,34,78098,5100,0.13,8500,0.22,-1700,-0.04,907362.5,907.36
1820,Entry long,2014-02-07 19:00,S1 Trend,2297,34,78098,5100,0.13,8500,0.22,-1700,-0.04,907362.5,907.36
1821,Exit long,2014-02-11 21:00,EOD,2322.75,49,113520.75,14700,0.26,26950,0.47,-1225,-0.02,922062.5,922.06
1821,Entry long,2014-02-11 16:30,S1 Trend,2316.75,49,113520.75,14700,0.26,26950,0.47,-1225,-0.02,922062.5,922.06
1822,Exit long,2014-02-13 21:00,EOD,2333.75,47,109134,27612.5,0.51,31137.5,0.57,-3525,-0.06,949675,949.68
1822,Entry long,2014-02-13 15:30,S1 Trend,2322,47,109134,27612.5,0.51,31137.5,0.57,-3525,-0.06,949675,949.68
1823,Exit long,2014-02-20 21:00,EOD,2344.75,39,91260,9262.5,0.20,16575,0.36,-2925,-0.06,958937.5,958.94
1823,Entry long,2014-02-20 16:00,S1 Trend,2340,39,91260,9262.5,0.20,16575,0.36,-2925,-0.06,958937.5,958.94
1824,Exit long,2014-02-25 20:00,S1 Trail,2348.75,48,113232,-24600,-0.43,600,0.01,-24600,-0.43,934337.5,934.34
1824,Entry long,2014-02-25 16:30,S1 Trend,2359,48,113232,-24600,-0.43,600,0.01,-24600,-0.43,934337.5,934.34
1825,Exit long,2014-02-27 21:00,EOD,2361.75,43,101372.5,9137.5,0.18,9137.5,0.18,-9137.5,-0.18,943475,943.47
1825,Entry long,2014-02-27 16:30,S1 Trend,2357.5,43,101372.5,9137.5,0.18,9137.5,0.18,-9137.5,-0.18,943475,943.47
1826,Exit long,2014-03-04 21:00,EOD,2380,44,104533,9350,0.18,15950,0.31,-2750,-0.05,952825,952.83
1826,Entry long,2014-03-04 15:30,S1 Trend,2375.75,44,104533,9350,0.18,15950,0.31,-2750,-0.05,952825,952.83
1827,Exit long,2014-03-17 20:00,EOD,2366.5,44,104126,0,0.00,7150,0.14,-11550,-0.22,952825,952.83
1827,Entry long,2014-03-17 14:30,S1 Trend,2366.5,44,104126,0,0.00,7150,0.14,-11550,-0.22,952825,952.83
1828,Exit long,2014-03-18 20:00,EOD,2380,46,109445.5,1725,0.03,6900,0.13,-10350,-0.19,954550,954.55
1828,Entry long,2014-03-18 14:30,S1 Trend,2379.25,46,109445.5,1725,0.03,6900,0.13,-10350,-0.19,954550,954.55
1829,Exit long,2014-03-20 20:00,EOD,2379.75,43,102039,14512.5,0.28,17737.5,0.35,-7525,-0.15,969062.5,969.06
1829,Entry long,2014-03-20 14:30,S1 Trend,2373,43,102039,14512.5,0.28,17737.5,0.35,-7525,-0.15,969062.5,969.06
1830,Exit long,2014-04-03 19:30,S2 FairVal,2391.25,66,158152.5,-16500,-0.21,4950,0.06,-16500,-0.21,952562.5,952.56
1830,Entry long,2014-04-03 18:30,S2 VWAP,2396.25,66,158152.5,-16500,-0.21,4950,0.06,-16500,-0.21,952562.5,952.56
1831,Exit short,2014-04-07 21:00,EOD,2353.5,41,96678,9225,0.19,16912.5,0.35,-6662.5,-0.14,961787.5,961.79
1831,Entry short,2014-04-07 17:00,S3 Hedge,2358,41,96678,9225,0.19,16912.5,0.35,-6662.5,-0.14,961787.5,961.79
1832,Exit long,2014-04-09 21:00,EOD,2381.25,48,114132,8400,0.15,9600,0.17,-6600,-0.12,970187.5,970.19
1832,Entry long,2014-04-09 19:30,S1 Trend,2377.75,48,114132,8400,0.15,9600,0.17,-6600,-0.12,970187.5,970.19
1833,Exit short,2014-04-11 21:00,EOD,2324.5,30,69817.5,4125,0.12,7125,0.20,-6750,-0.19,974312.5,974.31
1833,Entry short,2014-04-11 19:30,S3 Hedge,2327.25,30,69817.5,4125,0.12,7125,0.20,-6750,-0.19,974312.5,974.31
1834,Exit long,2014-04-16 21:00,EOD,2371,48,113592,10800,0.19,11400,0.20,-15000,-0.26,985112.5,985.11
1834,Entry long,2014-04-16 17:30,S1 Trend,2366.5,48,113592,10800,0.19,11400,0.20,-15000,-0.26,985112.5,985.11
1835,Exit long,2014-04-29 16:30,S2 FairVal,2387.5,55,131188.75,6187.5,0.09,6875,0.10,-5500,-0.08,991300,991.30
1835,Entry long,2014-04-29 16:00,S2 VWAP,2385.25,55,131188.75,6187.5,0.09,6875,0.10,-5500,-0.08,991300,991.30
1836,Exit short,2014-05-07 16:30,S3 Scalp,2380,49,116350.5,-13475,-0.23,2450,0.04,-13475,-0.23,977825,977.83
1836,Entry short,2014-05-07 15:30,S3 Hedge,2374.5,49,116350.5,-13475,-0.23,2450,0.04,-13475,-0.23,977825,977.83
1837,Exit long,2014-05-09 21:00,EOD,2389.75,47,112294.75,1175,0.02,1762.5,0.03,-16450,-0.29,979000,979.00
1837,Entry long,2014-05-09 18:00,S1 Trend,2389.25,47,112294.75,1175,0.02,1762.5,0.03,-16450,-0.29,979000,979.00
1838,Exit long,2014-06-18 17:30,S2 FairVal,2456.75,85,208696.25,6375,0.06,6375,0.06,-3187.5,-0.03,985375,985.38
1838,Entry long,2014-06-18 16:30,S2 VWAP,2455.25,85,208696.25,6375,0.06,6375,0.06,-3187.5,-0.03,985375,985.38
1839,Exit long,2014-06-19 17:00,S2 FairVal,2471,92,227171,8050,0.07,8050,0.07,-1150,-0.01,993425,993.43
1839,Entry long,2014-06-19 16:30,S2 VWAP,2469.25,92,227171,8050,0.07,8050,0.07,-1150,-0.01,993425,993.43
1840,Exit long,2014-07-04 17:30,S2 FairVal,2498.5,213,532020.75,7987.5,0.03,7987.5,0.03,-5325,-0.02,1001412.5,1001.41
1840,Entry long,2014-07-04 16:30,S2 VWAP,2497.75,213,532020.75,7987.5,0.03,7987.5,0.03,-5325,-0.02,1001412.5,1001.41
1841,Exit long,2014-07-28 21:00,EOD,2495.5,50,124862.5,-4375,-0.07,2500,0.04,-7500,-0.12,997037.5,997.04
1841,Entry long,2014-07-28 19:00,S1 Trend,2497.25,50,124862.5,-4375,-0.07,2500,0.04,-7500,-0.12,997037.5,997.04
1842,Exit short,2014-07-31 16:30,S3 Scalp,2456.5,48,118464,27600,0.47,27600,0.47,-1200,-0.02,1024637.5,1024.64
1842,Entry short,2014-07-31 15:30,S3 Hedge,2468,48,118464,27600,0.47,27600,0.47,-1200,-0.02,1024637.5,1024.64
1843,Exit short,2014-07-31 21:00,EOD,2447.5,41,100737,19475,0.39,19475,0.39,-9225,-0.18,1044112.5,1044.11
1843,Entry short,2014-07-31 17:00,S3 Hedge,2457,41,100737,19475,0.39,19475,0.39,-9225,-0.18,1044112.5,1044.11
1844,Exit long,2014-08-08 21:00,EOD,2449.25,37,90150.5,23587.5,0.52,26362.5,0.58,-6475,-0.14,1067700,1067.70
1844,Entry long,2014-08-08 16:30,S1 Trend,2436.5,37,90150.5,23587.5,0.52,26362.5,0.58,-6475,-0.14,1067700,1067.70
1845,Exit long,2014-09-05 21:00,EOD,2528,50,126175,11250,0.18,13125,0.21,-2500,-0.04,1078950,1078.95
1845,Entry long,2014-09-05 18:00,S1 Trend,2523.5,50,126175,11250,0.18,13125,0.21,-2500,-0.04,1078950,1078.95
1846,Exit long,2014-09-08 16:30,S2 FairVal,2526.25,85,214646.25,4250,0.04,8500,0.08,-4250,-0.04,1083200,1083.20
1846,Entry long,2014-09-08 16:00,S2 VWAP,2525.25,85,214646.25,4250,0.04,8500,0.08,-4250,-0.04,1083200,1083.20
1847,Exit long,2014-09-08 18:00,S2 FairVal,2519.5,79,199396,-17775,-0.18,3950,0.04,-17775,-0.18,1065425,1065.43
1847,Entry long,2014-09-08 17:30,S2 VWAP,2524,79,199396,-17775,-0.18,3950,0.04,-17775,-0.18,1065425,1065.43
1848,Exit long,2014-09-17 19:30,S2 FairVal,2530,75,189243.75,25312.5,0.27,29062.5,0.31,-34687.5,-0.37,1090737.5,1090.74
1848,Entry long,2014-09-17 19:00,S2 VWAP,2523.25,75,189243.75,25312.5,0.27,29062.5,0.31,-34687.5,-0.37,1090737.5,1090.74
1849,Exit long,2014-09-19 21:00,EOD,2533.25,68,172159,5100,0.06,18700,0.22,-1700,-0.02,1095837.5,1095.84
1849,Entry long,2014-09-19 18:30,S2 VWAP,2531.75,68,172159,5100,0.06,18700,0.22,-1700,-0.02,1095837.5,1095.84
1850,Exit long,2014-09-26 21:00,EOD,2505.5,46,115264.5,-575,-0.01,9775,0.17,-4025,-0.07,1095262.5,1095.26
1850,Entry long,2014-09-26 19:30,S1 Trend,2505.75,46,115264.5,-575,-0.01,9775,0.17,-4025,-0.07,1095262.5,1095.26
1851,Exit long,2014-09-30 17:30,S1 Trail,2497.25,48,120384,-25800,-0.43,1800,0.03,-25800,-0.43,1069462.5,1069.46
1851,Entry long,2014-09-30 16:30,S1 Trend,2508,48,120384,-25800,-0.43,1800,0.03,-25800,-0.43,1069462.5,1069.46
1852,Exit long,2014-10-03 18:00,S1 Climax,2492.5,14,34807.5,4375,0.25,5250,0.30,-2450,-0.14,1073837.5,1073.84
1852,Entry long,2014-10-03 15:30,S1 Trend,2486.25,14,34807.5,4375,0.25,5250,0.30,-2450,-0.14,1073837.5,1073.84
1853,Exit long,2014-10-03 21:00,EOD,2491,33,82046.25,7837.5,0.19,14850,0.36,-5775,-0.14,1081675,1081.68
1853,Entry long,2014-10-03 15:30,S1 Trend,2486.25,33,82046.25,7837.5,0.19,14850,0.36,-5775,-0.14,1081675,1081.68
1854,Exit short,2014-10-06 21:00,EOD,2488.25,59,146998.5,9587.5,0.13,30237.5,0.41,-8850,-0.12,1091262.5,1091.26
1854,Entry short,2014-10-06 16:00,S3 Hedge,2491.5,59,146998.5,9587.5,0.13,30237.5,0.41,-8850,-0.12,1091262.5,1091.26
1855,Exit long,2014-10-08 21:00,EOD,2492,33,81889.5,17325,0.42,21862.5,0.53,-3712.5,-0.09,1108587.5,1108.59
1855,Entry long,2014-10-08 19:30,S1 Trend,2481.5,33,81889.5,17325,0.42,21862.5,0.53,-3712.5,-0.09,1108587.5,1108.59
1856,Exit short,2014-10-10 17:00,S3 Scalp,2451.25,29,70781.75,-15225,-0.43,5075,0.14,-15225,-0.43,1093362.5,1093.36
1856,Entry short,2014-10-10 15:30,S3 Hedge,2440.75,29,70781.75,-15225,-0.43,5075,0.14,-15225,-0.43,1093362.5,1093.36
1857,Exit short,2014-10-15 20:00,S3 Scalp,2374.75,20,47175,-16000,-0.68,15000,0.64,-16000,-0.68,1077362.5,1077.36
1857,Entry short,2014-10-15 18:00,S3 Hedge,2358.75,20,47175,-16000,-0.68,15000,0.64,-16000,-0.68,1077362.5,1077.36
1858,Exit long,2014-10-16 21:00,EOD,2387.25,15,35925,-5812.5,-0.32,4125,0.23,-11062.5,-0.62,1071550,1071.55
1858,Entry long,2014-10-16 18:30,S1 Trend,2395,15,35925,-5812.5,-0.32,4125,0.23,-11062.5,-0.62,1071550,1071.55
1859,Exit long,2014-10-17 19:00,S1 Trail,2404,28,67676,-18200,-0.54,7700,0.23,-18200,-0.54,1053350,1053.35
1859,Entry long,2014-10-17 15:30,S1 Trend,2417,28,67676,-18200,-0.54,7700,0.23,-18200,-0.54,1053350,1053.35
1860,Exit long,2014-10-20 21:00,EOD,2428.25,34,82382,8925,0.22,10625,0.26,-1275,-0.03,1062275,1062.28
1860,Entry long,2014-10-20 19:30,S1 Trend,2423,34,82382,8925,0.22,10625,0.26,-1275,-0.03,1062275,1062.28
1861,Exit long,2014-10-21 21:00,EOD,2465.25,35,85688.75,29750,0.69,32812.5,0.77,-437.5,-0.01,1092025,1092.02
1861,Entry long,2014-10-21 15:30,S1 Trend,2448.25,35,85688.75,29750,0.69,32812.5,0.77,-437.5,-0.01,1092025,1092.02
1862,Exit short,2014-10-22 21:00,EOD,2451.75,38,93375.5,10450,0.22,11875,0.25,-9500,-0.20,1102475,1102.47
1862,Entry short,2014-10-22 19:00,S3 Hedge,2457.25,38,93375.5,10450,0.22,11875,0.25,-9500,-0.20,1102475,1102.47
1863,Exit long,2014-10-23 20:00,S1 Trail,2474,41,101475,-2050,-0.04,24600,0.48,-2050,-0.04,1100425,1100.43
1863,Entry long,2014-10-23 15:30,S1 Trend,2475,41,101475,-2050,-0.04,24600,0.48,-2050,-0.04,1100425,1100.43
1864,Exit long,2014-10-24 21:00,EOD,2488.75,36,89433,8100,0.18,10350,0.23,-9900,-0.22,1108525,1108.53
1864,Entry long,2014-10-24 17:00,S1 Trend,2484.25,36,89433,8100,0.18,10350,0.23,-9900,-0.22,1108525,1108.53
1865,Exit long,2014-10-29 18:00,S2 FairVal,2499.75,58,145348,-18125,-0.25,2175,0.03,-18125,-0.25,1090400,1090.40
1865,Entry long,2014-10-29 17:00,S2 VWAP,2506,58,145348,-18125,-0.25,2175,0.03,-18125,-0.25,1090400,1090.40
1866,Exit long,2014-10-30 20:00,EOD,2519.75,41,102848.5,23062.5,0.45,33825,0.66,-2562.5,-0.05,1113462.5,1113.46
1866,Entry long,2014-10-30 15:30,S1 Trend,2508.5,41,102848.5,23062.5,0.45,33825,0.66,-2562.5,-0.05,1113462.5,1113.46
1867,Exit long,2014-11-25 17:30,S2 FairVal,2598.5,77,199988.25,4812.5,0.05,4812.5,0.05,-2887.5,-0.03,1118275,1118.28
1867,Entry long,2014-11-25 17:00,S2 VWAP,2597.25,77,199988.25,4812.5,0.05,4812.5,0.05,-2887.5,-0.03,1118275,1118.28
1868,Exit short,2014-12-10 21:00,EOD,2556.75,40,102600,16500,0.32,22000,0.43,-5000,-0.10,1134775,1134.77
1868,Entry short,2014-12-10 19:00,S3 Hedge,2565,40,102600,16500,0.32,22000,0.43,-5000,-0.10,1134775,1134.77
1869,Exit long,2014-12-11 19:00,S1 Trail,2573.75,39,100737,-18037.5,-0.36,8287.5,0.16,-18037.5,-0.36,1116737.5,1116.74
1869,Entry long,2014-12-11 15:30,S1 Trend,2583,39,100737,-18037.5,-0.36,8287.5,0.16,-18037.5,-0.36,1116737.5,1116.74
1870,Exit short,2014-12-12 18:00,S3 Scalp,2556.25,32,81512,-14400,-0.35,7600,0.19,-14400,-0.35,1102337.5,1102.34
1870,Entry short,2014-12-12 16:00,S3 Hedge,2547.25,32,81512,-14400,-0.35,7600,0.19,-14400,-0.35,1102337.5,1102.34
1871,Exit long,2014-12-16 18:00,S1 Trail,2522.75,21,53429.25,-22575,-0.85,4725,0.18,-22575,-0.85,1079762.5,1079.76
1871,Entry long,2014-12-16 16:30,S1 Trend,2544.25,21,53429.25,-22575,-0.85,4725,0.18,-22575,-0.85,1079762.5,1079.76
1872,Exit long,2014-12-17 20:00,S1 Trail,2524.25,29,73391.75,-9425,-0.26,21025,0.57,-14862.5,-0.41,1070337.5,1070.34
1872,Entry long,2014-12-17 17:00,S1 Trend,2530.75,29,73391.75,-9425,-0.26,21025,0.57,-14862.5,-0.41,1070337.5,1070.34
1873,Exit long,2014-12-18 21:00,EOD,2594,36,92655,36450,0.79,36900,0.80,-17100,-0.37,1106787.5,1106.79
1873,Entry long,2014-12-18 15:30,S1 Trend,2573.75,36,92655,36450,0.79,36900,0.80,-17100,-0.37,1106787.5,1106.79
1874,Exit long,2014-12-25 23:30,S2 FairVal,2619.25,96,251160,14400,0.11,16800,0.13,-1200,-0.01,1121187.5,1121.19
1874,Entry long,2014-12-25 23:00,S2 VWAP,2616.25,96,251160,14400,0.11,16800,0.13,-1200,-0.01,1121187.5,1121.19
1875,Exit short,2015-01-06 17:00,S3 Scalp,2530.25,36,91683,29700,0.65,29700,0.65,-450,-0.01,1150887.5,1150.89
1875,Entry short,2015-01-06 16:00,S3 Hedge,2546.75,36,91683,29700,0.65,29700,0.65,-450,-0.01,1150887.5,1150.89
1876,Exit long,2015-01-08 16:00,S1 Climax,2589,15,38767.5,3375,0.17,3375,0.17,-750,-0.04,1154262.5,1154.26
1876,Entry long,2015-01-08 15:30,S1 Trend,2584.5,15,38767.5,3375,0.17,3375,0.17,-750,-0.04,1154262.5,1154.26
1877,Exit long,2015-01-08 16:30,S1 Climax,2589,10,25845,2250,0.17,3875,0.30,-500,-0.04,1156512.5,1156.51
1877,Entry long,2015-01-08 15:30,S1 Trend,2584.5,10,25845,2250,0.17,3875,0.30,-500,-0.04,1156512.5,1156.51
1878,Exit long,2015-01-08 17:00,S1 Climax,2590.5,7,18091.5,2100,0.23,2712.5,0.30,-350,-0.04,1158612.5,1158.61
1878,Entry long,2015-01-08 15:30,S1 Trend,2584.5,7,18091.5,2100,0.23,2712.5,0.30,-350,-0.04,1158612.5,1158.61
1879,Exit long,2015-01-08 21:00,EOD,2593.5,18,46521,8100,0.35,10350,0.44,-900,-0.04,1166712.5,1166.71
1879,Entry long,2015-01-08 15:30,S1 Trend,2584.5,18,46521,8100,0.35,10350,0.44,-900,-0.04,1166712.5,1166.71
1880,Exit long,2015-01-09 20:00,S2 FairVal,2581.25,33,85098.75,4125,0.10,6187.5,0.15,-9487.5,-0.22,1170837.5,1170.84
1880,Entry long,2015-01-09 17:00,S2 VWAP,2578.75,33,85098.75,4125,0.10,6187.5,0.15,-9487.5,-0.22,1170837.5,1170.84
1881,Exit long,2015-01-13 17:00,S1 Trail,2573.75,40,103370,-21000,-0.41,8000,0.15,-21000,-0.41,1149837.5,1149.84
1881,Entry long,2015-01-13 15:30,S1 Trend,2584.25,40,103370,-21000,-0.41,8000,0.15,-21000,-0.41,1149837.5,1149.84
1882,Exit long,2015-01-16 21:00,EOD,2548.75,27,68593.5,11137.5,0.32,15187.5,0.44,-8100,-0.24,1160975,1160.97
1882,Entry long,2015-01-16 18:00,S1 Trend,2540.5,27,68593.5,11137.5,0.32,15187.5,0.44,-8100,-0.24,1160975,1160.97
1883,Exit short,2015-01-20 18:00,S3 Scalp,2546.75,33,83762.25,-14025,-0.33,2887.5,0.07,-14025,-0.33,1146950,1146.95
1883,Entry short,2015-01-20 17:00,S3 Hedge,2538.25,33,83762.25,-14025,-0.33,2887.5,0.07,-14025,-0.33,1146950,1146.95
1884,Exit long,2015-01-21 21:00,EOD,2564.25,33,84735.75,-5775,-0.14,4125,0.10,-23100,-0.55,1141175,1141.18
1884,Entry long,2015-01-21 16:00,S1 Trend,2567.75,33,84735.75,-5775,-0.14,4125,0.10,-23100,-0.55,1141175,1141.18
1885,Exit long,2015-01-26 21:00,EOD,2588,42,108517.5,8925,0.16,11550,0.21,-8400,-0.15,1150100,1150.10
1885,Entry long,2015-01-26 16:00,S1 Trend,2583.75,42,108517.5,8925,0.16,11550,0.21,-8400,-0.15,1150100,1150.10
1886,Exit short,2015-01-27 16:30,S3 Scalp,2562.5,41,104775.5,-14350,-0.27,3075,0.06,-14350,-0.27,1135750,1135.75
1886,Entry short,2015-01-27 16:00,S3 Hedge,2555.5,41,104775.5,-14350,-0.27,3075,0.06,-14350,-0.27,1135750,1135.75
1887,Exit long,2015-01-30 20:00,S1 Trail,2532.5,27,68944.5,-28350,-0.82,1687.5,0.05,-28350,-0.82,1107400,1107.40
1887,Entry long,2015-01-30 19:30,S1 Trend,2553.5,27,68944.5,-28350,-0.82,1687.5,0.05,-28350,-0.82,1107400,1107.40
1888,Exit long,2015-02-03 21:00,EOD,2581.25,30,77137.5,15000,0.39,15375,0.40,-2625,-0.07,1122400,1122.40
1888,Entry long,2015-02-03 18:30,S1 Trend,2571.25,30,77137.5,15000,0.39,15375,0.40,-2625,-0.07,1122400,1122.40
1889,Exit long,2015-02-04 20:30,S1 Trail,2570.25,40,103240,-21500,-0.42,11500,0.22,-21500,-0.42,1100900,1100.90
1889,Entry long,2015-02-04 16:30,S1 Trend,2581,40,103240,-21500,-0.42,11500,0.22,-21500,-0.42,1100900,1100.90
1890,Exit long,2015-02-05 21:00,EOD,2595,39,100961.25,12187.5,0.24,14625,0.29,-5362.5,-0.11,1113087.5,1113.09
1890,Entry long,2015-02-05 15:30,S1 Trend,2588.75,39,100961.25,12187.5,0.24,14625,0.29,-5362.5,-0.11,1113087.5,1113.09
1891,Exit long,2015-02-09 20:00,S1 Trail,2574.75,44,113773,-24200,-0.43,2750,0.05,-24200,-0.43,1088887.5,1088.89
1891,Entry long,2015-02-09 18:00,S1 Trend,2585.75,44,113773,-24200,-0.43,2750,0.05,-24200,-0.43,1088887.5,1088.89
1892,Exit long,2015-02-11 19:30,S2 FairVal,2598.75,50,129862.5,3750,0.06,5625,0.09,-6875,-0.11,1092637.5,1092.64
1892,Entry long,2015-02-11 19:00,S2 VWAP,2597.25,50,129862.5,3750,0.06,5625,0.09,-6875,-0.11,1092637.5,1092.64
1893,Exit long,2015-02-12 21:00,EOD,2621.5,46,120198,19550,0.33,23000,0.38,-4600,-0.08,1112187.5,1112.19
1893,Entry long,2015-02-12 15:30,S1 Trend,2613,46,120198,19550,0.33,23000,0.38,-4600,-0.08,1112187.5,1112.19
1894,Exit long,2015-02-13 20:00,S2 FairVal,2626.25,65,170673.75,1625,0.02,2437.5,0.03,-4875,-0.06,1113812.5,1113.81
1894,Entry long,2015-02-13 19:30,S2 VWAP,2625.75,65,170673.75,1625,0.02,2437.5,0.03,-4875,-0.06,1113812.5,1113.81
1895,Exit long,2015-02-17 09:00,S2 FairVal,2625,80,209660,17000,0.16,17000,0.16,-10000,-0.10,1130812.5,1130.81
1895,Entry long,2015-02-16 23:00,S2 VWAP,2620.75,80,209660,17000,0.16,17000,0.16,-10000,-0.10,1130812.5,1130.81
1896,Exit long,2015-02-20 21:00,EOD,2645.5,51,134308.5,30600,0.46,32512.5,0.48,-1912.5,-0.03,1161412.5,1161.41
1896,Entry long,2015-02-20 18:00,S1 Trend,2633.5,51,134308.5,30600,0.46,32512.5,0.48,-1912.5,-0.03,1161412.5,1161.41
1897,Exit short,2015-03-10 20:00,EOD,2581.75,44,113861,13200,0.23,13750,0.24,-8800,-0.15,1174612.5,1174.61
1897,Entry short,2015-03-10 16:00,S3 Hedge,2587.75,44,113861,13200,0.23,13750,0.24,-8800,-0.15,1174612.5,1174.61
1898,Exit long,2015-03-12 20:00,EOD,2603,50,129912.5,11875,0.18,14375,0.22,-10000,-0.15,1186487.5,1186.49
1898,Entry long,2015-03-12 15:30,S1 Trend,2598.25,50,129912.5,11875,0.18,14375,0.22,-10000,-0.15,1186487.5,1186.49
1899,Exit long,2015-03-18 19:30,S1 Climax,2639.5,11,28927.25,5362.5,0.37,8525,0.59,-550,-0.04,1191850,1191.85
1899,Entry long,2015-03-18 18:30,S1 Trend,2629.75,11,28927.25,5362.5,0.37,8525,0.59,-550,-0.04,1191850,1191.85
1900,Exit long,2015-03-18 20:00,EOD,2637,26,68373.5,9425,0.28,20150,0.59,-1300,-0.04,1201275,1201.28
1900,Entry long,2015-03-18 18:30,S1 Trend,2629.75,26,68373.5,9425,0.28,20150,0.59,-1300,-0.04,1201275,1201.28
1901,Exit long,2015-03-30 21:00,EOD,2623.75,55,143962.5,17187.5,0.24,26812.5,0.37,-2750,-0.04,1218462.5,1218.46
1901,Entry long,2015-03-30 15:30,S1 Trend,2617.5,55,143962.5,17187.5,0.24,26812.5,0.37,-2750,-0.04,1218462.5,1218.46
1902,Exit long,2015-04-02 21:00,EOD,2604.5,55,143302.5,-2750,-0.04,8250,0.12,-18562.5,-0.26,1215712.5,1215.71
1902,Entry long,2015-04-02 15:30,S1 Trend,2605.5,55,143302.5,-2750,-0.04,8250,0.12,-18562.5,-0.26,1215712.5,1215.71
1903,Exit long,2015-04-06 16:00,S1 Climax,2616.75,16,41840,1400,0.07,2400,0.11,-400,-0.02,1217112.5,1217.11
1903,Entry long,2015-04-06 15:30,S1 Trend,2615,16,41840,1400,0.07,2400,0.11,-400,-0.02,1217112.5,1217.11
1904,Exit long,2015-04-06 16:30,S1 Climax,2618.25,11,28765,1787.5,0.12,2337.5,0.16,-275,-0.02,1218900,1218.90
1904,Entry long,2015-04-06 15:30,S1 Trend,2615,11,28765,1787.5,0.12,2337.5,0.16,-275,-0.02,1218900,1218.90
1905,Exit long,2015-04-06 17:00,S1 Climax,2620,8,20920,2000,0.19,2400,0.23,-200,-0.02,1220900,1220.90
1905,Entry long,2015-04-06 15:30,S1 Trend,2615,8,20920,2000,0.19,2400,0.23,-200,-0.02,1220900,1220.90
1906,Exit long,2015-04-06 17:30,S1 Climax,2622.25,6,15690,2175,0.28,2550,0.33,-150,-0.02,1223075,1223.08
1906,Entry long,2015-04-06 15:30,S1 Trend,2615,6,15690,2175,0.28,2550,0.33,-150,-0.02,1223075,1223.08
1907,Exit long,2015-04-06 18:00,S1 Climax,2623,4,10460,1600,0.31,1700,0.33,-100,-0.02,1224675,1224.68
1907,Entry long,2015-04-06 15:30,S1 Trend,2615,4,10460,1600,0.31,1700,0.33,-100,-0.02,1224675,1224.68
1908,Exit long,2015-04-06 18:30,S1 Climax,2625,3,7845,1500,0.38,1537.5,0.39,-75,-0.02,1226175,1226.18
1908,Entry long,2015-04-06 15:30,S1 Trend,2615,3,7845,1500,0.38,1537.5,0.39,-75,-0.02,1226175,1226.18
1909,Exit long,2015-04-06 19:00,S1 Climax,2624,2,5230,900,0.34,1050,0.40,-50,-0.02,1227075,1227.08
1909,Entry long,2015-04-06 15:30,S1 Trend,2615,2,5230,900,0.34,1050,0.40,-50,-0.02,1227075,1227.08
1910,Exit long,2015-04-06 19:30,S1 Climax,2623.5,1,2615,425,0.33,525,0.40,-25,-0.02,1227500,1227.50
1910,Entry long,2015-04-06 15:30,S1 Trend,2615,1,2615,425,0.33,525,0.40,-25,-0.02,1227500,1227.50
1911,Exit long,2015-04-06 20:00,S1 Climax,2624.25,1,2615,462.5,0.35,525,0.40,-25,-0.02,1227962.5,1227.96
1911,Entry long,2015-04-06 15:30,S1 Trend,2615,1,2615,462.5,0.35,525,0.40,-25,-0.02,1227962.5,1227.96
1912,Exit long,2015-04-06 21:00,EOD,2619.25,3,7845,637.5,0.16,1575,0.40,-75,-0.02,1228600,1228.60
1912,Entry long,2015-04-06 15:30,S1 Trend,2615,3,7845,637.5,0.16,1575,0.40,-75,-0.02,1228600,1228.60
1913,Exit long,2015-04-14 21:00,EOD,2635,51,134346.75,1912.5,0.03,5737.5,0.09,-7650,-0.11,1230512.5,1230.51
1913,Entry long,2015-04-14 18:00,S1 Trend,2634.25,51,134346.75,1912.5,0.03,5737.5,0.09,-7650,-0.11,1230512.5,1230.51
1914,Exit short,2015-04-17 20:30,S3 Scalp,2621,47,122881.5,-15275,-0.25,10575,0.17,-15275,-0.25,1215237.5,1215.24
1914,Entry short,2015-04-17 19:00,S3 Hedge,2614.5,47,122881.5,-15275,-0.25,10575,0.17,-15275,-0.25,1215237.5,1215.24
1915,Exit long,2015-04-22 21:00,EOD,2647,45,118856.25,12937.5,0.22,18000,0.30,-3937.5,-0.07,1228175,1228.18
1915,Entry long,2015-04-22 16:00,S1 Trend,2641.25,45,118856.25,12937.5,0.22,18000,0.30,-3937.5,-0.07,1228175,1228.18
1916,Exit long,2015-04-23 21:00,EOD,2652.5,57,150736.5,22800,0.30,44175,0.59,-3562.5,-0.05,1250975,1250.98
1916,Entry long,2015-04-23 15:30,S1 Trend,2644.5,57,150736.5,22800,0.30,44175,0.59,-3562.5,-0.05,1250975,1250.98
1917,Exit long,2015-04-27 20:30,S2 FairVal,2646,64,169792,-22400,-0.26,4800,0.06,-22400,-0.26,1228575,1228.58
1917,Entry long,2015-04-27 18:30,S2 VWAP,2653,64,169792,-22400,-0.26,4800,0.06,-22400,-0.26,1228575,1228.58
1918,Exit long,2015-04-28 21:00,EOD,2654.75,51,135226.5,8287.5,0.12,10837.5,0.16,-4462.5,-0.07,1236862.5,1236.86
1918,Entry long,2015-04-28 17:00,S1 Trend,2651.5,51,135226.5,8287.5,0.12,10837.5,0.16,-4462.5,-0.07,1236862.5,1236.86
1919,Exit long,2015-05-01 21:00,EOD,2646.75,58,153352,7975,0.10,11600,0.15,-5075,-0.07,1244837.5,1244.84
1919,Entry long,2015-05-01 19:00,S1 Trend,2644,58,153352,7975,0.10,11600,0.15,-5075,-0.07,1244837.5,1244.84
1920,Exit long,2015-05-08 16:00,S1 Climax,2654.5,15,39810,375,0.02,937.5,0.05,-750,-0.04,1245212.5,1245.21
1920,Entry long,2015-05-08 15:30,S1 Trend,2654,15,39810,375,0.02,937.5,0.05,-750,-0.04,1245212.5,1245.21
1921,Exit long,2015-05-08 16:30,S1 Climax,2655.5,11,29194,825,0.06,1650,0.11,-550,-0.04,1246037.5,1246.04
1921,Entry long,2015-05-08 15:30,S1 Trend,2654,11,29194,825,0.06,1650,0.11,-550,-0.04,1246037.5,1246.04
1922,Exit long,2015-05-08 17:00,S1 Climax,2657.75,8,21232,1500,0.14,2000,0.19,-400,-0.04,1247537.5,1247.54
1922,Entry long,2015-05-08 15:30,S1 Trend,2654,8,21232,1500,0.14,2000,0.19,-400,-0.04,1247537.5,1247.54
1923,Exit long,2015-05-08 17:30,S1 Climax,2656.5,5,13270,625,0.09,1250,0.19,-250,-0.04,1248162.5,1248.16
1923,Entry long,2015-05-08 15:30,S1 Trend,2654,5,13270,625,0.09,1250,0.19,-250,-0.04,1248162.5,1248.16
1924,Exit long,2015-05-08 18:00,S1 Climax,2656.5,4,10616,500,0.09,1000,0.19,-200,-0.04,1248662.5,1248.66
1924,Entry long,2015-05-08 15:30,S1 Trend,2654,4,10616,500,0.09,1000,0.19,-200,-0.04,1248662.5,1248.66
1925,Exit long,2015-05-08 18:30,S1 Climax,2656,3,7962,300,0.08,750,0.19,-150,-0.04,1248962.5,1248.96
1925,Entry long,2015-05-08 15:30,S1 Trend,2654,3,7962,300,0.08,750,0.19,-150,-0.04,1248962.5,1248.96
1926,Exit long,2015-05-08 21:00,EOD,2656.25,7,18578,787.5,0.08,1750,0.19,-350,-0.04,1249750,1249.75
1926,Entry long,2015-05-08 15:30,S1 Trend,2654,7,18578,787.5,0.08,1750,0.19,-350,-0.04,1249750,1249.75
1927,Exit long,2015-06-02 21:00,EOD,2653.25,42,111615,-8925,-0.16,8400,0.15,-11550,-0.21,1240825,1240.83
1927,Entry long,2015-06-02 17:30,S1 Trend,2657.5,42,111615,-8925,-0.16,8400,0.15,-11550,-0.21,1240825,1240.83
1928,Exit long,2015-06-03 17:00,S1 Trail,2654.5,53,141245,-27825,-0.39,2650,0.04,-27825,-0.39,1213000,1213.00
1928,Entry long,2015-06-03 16:00,S1 Trend,2665,53,141245,-27825,-0.39,2650,0.04,-27825,-0.39,1213000,1213.00
1929,Exit short,2015-06-04 21:00,EOD,2641.5,47,124033,-5875,-0.09,5287.5,0.09,-8812.5,-0.14,1207125,1207.13
1929,Entry short,2015-06-04 18:30,S3 Hedge,2639,47,124033,-5875,-0.09,5287.5,0.09,-8812.5,-0.14,1207125,1207.13
1930,Exit short,2015-06-08 21:00,EOD,2624,65,170917.5,17875,0.21,21125,0.25,-7312.5,-0.09,1225000,1225.00
1930,Entry short,2015-06-08 17:00,S3 Hedge,2629.5,65,170917.5,17875,0.21,21125,0.25,-7312.5,-0.09,1225000,1225.00
1931,Exit long,2015-06-16 21:00,EOD,2641.75,48,126480,16200,0.26,18600,0.29,-1200,-0.02,1241200,1241.20
1931,Entry long,2015-06-16 16:30,S1 Trend,2635,48,126480,16200,0.26,18600,0.29,-1200,-0.02,1241200,1241.20
1932,Exit short,2015-06-17 19:00,S3 Scalp,2632.75,76,200792,35150,0.35,35150,0.35,-5700,-0.06,1276350,1276.35
1932,Entry short,2015-06-17 16:30,S3 Hedge,2642,76,200792,35150,0.35,35150,0.35,-5700,-0.06,1276350,1276.35
1933,Exit long,2015-06-18 16:00,S1 Climax,2665.25,16,42596,2400,0.11,2600,0.12,-1000,-0.05,1278750,1278.75
1933,Entry long,2015-06-18 15:30,S1 Trend,2662.25,16,42596,2400,0.11,2600,0.12,-1000,-0.05,1278750,1278.75
1934,Exit long,2015-06-18 16:30,S1 Climax,2667.25,11,29284.75,2750,0.19,3300,0.23,-687.5,-0.05,1281500,1281.50
1934,Entry long,2015-06-18 15:30,S1 Trend,2662.25,11,29284.75,2750,0.19,3300,0.23,-687.5,-0.05,1281500,1281.50
1935,Exit long,2015-06-18 17:00,S1 Climax,2667,8,21298,1900,0.18,2700,0.25,-500,-0.05,1283400,1283.40
1935,Entry long,2015-06-18 15:30,S1 Trend,2662.25,8,21298,1900,0.18,2700,0.25,-500,-0.05,1283400,1283.40
1936,Exit long,2015-06-18 17:30,S1 Climax,2669.5,6,15973.5,2175,0.27,2550,0.32,-375,-0.05,1285575,1285.58
1936,Entry long,2015-06-18 15:30,S1 Trend,2662.25,6,15973.5,2175,0.27,2550,0.32,-375,-0.05,1285575,1285.58
1937,Exit long,2015-06-18 21:00,EOD,2667.25,14,37271.5,3500,0.19,7700,0.41,-875,-0.05,1289075,1289.08
1937,Entry long,2015-06-18 15:30,S1 Trend,2662.25,14,37271.5,3500,0.19,7700,0.41,-875,-0.05,1289075,1289.08
1938,Exit short,2015-06-26 20:00,S3 Scalp,2648.75,56,148008,-16100,-0.22,7700,0.10,-16100,-0.22,1272975,1272.97
1938,Entry short,2015-06-26 18:00,S3 Hedge,2643,56,148008,-16100,-0.22,7700,0.10,-16100,-0.22,1272975,1272.97
1939,Exit long,2015-07-06 19:00,S1 Trail,2606,43,112660,-30100,-0.53,1612.5,0.03,-30100,-0.53,1242875,1242.88
1939,Entry long,2015-07-06 16:00,S1 Trend,2620,43,112660,-30100,-0.53,1612.5,0.03,-30100,-0.53,1242875,1242.88
1940,Exit short,2015-07-09 21:00,EOD,2597.25,45,117135,12937.5,0.22,12937.5,0.22,-8437.5,-0.14,1255812.5,1255.81
1940,Entry short,2015-07-09 18:30,S3 Hedge,2603,45,117135,12937.5,0.22,12937.5,0.22,-8437.5,-0.14,1255812.5,1255.81
1941,Exit long,2015-07-10 21:00,EOD,2623.25,48,125964,-2400,-0.04,10800,0.17,-10800,-0.17,1253412.5,1253.41
1941,Entry long,2015-07-10 17:00,S1 Trend,2624.25,48,125964,-2400,-0.04,10800,0.17,-10800,-0.17,1253412.5,1253.41
1942,Exit long,2015-07-13 21:00,EOD,2646.5,49,129482.5,9800,0.15,13475,0.21,-6125,-0.09,1263212.5,1263.21
1942,Entry long,2015-07-13 15:30,S1 Trend,2642.5,49,129482.5,9800,0.15,13475,0.21,-6125,-0.09,1263212.5,1263.21
1943,Exit short,2015-07-24 18:30,S3 Scalp,2629.25,70,184695,32375,0.35,32375,0.35,-1750,-0.02,1295587.5,1295.59
1943,Entry short,2015-07-24 17:30,S3 Hedge,2638.5,70,184695,32375,0.35,32375,0.35,-1750,-0.02,1295587.5,1295.59
1944,Exit short,2015-07-24 21:00,EOD,2627.75,64,168384,10400,0.12,23200,0.28,-2400,-0.03,1305987.5,1305.99
1944,Entry short,2015-07-24 19:00,S3 Hedge,2631,64,168384,10400,0.12,23200,0.28,-2400,-0.03,1305987.5,1305.99
1945,Exit long,2015-07-28 21:00,EOD,2641,54,142465.5,7425,0.10,12825,0.18,-5400,-0.08,1313412.5,1313.41
1945,Entry long,2015-07-28 18:30,S1 Trend,2638.25,54,142465.5,7425,0.10,12825,0.18,-5400,-0.08,1313412.5,1313.41
1946,Exit long,2015-07-29 21:00,EOD,2655,59,156423.75,11062.5,0.14,20650,0.26,-737.5,-0.01,1324475,1324.48
1946,Entry long,2015-07-29 19:30,S1 Trend,2651.25,59,156423.75,11062.5,0.14,20650,0.26,-737.5,-0.01,1324475,1324.48
1947,Exit short,2015-08-07 21:00,EOD,2626.75,56,146874,-11200,-0.15,18900,0.26,-15400,-0.21,1313275,1313.28
1947,Entry short,2015-08-07 15:30,S3 Hedge,2622.75,56,146874,-11200,-0.15,18900,0.26,-15400,-0.21,1313275,1313.28
1948,Exit long,2015-08-14 21:00,EOD,2641.25,59,155686.25,7375,0.09,11062.5,0.14,-8112.5,-0.10,1320650,1320.65
1948,Entry long,2015-08-14 18:30,S1 Trend,2638.75,59,155686.25,7375,0.09,11062.5,0.14,-8112.5,-0.10,1320650,1320.65
1949,Exit long,2015-08-17 21:00,EOD,2653.25,56,148050,26600,0.36,26600,0.36,0,0.00,1347250,1347.25
1949,Entry long,2015-08-17 16:00,S1 Trend,2643.75,56,148050,26600,0.36,26600,0.36,0,0.00,1347250,1347.25
1950,Exit long,2015-08-18 21:00,EOD,2647,67,177466.25,-5862.5,-0.07,837.5,0.01,-14237.5,-0.16,1341387.5,1341.39
1950,Entry long,2015-08-18 19:30,S2 VWAP,2648.75,67,177466.25,-5862.5,-0.07,837.5,0.01,-14237.5,-0.16,1341387.5,1341.39
1951,Exit short,2015-08-20 21:00,EOD,2586.5,42,109326,34650,0.63,35175,0.64,-16800,-0.31,1376037.5,1376.04
1951,Entry short,2015-08-20 15:30,S3 Hedge,2603,42,109326,34650,0.63,35175,0.64,-16800,-0.31,1376037.5,1376.04
1952,Exit short,2015-08-21 20:00,S3 Scalp,2533,35,89547.5,44625,1.00,44625,1.00,-3500,-0.08,1420662.5,1420.66
1952,Entry short,2015-08-21 16:00,S3 Hedge,2558.5,35,89547.5,44625,1.00,44625,1.00,-3500,-0.08,1420662.5,1420.66
1953,Exit long,2015-08-27 19:30,S1 Trail,2518.5,29,73290.25,-12687.5,-0.35,19575,0.53,-12687.5,-0.35,1407975,1407.98
1953,Entry long,2015-08-27 16:00,S1 Trend,2527.25,29,73290.25,-12687.5,-0.35,19575,0.53,-12687.5,-0.35,1407975,1407.98
1954,Exit long,2015-08-31 21:00,EOD,2522.25,34,86062.5,-15300,-0.36,7225,0.17,-22525,-0.52,1392675,1392.68
1954,Entry long,2015-08-31 17:00,S1 Trend,2531.25,34,86062.5,-15300,-0.36,7225,0.17,-22525,-0.52,1392675,1392.68
1955,Exit long,2015-09-03 18:00,S1 Trail,2508.25,36,90927,-31500,-0.69,3150,0.07,-31500,-0.69,1361175,1361.18
1955,Entry long,2015-09-03 16:00,S1 Trend,2525.75,36,90927,-31500,-0.69,3150,0.07,-31500,-0.69,1361175,1361.18
1956,Exit short,2015-09-03 21:00,EOD,2502,33,82549.5,-825,-0.02,9075,0.22,-16087.5,-0.39,1360350,1360.35
1956,Entry short,2015-09-03 19:00,S3 Hedge,2501.5,33,82549.5,-825,-0.02,9075,0.22,-16087.5,-0.39,1360350,1360.35
1957,Exit long,2015-09-08 21:00,EOD,2521.75,39,98016.75,16575,0.34,18525,0.38,-975,-0.02,1376925,1376.93
1957,Entry long,2015-09-08 19:30,S1 Trend,2513.25,39,98016.75,16575,0.34,18525,0.38,-975,-0.02,1376925,1376.93
1958,Exit short,2015-09-09 18:30,S3 Scalp,2513.75,49,123945.5,38587.5,0.62,38587.5,0.62,-3062.5,-0.05,1415512.5,1415.51
1958,Entry short,2015-09-09 15:30,S3 Hedge,2529.5,49,123945.5,38587.5,0.62,38587.5,0.62,-3062.5,-0.05,1415512.5,1415.51
1959,Exit short,2015-09-09 20:30,S3 Scalp,2492.25,40,100420,36500,0.73,36500,0.73,-7500,-0.15,1452012.5,1452.01
1959,Entry short,2015-09-09 19:00,S3 Hedge,2510.5,40,100420,36500,0.73,36500,0.73,-7500,-0.15,1452012.5,1452.01
1960,Exit long,2015-09-10 21:00,EOD,2505,28,70406,-13300,-0.38,2450,0.07,-24500,-0.70,1438712.5,1438.71
1960,Entry long,2015-09-10 19:00,S1 Trend,2514.5,28,70406,-13300,-0.38,2450,0.07,-24500,-0.70,1438712.5,1438.71
1961,Exit long,2015-09-15 21:00,EOD,2532,51,128265,43350,0.68,56100,0.87,0,0.00,1482062.5,1482.06
1961,Entry long,2015-09-15 15:30,S1 Trend,2515,51,128265,43350,0.68,56100,0.87,0,0.00,1482062.5,1482.06
1962,Exit long,2015-09-16 21:00,EOD,2548.5,55,139920,12375,0.18,19250,0.28,-13750,-0.20,1494437.5,1494.44
1962,Entry long,2015-09-16 16:30,S1 Trend,2544,55,139920,12375,0.18,19250,0.28,-13750,-0.20,1494437.5,1494.44
1963,Exit long,2015-09-21 17:00,S1 Trail,2517,47,118910,-30550,-0.51,4700,0.08,-30550,-0.51,1463887.5,1463.89
1963,Entry long,2015-09-21 16:00,S1 Trend,2530,47,118910,-30550,-0.51,4700,0.08,-30550,-0.51,1463887.5,1463.89
1964,Exit short,2015-09-22 20:30,S3 Scalp,2497.25,40,99520,-18500,-0.37,12500,0.25,-18500,-0.37,1445387.5,1445.39
1964,Entry short,2015-09-22 16:00,S3 Hedge,2488,40,99520,-18500,-0.37,12500,0.25,-18500,-0.37,1445387.5,1445.39
1965,Exit short,2015-09-28 21:00,EOD,2435.25,35,85400,8312.5,0.19,12687.5,0.30,-8750,-0.20,1453700,1453.70
1965,Entry short,2015-09-28 19:00,S3 Hedge,2440,35,85400,8312.5,0.19,12687.5,0.30,-8750,-0.20,1453700,1453.70
1966,Exit long,2015-09-30 17:00,S1 Trail,2456.75,51,125931.75,-31875,-0.51,4462.5,0.07,-31875,-0.51,1421825,1421.83
1966,Entry long,2015-09-30 15:30,S1 Trend,2469.25,51,125931.75,-31875,-0.51,4462.5,0.07,-31875,-0.51,1421825,1421.83
1967,Exit short,2015-10-01 19:00,S3 Scalp,2469.75,35,86100,-17062.5,-0.40,10062.5,0.23,-17062.5,-0.40,1404762.5,1404.76
1967,Entry short,2015-10-01 17:00,S3 Hedge,2460,35,86100,-17062.5,-0.40,10062.5,0.23,-17062.5,-0.40,1404762.5,1404.76
1968,Exit long,2015-10-05 19:30,S1 Climax,2541,13,32896.5,6825,0.41,6987.5,0.42,-3900,-0.24,1411587.5,1411.59
1968,Entry long,2015-10-05 15:30,S1 Trend,2530.5,13,32896.5,6825,0.41,6987.5,0.42,-3900,-0.24,1411587.5,1411.59
1969,Exit long,2015-10-05 20:00,S1 Climax,2541,9,22774.5,4725,0.41,5737.5,0.50,-2700,-0.24,1416312.5,1416.31
1969,Entry long,2015-10-05 15:30,S1 Trend,2530.5,9,22774.5,4725,0.41,5737.5,0.50,-2700,-0.24,1416312.5,1416.31
1970,Exit long,2015-10-05 20:30,S1 Climax,2541,6,15183,3150,0.41,3825,0.50,-1800,-0.24,1419462.5,1419.46
1970,Entry long,2015-10-05 15:30,S1 Trend,2530.5,6,15183,3150,0.41,3825,0.50,-1800,-0.24,1419462.5,1419.46
1971,Exit long,2015-10-05 21:00,EOD,2541.5,16,40488,8800,0.43,10800,0.53,-4800,-0.24,1428262.5,1428.26
1971,Entry long,2015-10-05 15:30,S1 Trend,2530.5,16,40488,8800,0.43,10800,0.53,-4800,-0.24,1428262.5,1428.26
1972,Exit long,2015-10-07 16:00,S1 Trail,2537.75,51,130190.25,-38250,-0.59,637.5,0.01,-38250,-0.59,1390012.5,1390.01
1972,Entry long,2015-10-07 15:30,S1 Trend,2552.75,51,130190.25,-38250,-0.59,637.5,0.01,-38250,-0.59,1390012.5,1390.01
1973,Exit long,2015-10-07 18:00,S2 FairVal,2542.75,37,94007.75,3700,0.08,3700,0.08,-13412.5,-0.29,1393712.5,1393.71
1973,Entry long,2015-10-07 17:00,S2 VWAP,2540.75,37,94007.75,3700,0.08,3700,0.08,-13412.5,-0.29,1393712.5,1393.71
1974,Exit long,2015-10-08 21:00,EOD,2569,43,109940.25,26337.5,0.48,34400,0.63,-1075,-0.02,1420050,1420.05
1974,Entry long,2015-10-08 19:30,S1 Trend,2556.75,43,109940.25,26337.5,0.48,34400,0.63,-1075,-0.02,1420050,1420.05
1975,Exit long,2015-10-13 17:30,S1 Trail,2567.5,65,167277.5,-19500,-0.23,17062.5,0.20,-19500,-0.23,1400550,1400.55
1975,Entry long,2015-10-13 15:30,S1 Trend,2573.5,65,167277.5,-19500,-0.23,17062.5,0.20,-19500,-0.23,1400550,1400.55
1976,Exit long,2015-10-15 18:00,S2 FairVal,2563.25,48,122964,3600,0.06,4200,0.07,-3600,-0.06,1404150,1404.15
1976,Entry long,2015-10-15 17:30,S2 VWAP,2561.75,48,122964,3600,0.06,4200,0.07,-3600,-0.06,1404150,1404.15
1977,Exit long,2015-10-15 21:00,EOD,2580.75,47,120731.25,28200,0.47,28787.5,0.48,-3525,-0.06,1432350,1432.35
1977,Entry long,2015-10-15 18:30,S1 Trend,2568.75,47,120731.25,28200,0.47,28787.5,0.48,-3525,-0.06,1432350,1432.35
1978,Exit long,2015-10-16 20:00,S2 FairVal,2584.75,62,160099.5,7750,0.10,12400,0.15,-2325,-0.03,1440100,1440.10
1978,Entry long,2015-10-16 19:30,S2 VWAP,2582.25,62,160099.5,7750,0.10,12400,0.15,-2325,-0.03,1440100,1440.10
1979,Exit long,2015-10-19 21:00,EOD,2590.75,67,173463,5862.5,0.07,6700,0.08,-28475,-0.33,1445962.5,1445.96
1979,Entry long,2015-10-19 17:00,S1 Trend,2589,67,173463,5862.5,0.07,6700,0.08,-28475,-0.33,1445962.5,1445.96
1980,Exit long,2015-10-22 16:00,S1 Climax,2602.75,18,46755,4725,0.20,4950,0.21,-1125,-0.05,1450687.5,1450.69
1980,Entry long,2015-10-22 15:30,S1 Trend,2597.5,18,46755,4725,0.20,4950,0.21,-1125,-0.05,1450687.5,1450.69
1981,Exit long,2015-10-22 16:30,S1 Climax,2601.5,12,31170,2400,0.15,3750,0.24,-750,-0.05,1453087.5,1453.09
1981,Entry long,2015-10-22 15:30,S1 Trend,2597.5,12,31170,2400,0.15,3750,0.24,-750,-0.05,1453087.5,1453.09
1982,Exit long,2015-10-22 17:00,S1 Climax,2604.5,9,23377.5,3150,0.27,4050,0.35,-562.5,-0.05,1456237.5,1456.24
1982,Entry long,2015-10-22 15:30,S1 Trend,2597.5,9,23377.5,3150,0.27,4050,0.35,-562.5,-0.05,1456237.5,1456.24
1983,Exit long,2015-10-22 17:30,S1 Climax,2610.25,6,15585,3825,0.49,3900,0.50,-375,-0.05,1460062.5,1460.06
1983,Entry long,2015-10-22 15:30,S1 Trend,2597.5,6,15585,3825,0.49,3900,0.50,-375,-0.05,1460062.5,1460.06
1984,Exit long,2015-10-22 18:00,S1 Climax,2611,4,10390,2700,0.52,3050,0.59,-250,-0.05,1462762.5,1462.76
1984,Entry long,2015-10-22 15:30,S1 Trend,2597.5,4,10390,2700,0.52,3050,0.59,-250,-0.05,1462762.5,1462.76
1985,Exit long,2015-10-22 18:30,S1 Climax,2609.75,3,7792.5,1837.5,0.47,2287.5,0.59,-187.5,-0.05,1464600,1464.60
1985,Entry long,2015-10-22 15:30,S1 Trend,2597.5,3,7792.5,1837.5,0.47,2287.5,0.59,-187.5,-0.05,1464600,1464.60
1986,Exit long,2015-10-22 19:00,S1 Trail,2600,9,23377.5,1125,0.10,6862.5,0.59,-562.5,-0.05,1465725,1465.73
1986,Entry long,2015-10-22 15:30,S1 Trend,2597.5,9,23377.5,1125,0.10,6862.5,0.59,-562.5,-0.05,1465725,1465.73
1987,Exit short,2015-11-13 17:00,S3 Scalp,2596.25,56,144984,-20300,-0.28,10500,0.14,-20300,-0.28,1445425,1445.43
1987,Entry short,2015-11-13 15:30,S3 Hedge,2589,56,144984,-20300,-0.28,10500,0.14,-20300,-0.28,1445425,1445.43
1988,Exit long,2015-11-16 21:00,EOD,2613,45,117123.75,23062.5,0.39,24187.5,0.41,-562.5,-0.01,1468487.5,1468.49
1988,Entry long,2015-11-16 19:30,S1 Trend,2602.75,45,117123.75,23062.5,0.39,24187.5,0.41,-562.5,-0.01,1468487.5,1468.49
1989,Exit long,2015-11-17 18:00,S1 Trail,2615.25,59,154727.5,-21387.5,-0.28,14750,0.19,-21387.5,-0.28,1447100,1447.10
1989,Entry long,2015-11-17 16:00,S1 Trend,2622.5,59,154727.5,-21387.5,-0.28,14750,0.19,-21387.5,-0.28,1447100,1447.10
1990,Exit long,2015-11-18 21:00,EOD,2644.25,61,160109.75,59475,0.74,66337.5,0.83,-3812.5,-0.05,1506575,1506.58
1990,Entry long,2015-11-18 16:30,S1 Trend,2624.75,61,160109.75,59475,0.74,66337.5,0.83,-3812.5,-0.05,1506575,1506.58
1991,Exit long,2015-11-24 21:00,EOD,2651,50,132275,13750,0.21,25000,0.38,-3125,-0.05,1520325,1520.33
1991,Entry long,2015-11-24 17:00,S1 Trend,2645.5,50,132275,13750,0.21,25000,0.38,-3125,-0.05,1520325,1520.33
1992,Exit long,2015-12-02 19:00,S2 FairVal,2651,80,212620,-27000,-0.25,11000,0.10,-27000,-0.25,1493325,1493.32
1992,Entry long,2015-12-02 17:00,S2 VWAP,2657.75,80,212620,-27000,-0.25,11000,0.10,-27000,-0.25,1493325,1493.32
1993,Exit short,2015-12-03 21:00,EOD,2612.75,35,91533.75,4375,0.10,19687.5,0.43,-1312.5,-0.03,1497700,1497.70
1993,Entry short,2015-12-03 19:00,S3 Hedge,2615.25,35,91533.75,4375,0.10,19687.5,0.43,-1312.5,-0.03,1497700,1497.70
1994,Exit long,2015-12-04 21:00,EOD,2653.25,41,108260.5,26137.5,0.48,33825,0.62,-16400,-0.30,1523837.5,1523.84
1994,Entry long,2015-12-04 16:00,S1 Trend,2640.5,41,108260.5,26137.5,0.48,33825,0.62,-16400,-0.30,1523837.5,1523.84
1995,Exit long,2015-12-09 16:30,S1 Trail,2626.5,44,115929,-18150,-0.31,19800,0.34,-18150,-0.31,1505687.5,1505.69
1995,Entry long,2015-12-09 15:30,S1 Trend,2634.75,44,115929,-18150,-0.31,19800,0.34,-18150,-0.31,1505687.5,1505.69
1996,Exit short,2015-12-11 21:00,EOD,2574.5,34,87677.5,7225,0.16,12750,0.29,-14875,-0.34,1512912.5,1512.91
1996,Entry short,2015-12-11 17:30,S3 Hedge,2578.75,34,87677.5,7225,0.16,12750,0.29,-14875,-0.34,1512912.5,1512.91
1997,Exit long,2015-12-15 21:00,EOD,2608,44,115170,-20900,-0.36,1650,0.03,-26950,-0.47,1492012.5,1492.01
1997,Entry long,2015-12-15 18:00,S1 Trend,2617.5,44,115170,-20900,-0.36,1650,0.03,-26950,-0.47,1492012.5,1492.01
1998,Exit long,2015-12-22 21:00,EOD,2604,48,124692,15000,0.24,23400,0.38,-6600,-0.11,1507012.5,1507.01
1998,Entry long,2015-12-22 18:00,S1 Trend,2597.75,48,124692,15000,0.24,23400,0.38,-6600,-0.11,1507012.5,1507.01
1999,Exit long,2015-12-28 21:00,EOD,2620.75,69,180521.25,15525,0.17,17250,0.19,-2587.5,-0.03,1522537.5,1522.54
1999,Entry long,2015-12-28 19:00,S1 Trend,2616.25,69,180521.25,15525,0.17,17250,0.19,-2587.5,-0.03,1522537.5,1522.54
2000,Exit short,2015-12-31 16:30,S3 Scalp,2618,94,245692.5,-19975,-0.16,17625,0.14,-19975,-0.16,1502562.5,1502.56
2000,Entry short,2015-12-31 15:30,S3 Hedge,2613.75,94,245692.5,-19975,-0.16,17625,0.14,-19975,-0.16,1502562.5,1502.56
2001,Exit short,2016-01-04 18:00,S3 Scalp,2568.25,39,99801,-18037.5,-0.36,11212.5,0.22,-18037.5,-0.36,1484525,1484.53
2001,Entry short,2016-01-04 16:00,S3 Hedge,2559,39,99801,-18037.5,-0.36,11212.5,0.22,-18037.5,-0.36,1484525,1484.53
2002,Exit long,2016-01-14 21:00,EOD,2486,24,59760,-4800,-0.16,12600,0.42,-7200,-0.24,1479725,1479.73
2002,Entry long,2016-01-14 18:30,S1 Trend,2490,24,59760,-4800,-0.16,12600,0.42,-7200,-0.24,1479725,1479.73
2003,Exit short,2016-01-15 19:30,S3 Scalp,2444,24,58302,-17700,-0.61,8400,0.29,-17700,-0.61,1462025,1462.03
2003,Entry short,2016-01-15 17:30,S3 Hedge,2429.25,24,58302,-17700,-0.61,8400,0.29,-17700,-0.61,1462025,1462.03
2004,Exit short,2016-01-19 20:30,S3 Scalp,2451.25,29,70709.25,-18850,-0.53,13050,0.37,-18850,-0.53,1443175,1443.18
2004,Entry short,2016-01-19 19:30,S3 Hedge,2438.25,29,70709.25,-18850,-0.53,13050,0.37,-18850,-0.53,1443175,1443.18
2005,Exit short,2016-01-20 18:30,S3 Scalp,2405.75,29,69331.75,-21750,-0.63,19575,0.56,-21750,-0.63,1421425,1421.43
2005,Entry short,2016-01-20 16:00,S3 Hedge,2390.75,29,69331.75,-21750,-0.63,19575,0.56,-21750,-0.63,1421425,1421.43
2006,Exit long,2016-01-21 21:00,EOD,2434,19,46312.5,-3325,-0.14,17812.5,0.77,-11875,-0.51,1418100,1418.10
2006,Entry long,2016-01-21 16:30,S1 Trend,2437.5,19,46312.5,-3325,-0.14,17812.5,0.77,-11875,-0.51,1418100,1418.10
2007,Exit long,2016-01-22 21:00,EOD,2472.25,35,86441.25,4375,0.10,9625,0.22,-23625,-0.55,1422475,1422.48
2007,Entry long,2016-01-22 15:30,S1 Trend,2469.75,35,86441.25,4375,0.10,9625,0.22,-23625,-0.55,1422475,1422.48
2008,Exit long,2016-01-26 21:00,EOD,2469,35,86161.25,12687.5,0.29,19250,0.45,-3500,-0.08,1435162.5,1435.16
2008,Entry long,2016-01-26 15:30,S1 Trend,2461.75,35,86161.25,12687.5,0.29,19250,0.45,-3500,-0.08,1435162.5,1435.16
2009,Exit long,2016-01-27 19:00,S1 Trail,2463.5,35,86703.75,-24062.5,-0.56,10062.5,0.23,-24062.5,-0.56,1411100,1411.10
2009,Entry long,2016-01-27 17:00,S1 Trend,2477.25,35,86703.75,-24062.5,-0.56,10062.5,0.23,-24062.5,-0.56,1411100,1411.10
2010,Exit long,2016-01-29 21:00,EOD,2504.25,33,81790.5,42487.5,1.04,43725,1.07,-4537.5,-0.11,1453587.5,1453.59
2010,Entry long,2016-01-29 15:30,S1 Trend,2478.5,33,81790.5,42487.5,1.04,43725,1.07,-4537.5,-0.11,1453587.5,1453.59
2011,Exit short,2016-02-02 21:00,EOD,2468.25,40,98950,11000,0.22,23500,0.47,-7500,-0.15,1464587.5,1464.59
2011,Entry short,2016-02-02 17:30,S3 Hedge,2473.75,40,98950,11000,0.22,23500,0.47,-7500,-0.15,1464587.5,1464.59
2012,Exit long,2016-02-04 21:00,EOD,2482.75,29,72326,-16312.5,-0.45,725,0.02,-34437.5,-0.95,1448275,1448.28
2012,Entry long,2016-02-04 16:00,S1 Trend,2494,29,72326,-16312.5,-0.45,725,0.02,-34437.5,-0.95,1448275,1448.28
2013,Exit short,2016-02-05 21:00,EOD,2446.25,29,70839.75,-5075,-0.14,5800,0.16,-7612.5,-0.21,1443200,1443.20
2013,Entry short,2016-02-05 19:30,S3 Hedge,2442.75,29,70839.75,-5075,-0.14,5800,0.16,-7612.5,-0.21,1443200,1443.20
2014,Exit short,2016-02-08 20:30,S3 Scalp,2420.75,30,72247.5,-18750,-0.52,20250,0.56,-18750,-0.52,1424450,1424.45
2014,Entry short,2016-02-08 15:30,S3 Hedge,2408.25,30,72247.5,-18750,-0.52,20250,0.56,-18750,-0.52,1424450,1424.45
2015,Exit long,2016-02-10 20:30,S1 Trail,2420,29,70607.75,-21387.5,-0.61,14137.5,0.40,-21387.5,-0.61,1403062.5,1403.06
2015,Entry long,2016-02-10 16:00,S1 Trend,2434.75,29,70607.75,-21387.5,-0.61,14137.5,0.40,-21387.5,-0.61,1403062.5,1403.06
2016,Exit long,2016-02-12 21:00,EOD,2433.5,32,77632,12000,0.31,12400,0.32,-12000,-0.31,1415062.5,1415.06
2016,Entry long,2016-02-12 16:30,S1 Trend,2426,32,77632,12000,0.31,12400,0.32,-12000,-0.31,1415062.5,1415.06
2017,Exit long,2016-02-16 21:00,EOD,2464.5,44,108141,14850,0.27,15950,0.29,-4400,-0.08,1429912.5,1429.91
2017,Entry long,2016-02-16 17:30,S1 Trend,2457.75,44,108141,14850,0.27,15950,0.29,-4400,-0.08,1429912.5,1429.91
2018,Exit long,2016-02-17 16:00,S1 Climax,2492.5,15,37368.75,937.5,0.05,1875,0.10,-2250,-0.12,1430850,1430.85
2018,Entry long,2016-02-17 15:30,S1 Trend,2491.25,15,37368.75,937.5,0.05,1875,0.10,-2250,-0.12,1430850,1430.85
2019,Exit long,2016-02-17 16:30,S1 Climax,2492.25,10,24912.5,500,0.04,1375,0.11,-1500,-0.12,1431350,1431.35
2019,Entry long,2016-02-17 15:30,S1 Trend,2491.25,10,24912.5,500,0.04,1375,0.11,-1500,-0.12,1431350,1431.35
2020,Exit long,2016-02-17 17:00,S1 Climax,2492,7,17438.75,262.5,0.03,962.5,0.11,-1050,-0.12,1431612.5,1431.61
2020,Entry long,2016-02-17 15:30,S1 Trend,2491.25,7,17438.75,262.5,0.03,962.5,0.11,-1050,-0.12,1431612.5,1431.61
2021,Exit long,2016-02-17 17:30,S1 Climax,2494.5,5,12456.25,812.5,0.13,1125,0.18,-750,-0.12,1432425,1432.43
2021,Entry long,2016-02-17 15:30,S1 Trend,2491.25,5,12456.25,812.5,0.13,1125,0.18,-750,-0.12,1432425,1432.43
2022,Exit long,2016-02-17 18:00,S1 Climax,2495.75,3,7473.75,675,0.18,937.5,0.25,-450,-0.12,1433100,1433.10
2022,Entry long,2016-02-17 15:30,S1 Trend,2491.25,3,7473.75,675,0.18,937.5,0.25,-450,-0.12,1433100,1433.10
2023,Exit long,2016-02-17 18:30,S1 Climax,2496.5,3,7473.75,787.5,0.21,937.5,0.25,-450,-0.12,1433887.5,1433.89
2023,Entry long,2016-02-17 15:30,S1 Trend,2491.25,3,7473.75,787.5,0.21,937.5,0.25,-450,-0.12,1433887.5,1433.89
2024,Exit long,2016-02-17 21:00,EOD,2496,7,17438.75,1662.5,0.19,3150,0.36,-1050,-0.12,1435550,1435.55
2024,Entry long,2016-02-17 15:30,S1 Trend,2491.25,7,17438.75,1662.5,0.19,3150,0.36,-1050,-0.12,1435550,1435.55
2025,Exit long,2016-02-22 21:00,EOD,2514.75,60,150765,6000,0.08,12000,0.16,-12000,-0.16,1441550,1441.55
2025,Entry long,2016-02-22 15:30,S1 Trend,2512.75,60,150765,6000,0.08,12000,0.16,-12000,-0.16,1441550,1441.55
2026,Exit long,2016-02-24 21:00,EOD,2498.75,36,89676,13950,0.31,20250,0.45,-2700,-0.06,1455500,1455.50
2026,Entry long,2016-02-24 19:30,S1 Trend,2491,36,89676,13950,0.31,20250,0.45,-2700,-0.06,1455500,1455.50
2027,Exit long,2016-02-25 21:00,EOD,2522.25,44,110583,19800,0.36,20350,0.37,-6600,-0.12,1475300,1475.30
2027,Entry long,2016-02-25 19:00,S1 Trend,2513.25,44,110583,19800,0.36,20350,0.37,-6600,-0.12,1475300,1475.30
2028,Exit long,2016-02-29 19:00,S1 Trail,2514,48,121080,-20400,-0.34,16200,0.27,-20400,-0.34,1454900,1454.90
2028,Entry long,2016-02-29 16:30,S1 Trend,2522.5,48,121080,-20400,-0.34,16200,0.27,-20400,-0.34,1454900,1454.90
2029,Exit long,2016-03-01 20:00,S1 Climax,2546.5,14,35360.5,14525,0.82,14700,0.83,-1575,-0.09,1469425,1469.43
2029,Entry long,2016-03-01 15:30,S1 Trend,2525.75,14,35360.5,14525,0.82,14700,0.83,-1575,-0.09,1469425,1469.43
2030,Exit long,2016-03-01 21:00,EOD,2548.5,34,85875.5,38675,0.90,39100,0.91,-3825,-0.09,1508100,1508.10
2030,Entry long,2016-03-01 15:30,S1 Trend,2525.75,34,85875.5,38675,0.90,39100,0.91,-3825,-0.09,1508100,1508.10
2031,Exit long,2016-03-03 21:00,EOD,2564.5,63,161169.75,19687.5,0.24,20475,0.25,-6300,-0.08,1527787.5,1527.79
2031,Entry long,2016-03-03 19:00,S1 Trend,2558.25,63,161169.75,19687.5,0.24,20475,0.25,-6300,-0.08,1527787.5,1527.79
2032,Exit long,2016-03-04 19:30,S1 Trail,2566.25,52,133744,-14950,-0.22,22100,0.33,-14950,-0.22,1512837.5,1512.84
2032,Entry long,2016-03-04 16:30,S1 Trend,2572,52,133744,-14950,-0.22,22100,0.33,-14950,-0.22,1512837.5,1512.84
2033,Exit long,2016-03-07 19:00,S1 Trail,2564.75,66,169273.5,0,0.00,42075,0.50,-1650,-0.02,1512837.5,1512.84
2033,Entry long,2016-03-07 15:30,S1 Trend,2564.75,66,169273.5,0,0.00,42075,0.50,-1650,-0.02,1512837.5,1512.84
2034,Exit long,2016-03-11 21:00,EOD,2594.25,58,149930,26825,0.36,29725,0.40,-1450,-0.02,1539662.5,1539.66
2034,Entry long,2016-03-11 16:00,S1 Trend,2585,58,149930,26825,0.36,29725,0.40,-1450,-0.02,1539662.5,1539.66
2035,Exit long,2016-03-16 20:00,EOD,2601.25,59,153311.5,8112.5,0.11,19912.5,0.26,-11800,-0.15,1547775,1547.78
2035,Entry long,2016-03-16 18:30,S1 Trend,2598.5,59,153311.5,8112.5,0.11,19912.5,0.26,-11800,-0.15,1547775,1547.78
2036,Exit long,2016-03-17 20:00,EOD,2613.5,53,138091.5,21200,0.31,36437.5,0.53,-3975,-0.06,1568975,1568.98
2036,Entry long,2016-03-17 15:00,S1 Trend,2605.5,53,138091.5,21200,0.31,36437.5,0.53,-3975,-0.06,1568975,1568.98
2037,Exit long,2016-03-21 20:00,EOD,2624.25,68,178517,-3400,-0.04,5950,0.07,-11050,-0.12,1565575,1565.58
2037,Entry long,2016-03-21 17:30,S1 Trend,2625.25,68,178517,-3400,-0.04,5950,0.07,-11050,-0.12,1565575,1565.58
2038,Exit long,2016-03-22 20:00,EOD,2623.75,67,175724.25,3350,0.04,24287.5,0.28,-8375,-0.10,1568925,1568.93
2038,Entry long,2016-03-22 15:00,S1 Trend,2622.75,67,175724.25,3350,0.04,24287.5,0.28,-8375,-0.10,1568925,1568.93
2039,Exit long,2016-03-29 20:30,S1 Climax,2629.75,21,54983.25,12075,0.44,12337.5,0.45,-2362.5,-0.09,1581000,1581.00
2039,Entry long,2016-03-29 17:30,S1 Trend,2618.25,21,54983.25,12075,0.44,12337.5,0.45,-2362.5,-0.09,1581000,1581.00
2040,Exit long,2016-03-29 21:00,EOD,2629.25,50,130912.5,27500,0.42,29375,0.45,-5625,-0.09,1608500,1608.50
2040,Entry long,2016-03-29 17:30,S1 Trend,2618.25,50,130912.5,27500,0.42,29375,0.45,-5625,-0.09,1608500,1608.50
2041,Exit long,2016-03-30 19:30,S2 FairVal,2640.5,75,197850,9375,0.09,9375,0.09,-2812.5,-0.03,1617875,1617.88
2041,Entry long,2016-03-30 19:00,S2 VWAP,2638,75,197850,9375,0.09,9375,0.09,-2812.5,-0.03,1617875,1617.88
2042,Exit long,2016-04-01 21:00,EOD,2647,60,158205,30750,0.39,38250,0.48,-11250,-0.14,1648625,1648.62
2042,Entry long,2016-04-01 16:00,S1 Trend,2636.75,60,158205,30750,0.39,38250,0.48,-11250,-0.14,1648625,1648.62
2043,Exit long,2016-04-04 17:00,S2 FairVal,2646.5,84,221907,19950,0.18,19950,0.18,-3150,-0.03,1668575,1668.57
2043,Entry long,2016-04-04 16:30,S2 VWAP,2641.75,84,221907,19950,0.18,19950,0.18,-3150,-0.03,1668575,1668.57
2044,Exit long,2016-04-06 21:00,EOD,2642,69,181625.25,33637.5,0.37,37087.5,0.41,-13800,-0.15,1702212.5,1702.21
2044,Entry long,2016-04-06 16:30,S1 Trend,2632.25,69,181625.25,33637.5,0.37,37087.5,0.41,-13800,-0.15,1702212.5,1702.21
2045,Exit long,2016-04-08 16:30,S1 Trail,2623.5,73,192263.75,-37412.5,-0.39,3650,0.04,-37412.5,-0.39,1664800,1664.80
2045,Entry long,2016-04-08 15:30,S1 Trend,2633.75,73,192263.75,-37412.5,-0.39,3650,0.04,-37412.5,-0.39,1664800,1664.80
2046,Exit long,2016-04-11 20:00,S1 Trail,2623.75,67,176612,-41037.5,-0.46,2512.5,0.03,-41037.5,-0.46,1623762.5,1623.76
2046,Entry long,2016-04-11 15:30,S1 Trend,2636,67,176612,-41037.5,-0.46,2512.5,0.03,-41037.5,-0.46,1623762.5,1623.76
2047,Exit long,2016-04-12 21:00,EOD,2637.75,57,149810.25,27075,0.36,36337.5,0.49,-4275,-0.06,1650837.5,1650.84
2047,Entry long,2016-04-12 16:00,S1 Trend,2628.25,57,149810.25,27075,0.36,36337.5,0.49,-4275,-0.06,1650837.5,1650.84
2048,Exit long,2016-04-15 20:00,S2 FairVal,2657,115,305296.25,12937.5,0.08,12937.5,0.08,-2875,-0.02,1663775,1663.78
2048,Entry long,2016-04-15 19:30,S2 VWAP,2654.75,115,305296.25,12937.5,0.08,12937.5,0.08,-2875,-0.02,1663775,1663.78
2049,Exit long,2016-04-18 21:00,EOD,2671,73,194417.25,28287.5,0.29,29200,0.30,-912.5,-0.01,1692062.5,1692.06
2049,Entry long,2016-04-18 15:30,S1 Trend,2663.25,73,194417.25,28287.5,0.29,29200,0.30,-912.5,-0.01,1692062.5,1692.06
2050,Exit long,2016-04-19 19:00,S2 FairVal,2675.75,85,227077.5,18062.5,0.16,18062.5,0.16,-3187.5,-0.03,1710125,1710.13
2050,Entry long,2016-04-19 18:00,S2 VWAP,2671.5,85,227077.5,18062.5,0.16,18062.5,0.16,-3187.5,-0.03,1710125,1710.13
2051,Exit long,2016-04-27 21:00,EOD,2672,72,192222,8100,0.08,24300,0.25,-14400,-0.15,1718225,1718.23
2051,Entry long,2016-04-27 19:30,S1 Trend,2669.75,72,192222,8100,0.08,24300,0.25,-14400,-0.15,1718225,1718.23
2052,Exit long,2016-04-28 19:30,S1 Trail,2664,67,178839.75,-17587.5,-0.20,22612.5,0.25,-17587.5,-0.20,1700637.5,1700.64
2052,Entry long,2016-04-28 15:30,S1 Trend,2669.25,67,178839.75,-17587.5,-0.20,22612.5,0.25,-17587.5,-0.20,1700637.5,1700.64
2053,Exit short,2016-04-29 20:30,S3 Scalp,2641.5,56,147476,-22400,-0.30,14700,0.20,-22400,-0.30,1678237.5,1678.24
2053,Entry short,2016-04-29 16:30,S3 Hedge,2633.5,56,147476,-22400,-0.30,14700,0.20,-22400,-0.30,1678237.5,1678.24
2054,Exit long,2016-05-02 21:00,EOD,2658,74,196414.5,13875,0.14,21275,0.22,-2775,-0.03,1692112.5,1692.11
2054,Entry long,2016-05-02 18:30,S1 Trend,2654.25,74,196414.5,13875,0.14,21275,0.22,-2775,-0.03,1692112.5,1692.11
2055,Exit long,2016-05-06 21:00,EOD,2634.5,60,157980,4500,0.06,6750,0.09,-8250,-0.10,1696612.5,1696.61
2055,Entry long,2016-05-06 19:30,S1 Trend,2633,60,157980,4500,0.06,6750,0.09,-8250,-0.10,1696612.5,1696.61
2056,Exit long,2016-05-10 21:00,EOD,2662,77,204377.25,29837.5,0.29,30800,0.30,-9625,-0.09,1726450,1726.45
2056,Entry long,2016-05-10 16:00,S1 Trend,2654.25,77,204377.25,29837.5,0.29,30800,0.30,-9625,-0.09,1726450,1726.45
2057,Exit short,2016-05-17 21:00,EOD,2626,67,176193.25,12562.5,0.14,35175,0.40,-2512.5,-0.03,1739012.5,1739.01
2057,Entry short,2016-05-17 19:00,S3 Hedge,2629.75,67,176193.25,12562.5,0.14,35175,0.40,-2512.5,-0.03,1739012.5,1739.01
2058,Exit long,2016-05-18 19:00,S1 Trail,2627.25,70,184345,-21875,-0.24,23625,0.26,-22750,-0.25,1717137.5,1717.14
2058,Entry long,2016-05-18 15:30,S1 Trend,2633.5,70,184345,-21875,-0.24,23625,0.26,-22750,-0.25,1717137.5,1717.14
2059,Exit long,2016-06-29 16:30,S1 Climax,2646.25,21,55482,4462.5,0.16,4725,0.17,-1837.5,-0.07,1721600,1721.60
2059,Entry long,2016-06-29 15:30,S1 Trend,2642,21,55482,4462.5,0.16,4725,0.17,-1837.5,-0.07,1721600,1721.60
2060,Exit long,2016-06-29 17:00,S1 Climax,2648,14,36988,4200,0.23,5075,0.27,-1225,-0.07,1725800,1725.80
2060,Entry long,2016-06-29 15:30,S1 Trend,2642,14,36988,4200,0.23,5075,0.27,-1225,-0.07,1725800,1725.80
2061,Exit long,2016-06-29 17:30,S1 Climax,2650.75,10,26420,4375,0.33,4625,0.35,-875,-0.07,1730175,1730.17
2061,Entry long,2016-06-29 15:30,S1 Trend,2642,10,26420,4375,0.33,4625,0.35,-875,-0.07,1730175,1730.17
2062,Exit long,2016-06-29 20:30,S1 Climax,2655.5,7,18494,4725,0.51,4900,0.53,-612.5,-0.07,1734900,1734.90
2062,Entry long,2016-06-29 15:30,S1 Trend,2642,7,18494,4725,0.51,4900,0.53,-612.5,-0.07,1734900,1734.90
2063,Exit long,2016-06-29 21:00,EOD,2653.25,18,47556,10125,0.43,12600,0.53,-1575,-0.07,1745025,1745.03
2063,Entry long,2016-06-29 15:30,S1 Trend,2642,18,47556,10125,0.43,12600,0.53,-1575,-0.07,1745025,1745.03
2064,Exit long,2016-06-30 21:00,EOD,2682.25,63,167926.5,52762.5,0.63,54337.5,0.65,-4725,-0.06,1797787.5,1797.79
2064,Entry long,2016-06-30 16:30,S1 Trend,2665.5,63,167926.5,52762.5,0.63,54337.5,0.65,-4725,-0.06,1797787.5,1797.79
2065,Exit long,2016-07-06 21:00,EOD,2684.75,54,144409.5,28350,0.39,29700,0.41,-675,-0.01,1826137.5,1826.14
2065,Entry long,2016-07-06 17:00,S1 Trend,2674.25,54,144409.5,28350,0.39,29700,0.41,-675,-0.01,1826137.5,1826.14
2066,Exit long,2016-07-07 21:00,EOD,2682.25,73,195603.5,10037.5,0.10,13687.5,0.14,-22812.5,-0.23,1836175,1836.18
2066,Entry long,2016-07-07 18:30,S2 VWAP,2679.5,73,195603.5,10037.5,0.10,13687.5,0.14,-22812.5,-0.23,1836175,1836.18
2067,Exit long,2016-07-08 16:00,S1 Climax,2706.5,22,59471.5,3575,0.12,4125,0.14,-1650,-0.06,1839750,1839.75
2067,Entry long,2016-07-08 15:30,S1 Trend,2703.25,22,59471.5,3575,0.12,4125,0.14,-1650,-0.06,1839750,1839.75
2068,Exit long,2016-07-08 16:30,S1 Climax,2709,15,40548.75,4312.5,0.21,5062.5,0.25,-1125,-0.06,1844062.5,1844.06
2068,Entry long,2016-07-08 15:30,S1 Trend,2703.25,15,40548.75,4312.5,0.21,5062.5,0.25,-1125,-0.06,1844062.5,1844.06
2069,Exit long,2016-07-08 17:00,S1 Climax,2708.75,11,29735.75,3025,0.20,3712.5,0.25,-825,-0.06,1847087.5,1847.09
2069,Entry long,2016-07-08 15:30,S1 Trend,2703.25,11,29735.75,3025,0.20,3712.5,0.25,-825,-0.06,1847087.5,1847.09
2070,Exit long,2016-07-08 18:00,S1 Climax,2709.25,7,18922.75,2100,0.22,2362.5,0.25,-525,-0.06,1849187.5,1849.19
2070,Entry long,2016-07-08 15:30,S1 Trend,2703.25,7,18922.75,2100,0.22,2362.5,0.25,-525,-0.06,1849187.5,1849.19
2071,Exit long,2016-07-08 18:30,S1 Climax,2711,5,13516.25,1937.5,0.29,2000,0.30,-375,-0.06,1851125,1851.13
2071,Entry long,2016-07-08 15:30,S1 Trend,2703.25,5,13516.25,1937.5,0.29,2000,0.30,-375,-0.06,1851125,1851.13
2072,Exit long,2016-07-08 19:00,S1 Climax,2711.25,4,10813,1600,0.30,1800,0.33,-300,-0.06,1852725,1852.73
2072,Entry long,2016-07-08 15:30,S1 Trend,2703.25,4,10813,1600,0.30,1800,0.33,-300,-0.06,1852725,1852.73
2073,Exit long,2016-07-08 19:30,S1 Climax,2713.75,3,8109.75,1575,0.39,1687.5,0.42,-225,-0.06,1854300,1854.30
2073,Entry long,2016-07-08 15:30,S1 Trend,2703.25,3,8109.75,1575,0.39,1687.5,0.42,-225,-0.06,1854300,1854.30
2074,Exit long,2016-07-08 20:00,S1 Climax,2714.75,2,5406.5,1150,0.43,1375,0.51,-150,-0.06,1855450,1855.45
2074,Entry long,2016-07-08 15:30,S1 Trend,2703.25,2,5406.5,1150,0.43,1375,0.51,-150,-0.06,1855450,1855.45
2075,Exit long,2016-07-08 21:00,EOD,2713.75,5,13516.25,2625,0.39,3437.5,0.51,-375,-0.06,1858075,1858.07
2075,Entry long,2016-07-08 15:30,S1 Trend,2703.25,5,13516.25,2625,0.39,3437.5,0.51,-375,-0.06,1858075,1858.07
2076,Exit long,2016-07-14 20:00,S2 FairVal,2750.25,84,230643,18900,0.16,18900,0.16,-3150,-0.03,1876975,1876.98
2076,Entry long,2016-07-14 19:00,S2 VWAP,2745.75,84,230643,18900,0.16,18900,0.16,-3150,-0.03,1876975,1876.98
2077,Exit long,2016-07-15 20:30,S2 FairVal,2748,86,236027,15050,0.13,15050,0.13,-6450,-0.05,1892025,1892.03
2077,Entry long,2016-07-15 18:30,S2 VWAP,2744.5,86,236027,15050,0.13,15050,0.13,-6450,-0.05,1892025,1892.03
2078,Exit long,2016-09-06 04:00,S2 FairVal,2771.25,213,589637.25,31950,0.11,31950,0.11,-5325,-0.02,1923975,1923.98
2078,Entry long,2016-09-05 16:30,S2 VWAP,2768.25,213,589637.25,31950,0.11,31950,0.11,-5325,-0.02,1923975,1923.98
2079,Exit long,2016-09-07 19:00,S2 FairVal,2774,150,415912.5,9375,0.05,9375,0.05,-28125,-0.14,1933350,1933.35
2079,Entry long,2016-09-07 17:00,S2 VWAP,2772.75,150,415912.5,9375,0.05,9375,0.05,-28125,-0.14,1933350,1933.35
2080,Exit short,2016-09-09 18:00,S3 Scalp,2737.25,105,288461.25,52500,0.36,52500,0.36,-2625,-0.02,1985850,1985.85
2080,Entry short,2016-09-09 16:00,S3 Hedge,2747.25,105,288461.25,52500,0.36,52500,0.36,-2625,-0.02,1985850,1985.85
2081,Exit short,2016-09-09 20:30,S3 Scalp,2723,87,238010.25,55462.5,0.47,55462.5,0.47,-1087.5,-0.01,2041312.5,2041.31
2081,Entry short,2016-09-09 18:30,S3 Hedge,2735.75,87,238010.25,55462.5,0.47,55462.5,0.47,-1087.5,-0.01,2041312.5,2041.31
2082,Exit long,2016-09-12 21:00,EOD,2749,51,140046,7650,0.11,21037.5,0.30,0,0.00,2048962.5,2048.96
2082,Entry long,2016-09-12 19:30,S1 Trend,2746,51,140046,7650,0.11,21037.5,0.30,0,0.00,2048962.5,2048.96
2083,Exit short,2016-09-13 18:30,S3 Scalp,2724,72,195390,-36900,-0.38,12600,0.13,-39600,-0.41,2012062.5,2012.06
2083,Entry short,2016-09-13 18:00,S3 Hedge,2713.75,72,195390,-36900,-0.38,12600,0.13,-39600,-0.41,2012062.5,2012.06
2084,Exit long,2016-09-15 21:00,EOD,2738,67,182859.75,29312.5,0.32,44387.5,0.49,-3350,-0.04,2041375,2041.38
2084,Entry long,2016-09-15 16:00,S1 Trend,2729.25,67,182859.75,29312.5,0.32,44387.5,0.49,-3350,-0.04,2041375,2041.38
2085,Exit short,2016-09-19 21:00,EOD,2729,103,281653.5,28325,0.20,45062.5,0.32,-12875,-0.09,2069700,2069.70
2085,Entry short,2016-09-19 17:30,S3 Hedge,2734.5,103,281653.5,28325,0.20,45062.5,0.32,-12875,-0.09,2069700,2069.70
2086,Exit long,2016-09-21 21:00,EOD,2753.25,78,213310.5,72150,0.68,80925,0.76,-2925,-0.03,2141850,2141.85
2086,Entry long,2016-09-21 19:30,S1 Trend,2734.75,78,213310.5,72150,0.68,80925,0.76,-2925,-0.03,2141850,2141.85
2087,Exit long,2016-09-23 20:30,S2 FairVal,2760.5,130,358442.5,21125,0.12,21125,0.12,-6500,-0.04,2162975,2162.98
2087,Entry long,2016-09-23 19:30,S2 VWAP,2757.25,130,358442.5,21125,0.12,21125,0.12,-6500,-0.04,2162975,2162.98
2088,Exit long,2016-09-27 21:00,EOD,2750.75,77,211711.5,4812.5,0.05,9625,0.09,-10587.5,-0.10,2167787.5,2167.79
2088,Entry long,2016-09-27 17:30,S1 Trend,2749.5,77,211711.5,4812.5,0.05,9625,0.09,-10587.5,-0.10,2167787.5,2167.79
2089,Exit long,2016-09-28 21:00,EOD,2762,84,231756,12600,0.11,17850,0.15,-10500,-0.09,2180387.5,2180.39
2089,Entry long,2016-09-28 19:30,S1 Trend,2759,84,231756,12600,0.11,17850,0.15,-10500,-0.09,2180387.5,2180.39
2090,Exit long,2016-09-30 21:00,EOD,2758.5,79,218099.25,-8887.5,-0.08,21725,0.20,-12837.5,-0.12,2171500,2171.50
2090,Entry long,2016-09-30 16:30,S1 Trend,2760.75,79,218099.25,-8887.5,-0.08,21725,0.20,-12837.5,-0.12,2171500,2171.50
2091,Exit short,2016-10-11 20:30,S3 Scalp,2730.75,85,231540,-28687.5,-0.25,18062.5,0.16,-28687.5,-0.25,2142812.5,2142.81
2091,Entry short,2016-10-11 19:00,S3 Hedge,2724,85,231540,-28687.5,-0.25,18062.5,0.16,-28687.5,-0.25,2142812.5,2142.81
2092,Exit long,2016-11-08 21:00,EOD,2734.25,92,251804,-12650,-0.10,10350,0.08,-35650,-0.28,2130162.5,2130.16
2092,Entry long,2016-11-08 18:30,S1 Trend,2737,92,251804,-12650,-0.10,10350,0.08,-35650,-0.28,2130162.5,2130.16
2093,Exit long,2016-11-09 21:00,EOD,2757.5,22,60362.5,15125,0.50,23100,0.77,0,0.00,2145287.5,2145.29
2093,Entry long,2016-11-09 16:30,S1 Trend,2743.75,22,60362.5,15125,0.50,23100,0.77,0,0.00,2145287.5,2145.29
2094,Exit long,2016-11-22 18:00,S2 FairVal,2795.25,153,427290.75,19125,0.09,19125,0.09,-3825,-0.02,2164412.5,2164.41
2094,Entry long,2016-11-22 17:30,S2 VWAP,2792.75,153,427290.75,19125,0.09,19125,0.09,-3825,-0.02,2164412.5,2164.41
2095,Exit long,2016-12-12 17:00,S2 FairVal,2850.5,122,348462.5,-35075,-0.20,9150,0.05,-35075,-0.20,2129337.5,2129.34
2095,Entry long,2016-12-12 16:00,S2 VWAP,2856.25,122,348462.5,-35075,-0.20,9150,0.05,-35075,-0.20,2129337.5,2129.34
2096,Exit long,2016-12-12 21:00,EOD,2855,116,331006,8700,0.05,13050,0.08,-13050,-0.08,2138037.5,2138.04
2096,Entry long,2016-12-12 18:30,S2 VWAP,2853.5,116,331006,8700,0.05,13050,0.08,-13050,-0.08,2138037.5,2138.04
2097,Exit long,2016-12-15 18:30,S1 Trail,2858.5,83,237670.5,-20750,-0.17,32162.5,0.27,-20750,-0.17,2117287.5,2117.29
2097,Entry long,2016-12-15 15:30,S1 Trend,2863.5,83,237670.5,-20750,-0.17,32162.5,0.27,-20750,-0.17,2117287.5,2117.29
2098,Exit long,2016-12-16 18:00,S2 FairVal,2854.5,103,294734.5,-36050,-0.24,3862.5,0.03,-36050,-0.24,2081237.5,2081.24
2098,Entry long,2016-12-16 17:00,S2 VWAP,2861.5,103,294734.5,-36050,-0.24,3862.5,0.03,-36050,-0.24,2081237.5,2081.24
2099,Exit long,2017-01-05 18:00,S2 FairVal,2864.25,114,326239.5,14250,0.09,14250,0.09,-8550,-0.05,2095487.5,2095.49
2099,Entry long,2017-01-05 17:30,S2 VWAP,2861.75,114,326239.5,14250,0.09,14250,0.09,-8550,-0.05,2095487.5,2095.49
2100,Exit long,2017-01-16 16:00,S2 FairVal,2870.75,249,714567.75,12450,0.03,12450,0.03,-6225,-0.02,2107937.5,2107.94
2100,Entry long,2017-01-16 15:30,S2 VWAP,2869.75,249,714567.75,12450,0.03,12450,0.03,-6225,-0.02,2107937.5,2107.94
2101,Exit long,2017-01-20 20:00,S2 FairVal,2870,114,327066,5700,0.03,5700,0.03,-29925,-0.18,2113637.5,2113.64
2101,Entry long,2017-01-20 18:30,S2 VWAP,2869,114,327066,5700,0.03,5700,0.03,-29925,-0.18,2113637.5,2113.64
2102,Exit long,2017-03-02 20:00,S2 FairVal,2985.25,140,418635,-35000,-0.17,8750,0.04,-35000,-0.17,2078637.5,2078.64
2102,Entry long,2017-03-02 17:00,S2 VWAP,2990.25,140,418635,-35000,-0.17,8750,0.04,-35000,-0.17,2078637.5,2078.64
2103,Exit long,2017-03-10 17:30,S2 FairVal,2968.75,112,333144,-32200,-0.19,2800,0.02,-32200,-0.19,2046437.5,2046.44
2103,Entry long,2017-03-10 16:30,S2 VWAP,2974.5,112,333144,-32200,-0.19,2800,0.02,-32200,-0.19,2046437.5,2046.44
2104,Exit long,2017-04-07 21:00,EOD,2959.25,76,225340,-21850,-0.19,9500,0.08,-25650,-0.23,2024587.5,2024.59
2104,Entry long,2017-04-07 18:30,S1 Trend,2965,76,225340,-21850,-0.19,9500,0.08,-25650,-0.23,2024587.5,2024.59
2105,Exit long,2017-04-10 18:30,S2 FairVal,2964.25,91,269701.25,2275,0.02,6825,0.05,-3412.5,-0.03,2026862.5,2026.86
2105,Entry long,2017-04-10 18:00,S2 VWAP,2963.75,91,269701.25,2275,0.02,6825,0.05,-3412.5,-0.03,2026862.5,2026.86
2106,Exit short,2017-04-18 18:30,S3 Scalp,2945,92,270434,-25300,-0.19,11500,0.09,-25300,-0.19,2001562.5,2001.56
2106,Entry short,2017-04-18 17:00,S3 Hedge,2939.5,92,270434,-25300,-0.19,11500,0.09,-25300,-0.19,2001562.5,2001.56
2107,Exit long,2017-05-09 20:30,S2 FairVal,2997.75,152,456304,-32300,-0.14,3800,0.02,-32300,-0.14,1969262.5,1969.26
2107,Entry long,2017-05-09 19:00,S2 VWAP,3002,152,456304,-32300,-0.14,3800,0.02,-32300,-0.14,1969262.5,1969.26
2108,Exit short,2017-05-17 19:30,S3 Scalp,2966.25,92,274160,63250,0.46,63250,0.46,-10350,-0.08,2032512.5,2032.51
2108,Entry short,2017-05-17 15:30,S3 Hedge,2980,92,274160,63250,0.46,63250,0.46,-10350,-0.08,2032512.5,2032.51
2109,Exit short,2017-06-29 20:00,S3 Scalp,3030.25,77,232694,-31762.5,-0.27,42350,0.36,-31762.5,-0.27,2000750,2000.75
2109,Entry short,2017-06-29 18:00,S3 Hedge,3022,77,232694,-31762.5,-0.27,42350,0.36,-31762.5,-0.27,2000750,2000.75
2110,Exit short,2017-07-04 08:00,S3 Scalp,3036,108,327510,-18900,-0.12,13500,0.08,-20250,-0.12,1981850,1981.85
2110,Entry short,2017-07-03 23:00,S3 Hedge,3032.5,108,327510,-18900,-0.12,13500,0.08,-20250,-0.12,1981850,1981.85
2111,Exit short,2017-08-10 19:00,S3 Scalp,3060,91,277959.5,-25025,-0.18,13650,0.10,-25025,-0.18,1956825,1956.82
2111,Entry short,2017-08-10 17:30,S3 Hedge,3054.5,91,277959.5,-25025,-0.18,13650,0.10,-25025,-0.18,1956825,1956.82
2112,Exit long,2017-08-15 19:00,S2 FairVal,3074,115,353193.75,15812.5,0.09,15812.5,0.09,-11500,-0.07,1972637.5,1972.64
2112,Entry long,2017-08-15 16:00,S2 VWAP,3071.25,115,353193.75,15812.5,0.09,15812.5,0.09,-11500,-0.07,1972637.5,1972.64
2113,Exit short,2017-08-17 20:00,S3 Scalp,3044.75,84,256788,51450,0.40,51450,0.40,0,0.00,2024087.5,2024.09
2113,Entry short,2017-08-17 17:30,S3 Hedge,3057,84,256788,51450,0.40,51450,0.40,0,0.00,2024087.5,2024.09
2114,Exit long,2017-10-03 16:30,S2 FairVal,3138.5,230,721682.5,8625,0.02,8625,0.02,-17250,-0.05,2032712.5,2032.71
2114,Entry long,2017-10-03 16:00,S2 VWAP,3137.75,230,721682.5,8625,0.02,8625,0.02,-17250,-0.05,2032712.5,2032.71
2115,Exit long,2017-10-16 18:30,S2 FairVal,3164.5,191,604133,14325,0.05,14325,0.05,-4775,-0.02,2047037.5,2047.04
2115,Entry long,2017-10-16 18:00,S2 VWAP,3163,191,604133,14325,0.05,14325,0.05,-4775,-0.02,2047037.5,2047.04
2116,Exit long,2017-10-30 20:00,EOD,3179.75,134,426086.5,0,0.00,16750,0.08,-16750,-0.08,2047037.5,2047.04
2116,Entry long,2017-10-30 17:00,S2 VWAP,3179.75,134,426086.5,0,0.00,16750,0.08,-16750,-0.08,2047037.5,2047.04
2117,Exit long,2017-11-01 17:00,S2 FairVal,3183.75,139,443201.5,-33012.5,-0.15,3475,0.02,-33012.5,-0.15,2014025,2014.03
2117,Entry long,2017-11-01 16:30,S2 VWAP,3188.5,139,443201.5,-33012.5,-0.15,3475,0.02,-33012.5,-0.15,2014025,2014.03
2118,Exit long,2017-11-07 20:30,S2 FairVal,3197.75,125,399281.25,21875,0.11,21875,0.11,-7812.5,-0.04,2035900,2035.90
2118,Entry long,2017-11-07 17:30,S2 VWAP,3194.25,125,399281.25,21875,0.11,21875,0.11,-7812.5,-0.04,2035900,2035.90
2119,Exit long,2017-11-29 20:30,S2 FairVal,3236.5,104,336362,11700,0.07,14300,0.09,-11700,-0.07,2047600,2047.60
2119,Entry long,2017-11-29 17:30,S2 VWAP,3234.25,104,336362,11700,0.07,14300,0.09,-11700,-0.07,2047600,2047.60
2120,Exit long,2017-12-04 19:30,S2 FairVal,3257.75,86,280854.5,-34400,-0.24,10750,0.08,-34400,-0.24,2013200,2013.20
2120,Entry long,2017-12-04 16:30,S2 VWAP,3265.75,86,280854.5,-34400,-0.24,10750,0.08,-34400,-0.24,2013200,2013.20
2121,Exit long,2018-01-16 18:30,S2 FairVal,3393.75,87,295908.75,-32625,-0.22,1087.5,0.01,-32625,-0.22,1980575,1980.58
2121,Entry long,2018-01-16 17:30,S2 VWAP,3401.25,87,295908.75,-32625,-0.22,1087.5,0.01,-32625,-0.22,1980575,1980.58
2122,Exit long,2018-01-24 19:00,S2 FairVal,3449.5,66,227023.5,32175,0.28,32175,0.28,0,0.00,2012750,2012.75
2122,Entry long,2018-01-24 18:30,S2 VWAP,3439.75,66,227023.5,32175,0.28,32175,0.28,0,0.00,2012750,2012.75
2123,Exit long,2018-01-29 17:30,S2 FairVal,3472.75,76,263549,19000,0.14,19950,0.15,-4750,-0.04,2031750,2031.75
2123,Entry long,2018-01-29 16:30,S2 VWAP,3467.75,76,263549,19000,0.14,19950,0.15,-4750,-0.04,2031750,2031.75
2124,Exit short,2018-02-02 20:30,S3 Scalp,3367.25,48,162744,55800,0.69,55800,0.69,-600,-0.01,2087550,2087.55
2124,Entry short,2018-02-02 19:00,S3 Hedge,3390.5,48,162744,55800,0.69,55800,0.69,-600,-0.01,2087550,2087.55
2125,Exit long,2018-02-07 18:00,S1 Trail,3298.25,28,92799,-22400,-0.48,28000,0.60,-22400,-0.48,2065150,2065.15
2125,Entry long,2018-02-07 15:30,S1 Trend,3314.25,28,92799,-22400,-0.48,28000,0.60,-22400,-0.48,2065150,2065.15
2126,Exit long,2018-02-12 21:00,EOD,3261.25,28,91420,-5250,-0.11,19600,0.43,-16450,-0.36,2059900,2059.90
2126,Entry long,2018-02-12 17:30,S1 Trend,3265,28,91420,-5250,-0.11,19600,0.43,-16450,-0.36,2059900,2059.90
2127,Exit long,2018-02-13 21:00,EOD,3269.25,41,133895.75,7175,0.11,18962.5,0.28,-2562.5,-0.04,2067075,2067.08
2127,Entry long,2018-02-13 18:30,S1 Trend,3265.75,41,133895.75,7175,0.11,18962.5,0.28,-2562.5,-0.04,2067075,2067.08
2128,Exit long,2018-02-14 21:00,EOD,3306.25,33,108198.75,45375,0.84,50325,0.93,-7012.5,-0.13,2112450,2112.45
2128,Entry long,2018-02-14 16:00,S1 Trend,3278.75,33,108198.75,45375,0.84,50325,0.93,-7012.5,-0.13,2112450,2112.45
2129,Exit long,2018-02-15 17:00,S2 FairVal,3315.5,44,145805,3850,0.05,9350,0.13,-9350,-0.13,2116300,2116.30
2129,Entry long,2018-02-15 16:30,S2 VWAP,3313.75,44,145805,3850,0.05,9350,0.13,-9350,-0.13,2116300,2116.30
2130,Exit long,2018-02-15 21:00,EOD,3339.25,45,149523.75,37125,0.50,37125,0.50,-6750,-0.09,2153425,2153.43
2130,Entry long,2018-02-15 18:30,S1 Trend,3322.75,45,149523.75,37125,0.50,37125,0.50,-6750,-0.09,2153425,2153.43
2131,Exit long,2018-02-16 18:00,S1 Trail,3342.75,56,187544,-17500,-0.19,37100,0.40,-17500,-0.19,2135925,2135.92
2131,Entry long,2018-02-16 16:30,S1 Trend,3349,56,187544,-17500,-0.19,37100,0.40,-17500,-0.19,2135925,2135.92
2132,Exit long,2018-02-19 17:30,S2 FairVal,3340.25,87,289688.25,45675,0.32,45675,0.32,-11962.5,-0.08,2181600,2181.60
2132,Entry long,2018-02-19 16:00,S2 VWAP,3329.75,87,289688.25,45675,0.32,45675,0.32,-11962.5,-0.08,2181600,2181.60
2133,Exit long,2018-02-20 19:30,S1 Trail,3327,55,183741.25,-37812.5,-0.41,12375,0.13,-37812.5,-0.41,2143787.5,2143.79
2133,Entry long,2018-02-20 16:30,S1 Trend,3340.75,55,183741.25,-37812.5,-0.41,12375,0.13,-37812.5,-0.41,2143787.5,2143.79
2134,Exit long,2018-02-21 19:30,S1 Trail,3336.75,64,213840,-14400,-0.13,44800,0.42,-23200,-0.22,2129387.5,2129.39
2134,Entry long,2018-02-21 16:00,S1 Trend,3341.25,64,213840,-14400,-0.13,44800,0.42,-23200,-0.22,2129387.5,2129.39
2135,Exit long,2018-02-22 18:30,S1 Trail,3317.5,50,166262.5,-19375,-0.23,33125,0.40,-19375,-0.23,2110012.5,2110.01
2135,Entry long,2018-02-22 16:00,S1 Trend,3325.25,50,166262.5,-19375,-0.23,33125,0.40,-19375,-0.23,2110012.5,2110.01
2136,Exit long,2018-02-23 21:00,EOD,3354.75,61,203145.25,74725,0.74,75487.5,0.74,-3812.5,-0.04,2184737.5,2184.74
2136,Entry long,2018-02-23 16:30,S1 Trend,3330.25,61,203145.25,74725,0.74,75487.5,0.74,-3812.5,-0.04,2184737.5,2184.74
2137,Exit long,2018-02-26 21:00,EOD,3387,68,229602,35700,0.31,39100,0.34,-11900,-0.10,2220437.5,2220.44
2137,Entry long,2018-02-26 17:30,S1 Trend,3376.5,68,229602,35700,0.31,39100,0.34,-11900,-0.10,2220437.5,2220.44
2138,Exit long,2018-02-27 16:00,S1 Trail,3376.75,71,240974,-61237.5,-0.51,3550,0.03,-71887.5,-0.60,2159200,2159.20
2138,Entry long,2018-02-27 15:30,S1 Trend,3394,71,240974,-61237.5,-0.51,3550,0.03,-71887.5,-0.60,2159200,2159.20
2139,Exit long,2018-02-27 20:00,S2 FairVal,3362,53,178994.25,-40412.5,-0.45,13250,0.15,-40412.5,-0.45,2118787.5,2118.79
2139,Entry long,2018-02-27 16:30,S2 VWAP,3377.25,53,178994.25,-40412.5,-0.45,13250,0.15,-40412.5,-0.45,2118787.5,2118.79
2140,Exit long,2018-02-28 16:00,S1 Trail,3350.25,64,215520,-55200,-0.51,3200,0.03,-55200,-0.51,2063587.5,2063.59
2140,Entry long,2018-02-28 15:30,S1 Trend,3367.5,64,215520,-55200,-0.51,3200,0.03,-55200,-0.51,2063587.5,2063.59
2141,Exit long,2018-03-05 21:00,EOD,3328.5,43,142018.25,55362.5,0.78,69875,0.98,-2687.5,-0.04,2118950,2118.95
2141,Entry long,2018-03-05 16:00,S1 Trend,3302.75,43,142018.25,55362.5,0.78,69875,0.98,-2687.5,-0.04,2118950,2118.95
2142,Exit short,2018-03-06 17:30,S3 Scalp,3332.25,54,179415,-26325,-0.29,12825,0.14,-26325,-0.29,2092625,2092.63
2142,Entry short,2018-03-06 16:00,S3 Hedge,3322.5,54,179415,-26325,-0.29,12825,0.14,-26325,-0.29,2092625,2092.63
2143,Exit long,2018-03-07 21:00,EOD,3333.75,43,142942.75,20425,0.29,29025,0.41,-34400,-0.48,2113050,2113.05
2143,Entry long,2018-03-07 15:30,S1 Trend,3324.25,43,142942.75,20425,0.29,29025,0.41,-34400,-0.48,2113050,2113.05
2144,Exit long,2018-03-09 18:30,S1 Climax,3384.25,17,57290,12112.5,0.42,12962.5,0.45,-1275,-0.04,2125162.5,2125.16
2144,Entry long,2018-03-09 15:30,S1 Trend,3370,17,57290,12112.5,0.42,12962.5,0.45,-1275,-0.04,2125162.5,2125.16
2145,Exit long,2018-03-09 19:00,S1 Climax,3385.25,12,40440,9150,0.45,9750,0.48,-900,-0.04,2134312.5,2134.31
2145,Entry long,2018-03-09 15:30,S1 Trend,3370,12,40440,9150,0.45,9750,0.48,-900,-0.04,2134312.5,2134.31
2146,Exit long,2018-03-09 19:30,S1 Climax,3385.25,8,26960,6100,0.45,7400,0.55,-600,-0.04,2140412.5,2140.41
2146,Entry long,2018-03-09 15:30,S1 Trend,3370,8,26960,6100,0.45,7400,0.55,-600,-0.04,2140412.5,2140.41
2147,Exit long,2018-03-09 20:00,S1 Climax,3387.75,6,20220,5325,0.53,5550,0.55,-450,-0.04,2145737.5,2145.74
2147,Entry long,2018-03-09 15:30,S1 Trend,3370,6,20220,5325,0.53,5550,0.55,-450,-0.04,2145737.5,2145.74
2148,Exit long,2018-03-09 20:30,S1 Climax,3387.75,4,13480,3550,0.53,3850,0.57,-300,-0.04,2149287.5,2149.29
2148,Entry long,2018-03-09 15:30,S1 Trend,3370,4,13480,3550,0.53,3850,0.57,-300,-0.04,2149287.5,2149.29
2149,Exit long,2018-03-09 21:00,EOD,3393.75,11,37070,13062.5,0.70,13475,0.73,-825,-0.04,2162350,2162.35
2149,Entry long,2018-03-09 15:30,S1 Trend,3370,11,37070,13062.5,0.70,13475,0.73,-825,-0.04,2162350,2162.35
2150,Exit long,2018-03-12 17:30,S2 FairVal,3396.5,75,254418.75,15937.5,0.13,15937.5,0.13,-7500,-0.06,2178287.5,2178.29
2150,Entry long,2018-03-12 16:00,S2 VWAP,3392.25,75,254418.75,15937.5,0.13,15937.5,0.13,-7500,-0.06,2178287.5,2178.29
2151,Exit long,2018-03-13 18:30,S2 FairVal,3375.75,66,223542,-37125,-0.33,11550,0.10,-37125,-0.33,2141162.5,2141.16
2151,Entry long,2018-03-13 17:00,S2 VWAP,3387,66,223542,-37125,-0.33,11550,0.10,-37125,-0.33,2141162.5,2141.16
2152,Exit short,2018-03-19 16:30,S3 Scalp,3312.75,67,223126.75,58625,0.53,58625,0.53,-6700,-0.06,2199787.5,2199.79
2152,Entry short,2018-03-19 15:00,S3 Hedge,3330.25,67,223126.75,58625,0.53,58625,0.53,-6700,-0.06,2199787.5,2199.79
2153,Exit short,2018-03-19 19:30,S3 Scalp,3316.25,51,168542.25,-29325,-0.35,12750,0.15,-29325,-0.35,2170462.5,2170.46
2153,Entry short,2018-03-19 17:30,S3 Hedge,3304.75,51,168542.25,-29325,-0.35,12750,0.15,-29325,-0.35,2170462.5,2170.46
2154,Exit long,2018-03-21 20:00,EOD,3317.25,62,206677,-50375,-0.49,6975,0.07,-57350,-0.55,2120087.5,2120.09
2154,Entry long,2018-03-21 18:30,S1 Trend,3333.5,62,206677,-50375,-0.49,6975,0.07,-57350,-0.55,2120087.5,2120.09
2155,Exit short,2018-03-22 17:30,S3 Scalp,3294,43,141007.75,-31712.5,-0.45,29025,0.41,-31712.5,-0.45,2088375,2088.38
2155,Entry short,2018-03-22 15:00,S3 Hedge,3279.25,43,141007.75,-31712.5,-0.45,29025,0.41,-31712.5,-0.45,2088375,2088.38
2156,Exit long,2018-03-29 21:00,EOD,3244.25,44,142417,16500,0.23,55550,0.78,-15950,-0.22,2104875,2104.88
2156,Entry long,2018-03-29 16:00,S1 Trend,3236.75,44,142417,16500,0.23,55550,0.78,-15950,-0.22,2104875,2104.88
2157,Exit long,2018-04-04 21:00,EOD,3245.75,34,109021,66725,1.22,77775,1.43,-6375,-0.12,2171600,2171.60
2157,Entry long,2018-04-04 16:30,S1 Trend,3206.5,34,109021,66725,1.22,77775,1.43,-6375,-0.12,2171600,2171.60
2158,Exit long,2018-04-05 18:30,S1 Trail,3254.75,50,163587.5,-42500,-0.52,7500,0.09,-42500,-0.52,2129100,2129.10
2158,Entry long,2018-04-05 16:30,S1 Trend,3271.75,50,163587.5,-42500,-0.52,7500,0.09,-42500,-0.52,2129100,2129.10
2159,Exit long,2018-04-06 18:30,S2 FairVal,3221,34,110202.5,-34425,-0.62,0,0.00,-34425,-0.62,2094675,2094.68
2159,Entry long,2018-04-06 18:00,S2 VWAP,3241.25,34,110202.5,-34425,-0.62,0,0.00,-34425,-0.62,2094675,2094.68
2160,Exit long,2018-04-09 20:00,S1 Trail,3236.5,51,165036,1275,0.02,51637.5,0.63,-7012.5,-0.08,2095950,2095.95
2160,Entry long,2018-04-09 16:00,S1 Trend,3236,51,165036,1275,0.02,51637.5,0.63,-7012.5,-0.08,2095950,2095.95
2161,Exit long,2018-04-10 17:00,S1 Trail,3242.25,46,149845,-35075,-0.47,18400,0.25,-35075,-0.47,2060875,2060.88
2161,Entry long,2018-04-10 16:00,S1 Trend,3257.5,46,149845,-35075,-0.47,18400,0.25,-35075,-0.47,2060875,2060.88
2162,Exit long,2018-04-11 20:00,S1 Trail,3243.5,56,182294,-32900,-0.36,23800,0.26,-35000,-0.38,2027975,2027.98
2162,Entry long,2018-04-11 15:30,S1 Trend,3255.25,56,182294,-32900,-0.36,23800,0.26,-35000,-0.38,2027975,2027.98
2163,Exit long,2018-04-12 21:00,EOD,3266.25,62,202786.5,-13950,-0.14,20925,0.21,-38750,-0.38,2014025,2014.03
2163,Entry long,2018-04-12 15:30,S1 Trend,3270.75,62,202786.5,-13950,-0.14,20925,0.21,-38750,-0.38,2014025,2014.03
2164,Exit short,2018-04-13 17:00,S3 Scalp,3266.75,58,188949.5,-26100,-0.28,12325,0.13,-26100,-0.28,1987925,1987.93
2164,Entry short,2018-04-13 16:00,S3 Hedge,3257.75,58,188949.5,-26100,-0.28,12325,0.13,-26100,-0.28,1987925,1987.93
2165,Exit long,2018-04-16 21:00,EOD,3280.5,64,209824,6400,0.06,35200,0.34,-5600,-0.05,1994325,1994.32
2165,Entry long,2018-04-16 17:30,S1 Trend,3278.5,64,209824,6400,0.06,35200,0.34,-5600,-0.05,1994325,1994.32
2166,Exit long,2018-04-26 21:00,EOD,3268.75,67,218319.5,34337.5,0.31,65325,0.60,-13400,-0.12,2028662.5,2028.66
2166,Entry long,2018-04-26 15:30,S1 Trend,3258.5,67,218319.5,34337.5,0.31,65325,0.60,-13400,-0.12,2028662.5,2028.66
2167,Exit short,2018-05-01 19:00,S3 Scalp,3241.25,63,203348.25,-42525,-0.42,787.5,0.01,-43312.5,-0.43,1986137.5,1986.14
2167,Entry short,2018-05-01 18:30,S3 Hedge,3227.75,63,203348.25,-42525,-0.42,787.5,0.01,-43312.5,-0.43,1986137.5,1986.14
2168,Exit long,2018-05-02 20:00,S1 Trail,3242.5,64,208432,-45600,-0.44,5600,0.05,-45600,-0.44,1940537.5,1940.54
2168,Entry long,2018-05-02 19:30,S1 Trend,3256.75,64,208432,-45600,-0.44,5600,0.05,-45600,-0.44,1940537.5,1940.54
2169,Exit long,2018-05-04 21:00,EOD,3264,44,142604,50600,0.71,68200,0.96,-2750,-0.04,1991137.5,1991.14
2169,Entry long,2018-05-04 15:30,S1 Trend,3241,44,142604,50600,0.71,68200,0.96,-2750,-0.04,1991137.5,1991.14
2170,Exit long,2018-05-08 19:30,S1 Trail,3258.5,71,232312,-47925,-0.41,887.5,0.01,-47925,-0.41,1943212.5,1943.21
2170,Entry long,2018-05-08 16:30,S1 Trend,3272,71,232312,-47925,-0.41,887.5,0.01,-47925,-0.41,1943212.5,1943.21
2171,Exit long,2018-05-09 21:00,EOD,3298.5,68,224009,14450,0.13,28050,0.25,-4250,-0.04,1957662.5,1957.66
2171,Entry long,2018-05-09 18:00,S1 Trend,3294.25,68,224009,14450,0.13,28050,0.25,-4250,-0.04,1957662.5,1957.66
2172,Exit long,2018-05-16 21:00,EOD,3325,71,236181.5,-5325,-0.05,14200,0.12,-23962.5,-0.20,1952337.5,1952.34
2172,Entry long,2018-05-16 17:30,S1 Trend,3326.5,71,236181.5,-5325,-0.05,14200,0.12,-23962.5,-0.20,1952337.5,1952.34
2173,Exit long,2018-05-23 21:00,EOD,3335.25,57,189596.25,25650,0.27,25650,0.27,-7125,-0.08,1977987.5,1977.99
2173,Entry long,2018-05-23 19:30,S1 Trend,3326.25,57,189596.25,25650,0.27,25650,0.27,-7125,-0.08,1977987.5,1977.99
2174,Exit short,2018-05-29 21:00,EOD,3291,53,174330.25,-4637.5,-0.05,31137.5,0.36,-12587.5,-0.14,1973350,1973.35
2174,Entry short,2018-05-29 17:00,S3 Hedge,3289.25,53,174330.25,-4637.5,-0.05,31137.5,0.36,-12587.5,-0.14,1973350,1973.35
2175,Exit long,2018-05-30 21:00,EOD,3326.5,62,205700.5,27125,0.26,43400,0.42,-7750,-0.08,2000475,2000.48
2175,Entry long,2018-05-30 16:00,S1 Trend,3317.75,62,205700.5,27125,0.26,43400,0.42,-7750,-0.08,2000475,2000.48
2176,Exit long,2018-06-05 18:00,S2 FairVal,3349.25,90,301095,16875,0.11,16875,0.11,-9000,-0.06,2017350,2017.35
2176,Entry long,2018-06-05 17:30,S2 VWAP,3345.5,90,301095,16875,0.11,16875,0.11,-9000,-0.06,2017350,2017.35
2177,Exit long,2018-06-07 20:00,S2 FairVal,3373.25,69,232495.5,12937.5,0.11,12937.5,0.11,-3450,-0.03,2030287.5,2030.29
2177,Entry long,2018-06-07 19:30,S2 VWAP,3369.5,69,232495.5,12937.5,0.11,12937.5,0.11,-3450,-0.03,2030287.5,2030.29
2178,Exit long,2018-06-15 21:00,EOD,3383.5,65,219943.75,-812.5,-0.01,8125,0.07,-15437.5,-0.14,2029475,2029.48
2178,Entry long,2018-06-15 19:30,S1 Trend,3383.75,65,219943.75,-812.5,-0.01,8125,0.07,-15437.5,-0.14,2029475,2029.48
2179,Exit short,2018-06-25 17:00,S3 Scalp,3307.25,63,209475,55912.5,0.53,55912.5,0.53,-16537.5,-0.16,2085387.5,2085.39
2179,Entry short,2018-06-25 15:30,S3 Hedge,3325,63,209475,55912.5,0.53,55912.5,0.53,-16537.5,-0.16,2085387.5,2085.39
2180,Exit long,2018-06-27 17:30,S1 Trail,3327.5,51,170352.75,-32512.5,-0.38,16575,0.19,-32512.5,-0.38,2052875,2052.88
2180,Entry long,2018-06-27 15:30,S1 Trend,3340.25,51,170352.75,-32512.5,-0.38,16575,0.19,-32512.5,-0.38,2052875,2052.88
2181,Exit long,2018-06-29 20:30,S1 Trail,3328.5,64,213440,-20800,-0.19,29600,0.28,-20800,-0.19,2032075,2032.08
2181,Entry long,2018-06-29 15:30,S1 Trend,3335,64,213440,-20800,-0.19,29600,0.28,-20800,-0.19,2032075,2032.08
2182,Exit long,2018-07-02 21:00,EOD,3326,53,175920.25,17887.5,0.20,21200,0.24,-16562.5,-0.19,2049962.5,2049.96
2182,Entry long,2018-07-02 19:30,S1 Trend,3319.25,53,175920.25,17887.5,0.20,21200,0.24,-16562.5,-0.19,2049962.5,2049.96
2183,Exit long,2018-07-05 21:00,EOD,3337.75,68,226695,13600,0.12,15300,0.13,-34000,-0.30,2063562.5,2063.56
2183,Entry long,2018-07-05 18:30,S1 Trend,3333.75,68,226695,13600,0.12,15300,0.13,-34000,-0.30,2063562.5,2063.56
2184,Exit long,2018-07-06 21:00,EOD,3360.5,69,230874,50025,0.43,65550,0.57,-8625,-0.07,2113587.5,2113.59
2184,Entry long,2018-07-06 15:30,S1 Trend,3346,69,230874,50025,0.43,65550,0.57,-8625,-0.07,2113587.5,2113.59
2185,Exit long,2018-07-11 19:00,S1 Trail,3371.5,73,246977.25,-42887.5,-0.35,10037.5,0.08,-42887.5,-0.35,2070700,2070.70
2185,Entry long,2018-07-11 16:00,S1 Trend,3383.25,73,246977.25,-42887.5,-0.35,10037.5,0.08,-42887.5,-0.35,2070700,2070.70
2186,Exit long,2018-07-27 17:00,S2 FairVal,3427.25,115,394881.25,-37375,-0.19,14375,0.07,-37375,-0.19,2033325,2033.33
2186,Entry long,2018-07-27 15:30,S2 VWAP,3433.75,115,394881.25,-37375,-0.19,14375,0.07,-37375,-0.19,2033325,2033.33
2187,Exit long,2018-08-02 21:00,EOD,3425.75,71,242429.5,39937.5,0.33,48812.5,0.40,-7987.5,-0.07,2073262.5,2073.26
2187,Entry long,2018-08-02 17:00,S1 Trend,3414.5,71,242429.5,39937.5,0.33,48812.5,0.40,-7987.5,-0.07,2073262.5,2073.26
2188,Exit long,2018-08-28 18:30,S2 FairVal,3498.75,123,429946.5,19987.5,0.09,19987.5,0.09,-4612.5,-0.02,2093250,2093.25
2188,Entry long,2018-08-28 17:30,S2 VWAP,3495.5,123,429946.5,19987.5,0.09,19987.5,0.09,-4612.5,-0.02,2093250,2093.25
2189,Exit long,2018-08-30 17:30,S2 FairVal,3507.25,109,382017.75,13625,0.07,13625,0.07,-5450,-0.03,2106875,2106.88
2189,Entry long,2018-08-30 17:00,S2 VWAP,3504.75,109,382017.75,13625,0.07,13625,0.07,-5450,-0.03,2106875,2106.88
2190,Exit long,2018-09-14 20:00,S2 FairVal,3504,106,370841,29150,0.16,29150,0.16,-15900,-0.09,2136025,2136.03
2190,Entry long,2018-09-14 18:00,S2 VWAP,3498.5,106,370841,29150,0.16,29150,0.16,-15900,-0.09,2136025,2136.03
2191,Exit long,2018-10-09 17:30,S1 Trail,3478.25,69,240827.25,-41400,-0.34,12075,0.10,-41400,-0.34,2094625,2094.63
2191,Entry long,2018-10-09 15:30,S1 Trend,3490.25,69,240827.25,-41400,-0.34,12075,0.10,-41400,-0.34,2094625,2094.63
2192,Exit short,2018-10-10 20:30,S3 Scalp,3397,39,133565.25,54112.5,0.81,54112.5,0.81,-6825,-0.10,2148737.5,2148.74
2192,Entry short,2018-10-10 19:30,S3 Hedge,3424.75,39,133565.25,54112.5,0.81,54112.5,0.81,-6825,-0.10,2148737.5,2148.74
2193,Exit long,2018-10-16 18:30,S1 Climax,3393,20,67405,22750,0.68,22750,0.68,-2000,-0.06,2171487.5,2171.49
2193,Entry long,2018-10-16 15:30,S1 Trend,3370.25,20,67405,22750,0.68,22750,0.68,-2000,-0.06,2171487.5,2171.49
2194,Exit long,2018-10-16 19:00,S1 Climax,3395.5,14,47183.5,17675,0.75,20300,0.86,-1400,-0.06,2189162.5,2189.16
2194,Entry long,2018-10-16 15:30,S1 Trend,3370.25,14,47183.5,17675,0.75,20300,0.86,-1400,-0.06,2189162.5,2189.16
2195,Exit long,2018-10-16 19:30,S1 Climax,3400.25,10,33702.5,15000,0.89,15250,0.90,-1000,-0.06,2204162.5,2204.16
2195,Entry long,2018-10-16 15:30,S1 Trend,3370.25,10,33702.5,15000,0.89,15250,0.90,-1000,-0.06,2204162.5,2204.16
2196,Exit long,2018-10-16 21:00,EOD,3404.75,24,80886,41400,1.02,47700,1.18,-2400,-0.06,2245562.5,2245.56
2196,Entry long,2018-10-16 15:30,S1 Trend,3370.25,24,80886,41400,1.02,47700,1.18,-2400,-0.06,2245562.5,2245.56
2197,Exit long,2018-10-17 21:00,EOD,3405.75,49,166906.25,-1225,-0.01,16537.5,0.20,-31850,-0.38,2244337.5,2244.34
2197,Entry long,2018-10-17 17:30,S1 Trend,3406.25,49,166906.25,-1225,-0.01,16537.5,0.20,-31850,-0.38,2244337.5,2244.34
2198,Exit long,2018-10-19 17:00,S1 Trail,3373,58,196431.5,-39875,-0.41,14500,0.15,-39875,-0.41,2204462.5,2204.46
2198,Entry long,2018-10-19 15:30,S1 Trend,3386.75,58,196431.5,-39875,-0.41,14500,0.15,-39875,-0.41,2204462.5,2204.46
2199,Exit short,2018-10-23 16:00,S3 Scalp,3308.25,40,131780,-27500,-0.42,14500,0.22,-27500,-0.42,2176962.5,2176.96
2199,Entry short,2018-10-23 15:30,S3 Hedge,3294.5,40,131780,-27500,-0.42,14500,0.22,-27500,-0.42,2176962.5,2176.96
2200,Exit long,2018-10-29 16:00,S1 Trail,3271.5,41,135125.75,-49712.5,-0.74,4100,0.06,-49712.5,-0.74,2127250,2127.25
2200,Entry long,2018-10-29 14:30,S1 Trend,3295.75,41,135125.75,-49712.5,-0.74,4100,0.06,-49712.5,-0.74,2127250,2127.25
2201,Exit long,2018-10-31 16:00,S1 Trail,3302,49,162606.5,-40425,-0.50,11025,0.14,-40425,-0.50,2086825,2086.82
2201,Entry long,2018-10-31 14:30,S1 Trend,3318.5,49,162606.5,-40425,-0.50,11025,0.14,-40425,-0.50,2086825,2086.82
2202,Exit long,2018-10-31 19:30,S1 Trail,3305,40,132840,-32000,-0.48,20000,0.30,-32000,-0.48,2054825,2054.82
2202,Entry long,2018-10-31 17:30,S1 Trend,3321,40,132840,-32000,-0.48,20000,0.30,-32000,-0.48,2054825,2054.82
2203,Exit long,2018-11-01 20:00,EOD,3332.5,45,149580,19125,0.26,24750,0.33,-12937.5,-0.17,2073950,2073.95
2203,Entry long,2018-11-01 15:00,S1 Trend,3324,45,149580,19125,0.26,24750,0.33,-12937.5,-0.17,2073950,2073.95
2204,Exit long,2018-11-05 21:00,EOD,3331.75,57,189297,30637.5,0.32,47025,0.50,-8550,-0.09,2104587.5,2104.59
2204,Entry long,2018-11-05 16:30,S1 Trend,3321,57,189297,30637.5,0.32,47025,0.50,-8550,-0.09,2104587.5,2104.59
2205,Exit long,2018-11-06 21:00,EOD,3348.25,64,214032,12800,0.12,19200,0.18,-40800,-0.38,2117387.5,2117.39
2205,Entry long,2018-11-06 18:00,S1 Trend,3344.25,64,214032,12800,0.12,19200,0.18,-40800,-0.38,2117387.5,2117.39
2206,Exit long,2018-11-07 21:00,EOD,3406.75,47,159001,55812.5,0.70,60512.5,0.76,-5287.5,-0.07,2173200,2173.20
2206,Entry long,2018-11-07 16:00,S1 Trend,3383,47,159001,55812.5,0.70,60512.5,0.76,-5287.5,-0.07,2173200,2173.20
2207,Exit long,2018-11-08 19:00,S1 Trail,3395.5,76,258894,-41800,-0.32,9500,0.07,-41800,-0.32,2131400,2131.40
2207,Entry long,2018-11-08 17:00,S1 Trend,3406.5,76,258894,-41800,-0.32,9500,0.07,-41800,-0.32,2131400,2131.40
2208,Exit short,2018-11-09 19:30,S3 Scalp,3374,52,174928,-26000,-0.30,14950,0.17,-26000,-0.30,2105400,2105.40
2208,Entry short,2018-11-09 19:00,S3 Hedge,3364,52,174928,-26000,-0.30,14950,0.17,-26000,-0.30,2105400,2105.40
2209,Exit long,2018-11-15 21:00,EOD,3325.25,27,89633.25,7425,0.17,14512.5,0.32,-19575,-0.44,2112825,2112.83
2209,Entry long,2018-11-15 19:00,S1 Trend,3319.75,27,89633.25,7425,0.17,14512.5,0.32,-19575,-0.44,2112825,2112.83
2210,Exit long,2018-11-16 21:00,EOD,3331.5,43,143082.5,8600,0.12,32250,0.45,-26875,-0.38,2121425,2121.43
2210,Entry long,2018-11-16 16:00,S1 Trend,3327.5,43,143082.5,8600,0.12,32250,0.45,-26875,-0.38,2121425,2121.43
2211,Exit long,2018-11-26 17:30,S1 Trail,3248.5,66,215176.5,-38775,-0.36,14025,0.13,-38775,-0.36,2082650,2082.65
2211,Entry long,2018-11-26 15:30,S1 Trend,3260.25,66,215176.5,-38775,-0.36,14025,0.13,-38775,-0.36,2082650,2082.65
2212,Exit long,2018-11-27 21:00,EOD,3276.25,48,156624,31800,0.41,33000,0.42,-12600,-0.16,2114450,2114.45
2212,Entry long,2018-11-27 15:30,S1 Trend,3263,48,156624,31800,0.41,33000,0.42,-12600,-0.16,2114450,2114.45
2213,Exit long,2018-11-28 18:30,S1 Climax,3319.5,15,49755,1875,0.08,3375,0.14,-4125,-0.17,2116325,2116.33
2213,Entry long,2018-11-28 17:30,S1 Trend,3317,15,49755,1875,0.08,3375,0.14,-4125,-0.17,2116325,2116.33
2214,Exit long,2018-11-28 19:00,S1 Climax,3326.25,10,33170,4625,0.28,5625,0.34,-2750,-0.17,2120950,2120.95
2214,Entry long,2018-11-28 17:30,S1 Trend,3317,10,33170,4625,0.28,5625,0.34,-2750,-0.17,2120950,2120.95
2215,Exit long,2018-11-28 19:30,S1 Climax,3324.75,7,23219,2712.5,0.23,4200,0.36,-1925,-0.17,2123662.5,2123.66
2215,Entry long,2018-11-28 17:30,S1 Trend,3317,7,23219,2712.5,0.23,4200,0.36,-1925,-0.17,2123662.5,2123.66
2216,Exit long,2018-11-28 21:00,EOD,3338,19,63023,19950,0.63,20662.5,0.66,-5225,-0.17,2143612.5,2143.61
2216,Entry long,2018-11-28 17:30,S1 Trend,3317,19,63023,19950,0.63,20662.5,0.66,-5225,-0.17,2143612.5,2143.61
2217,Exit long,2018-11-29 17:00,S2 FairVal,3332,61,202977.5,13725,0.14,16012.5,0.16,-9150,-0.09,2157337.5,2157.34
2217,Entry long,2018-11-29 16:30,S2 VWAP,3327.5,61,202977.5,13725,0.14,16012.5,0.16,-9150,-0.09,2157337.5,2157.34
2218,Exit long,2018-11-29 21:00,EOD,3332.5,56,187082,-23100,-0.25,21000,0.22,-27300,-0.29,2134237.5,2134.24
2218,Entry long,2018-11-29 19:30,S1 Trend,3340.75,56,187082,-23100,-0.25,21000,0.22,-27300,-0.29,2134237.5,2134.24
2219,Exit long,2018-11-30 21:00,EOD,3350,63,210703.5,17325,0.16,33862.5,0.32,-7875,-0.07,2151562.5,2151.56
2219,Entry long,2018-11-30 19:00,S1 Trend,3344.5,63,210703.5,17325,0.16,33862.5,0.32,-7875,-0.07,2151562.5,2151.56
2220,Exit short,2018-12-06 17:00,S3 Scalp,3251.5,32,103464,-29200,-0.56,29200,0.56,-29200,-0.56,2122362.5,2122.36
2220,Entry short,2018-12-06 16:00,S3 Hedge,3233.25,32,103464,-29200,-0.56,29200,0.56,-29200,-0.56,2122362.5,2122.36
2221,Exit long,2018-12-12 19:00,S1 Trail,3256.25,43,140427.25,-20425,-0.29,31175,0.44,-20425,-0.29,2101937.5,2101.94
2221,Entry long,2018-12-12 15:30,S1 Trend,3265.75,43,140427.25,-20425,-0.29,31175,0.44,-20425,-0.29,2101937.5,2101.94
2222,Exit short,2018-12-17 21:00,EOD,3142.75,34,107193.5,17000,0.32,48450,0.90,-7650,-0.14,2118937.5,2118.94
2222,Entry short,2018-12-17 19:00,S3 Hedge,3152.75,34,107193.5,17000,0.32,48450,0.90,-7650,-0.14,2118937.5,2118.94
2223,Exit long,2018-12-19 19:00,S1 Trail,3155.25,47,148919.5,-31137.5,-0.42,32900,0.44,-32312.5,-0.43,2087800,2087.80
2223,Entry long,2018-12-19 17:30,S1 Trend,3168.5,47,148919.5,-31137.5,-0.42,32900,0.44,-32312.5,-0.43,2087800,2087.80
2224,Exit long,2018-12-26 21:00,EOD,3058.5,21,63252,48825,1.54,49350,1.56,-15750,-0.50,2136625,2136.63
2224,Entry long,2018-12-26 19:00,S1 Trend,3012,21,63252,48825,1.54,49350,1.56,-15750,-0.50,2136625,2136.63
2225,Exit short,2018-12-27 16:00,S3 Scalp,3027.75,27,81222.75,-26325,-0.65,7087.5,0.17,-26325,-0.65,2110300,2110.30
2225,Entry short,2018-12-27 15:30,S3 Hedge,3008.25,27,81222.75,-26325,-0.65,7087.5,0.17,-26325,-0.65,2110300,2110.30
2226,Exit short,2018-12-27 19:30,S3 Scalp,3019.5,23,68959.75,-24437.5,-0.71,12362.5,0.36,-24437.5,-0.71,2085862.5,2085.86
2226,Entry short,2018-12-27 19:00,S3 Hedge,2998.25,23,68959.75,-24437.5,-0.71,12362.5,0.36,-24437.5,-0.71,2085862.5,2085.86
2227,Exit long,2018-12-31 17:30,S2 FairVal,3089.5,51,157245.75,15937.5,0.20,15937.5,0.20,-25500,-0.32,2101800,2101.80
2227,Entry long,2018-12-31 16:30,S2 VWAP,3083.25,51,157245.75,15937.5,0.20,15937.5,0.20,-25500,-0.32,2101800,2101.80
2228,Exit long,2019-01-02 21:00,EOD,3101.25,35,107677.5,43312.5,0.80,60375,1.12,-7437.5,-0.14,2145112.5,2145.11
2228,Entry long,2019-01-02 15:30,S1 Trend,3076.5,35,107677.5,43312.5,0.80,60375,1.12,-7437.5,-0.14,2145112.5,2145.11
2229,Exit long,2019-01-04 16:00,S1 Climax,3108.5,9,27969.75,337.5,0.02,1800,0.13,-3937.5,-0.28,2145450,2145.45
2229,Entry long,2019-01-04 15:30,S1 Trend,3107.75,9,27969.75,337.5,0.02,1800,0.13,-3937.5,-0.28,2145450,2145.45
2230,Exit long,2019-01-04 17:30,S1 Climax,3117,7,21754.25,3237.5,0.30,4112.5,0.38,-3062.5,-0.28,2148687.5,2148.69
2230,Entry long,2019-01-04 15:30,S1 Trend,3107.75,7,21754.25,3237.5,0.30,4112.5,0.38,-3062.5,-0.28,2148687.5,2148.69
2231,Exit long,2019-01-04 18:00,S1 Climax,3123,5,15538.75,3812.5,0.49,4500,0.58,-2187.5,-0.28,2152500,2152.50
2231,Entry long,2019-01-04 15:30,S1 Trend,3107.75,5,15538.75,3812.5,0.49,4500,0.58,-2187.5,-0.28,2152500,2152.50
2232,Exit long,2019-01-04 18:30,S1 Climax,3124.5,3,9323.25,2512.5,0.54,3300,0.71,-1312.5,-0.28,2155012.5,2155.01
2232,Entry long,2019-01-04 15:30,S1 Trend,3107.75,3,9323.25,2512.5,0.54,3300,0.71,-1312.5,-0.28,2155012.5,2155.01
2233,Exit long,2019-01-04 21:00,EOD,3123,9,27969.75,6862.5,0.49,9900,0.71,-3937.5,-0.28,2161875,2161.88
2233,Entry long,2019-01-04 15:30,S1 Trend,3107.75,9,27969.75,6862.5,0.49,9900,0.71,-3937.5,-0.28,2161875,2161.88
2234,Exit long,2019-01-07 21:00,EOD,3141,47,147462.5,8225,0.11,48175,0.65,-4112.5,-0.06,2170100,2170.10
2234,Entry long,2019-01-07 16:00,S1 Trend,3137.5,47,147462.5,8225,0.11,48175,0.65,-4112.5,-0.06,2170100,2170.10
2235,Exit long,2019-01-09 21:00,EOD,3176.75,63,200103.75,1575,0.02,34650,0.35,-52762.5,-0.53,2171675,2171.68
2235,Entry long,2019-01-09 15:30,S1 Trend,3176.25,63,200103.75,1575,0.02,34650,0.35,-52762.5,-0.53,2171675,2171.68
2236,Exit long,2019-01-10 18:30,S1 Trail,3164.75,57,180846.75,-22800,-0.25,32775,0.36,-22800,-0.25,2148875,2148.88
2236,Entry long,2019-01-10 16:00,S1 Trend,3172.75,57,180846.75,-22800,-0.25,32775,0.36,-22800,-0.25,2148875,2148.88
2237,Exit long,2019-01-10 21:00,EOD,3187.25,44,139986,12650,0.18,17050,0.24,-12650,-0.18,2161525,2161.53
2237,Entry long,2019-01-10 19:30,S1 Trend,3181.5,44,139986,12650,0.18,17050,0.24,-12650,-0.18,2161525,2161.53
2238,Exit long,2019-01-14 21:00,EOD,3171.75,74,234765,-2775,-0.02,28675,0.24,-13875,-0.12,2158750,2158.75
2238,Entry long,2019-01-14 15:30,S1 Trend,3172.5,74,234765,-2775,-0.02,28675,0.24,-13875,-0.12,2158750,2158.75
2239,Exit long,2019-01-15 19:30,S1 Trail,3185,59,188018.25,-5162.5,-0.05,51625,0.55,-8850,-0.09,2153587.5,2153.59
2239,Entry long,2019-01-15 15:30,S1 Trend,3186.75,59,188018.25,-5162.5,-0.05,51625,0.55,-8850,-0.09,2153587.5,2153.59
2240,Exit long,2019-01-17 20:00,S1 Trail,3217.75,72,230958,36000,0.31,101700,0.88,-13500,-0.12,2189587.5,2189.59
2240,Entry long,2019-01-17 15:30,S1 Trend,3207.75,72,230958,36000,0.31,101700,0.88,-13500,-0.12,2189587.5,2189.59
2241,Exit long,2019-01-18 16:30,S1 Climax,3259,20,64885,14750,0.45,16000,0.49,-500,-0.02,2204337.5,2204.34
2241,Entry long,2019-01-18 15:30,S1 Trend,3244.25,20,64885,14750,0.45,16000,0.49,-500,-0.02,2204337.5,2204.34
2242,Exit long,2019-01-18 17:00,S1 Climax,3262,14,45419.5,12425,0.55,12425,0.55,-350,-0.02,2216762.5,2216.76
2242,Entry long,2019-01-18 15:30,S1 Trend,3244.25,14,45419.5,12425,0.55,12425,0.55,-350,-0.02,2216762.5,2216.76
2243,Exit long,2019-01-18 17:30,S1 Climax,3265,9,29198.25,9337.5,0.64,10012.5,0.69,-225,-0.02,2226100,2226.10
2243,Entry long,2019-01-18 15:30,S1 Trend,3244.25,9,29198.25,9337.5,0.64,10012.5,0.69,-225,-0.02,2226100,2226.10
2244,Exit long,2019-01-18 18:00,S1 Climax,3264.25,7,22709.75,7000,0.62,7962.5,0.70,-175,-0.02,2233100,2233.10
2244,Entry long,2019-01-18 15:30,S1 Trend,3244.25,7,22709.75,7000,0.62,7962.5,0.70,-175,-0.02,2233100,2233.10
2245,Exit long,2019-01-18 21:00,EOD,3261,17,55152.25,14237.5,0.52,19337.5,0.70,-425,-0.02,2247337.5,2247.34
2245,Entry long,2019-01-18 15:30,S1 Trend,3244.25,17,55152.25,14237.5,0.52,19337.5,0.70,-425,-0.02,2247337.5,2247.34
2246,Exit long,2019-01-25 21:00,EOD,3253.75,78,254046,-12675,-0.10,23400,0.18,-35100,-0.28,2234662.5,2234.66
2246,Entry long,2019-01-25 15:30,S1 Trend,3257,78,254046,-12675,-0.10,23400,0.18,-35100,-0.28,2234662.5,2234.66
2247,Exit long,2019-01-30 20:00,S1 Climax,3280,24,77976,37200,0.95,37500,0.96,-4200,-0.11,2271862.5,2271.86
2247,Entry long,2019-01-30 16:30,S1 Trend,3249,24,77976,37200,0.95,37500,0.96,-4200,-0.11,2271862.5,2271.86
2248,Exit long,2019-01-30 21:00,EOD,3271,56,181944,61600,0.68,87500,0.96,-9800,-0.11,2333462.5,2333.46
2248,Entry long,2019-01-30 16:30,S1 Trend,3249,56,181944,61600,0.68,87500,0.96,-9800,-0.11,2333462.5,2333.46
2249,Exit long,2019-01-31 21:00,EOD,3293,74,243090,29600,0.24,49950,0.41,-12025,-0.10,2363062.5,2363.06
2249,Entry long,2019-01-31 15:30,S1 Trend,3285,74,243090,29600,0.24,49950,0.41,-12025,-0.10,2363062.5,2363.06
2250,Exit long,2019-02-01 19:30,S1 Trail,3288.25,68,224689,-54400,-0.48,4250,0.04,-54400,-0.48,2308662.5,2308.66
2250,Entry long,2019-02-01 15:30,S1 Trend,3304.25,68,224689,-54400,-0.48,4250,0.04,-54400,-0.48,2308662.5,2308.66
2251,Exit long,2019-02-15 21:00,EOD,3366.25,65,218400,20312.5,0.19,20312.5,0.19,-21125,-0.19,2328975,2328.98
2251,Entry long,2019-02-15 15:30,S1 Trend,3360,65,218400,20312.5,0.19,20312.5,0.19,-21125,-0.19,2328975,2328.98
2252,Exit long,2019-02-20 21:00,EOD,3376.5,76,256139,23750,0.19,30400,0.24,-950,-0.01,2352725,2352.73
2252,Entry long,2019-02-20 19:30,S1 Trend,3370.25,76,256139,23750,0.19,30400,0.24,-950,-0.01,2352725,2352.73
2253,Exit long,2019-02-26 21:00,EOD,3384.75,81,274650.75,-24300,-0.18,13162.5,0.10,-29362.5,-0.21,2328425,2328.43
2253,Entry long,2019-02-26 16:30,S1 Trend,3390.75,81,274650.75,-24300,-0.18,13162.5,0.10,-29362.5,-0.21,2328425,2328.43
2254,Exit long,2019-03-01 18:00,S2 FairVal,3388.5,90,304650,15750,0.10,15750,0.10,-5625,-0.04,2344175,2344.17
2254,Entry long,2019-03-01 17:30,S2 VWAP,3385,90,304650,15750,0.10,15750,0.10,-5625,-0.04,2344175,2344.17
2255,Exit long,2019-03-20 19:30,S1 Trail,3417.5,65,223015,-43875,-0.39,12187.5,0.11,-43875,-0.39,2300300,2300.30
2255,Entry long,2019-03-20 18:30,S1 Trend,3431,65,223015,-43875,-0.39,12187.5,0.11,-43875,-0.39,2300300,2300.30
2256,Exit long,2019-03-21 20:00,EOD,3446.5,70,239785,73500,0.61,91000,0.76,-6125,-0.05,2373800,2373.80
2256,Entry long,2019-03-21 14:30,S1 Trend,3425.5,70,239785,73500,0.61,91000,0.76,-6125,-0.05,2373800,2373.80
2257,Exit long,2019-03-26 16:00,S1 Trail,3405.5,80,273260,-41000,-0.30,19000,0.14,-41000,-0.30,2332800,2332.80
2257,Entry long,2019-03-26 14:30,S1 Trend,3415.75,80,273260,-41000,-0.30,19000,0.14,-41000,-0.30,2332800,2332.80
2258,Exit long,2019-03-28 15:00,S1 Trail,3392.25,65,221406.25,-45500,-0.41,11375,0.10,-45500,-0.41,2287300,2287.30
2258,Entry long,2019-03-28 14:30,S1 Trend,3406.25,65,221406.25,-45500,-0.41,11375,0.10,-45500,-0.41,2287300,2287.30
2259,Exit long,2019-04-03 20:00,S2 FairVal,3456.25,93,322175.25,-37200,-0.23,0,0.00,-37200,-0.23,2250100,2250.10
2259,Entry long,2019-04-03 19:30,S2 VWAP,3464.25,93,322175.25,-37200,-0.23,0,0.00,-37200,-0.23,2250100,2250.10
2260,Exit long,2019-04-04 19:00,S2 FairVal,3464.75,79,273399.25,15800,0.12,15800,0.12,-4937.5,-0.04,2265900,2265.90
2260,Entry long,2019-04-04 18:00,S2 VWAP,3460.75,79,273399.25,15800,0.12,15800,0.12,-4937.5,-0.04,2265900,2265.90
2261,Exit long,2019-04-24 19:30,S2 FairVal,3521,118,415094.5,19175,0.09,19175,0.09,-5900,-0.03,2285075,2285.08
2261,Entry long,2019-04-24 18:30,S2 VWAP,3517.75,118,415094.5,19175,0.09,19175,0.09,-5900,-0.03,2285075,2285.08
2262,Exit long,2019-05-06 21:00,EOD,3519.25,49,171769.5,33687.5,0.39,44712.5,0.52,-13475,-0.16,2318762.5,2318.76
2262,Entry long,2019-05-06 16:00,S1 Trend,3505.5,49,171769.5,33687.5,0.39,44712.5,0.52,-13475,-0.16,2318762.5,2318.76
2263,Exit short,2019-05-07 21:00,EOD,3470.5,42,145362,-19950,-0.27,27300,0.38,-23625,-0.33,2298812.5,2298.81
2263,Entry short,2019-05-07 18:30,S3 Hedge,3461,42,145362,-19950,-0.27,27300,0.38,-23625,-0.33,2298812.5,2298.81
2264,Exit short,2019-05-09 16:30,S3 Scalp,3436.75,56,191870,-29400,-0.31,12600,0.13,-29400,-0.31,2269412.5,2269.41
2264,Entry short,2019-05-09 15:30,S3 Hedge,3426.25,56,191870,-29400,-0.31,12600,0.13,-29400,-0.31,2269412.5,2269.41
2265,Exit short,2019-05-13 19:00,S3 Scalp,3403.75,43,145813,-27412.5,-0.38,7525,0.10,-27412.5,-0.38,2242000,2242.00
2265,Entry short,2019-05-13 18:00,S3 Hedge,3391,43,145813,-27412.5,-0.38,7525,0.10,-27412.5,-0.38,2242000,2242.00
2266,Exit long,2019-05-14 20:30,S1 Trail,3420.5,53,181988.75,-35112.5,-0.39,14575,0.16,-35112.5,-0.39,2206887.5,2206.89
2266,Entry long,2019-05-14 17:00,S1 Trend,3433.75,53,181988.75,-35112.5,-0.39,14575,0.16,-35112.5,-0.39,2206887.5,2206.89
2267,Exit long,2019-05-15 21:00,EOD,3438.25,49,167947.5,26337.5,0.31,44100,0.53,-5512.5,-0.07,2233225,2233.23
2267,Entry long,2019-05-15 15:30,S1 Trend,3427.5,49,167947.5,26337.5,0.31,44100,0.53,-5512.5,-0.07,2233225,2233.23
2268,Exit long,2019-05-16 17:00,S1 Climax,3475.75,17,59007,4037.5,0.14,5737.5,0.19,-2125,-0.07,2237262.5,2237.26
2268,Entry long,2019-05-16 15:30,S1 Trend,3471,17,59007,4037.5,0.14,5737.5,0.19,-2125,-0.07,2237262.5,2237.26
2269,Exit long,2019-05-16 17:30,S1 Climax,3476,12,41652,3000,0.14,5100,0.24,-1500,-0.07,2240262.5,2240.26
2269,Entry long,2019-05-16 15:30,S1 Trend,3471,12,41652,3000,0.14,5100,0.24,-1500,-0.07,2240262.5,2240.26
2270,Exit long,2019-05-16 20:30,S1 Trail,3461.5,28,97188,-13300,-0.27,11900,0.24,-13300,-0.27,2226962.5,2226.96
2270,Entry long,2019-05-16 15:30,S1 Trend,3471,28,97188,-13300,-0.27,11900,0.24,-13300,-0.27,2226962.5,2226.96
2271,Exit long,2019-05-17 20:00,S1 Trail,3451.25,53,183168,-12587.5,-0.14,45050,0.49,-12587.5,-0.14,2214375,2214.38
2271,Entry long,2019-05-17 15:30,S1 Trend,3456,53,183168,-12587.5,-0.14,45050,0.49,-12587.5,-0.14,2214375,2214.38
2272,Exit long,2019-05-21 21:00,EOD,3451.5,69,238308.75,-7762.5,-0.07,6900,0.06,-28462.5,-0.24,2206612.5,2206.61
2272,Entry long,2019-05-21 16:00,S1 Trend,3453.75,69,238308.75,-7762.5,-0.07,6900,0.06,-28462.5,-0.24,2206612.5,2206.61
2273,Exit long,2019-05-22 21:00,EOD,3443,73,251631,-14600,-0.12,10950,0.09,-34675,-0.28,2192012.5,2192.01
2273,Entry long,2019-05-22 15:30,S1 Trend,3447,73,251631,-14600,-0.12,10950,0.09,-34675,-0.28,2192012.5,2192.01
2274,Exit short,2019-05-23 20:00,S3 Scalp,3408,54,183505.5,-26325,-0.29,18900,0.21,-26325,-0.29,2165687.5,2165.69
2274,Entry short,2019-05-23 17:00,S3 Hedge,3398.25,54,183505.5,-26325,-0.29,18900,0.21,-26325,-0.29,2165687.5,2165.69
2275,Exit short,2019-05-29 21:00,EOD,3368.25,55,184937.5,-15812.5,-0.17,29562.5,0.32,-28875,-0.31,2149875,2149.88
2275,Entry short,2019-05-29 16:30,S3 Hedge,3362.5,55,184937.5,-15812.5,-0.17,29562.5,0.32,-28875,-0.31,2149875,2149.88
2276,Exit long,2019-06-04 16:30,S1 Climax,3373,16,53824,7200,0.27,8400,0.31,-5000,-0.19,2157075,2157.07
2276,Entry long,2019-06-04 15:30,S1 Trend,3364,16,53824,7200,0.27,8400,0.31,-5000,-0.19,2157075,2157.07
2277,Exit long,2019-06-04 17:00,S1 Climax,3375.25,12,40368,6750,0.33,7950,0.39,-3750,-0.19,2163825,2163.82
2277,Entry long,2019-06-04 15:30,S1 Trend,3364,12,40368,6750,0.33,7950,0.39,-3750,-0.19,2163825,2163.82
2278,Exit long,2019-06-04 18:00,S1 Climax,3378.25,8,26912,5700,0.42,6700,0.50,-2500,-0.19,2169525,2169.53
2278,Entry long,2019-06-04 15:30,S1 Trend,3364,8,26912,5700,0.42,6700,0.50,-2500,-0.19,2169525,2169.53
2279,Exit long,2019-06-04 18:30,S1 Climax,3379,6,20184,4500,0.45,5025,0.50,-1875,-0.19,2174025,2174.03
2279,Entry long,2019-06-04 15:30,S1 Trend,3364,6,20184,4500,0.45,5025,0.50,-1875,-0.19,2174025,2174.03
2280,Exit long,2019-06-04 19:00,S1 Climax,3381.5,4,13456,3500,0.52,3600,0.54,-1250,-0.19,2177525,2177.53
2280,Entry long,2019-06-04 15:30,S1 Trend,3364,4,13456,3500,0.52,3600,0.54,-1250,-0.19,2177525,2177.53
2281,Exit long,2019-06-04 21:00,EOD,3389,10,33640,12500,0.74,13250,0.79,-3125,-0.19,2190025,2190.03
2281,Entry long,2019-06-04 15:30,S1 Trend,3364,10,33640,12500,0.74,13250,0.79,-3125,-0.19,2190025,2190.03
2282,Exit long,2019-06-07 16:00,S1 Climax,3470.75,21,72602.25,14175,0.39,14175,0.39,-262.5,-0.01,2204200,2204.20
2282,Entry long,2019-06-07 15:30,S1 Trend,3457.25,21,72602.25,14175,0.39,14175,0.39,-262.5,-0.01,2204200,2204.20
2283,Exit long,2019-06-07 21:00,EOD,3459,51,176319.75,4462.5,0.05,36975,0.42,-637.5,-0.01,2208662.5,2208.66
2283,Entry long,2019-06-07 15:30,S1 Trend,3457.25,51,176319.75,4462.5,0.05,36975,0.42,-637.5,-0.01,2208662.5,2208.66
2284,Exit long,2019-06-11 21:00,EOD,3471.75,71,246228,13312.5,0.11,33725,0.27,-6212.5,-0.05,2221975,2221.98
2284,Entry long,2019-06-11 18:30,S2 VWAP,3468,71,246228,13312.5,0.11,33725,0.27,-6212.5,-0.05,2221975,2221.98
2285,Exit long,2019-06-12 18:00,S2 FairVal,3467,74,256428.5,6475,0.05,12025,0.09,-3700,-0.03,2228450,2228.45
2285,Entry long,2019-06-12 17:30,S2 VWAP,3465.25,74,256428.5,6475,0.05,12025,0.09,-3700,-0.03,2228450,2228.45
2286,Exit long,2019-06-18 18:00,S1 Trail,3501.25,69,242569.5,-49162.5,-0.41,7762.5,0.06,-49162.5,-0.41,2179287.5,2179.29
2286,Entry long,2019-06-18 16:00,S1 Trend,3515.5,69,242569.5,-49162.5,-0.41,7762.5,0.06,-49162.5,-0.41,2179287.5,2179.29
2287,Exit long,2019-06-19 16:30,S2 FairVal,3506.5,113,395895.5,16950,0.09,16950,0.09,-2825,-0.01,2196237.5,2196.24
2287,Entry long,2019-06-19 16:00,S2 VWAP,3503.5,113,395895.5,16950,0.09,16950,0.09,-2825,-0.01,2196237.5,2196.24
2288,Exit long,2019-06-21 21:00,EOD,3536,74,262256,-29600,-0.23,9250,0.07,-33300,-0.25,2166637.5,2166.64
2288,Entry long,2019-06-21 16:30,S1 Trend,3544,74,262256,-29600,-0.23,9250,0.07,-33300,-0.25,2166637.5,2166.64
2289,Exit long,2019-07-01 20:30,S2 FairVal,3549.75,73,258566,28287.5,0.22,28287.5,0.22,-19162.5,-0.15,2194925,2194.92
2289,Entry long,2019-07-01 18:30,S2 VWAP,3542,73,258566,28287.5,0.22,28287.5,0.22,-19162.5,-0.15,2194925,2194.92
2290,Exit long,2019-07-11 16:30,S2 FairVal,3584.75,100,357925,27500,0.15,31250,0.17,-3750,-0.02,2222425,2222.43
2290,Entry long,2019-07-11 16:00,S2 VWAP,3579.25,100,357925,27500,0.15,31250,0.17,-3750,-0.02,2222425,2222.43
2291,Exit long,2019-07-11 20:30,S2 FairVal,3582,90,321795,29250,0.18,29250,0.18,-1125,-0.01,2251675,2251.67
2291,Entry long,2019-07-11 19:30,S2 VWAP,3575.5,90,321795,29250,0.18,29250,0.18,-1125,-0.01,2251675,2251.67
2292,Exit long,2019-07-25 16:00,S2 FairVal,3595.75,90,323280,16875,0.10,23625,0.15,-1125,-0.01,2268550,2268.55
2292,Entry long,2019-07-25 15:30,S2 VWAP,3592,90,323280,16875,0.10,23625,0.15,-1125,-0.01,2268550,2268.55
2293,Exit long,2019-08-01 18:00,S1 Trail,3577.5,59,211751,-33925,-0.32,19175,0.18,-33925,-0.32,2234625,2234.63
2293,Entry long,2019-08-01 16:00,S1 Trend,3589,59,211751,-33925,-0.32,19175,0.18,-33925,-0.32,2234625,2234.63
2294,Exit short,2019-08-05 19:30,S3 Scalp,3411.75,43,147920,60737.5,0.82,60737.5,0.82,-6450,-0.09,2295362.5,2295.36
2294,Entry short,2019-08-05 17:30,S3 Hedge,3440,43,147920,60737.5,0.82,60737.5,0.82,-6450,-0.09,2295362.5,2295.36
2295,Exit long,2019-08-08 17:30,S1 Climax,3508.75,15,52346.25,14250,0.54,15375,0.59,0,0.00,2309612.5,2309.61
2295,Entry long,2019-08-08 15:30,S1 Trend,3489.75,15,52346.25,14250,0.54,15375,0.59,0,0.00,2309612.5,2309.61
2296,Exit long,2019-08-08 18:00,S1 Climax,3512.75,11,38387.25,12650,0.66,12650,0.66,0,0.00,2322262.5,2322.26
2296,Entry long,2019-08-08 15:30,S1 Trend,3489.75,11,38387.25,12650,0.66,12650,0.66,0,0.00,2322262.5,2322.26
2297,Exit long,2019-08-08 21:00,EOD,3520,26,90733.5,39325,0.87,39650,0.87,0,0.00,2361587.5,2361.59
2297,Entry long,2019-08-08 15:30,S1 Trend,3489.75,26,90733.5,39325,0.87,39650,0.87,0,0.00,2361587.5,2361.59
2298,Exit long,2019-08-09 16:30,S2 FairVal,3482.5,55,192362.5,-41250,-0.43,4125,0.04,-41250,-0.43,2320337.5,2320.34
2298,Entry long,2019-08-09 16:00,S2 VWAP,3497.5,55,192362.5,-41250,-0.43,4125,0.04,-41250,-0.43,2320337.5,2320.34
2299,Exit short,2019-08-12 21:00,EOD,3465,44,152614,7700,0.10,32450,0.43,-6050,-0.08,2328037.5,2328.04
2299,Entry short,2019-08-12 19:00,S3 Hedge,3468.5,44,152614,7700,0.10,32450,0.43,-6050,-0.08,2328037.5,2328.04
2300,Exit long,2019-08-13 21:00,EOD,3508.5,33,116209.5,-21450,-0.37,2475,0.04,-37537.5,-0.65,2306587.5,2306.59
2300,Entry long,2019-08-13 15:30,S1 Trend,3521.5,33,116209.5,-21450,-0.37,2475,0.04,-37537.5,-0.65,2306587.5,2306.59
2301,Exit short,2019-08-14 21:00,EOD,3422.25,40,137970,54000,0.78,57500,0.83,-3500,-0.05,2360587.5,2360.59
2301,Entry short,2019-08-14 16:00,S3 Hedge,3449.25,40,137970,54000,0.78,57500,0.83,-3500,-0.05,2360587.5,2360.59
2302,Exit long,2019-08-16 21:00,EOD,3471,54,186718.5,35775,0.38,49275,0.53,-2700,-0.03,2396362.5,2396.36
2302,Entry long,2019-08-16 15:30,S1 Trend,3457.75,54,186718.5,35775,0.38,49275,0.53,-2700,-0.03,2396362.5,2396.36
2303,Exit long,2019-08-19 21:00,EOD,3505.75,76,266855,-20900,-0.16,1900,0.01,-25650,-0.19,2375462.5,2375.46
2303,Entry long,2019-08-19 18:30,S1 Trend,3511.25,76,266855,-20900,-0.16,1900,0.01,-25650,-0.19,2375462.5,2375.46
2304,Exit long,2019-08-28 21:00,EOD,3469.5,49,169540,23275,0.27,28787.5,0.34,-9187.5,-0.11,2398737.5,2398.74
2304,Entry long,2019-08-28 16:00,S1 Trend,3460,49,169540,23275,0.27,28787.5,0.34,-9187.5,-0.11,2398737.5,2398.74
2305,Exit long,2019-08-29 21:00,EOD,3506,59,206854,0,0.00,17700,0.17,-10325,-0.10,2398737.5,2398.74
2305,Entry long,2019-08-29 17:00,S1 Trend,3506,59,206854,0,0.00,17700,0.17,-10325,-0.10,2398737.5,2398.74
2306,Exit long,2019-09-05 21:00,EOD,3557.5,71,252884.25,-15087.5,-0.12,10650,0.08,-29287.5,-0.23,2383650,2383.65
2306,Entry long,2019-09-05 15:30,S1 Trend,3561.75,71,252884.25,-15087.5,-0.12,10650,0.08,-29287.5,-0.23,2383650,2383.65
2307,Exit long,2019-09-09 21:00,EOD,3560.5,96,341592,10800,0.06,15600,0.09,-25200,-0.15,2394450,2394.45
2307,Entry long,2019-09-09 18:00,S2 VWAP,3558.25,96,341592,10800,0.06,15600,0.09,-25200,-0.15,2394450,2394.45
2308,Exit long,2019-09-12 21:00,EOD,3591.25,69,248296.5,-25012.5,-0.20,15525,0.13,-54337.5,-0.44,2369437.5,2369.44
2308,Entry long,2019-09-12 15:30,S1 Trend,3598.5,69,248296.5,-25012.5,-0.20,15525,0.13,-54337.5,-0.44,2369437.5,2369.44
2309,Exit long,2019-09-30 21:00,EOD,3556.5,78,277563,-7800,-0.06,20475,0.15,-17550,-0.13,2361637.5,2361.64
2309,Entry long,2019-09-30 16:30,S1 Trend,3558.5,78,277563,-7800,-0.06,20475,0.15,-17550,-0.13,2361637.5,2361.64
2310,Exit short,2019-10-02 21:00,EOD,3466.75,53,183936.5,9937.5,0.11,47037.5,0.51,-14575,-0.16,2371575,2371.57
2310,Entry short,2019-10-02 16:00,S3 Hedge,3470.5,53,183936.5,9937.5,0.11,47037.5,0.51,-14575,-0.16,2371575,2371.57
2311,Exit long,2019-10-04 21:00,EOD,3529.25,60,210285,73500,0.70,81750,0.78,-15750,-0.15,2445075,2445.07
2311,Entry long,2019-10-04 15:30,S1 Trend,3504.75,60,210285,73500,0.70,81750,0.78,-15750,-0.15,2445075,2445.07
2312,Exit long,2019-10-07 19:30,S1 Trail,3521.25,78,275242.5,-29250,-0.21,37050,0.27,-29250,-0.21,2415825,2415.82
2312,Entry long,2019-10-07 16:30,S1 Trend,3528.75,78,275242.5,-29250,-0.21,37050,0.27,-29250,-0.21,2415825,2415.82
2313,Exit long,2019-10-10 21:00,EOD,3517.25,49,172614.75,-13475,-0.16,10412.5,0.12,-43487.5,-0.50,2402350,2402.35
2313,Entry long,2019-10-10 16:00,S1 Trend,3522.75,49,172614.75,-13475,-0.16,10412.5,0.12,-43487.5,-0.50,2402350,2402.35
2314,Exit long,2019-10-11 16:30,S1 Climax,3568.75,21,74833.5,5512.5,0.15,6300,0.17,-3937.5,-0.11,2407862.5,2407.86
2314,Entry long,2019-10-11 15:30,S1 Trend,3563.5,21,74833.5,5512.5,0.15,6300,0.17,-3937.5,-0.11,2407862.5,2407.86
2315,Exit long,2019-10-11 17:30,S1 Trail,3555,49,174611.5,-20825,-0.24,22662.5,0.26,-20825,-0.24,2387037.5,2387.04
2315,Entry long,2019-10-11 15:30,S1 Trend,3563.5,49,174611.5,-20825,-0.24,22662.5,0.26,-20825,-0.24,2387037.5,2387.04
2316,Exit long,2019-10-14 21:00,EOD,3545,68,240992,3400,0.03,24650,0.20,-1700,-0.01,2390437.5,2390.44
2316,Entry long,2019-10-14 15:30,S1 Trend,3544,68,240992,3400,0.03,24650,0.20,-1700,-0.01,2390437.5,2390.44
2317,Exit long,2019-10-15 21:00,EOD,3574,74,264864.5,-19425,-0.15,10175,0.08,-22200,-0.17,2371012.5,2371.01
2317,Entry long,2019-10-15 16:00,S1 Trend,3579.25,74,264864.5,-19425,-0.15,10175,0.08,-22200,-0.17,2371012.5,2371.01
2318,Exit long,2019-11-14 18:00,S2 FairVal,3669.75,90,330052.5,11250,0.07,14625,0.09,-2250,-0.01,2382262.5,2382.26
2318,Entry long,2019-11-14 17:30,S2 VWAP,3667.25,90,330052.5,11250,0.07,14625,0.09,-2250,-0.01,2382262.5,2382.26
2319,Exit long,2019-12-01 23:30,S2 FairVal,3723.75,139,517775,-8687.5,-0.03,12162.5,0.05,-13900,-0.05,2373575,2373.57
2319,Entry long,2019-12-01 23:00,S2 VWAP,3725,139,517775,-8687.5,-0.03,12162.5,0.05,-13900,-0.05,2373575,2373.57
2320,Exit long,2019-12-04 21:00,EOD,3691.75,69,254713.5,862.5,0.01,23287.5,0.18,-4312.5,-0.03,2374437.5,2374.44
2320,Entry long,2019-12-04 15:30,S1 Trend,3691.5,69,254713.5,862.5,0.01,23287.5,0.18,-4312.5,-0.03,2374437.5,2374.44
2321,Exit long,2019-12-10 21:00,EOD,3711.5,64,237920,-19200,-0.16,4800,0.04,-35200,-0.30,2355237.5,2355.24
2321,Entry long,2019-12-10 16:30,S1 Trend,3717.5,64,237920,-19200,-0.16,4800,0.04,-35200,-0.30,2355237.5,2355.24
2322,Exit long,2019-12-12 16:30,S1 Trail,3737.25,71,266480.75,-56800,-0.43,2662.5,0.02,-56800,-0.43,2298437.5,2298.44
2322,Entry long,2019-12-12 15:30,S1 Trend,3753.25,71,266480.75,-56800,-0.43,2662.5,0.02,-56800,-0.43,2298437.5,2298.44
2323,Exit long,2020-01-03 21:00,EOD,3808.5,50,190775,-17500,-0.18,13125,0.14,-20000,-0.21,2280937.5,2280.94
2323,Entry long,2020-01-03 17:00,S1 Trend,3815.5,50,190775,-17500,-0.18,13125,0.14,-20000,-0.21,2280937.5,2280.94
2324,Exit long,2020-01-06 21:00,EOD,3821,65,247438.75,46312.5,0.37,49562.5,0.40,-5687.5,-0.05,2327250,2327.25
2324,Entry long,2020-01-06 16:00,S1 Trend,3806.75,65,247438.75,46312.5,0.37,49562.5,0.40,-5687.5,-0.05,2327250,2327.25
2325,Exit long,2020-01-08 21:00,EOD,3828.5,55,210003.75,28187.5,0.27,66000,0.63,-15125,-0.14,2355437.5,2355.44
2325,Entry long,2020-01-08 15:30,S1 Trend,3818.25,55,210003.75,28187.5,0.27,66000,0.63,-15125,-0.14,2355437.5,2355.44
2326,Exit long,2020-01-10 20:30,S2 FairVal,3840,97,373256,-38800,-0.21,21825,0.12,-38800,-0.21,2316637.5,2316.64
2326,Entry long,2020-01-10 17:30,S2 VWAP,3848,97,373256,-38800,-0.21,21825,0.12,-38800,-0.21,2316637.5,2316.64
2327,Exit long,2020-01-22 18:00,S2 FairVal,3905.75,104,405860,16900,0.08,16900,0.08,-19500,-0.10,2333537.5,2333.54
2327,Entry long,2020-01-22 17:00,S2 VWAP,3902.5,104,405860,16900,0.08,16900,0.08,-19500,-0.10,2333537.5,2333.54
2328,Exit long,2020-01-23 21:00,EOD,3899.5,70,272737.5,11375,0.08,18375,0.13,-2625,-0.02,2344912.5,2344.91
2328,Entry long,2020-01-23 19:30,S1 Trend,3896.25,70,272737.5,11375,0.08,18375,0.13,-2625,-0.02,2344912.5,2344.91
2329,Exit long,2020-01-28 21:00,EOD,3850.25,57,219435.75,1425,0.01,27787.5,0.25,-12825,-0.12,2346337.5,2346.34
2329,Entry long,2020-01-28 16:00,S1 Trend,3849.75,57,219435.75,1425,0.01,27787.5,0.25,-12825,-0.12,2346337.5,2346.34
2330,Exit long,2020-02-03 16:30,S1 Trail,3818.25,49,188221.25,-56350,-0.60,1225,0.01,-56350,-0.60,2289987.5,2289.99
2330,Entry long,2020-02-03 15:30,S1 Trend,3841.25,49,188221.25,-56350,-0.60,1225,0.01,-56350,-0.60,2289987.5,2289.99
2331,Exit long,2020-02-04 21:00,EOD,3870.75,60,232260,-750,-0.01,26250,0.23,-8250,-0.07,2289237.5,2289.24
2331,Entry long,2020-02-04 15:30,S1 Trend,3871,60,232260,-750,-0.01,26250,0.23,-8250,-0.07,2289237.5,2289.24
2332,Exit long,2020-02-10 21:00,EOD,3926,57,222998.25,39187.5,0.35,39900,0.36,-12825,-0.12,2328425,2328.43
2332,Entry long,2020-02-10 15:30,S1 Trend,3912.25,57,222998.25,39187.5,0.35,39900,0.36,-12825,-0.12,2328425,2328.43
2333,Exit long,2020-02-13 21:00,EOD,3949.25,62,244822.5,1550,0.01,32550,0.27,-9300,-0.08,2329975,2329.98
2333,Entry long,2020-02-13 16:00,S1 Trend,3948.75,62,244822.5,1550,0.01,32550,0.27,-9300,-0.08,2329975,2329.98
2334,Exit short,2020-02-24 19:30,S3 Scalp,3820.5,30,114060,-27750,-0.49,20625,0.36,-27750,-0.49,2302225,2302.23
2334,Entry short,2020-02-24 17:30,S3 Hedge,3802,30,114060,-27750,-0.49,20625,0.36,-27750,-0.49,2302225,2302.23
2335,Exit short,2020-02-25 19:00,S3 Scalp,3700.75,24,89904,54300,1.21,54300,1.21,-8100,-0.18,2356525,2356.53
2335,Entry short,2020-02-25 18:00,S3 Hedge,3746,24,89904,54300,1.21,54300,1.21,-8100,-0.18,2356525,2356.53
2336,Exit short,2020-02-25 20:00,S3 Scalp,3726,23,85123,-28750,-0.68,6037.5,0.14,-28750,-0.68,2327775,2327.78
2336,Entry short,2020-02-25 19:30,S3 Hedge,3701,23,85123,-28750,-0.68,6037.5,0.14,-28750,-0.68,2327775,2327.78
2337,Exit short,2020-02-27 16:00,S3 Scalp,3629.5,21,75594.75,-31237.5,-0.83,20212.5,0.53,-31762.5,-0.84,2296537.5,2296.54
2337,Entry short,2020-02-27 15:30,S3 Hedge,3599.75,21,75594.75,-31237.5,-0.83,20212.5,0.53,-31762.5,-0.84,2296537.5,2296.54
2338,Exit short,2020-02-28 16:00,S3 Scalp,3482.75,12,41238,-27750,-1.35,1200,0.06,-27750,-1.35,2268787.5,2268.79
2338,Entry short,2020-02-28 15:30,S3 Hedge,3436.5,12,41238,-27750,-1.35,1200,0.06,-27750,-1.35,2268787.5,2268.79
2339,Exit long,2020-03-02 21:00,EOD,3664,12,43065,45150,2.10,45900,2.13,-15900,-0.74,2313937.5,2313.94
2339,Entry long,2020-03-02 16:30,S1 Trend,3588.75,12,43065,45150,2.10,45900,2.13,-15900,-0.74,2313937.5,2313.94
2340,Exit long,2020-03-03 16:00,S1 Trail,3606,13,47684,-40300,-1.69,11212.5,0.47,-40300,-1.69,2273637.5,2273.64
2340,Entry long,2020-03-03 15:30,S1 Trend,3668,13,47684,-40300,-1.69,11212.5,0.47,-40300,-1.69,2273637.5,2273.64
2341,Exit long,2020-03-03 18:30,S2 FairVal,3582.75,11,40100.5,-34512.5,-1.72,5500,0.27,-34512.5,-1.72,2239125,2239.13
2341,Entry long,2020-03-03 17:00,S2 VWAP,3645.5,11,40100.5,-34512.5,-1.72,5500,0.27,-34512.5,-1.72,2239125,2239.13
2342,Exit long,2020-03-04 21:00,EOD,3701.5,19,69563.75,38237.5,1.10,40137.5,1.15,-6412.5,-0.18,2277362.5,2277.36
2342,Entry long,2020-03-04 18:30,S1 Trend,3661.25,19,69563.75,38237.5,1.10,40137.5,1.15,-6412.5,-0.18,2277362.5,2277.36
2343,Exit long,2020-03-19 20:00,EOD,2983.75,8,24144,-13700,-1.13,9900,0.82,-24300,-2.01,2263662.5,2263.66
2343,Entry long,2020-03-19 15:30,S1 Trend,3018,8,24144,-13700,-1.13,9900,0.82,-24300,-2.01,2263662.5,2263.66
2344,Exit long,2020-03-24 18:00,S1 Trail,2937.25,14,41524,-20125,-0.97,32725,1.58,-20125,-0.97,2243537.5,2243.54
2344,Entry long,2020-03-24 14:30,S1 Trend,2966,14,41524,-20125,-0.97,32725,1.58,-20125,-0.97,2243537.5,2243.54
2345,Exit long,2020-03-25 19:30,S1 Trail,3050.75,11,33869,-15537.5,-0.92,36987.5,2.18,-15537.5,-0.92,2228000,2228.00
2345,Entry long,2020-03-25 16:30,S1 Trend,3079,11,33869,-15537.5,-0.92,36987.5,2.18,-15537.5,-0.92,2228000,2228.00
2346,Exit long,2020-03-26 20:00,EOD,3194.5,12,37641,34650,1.84,44700,2.38,-9300,-0.49,2262650,2262.65
2346,Entry long,2020-03-26 14:30,S1 Trend,3136.75,12,37641,34650,1.84,44700,2.38,-9300,-0.49,2262650,2262.65
2347,Exit long,2020-03-27 19:30,S1 Trail,3117.75,15,47073.75,-15375,-0.65,39187.5,1.66,-15375,-0.65,2247275,2247.28
2347,Entry long,2020-03-27 18:00,S1 Trend,3138.25,15,47073.75,-15375,-0.65,39187.5,1.66,-15375,-0.65,2247275,2247.28
2348,Exit long,2020-03-30 21:00,EOD,3199.75,16,50448,37400,1.48,43400,1.72,-2000,-0.08,2284675,2284.68
2348,Entry long,2020-03-30 16:00,S1 Trend,3153,16,50448,37400,1.48,43400,1.72,-2000,-0.08,2284675,2284.68
2349,Exit short,2020-04-01 21:00,EOD,3042,20,60865,1250,0.04,23500,0.77,-25000,-0.82,2285925,2285.92
2349,Entry short,2020-04-01 18:00,S3 Hedge,3043.25,20,60865,1250,0.04,23500,0.77,-25000,-0.82,2285925,2285.92
2350,Exit long,2020-04-06 21:00,EOD,3232.25,26,82719,65975,1.60,94250,2.28,-13000,-0.31,2351900,2351.90
2350,Entry long,2020-04-06 15:30,S1 Trend,3181.5,26,82719,65975,1.60,94250,2.28,-13000,-0.31,2351900,2351.90
2351,Exit long,2020-04-08 21:00,EOD,3323.75,19,62486.25,33250,1.06,46787.5,1.50,-4512.5,-0.14,2385150,2385.15
2351,Entry long,2020-04-08 16:30,S1 Trend,3288.75,19,62486.25,33250,1.06,46787.5,1.50,-4512.5,-0.14,2385150,2385.15
2352,Exit long,2020-04-09 21:00,EOD,3365.25,18,61006.5,-21600,-0.71,5175,0.17,-46350,-1.52,2363550,2363.55
2352,Entry long,2020-04-09 18:00,S1 Trend,3389.25,18,61006.5,-21600,-0.71,5175,0.17,-46350,-1.52,2363550,2363.55
2353,Exit long,2020-04-14 21:00,EOD,3422.5,29,98998.75,12687.5,0.26,25737.5,0.52,-43500,-0.88,2376237.5,2376.24
2353,Entry long,2020-04-14 15:30,S1 Trend,3413.75,29,98998.75,12687.5,0.26,25737.5,0.52,-43500,-0.88,2376237.5,2376.24
2354,Exit long,2020-04-15 21:00,EOD,3360.5,27,90983.25,-12487.5,-0.27,11475,0.25,-21600,-0.47,2363750,2363.75
2354,Entry long,2020-04-15 19:30,S1 Trend,3369.75,27,90983.25,-12487.5,-0.27,11475,0.25,-21600,-0.47,2363750,2363.75
2355,Exit long,2020-04-17 20:30,S2 FairVal,3433.25,27,92238.75,22950,0.50,22950,0.50,-13162.5,-0.29,2386700,2386.70
2355,Entry long,2020-04-17 16:00,S2 VWAP,3416.25,27,92238.75,22950,0.50,22950,0.50,-13162.5,-0.29,2386700,2386.70
2356,Exit long,2020-04-20 19:00,S1 Trail,3409.5,30,103027.5,-37125,-0.72,18000,0.35,-37125,-0.72,2349575,2349.58
2356,Entry long,2020-04-20 16:00,S1 Trend,3434.25,30,103027.5,-37125,-0.72,18000,0.35,-37125,-0.72,2349575,2349.58
2357,Exit long,2020-04-22 21:00,EOD,3374.5,30,101100,6750,0.13,35250,0.70,-7500,-0.15,2356325,2356.32
2357,Entry long,2020-04-22 17:00,S1 Trend,3370,30,101100,6750,0.13,35250,0.70,-7500,-0.15,2356325,2356.32
2358,Exit long,2020-04-23 17:30,S1 Trail,3388.75,33,112447.5,-30937.5,-0.55,24337.5,0.43,-30937.5,-0.55,2325387.5,2325.39
2358,Entry long,2020-04-23 15:30,S1 Trend,3407.5,33,112447.5,-30937.5,-0.55,24337.5,0.43,-30937.5,-0.55,2325387.5,2325.39
2359,Exit long,2020-04-24 21:00,EOD,3413.25,33,112142.25,24750,0.44,36712.5,0.65,-4950,-0.09,2350137.5,2350.14
2359,Entry long,2020-04-24 19:00,S1 Trend,3398.25,33,112142.25,24750,0.44,36712.5,0.65,-4950,-0.09,2350137.5,2350.14
2360,Exit long,2020-04-27 21:00,EOD,3454.75,40,137980,10500,0.15,34500,0.50,-9500,-0.14,2360637.5,2360.64
2360,Entry long,2020-04-27 16:30,S1 Trend,3449.5,40,137980,10500,0.15,34500,0.50,-9500,-0.14,2360637.5,2360.64
2361,Exit long,2020-04-29 21:00,EOD,3515.25,33,115879.5,6187.5,0.11,35062.5,0.61,-8250,-0.14,2366825,2366.82
2361,Entry long,2020-04-29 16:30,S1 Trend,3511.5,33,115879.5,6187.5,0.11,35062.5,0.61,-8250,-0.14,2366825,2366.82
2362,Exit long,2020-05-05 20:30,S1 Trail,3451,38,131385,-12350,-0.19,33725,0.51,-12350,-0.19,2354475,2354.48
2362,Entry long,2020-05-05 15:30,S1 Trend,3457.5,38,131385,-12350,-0.19,33725,0.51,-12350,-0.19,2354475,2354.48
2363,Exit long,2020-05-07 20:00,S1 Trail,3453.75,40,139080,-46500,-0.67,7000,0.10,-46500,-0.67,2307975,2307.98
2363,Entry long,2020-05-07 17:00,S1 Trend,3477,40,139080,-46500,-0.67,7000,0.10,-46500,-0.67,2307975,2307.98
2364,Exit long,2020-05-11 21:00,EOD,3507.75,44,154429,-4400,-0.06,28050,0.36,-6600,-0.09,2303575,2303.57
2364,Entry long,2020-05-11 17:30,S1 Trend,3509.75,44,154429,-4400,-0.06,28050,0.36,-6600,-0.09,2303575,2303.57
2365,Exit long,2020-05-15 21:00,EOD,3444.5,28,96047,19950,0.42,20650,0.43,-10150,-0.21,2323525,2323.53
2365,Entry long,2020-05-15 18:30,S1 Trend,3430.25,28,96047,19950,0.42,20650,0.43,-10150,-0.21,2323525,2323.53
2366,Exit long,2020-05-18 16:30,S1 Climax,3535,11,38805.25,3987.5,0.21,5775,0.30,-275,-0.01,2327512.5,2327.51
2366,Entry long,2020-05-18 16:00,S1 Trend,3527.75,11,38805.25,3987.5,0.21,5775,0.30,-275,-0.01,2327512.5,2327.51
2367,Exit long,2020-05-18 17:00,S1 Climax,3532.75,7,24694.25,1750,0.14,3675,0.30,-175,-0.01,2329262.5,2329.26
2367,Entry long,2020-05-18 16:00,S1 Trend,3527.75,7,24694.25,1750,0.14,3675,0.30,-175,-0.01,2329262.5,2329.26
2368,Exit long,2020-05-18 17:30,S1 Climax,3532.75,5,17638.75,1250,0.14,2625,0.30,-125,-0.01,2330512.5,2330.51
2368,Entry long,2020-05-18 16:00,S1 Trend,3527.75,5,17638.75,1250,0.14,2625,0.30,-125,-0.01,2330512.5,2330.51
2369,Exit long,2020-05-18 18:30,S1 Climax,3540.25,4,14111,2500,0.35,2500,0.35,-100,-0.01,2333012.5,2333.01
2369,Entry long,2020-05-18 16:00,S1 Trend,3527.75,4,14111,2500,0.35,2500,0.35,-100,-0.01,2333012.5,2333.01
2370,Exit long,2020-05-18 21:00,EOD,3531.75,10,35277.5,2000,0.11,11250,0.64,-250,-0.01,2335012.5,2335.01
2370,Entry long,2020-05-18 16:00,S1 Trend,3527.75,10,35277.5,2000,0.11,11250,0.64,-250,-0.01,2335012.5,2335.01
2371,Exit long,2020-05-19 20:30,S1 Trail,3515.5,37,130711.75,-31912.5,-0.49,20812.5,0.32,-31912.5,-0.49,2303100,2303.10
2371,Entry long,2020-05-19 15:30,S1 Trend,3532.75,37,130711.75,-31912.5,-0.49,20812.5,0.32,-31912.5,-0.49,2303100,2303.10
2372,Exit long,2020-05-20 21:00,EOD,3551.75,47,167108.5,-8812.5,-0.11,13512.5,0.16,-35250,-0.42,2294287.5,2294.29
2372,Entry long,2020-05-20 15:30,S1 Trend,3555.5,47,167108.5,-8812.5,-0.11,13512.5,0.16,-35250,-0.42,2294287.5,2294.29
2373,Exit long,2020-05-21 18:00,S2 FairVal,3539,37,130628.5,15725,0.24,19425,0.30,-5550,-0.08,2310012.5,2310.01
2373,Entry long,2020-05-21 17:00,S2 VWAP,3530.5,37,130628.5,15725,0.24,19425,0.30,-5550,-0.08,2310012.5,2310.01
2374,Exit long,2020-05-26 15:00,S1 Trail,3588.5,73,260865.5,54750,0.42,115887.5,0.89,-26462.5,-0.20,2364762.5,2364.76
2374,Entry long,2020-05-25 16:00,S1 Trend,3573.5,73,260865.5,54750,0.42,115887.5,0.89,-26462.5,-0.20,2364762.5,2364.76
2375,Exit long,2020-05-28 20:30,S1 Trail,3624,39,141833.25,-24862.5,-0.35,27787.5,0.39,-24862.5,-0.35,2339900,2339.90
2375,Entry long,2020-05-28 17:30,S1 Trend,3636.75,39,141833.25,-24862.5,-0.35,27787.5,0.39,-24862.5,-0.35,2339900,2339.90
2376,Exit long,2020-06-01 21:00,EOD,3638.25,36,130761,10800,0.17,22050,0.34,-13500,-0.21,2350700,2350.70
2376,Entry long,2020-06-01 15:30,S1 Trend,3632.25,36,130761,10800,0.17,22050,0.34,-13500,-0.21,2350700,2350.70
2377,Exit long,2020-06-03 21:00,EOD,3704.75,62,228873,41075,0.36,72850,0.64,-4650,-0.04,2391775,2391.78
2377,Entry long,2020-06-03 15:30,S1 Trend,3691.5,62,228873,41075,0.36,72850,0.64,-4650,-0.04,2391775,2391.78
2378,Exit long,2020-06-04 17:30,S1 Trail,3691.5,54,200218.5,-43875,-0.44,12150,0.12,-43875,-0.44,2347900,2347.90
2378,Entry long,2020-06-04 15:30,S1 Trend,3707.75,54,200218.5,-43875,-0.44,12150,0.12,-43875,-0.44,2347900,2347.90
2379,Exit long,2020-06-05 16:00,S1 Climax,3774.5,11,41398.5,6050,0.29,6187.5,0.30,-825,-0.04,2353950,2353.95
2379,Entry long,2020-06-05 15:30,S1 Trend,3763.5,11,41398.5,6050,0.29,6187.5,0.30,-825,-0.04,2353950,2353.95
2380,Exit long,2020-06-05 16:30,S1 Climax,3789.25,8,30108,10300,0.68,10500,0.70,-600,-0.04,2364250,2364.25
2380,Entry long,2020-06-05 15:30,S1 Trend,3763.5,8,30108,10300,0.68,10500,0.70,-600,-0.04,2364250,2364.25
2381,Exit long,2020-06-05 17:00,S1 Climax,3786.25,6,22581,6825,0.60,9750,0.86,-450,-0.04,2371075,2371.08
2381,Entry long,2020-06-05 15:30,S1 Trend,3763.5,6,22581,6825,0.60,9750,0.86,-450,-0.04,2371075,2371.08
2382,Exit long,2020-06-05 18:30,S1 Climax,3789.5,4,15054,5200,0.69,6500,0.86,-300,-0.04,2376275,2376.28
2382,Entry long,2020-06-05 15:30,S1 Trend,3763.5,4,15054,5200,0.69,6500,0.86,-300,-0.04,2376275,2376.28
2383,Exit long,2020-06-05 21:00,EOD,3775,10,37635,5750,0.31,16250,0.86,-750,-0.04,2382025,2382.03
2383,Entry long,2020-06-05 15:30,S1 Trend,3763.5,10,37635,5750,0.31,16250,0.86,-750,-0.04,2382025,2382.03
2384,Exit long,2020-06-08 21:00,EOD,3815.25,47,178623.5,34662.5,0.39,38187.5,0.43,-3525,-0.04,2416687.5,2416.69
2384,Entry long,2020-06-08 19:00,S1 Trend,3800.5,47,178623.5,34662.5,0.39,38187.5,0.43,-3525,-0.04,2416687.5,2416.69
2385,Exit long,2020-06-09 21:00,EOD,3791.5,43,163249.5,-10750,-0.13,21500,0.26,-25800,-0.32,2405937.5,2405.94
2385,Entry long,2020-06-09 16:00,S1 Trend,3796.5,43,163249.5,-10750,-0.13,21500,0.26,-25800,-0.32,2405937.5,2405.94
2386,Exit long,2020-06-10 21:00,EOD,3773.5,33,125523.75,-49912.5,-0.80,1237.5,0.02,-54037.5,-0.86,2356025,2356.03
2386,Entry long,2020-06-10 19:30,S1 Trend,3803.75,33,125523.75,-49912.5,-0.80,1237.5,0.02,-54037.5,-0.86,2356025,2356.03
2387,Exit long,2020-06-15 21:00,EOD,3652.25,20,73220,-8750,-0.24,3750,0.10,-33500,-0.92,2347275,2347.28
2387,Entry long,2020-06-15 19:30,S1 Trend,3661,20,73220,-8750,-0.24,3750,0.10,-33500,-0.92,2347275,2347.28
2388,Exit long,2020-06-22 21:00,EOD,3702.5,34,125732,7650,0.12,13600,0.22,-16575,-0.26,2354925,2354.93
2388,Entry long,2020-06-22 17:30,S1 Trend,3698,34,125732,7650,0.12,13600,0.22,-16575,-0.26,2354925,2354.93
2389,Exit long,2020-06-30 21:00,EOD,3680.75,44,160600,67650,0.84,105050,1.31,-4950,-0.06,2422575,2422.58
2389,Entry long,2020-06-30 15:30,S1 Trend,3650,44,160600,67650,0.84,105050,1.31,-4950,-0.06,2422575,2422.58
2390,Exit long,2020-07-01 21:00,EOD,3701.25,39,144485.25,-6825,-0.09,18525,0.26,-37050,-0.51,2415750,2415.75
2390,Entry long,2020-07-01 15:30,S1 Trend,3704.75,39,144485.25,-6825,-0.09,18525,0.26,-37050,-0.51,2415750,2415.75
2391,Exit long,2020-07-02 20:30,S1 Trail,3715.5,44,164197,-35750,-0.44,18150,0.22,-35750,-0.44,2380000,2380.00
2391,Entry long,2020-07-02 15:30,S1 Trend,3731.75,44,164197,-35750,-0.44,18150,0.22,-35750,-0.44,2380000,2380.00
2392,Exit long,2020-07-06 21:00,EOD,3765.5,51,191543.25,24862.5,0.26,33150,0.35,-10200,-0.11,2404862.5,2404.86
2392,Entry long,2020-07-06 15:30,S1 Trend,3755.75,51,191543.25,24862.5,0.26,33150,0.35,-10200,-0.11,2404862.5,2404.86
2393,Exit long,2020-07-07 19:30,S1 Trail,3747.5,49,184411.5,-39200,-0.43,17762.5,0.19,-39200,-0.43,2365662.5,2365.66
2393,Entry long,2020-07-07 15:30,S1 Trend,3763.5,49,184411.5,-39200,-0.43,17762.5,0.19,-39200,-0.43,2365662.5,2365.66
2394,Exit long,2020-07-08 16:00,S1 Trail,3727.5,43,161174.75,-44612.5,-0.55,10750,0.13,-44612.5,-0.55,2321050,2321.05
2394,Entry long,2020-07-08 15:30,S1 Trend,3748.25,43,161174.75,-44612.5,-0.55,10750,0.13,-44612.5,-0.55,2321050,2321.05
2395,Exit long,2020-07-10 21:00,EOD,3771.5,35,131110,44625,0.68,49437.5,0.75,-10062.5,-0.15,2365675,2365.67
2395,Entry long,2020-07-10 16:00,S1 Trend,3746,35,131110,44625,0.68,49437.5,0.75,-10062.5,-0.15,2365675,2365.67
2396,Exit long,2020-07-13 19:00,S1 Trail,3800.5,53,201744.5,-15900,-0.16,43062.5,0.43,-17887.5,-0.18,2349775,2349.78
2396,Entry long,2020-07-13 15:30,S1 Trend,3806.5,53,201744.5,-15900,-0.16,43062.5,0.43,-17887.5,-0.18,2349775,2349.78
2397,Exit long,2020-07-14 21:00,EOD,3784.25,28,105252,35350,0.67,41650,0.79,-7700,-0.15,2385125,2385.13
2397,Entry long,2020-07-14 19:00,S1 Trend,3759,28,105252,35350,0.67,41650,0.79,-7700,-0.15,2385125,2385.13
2398,Exit long,2020-07-16 18:30,S2 FairVal,3801.5,47,178247.5,21150,0.24,21737.5,0.24,-1175,-0.01,2406275,2406.28
2398,Entry long,2020-07-16 18:00,S2 VWAP,3792.5,47,178247.5,21150,0.24,21737.5,0.24,-1175,-0.01,2406275,2406.28
2399,Exit long,2020-07-20 21:00,EOD,3839.25,50,191100,43125,0.45,62500,0.65,-6875,-0.07,2449400,2449.40
2399,Entry long,2020-07-20 15:30,S1 Trend,3822,50,191100,43125,0.45,62500,0.65,-6875,-0.07,2449400,2449.40
2400,Exit long,2020-07-22 21:00,EOD,3864.5,51,196668.75,21037.5,0.21,30600,0.31,-32512.5,-0.33,2470437.5,2470.44
2400,Entry long,2020-07-22 17:30,S1 Trend,3856.25,51,196668.75,21037.5,0.21,30600,0.31,-32512.5,-0.33,2470437.5,2470.44
2401,Exit long,2020-07-29 21:00,EOD,3846.5,72,275634,65700,0.48,90900,0.66,-2700,-0.02,2536137.5,2536.14
2401,Entry long,2020-07-29 15:30,S1 Trend,3828.25,72,275634,65700,0.48,90900,0.66,-2700,-0.02,2536137.5,2536.14
2402,Exit long,2020-07-30 21:00,EOD,3835.5,38,145521,11400,0.16,20425,0.28,-4750,-0.07,2547537.5,2547.54
2402,Entry long,2020-07-30 17:30,S1 Trend,3829.5,38,145521,11400,0.16,20425,0.28,-4750,-0.07,2547537.5,2547.54
2403,Exit long,2020-08-03 21:00,EOD,3883.25,62,240684,3875,0.03,31000,0.26,-22475,-0.19,2551412.5,2551.41
2403,Entry long,2020-08-03 15:30,S1 Trend,3882,62,240684,3875,0.03,31000,0.26,-22475,-0.19,2551412.5,2551.41
2404,Exit long,2020-08-04 21:00,EOD,3896.25,65,252443.75,40625,0.32,43062.5,0.34,-27625,-0.22,2592037.5,2592.04
2404,Entry long,2020-08-04 15:30,S1 Trend,3883.75,65,252443.75,40625,0.32,43062.5,0.34,-27625,-0.22,2592037.5,2592.04
2405,Exit long,2020-08-05 21:00,EOD,3916.25,76,297635,0,0.00,11400,0.08,-32300,-0.22,2592037.5,2592.04
2405,Entry long,2020-08-05 16:30,S1 Trend,3916.25,76,297635,0,0.00,11400,0.08,-32300,-0.22,2592037.5,2592.04
2406,Exit long,2020-08-06 21:00,EOD,3939.25,65,254816.25,61750,0.48,65812.5,0.52,-43062.5,-0.34,2653787.5,2653.79
2406,Entry long,2020-08-06 15:30,S1 Trend,3920.25,65,254816.25,61750,0.48,65812.5,0.52,-43062.5,-0.34,2653787.5,2653.79
2407,Exit long,2020-08-07 19:00,S1 Trail,3919.5,57,224209.5,-39900,-0.36,24225,0.22,-39900,-0.36,2613887.5,2613.89
2407,Entry long,2020-08-07 16:30,S1 Trend,3933.5,57,224209.5,-39900,-0.36,24225,0.22,-39900,-0.36,2613887.5,2613.89
2408,Exit long,2020-08-10 17:00,S2 FairVal,3945.25,60,236385,16500,0.14,19500,0.16,-4500,-0.04,2630387.5,2630.39
2408,Entry long,2020-08-10 16:30,S2 VWAP,3939.75,60,236385,16500,0.14,19500,0.16,-4500,-0.04,2630387.5,2630.39
2409,Exit long,2020-08-11 20:00,S1 Trail,3952.25,67,266023.5,-61137.5,-0.46,837.5,0.01,-61137.5,-0.46,2569250,2569.25
2409,Entry long,2020-08-11 18:30,S1 Trend,3970.5,67,266023.5,-61137.5,-0.46,837.5,0.01,-61137.5,-0.46,2569250,2569.25
2410,Exit long,2020-08-12 21:00,EOD,3969.75,59,234053,8112.5,0.07,35400,0.30,-15487.5,-0.13,2577362.5,2577.36
2410,Entry long,2020-08-12 15:30,S1 Trend,3967,59,234053,8112.5,0.07,35400,0.30,-15487.5,-0.13,2577362.5,2577.36
2411,Exit long,2020-08-13 19:00,S1 Trail,3962.5,71,282047.5,-35500,-0.25,21300,0.15,-35500,-0.25,2541862.5,2541.86
2411,Entry long,2020-08-13 15:30,S1 Trend,3972.5,71,282047.5,-35500,-0.25,21300,0.15,-35500,-0.25,2541862.5,2541.86
2412,Exit long,2020-08-18 16:30,S2 FairVal,3978.25,73,290083.75,16425,0.11,19162.5,0.13,-4562.5,-0.03,2558287.5,2558.29
2412,Entry long,2020-08-18 16:00,S2 VWAP,3973.75,73,290083.75,16425,0.11,19162.5,0.13,-4562.5,-0.03,2558287.5,2558.29
2413,Exit long,2020-08-20 21:00,EOD,3978.5,60,238365,17250,0.14,32250,0.27,-17250,-0.14,2575537.5,2575.54
2413,Entry long,2020-08-20 17:00,S1 Trend,3972.75,60,238365,17250,0.14,32250,0.27,-17250,-0.14,2575537.5,2575.54
2414,Exit long,2020-08-21 21:00,EOD,3990.25,59,234849.5,28762.5,0.24,36137.5,0.31,-17700,-0.15,2604300,2604.30
2414,Entry long,2020-08-21 15:30,S1 Trend,3980.5,59,234849.5,28762.5,0.24,36137.5,0.31,-17700,-0.15,2604300,2604.30
2415,Exit long,2020-08-27 17:30,S1 Trail,4071.5,54,220927.5,-53325,-0.48,9450,0.09,-53325,-0.48,2550975,2550.98
2415,Entry long,2020-08-27 16:00,S1 Trend,4091.25,54,220927.5,-53325,-0.48,9450,0.09,-53325,-0.48,2550975,2550.98
2416,Exit long,2020-09-01 21:00,EOD,4121.75,62,254804.5,37200,0.29,41075,0.32,-31775,-0.25,2588175,2588.18
2416,Entry long,2020-09-01 15:30,S1 Trend,4109.75,62,254804.5,37200,0.29,41075,0.32,-31775,-0.25,2588175,2588.18
2417,Exit long,2020-09-02 21:00,EOD,4173,58,240729,65250,0.54,95700,0.80,-2900,-0.02,2653425,2653.43
2417,Entry long,2020-09-02 17:30,S1 Trend,4150.5,58,240729,65250,0.54,95700,0.80,-2900,-0.02,2653425,2653.43
2418,Exit long,2020-09-09 21:00,EOD,3993,33,131868,-4950,-0.08,40425,0.61,-6600,-0.10,2648475,2648.48
2418,Entry long,2020-09-09 16:30,S1 Trend,3996,33,131868,-4950,-0.08,40425,0.61,-6600,-0.10,2648475,2648.48
2419,Exit long,2020-09-10 16:00,S1 Trail,3980,38,152313.5,-53675,-0.70,18050,0.24,-53675,-0.70,2594800,2594.80
2419,Entry long,2020-09-10 15:30,S1 Trend,4008.25,38,152313.5,-53675,-0.70,18050,0.24,-53675,-0.70,2594800,2594.80
2420,Exit short,2020-09-11 21:00,EOD,3936.25,31,121737,-14337.5,-0.24,33712.5,0.55,-34100,-0.56,2580462.5,2580.46
2420,Entry short,2020-09-11 18:00,S3 Hedge,3927,31,121737,-14337.5,-0.24,33712.5,0.55,-34100,-0.56,2580462.5,2580.46
2421,Exit long,2020-09-14 20:00,S1 Trail,3973.5,47,187870.75,-55812.5,-0.59,1762.5,0.02,-55812.5,-0.59,2524650,2524.65
2421,Entry long,2020-09-14 15:30,S1 Trend,3997.25,47,187870.75,-55812.5,-0.59,1762.5,0.02,-55812.5,-0.59,2524650,2524.65
2422,Exit long,2020-09-16 20:00,S1 Trail,4000,50,200962.5,-48125,-0.48,17500,0.17,-48125,-0.48,2476525,2476.53
2422,Entry long,2020-09-16 19:30,S1 Trend,4019.25,50,200962.5,-48125,-0.48,17500,0.17,-48125,-0.48,2476525,2476.53
2423,Exit short,2020-09-21 20:00,S3 Scalp,3856.75,26,99697,-28925,-0.58,13000,0.26,-28925,-0.58,2447600,2447.60
2423,Entry short,2020-09-21 15:30,S3 Hedge,3834.5,26,99697,-28925,-0.58,13000,0.26,-28925,-0.58,2447600,2447.60
2424,Exit long,2020-09-25 21:00,EOD,3894,31,120163.75,27512.5,0.46,41462.5,0.69,-1162.5,-0.02,2475112.5,2475.11
2424,Entry long,2020-09-25 19:00,S1 Trend,3876.25,31,120163.75,27512.5,0.46,41462.5,0.69,-1162.5,-0.02,2475112.5,2475.11
2425,Exit long,2020-09-28 21:00,EOD,3949.75,46,181573.5,5750,0.06,23575,0.26,-27600,-0.30,2480862.5,2480.86
2425,Entry long,2020-09-28 15:30,S1 Trend,3947.25,46,181573.5,5750,0.06,23575,0.26,-27600,-0.30,2480862.5,2480.86
2426,Exit short,2020-09-29 21:00,EOD,3931.5,51,200774.25,13387.5,0.13,34425,0.34,-24225,-0.24,2494250,2494.25
2426,Entry short,2020-09-29 16:00,S3 Hedge,3936.75,51,200774.25,13387.5,0.13,34425,0.34,-24225,-0.24,2494250,2494.25
2427,Exit long,2020-09-30 19:30,S1 Trail,3955.5,34,134878,-19550,-0.29,40375,0.60,-19550,-0.29,2474700,2474.70
2427,Entry long,2020-09-30 15:30,S1 Trend,3967,34,134878,-19550,-0.29,40375,0.60,-19550,-0.29,2474700,2474.70
2428,Exit long,2020-10-02 21:00,EOD,3945.25,27,106832.25,-15525,-0.29,12825,0.24,-41175,-0.77,2459175,2459.18
2428,Entry long,2020-10-02 15:30,S1 Trend,3956.75,27,106832.25,-15525,-0.29,12825,0.24,-41175,-0.77,2459175,2459.18
2429,Exit long,2020-10-05 21:00,EOD,4004,52,207155,52650,0.51,59800,0.58,-3900,-0.04,2511825,2511.82
2429,Entry long,2020-10-05 15:30,S1 Trend,3983.75,52,207155,52650,0.51,59800,0.58,-3900,-0.04,2511825,2511.82
2430,Exit long,2020-10-06 19:30,S1 Trail,3996,61,244610,-42700,-0.35,56425,0.46,-51850,-0.42,2469125,2469.13
2430,Entry long,2020-10-06 15:30,S1 Trend,4010,61,244610,-42700,-0.35,56425,0.46,-51850,-0.42,2469125,2469.13
2431,Exit long,2020-10-07 21:00,EOD,4013.75,48,192072,29400,0.31,52800,0.55,-22800,-0.24,2498525,2498.53
2431,Entry long,2020-10-07 16:00,S1 Trend,4001.5,48,192072,29400,0.31,52800,0.55,-22800,-0.24,2498525,2498.53
2432,Exit long,2020-10-08 21:00,EOD,4044.25,58,233986.5,29000,0.25,32625,0.28,-25375,-0.22,2527525,2527.53
2432,Entry long,2020-10-08 15:30,S1 Trend,4034.25,58,233986.5,29000,0.25,32625,0.28,-25375,-0.22,2527525,2527.53
2433,Exit long,2020-10-09 21:00,EOD,4075.75,65,265005,-4062.5,-0.03,12187.5,0.09,-34125,-0.26,2523462.5,2523.46
2433,Entry long,2020-10-09 17:00,S1 Trend,4077,65,265005,-4062.5,-0.03,12187.5,0.09,-34125,-0.26,2523462.5,2523.46
2434,Exit long,2020-10-12 16:30,S1 Climax,4125,20,82185,15750,0.38,18000,0.44,-2000,-0.05,2539212.5,2539.21
2434,Entry long,2020-10-12 15:30,S1 Trend,4109.25,20,82185,15750,0.38,18000,0.44,-2000,-0.05,2539212.5,2539.21
2435,Exit long,2020-10-12 17:00,S1 Climax,4125,14,57529.5,11025,0.38,13650,0.47,-1400,-0.05,2550237.5,2550.24
2435,Entry long,2020-10-12 15:30,S1 Trend,4109.25,14,57529.5,11025,0.38,13650,0.47,-1400,-0.05,2550237.5,2550.24
2436,Exit long,2020-10-12 17:30,S1 Climax,4136.25,10,41092.5,13500,0.66,14750,0.72,-1000,-0.05,2563737.5,2563.74
2436,Entry long,2020-10-12 15:30,S1 Trend,4109.25,10,41092.5,13500,0.66,14750,0.72,-1000,-0.05,2563737.5,2563.74
2437,Exit long,2020-10-12 18:00,S1 Climax,4136.25,7,28764.75,9450,0.66,11025,0.77,-700,-0.05,2573187.5,2573.19
2437,Entry long,2020-10-12 15:30,S1 Trend,4109.25,7,28764.75,9450,0.66,11025,0.77,-700,-0.05,2573187.5,2573.19
2438,Exit long,2020-10-12 18:30,S1 Climax,4143,5,20546.25,8437.5,0.82,8625,0.84,-500,-0.05,2581625,2581.63
2438,Entry long,2020-10-12 15:30,S1 Trend,4109.25,5,20546.25,8437.5,0.82,8625,0.84,-500,-0.05,2581625,2581.63
2439,Exit long,2020-10-12 19:00,S1 Climax,4140.75,3,12327.75,4725,0.77,5475,0.89,-300,-0.05,2586350,2586.35
2439,Entry long,2020-10-12 15:30,S1 Trend,4109.25,3,12327.75,4725,0.77,5475,0.89,-300,-0.05,2586350,2586.35
2440,Exit long,2020-10-12 19:30,S1 Climax,4147.25,2,8218.5,3800,0.92,3800,0.92,-200,-0.05,2590150,2590.15
2440,Entry long,2020-10-12 15:30,S1 Trend,4109.25,2,8218.5,3800,0.92,3800,0.92,-200,-0.05,2590150,2590.15
2441,Exit long,2020-10-12 21:00,EOD,4132,7,28764.75,7962.5,0.55,13475,0.94,-700,-0.05,2598112.5,2598.11
2441,Entry long,2020-10-12 15:30,S1 Trend,4109.25,7,28764.75,7962.5,0.55,13475,0.94,-700,-0.05,2598112.5,2598.11
2442,Exit long,2020-10-13 20:00,S2 FairVal,4121.25,45,184691.25,38250,0.41,38250,0.41,-13500,-0.15,2636362.5,2636.36
2442,Entry long,2020-10-13 19:30,S2 VWAP,4104.25,45,184691.25,38250,0.41,38250,0.41,-13500,-0.15,2636362.5,2636.36
2443,Exit long,2020-10-16 17:30,S1 Trail,4092,54,222142.5,-58725,-0.53,4050,0.04,-58725,-0.53,2577637.5,2577.64
2443,Entry long,2020-10-16 15:30,S1 Trend,4113.75,54,222142.5,-58725,-0.53,4050,0.04,-58725,-0.53,2577637.5,2577.64
2444,Exit long,2020-10-20 20:00,S1 Trail,4046.25,41,166941.75,-52275,-0.63,9737.5,0.12,-52275,-0.63,2525362.5,2525.36
2444,Entry long,2020-10-20 18:30,S1 Trend,4071.75,41,166941.75,-52275,-0.63,9737.5,0.12,-52275,-0.63,2525362.5,2525.36
2445,Exit long,2020-10-22 21:00,EOD,4054,39,157784.25,16087.5,0.20,27300,0.35,-7312.5,-0.09,2541450,2541.45
2445,Entry long,2020-10-22 18:30,S1 Trend,4045.75,39,157784.25,16087.5,0.20,27300,0.35,-7312.5,-0.09,2541450,2541.45
2446,Exit short,2020-10-26 17:00,S3 Scalp,3976.25,50,200150,66875,0.67,66875,0.67,-625,-0.01,2608325,2608.32
2446,Entry short,2020-10-26 15:00,S3 Hedge,4003,50,200150,66875,0.67,66875,0.67,-625,-0.01,2608325,2608.32
2447,Exit short,2020-10-26 18:00,S3 Scalp,3983.5,43,170645.5,-32250,-0.38,12362.5,0.14,-32250,-0.38,2576075,2576.08
2447,Entry short,2020-10-26 17:30,S3 Hedge,3968.5,43,170645.5,-32250,-0.38,12362.5,0.14,-32250,-0.38,2576075,2576.08
2448,Exit short,2020-10-28 20:00,EOD,3873.5,36,140184,36900,0.53,47700,0.68,-28800,-0.41,2612975,2612.98
2448,Entry short,2020-10-28 14:30,S3 Hedge,3894,36,140184,36900,0.53,47700,0.68,-28800,-0.41,2612975,2612.98
2449,Exit long,2020-11-02 18:00,S1 Trail,3887,35,137278.75,-61687.5,-0.90,875,0.01,-61687.5,-0.90,2551287.5,2551.29
2449,Entry long,2020-11-02 15:30,S1 Trend,3922.25,35,137278.75,-61687.5,-0.90,875,0.01,-61687.5,-0.90,2551287.5,2551.29
2450,Exit long,2020-11-03 18:30,S1 Trail,3957.75,37,147297,-43012.5,-0.58,15725,0.21,-43012.5,-0.58,2508275,2508.28
2450,Entry long,2020-11-03 15:30,S1 Trend,3981,37,147297,-43012.5,-0.58,15725,0.21,-43012.5,-0.58,2508275,2508.28
2451,Exit long,2020-11-04 21:00,EOD,4041.75,15,60870,-12187.5,-0.40,21562.5,0.71,-14625,-0.48,2496087.5,2496.09
2451,Entry long,2020-11-04 15:30,S1 Trend,4058,15,60870,-12187.5,-0.40,21562.5,0.71,-14625,-0.48,2496087.5,2496.09
2452,Exit long,2020-11-05 21:00,EOD,4109,29,119364,-10150,-0.17,17762.5,0.30,-29362.5,-0.49,2485937.5,2485.94
2452,Entry long,2020-11-05 15:30,S1 Trend,4116,29,119364,-10150,-0.17,17762.5,0.30,-29362.5,-0.49,2485937.5,2485.94
2453,Exit long,2020-11-11 19:30,S1 Trail,4158.75,44,183777,-39600,-0.43,14850,0.16,-39600,-0.43,2446337.5,2446.34
2453,Entry long,2020-11-11 17:30,S1 Trend,4176.75,44,183777,-39600,-0.43,14850,0.16,-39600,-0.43,2446337.5,2446.34
2454,Exit long,2020-11-13 21:00,EOD,4188.5,46,191820,42550,0.44,61525,0.64,-4025,-0.04,2488887.5,2488.89
2454,Entry long,2020-11-13 17:00,S1 Trend,4170,46,191820,42550,0.44,61525,0.64,-4025,-0.04,2488887.5,2488.89
2455,Exit long,2020-11-17 16:00,S2 FairVal,4213,53,222732.5,27825,0.25,31800,0.29,-4637.5,-0.04,2516712.5,2516.71
2455,Entry long,2020-11-17 15:30,S2 VWAP,4202.5,53,222732.5,27825,0.25,31800,0.29,-4637.5,-0.04,2516712.5,2516.71
2456,Exit long,2020-11-17 21:00,EOD,4214.25,50,211075,-18125,-0.17,13750,0.13,-41250,-0.39,2498587.5,2498.59
2456,Entry long,2020-11-17 17:30,S1 Trend,4221.5,50,211075,-18125,-0.17,13750,0.13,-41250,-0.39,2498587.5,2498.59
2457,Exit long,2020-11-24 21:00,EOD,4239,67,282388.25,81237.5,0.58,103012.5,0.73,-10050,-0.07,2579825,2579.82
2457,Entry long,2020-11-24 15:30,S1 Trend,4214.75,67,282388.25,81237.5,0.58,103012.5,0.73,-10050,-0.07,2579825,2579.82
2458,Exit long,2020-11-25 17:30,S2 FairVal,4234,55,232526.25,17187.5,0.15,17187.5,0.15,-12375,-0.11,2597012.5,2597.01
2458,Entry long,2020-11-25 15:30,S2 VWAP,4227.75,55,232526.25,17187.5,0.15,17187.5,0.15,-12375,-0.11,2597012.5,2597.01
2459,Exit long,2020-12-01 20:00,S1 Trail,4263.5,62,265205,-43400,-0.33,20925,0.16,-43400,-0.33,2553612.5,2553.61
2459,Entry long,2020-12-01 15:30,S1 Trend,4277.5,62,265205,-43400,-0.33,20925,0.16,-43400,-0.33,2553612.5,2553.61
2460,Exit long,2020-12-08 21:00,EOD,4308.5,70,300212.5,69125,0.46,91000,0.61,-7000,-0.05,2622737.5,2622.74
2460,Entry long,2020-12-08 15:30,S1 Trend,4288.75,70,300212.5,69125,0.46,91000,0.61,-7000,-0.05,2622737.5,2622.74
2461,Exit long,2020-12-09 17:30,S2 FairVal,4293.5,82,352928,-43050,-0.24,1025,0.01,-43050,-0.24,2579687.5,2579.69
2461,Entry long,2020-12-09 17:00,S2 VWAP,4304,82,352928,-43050,-0.24,1025,0.01,-43050,-0.24,2579687.5,2579.69
2462,Exit long,2020-12-14 17:30,S1 Trail,4273.25,69,295803,-47437.5,-0.32,15525,0.10,-47437.5,-0.32,2532250,2532.25
2462,Entry long,2020-12-14 16:00,S1 Trend,4287,69,295803,-47437.5,-0.32,15525,0.10,-47437.5,-0.32,2532250,2532.25
2463,Exit long,2020-12-15 21:00,EOD,4301,64,274608,32800,0.24,34400,0.25,-4000,-0.03,2565050,2565.05
2463,Entry long,2020-12-15 18:00,S1 Trend,4290.75,64,274608,32800,0.24,34400,0.25,-4000,-0.03,2565050,2565.05
2464,Exit long,2021-01-05 21:00,EOD,4330.75,38,164910.5,-17100,-0.21,6650,0.08,-25175,-0.31,2547950,2547.95
2464,Entry long,2021-01-05 19:30,S1 Trend,4339.75,38,164910.5,-17100,-0.21,6650,0.08,-25175,-0.31,2547950,2547.95
2465,Exit long,2021-01-06 19:30,S1 Trail,4350.5,28,121961,-7350,-0.12,45150,0.74,-7350,-0.12,2540600,2540.60
2465,Entry long,2021-01-06 15:30,S1 Trend,4355.75,28,121961,-7350,-0.12,45150,0.74,-7350,-0.12,2540600,2540.60
2466,Exit long,2021-01-07 21:00,EOD,4408.5,42,185136,1050,0.01,19425,0.21,-15225,-0.16,2541650,2541.65
2466,Entry long,2021-01-07 15:30,S1 Trend,4408,42,185136,1050,0.01,19425,0.21,-15225,-0.16,2541650,2541.65
2467,Exit long,2021-01-08 16:30,S2 FairVal,4419,47,207892.75,-9987.5,-0.10,7050,0.07,-22912.5,-0.22,2531662.5,2531.66
2467,Entry long,2021-01-08 16:00,S2 VWAP,4423.25,47,207892.75,-9987.5,-0.10,7050,0.07,-22912.5,-0.22,2531662.5,2531.66
2468,Exit long,2021-01-08 20:00,S2 FairVal,4417.5,38,167684.5,9025,0.11,10450,0.12,-13300,-0.16,2540687.5,2540.69
2468,Entry long,2021-01-08 19:30,S2 VWAP,4412.75,38,167684.5,9025,0.11,10450,0.12,-13300,-0.16,2540687.5,2540.69
2469,Exit long,2021-01-11 19:00,S1 Trail,4400.75,51,225126.75,-34425,-0.31,24225,0.22,-34425,-0.31,2506262.5,2506.26
2469,Entry long,2021-01-11 15:30,S1 Trend,4414.25,51,225126.75,-34425,-0.31,24225,0.22,-34425,-0.31,2506262.5,2506.26
2470,Exit long,2021-01-13 21:00,EOD,4415.75,60,264900,2250,0.02,35250,0.27,-18750,-0.14,2508512.5,2508.51
2470,Entry long,2021-01-13 16:00,S1 Trend,4415,60,264900,2250,0.02,35250,0.27,-18750,-0.14,2508512.5,2508.51
2471,Exit long,2021-01-19 21:00,EOD,4403.75,62,273125.5,-4650,-0.03,15500,0.11,-6200,-0.05,2503862.5,2503.86
2471,Entry long,2021-01-19 18:30,S1 Trend,4405.25,62,273125.5,-4650,-0.03,15500,0.11,-6200,-0.05,2503862.5,2503.86
2472,Exit long,2021-01-22 21:00,EOD,4446,54,240489,-20250,-0.17,12825,0.11,-22950,-0.19,2483612.5,2483.61
2472,Entry long,2021-01-22 17:00,S1 Trend,4453.5,54,240489,-20250,-0.17,12825,0.11,-22950,-0.19,2483612.5,2483.61
2473,Exit long,2021-01-25 16:00,S1 Trail,4430,62,276659.5,-99975,-0.72,5425,0.04,-105400,-0.76,2383637.5,2383.64
2473,Entry long,2021-01-25 15:30,S1 Trend,4462.25,62,276659.5,-99975,-0.72,5425,0.04,-105400,-0.76,2383637.5,2383.64
2474,Exit long,2021-01-28 20:30,S1 Trail,4395,22,96937.5,-12375,-0.26,33550,0.69,-12375,-0.26,2371262.5,2371.26
2474,Entry long,2021-01-28 15:30,S1 Trend,4406.25,22,96937.5,-12375,-0.26,33550,0.69,-12375,-0.26,2371262.5,2371.26
2475,Exit long,2021-02-01 21:00,EOD,4378,27,117936,13500,0.23,30037.5,0.51,0,0.00,2384762.5,2384.76
2475,Entry long,2021-02-01 17:00,S1 Trend,4368,27,117936,13500,0.23,30037.5,0.51,0,0.00,2384762.5,2384.76
2476,Exit long,2021-02-02 17:00,S1 Climax,4447,13,57612.75,9912.5,0.34,10400,0.36,-650,-0.02,2394675,2394.68
2476,Entry long,2021-02-02 15:30,S1 Trend,4431.75,13,57612.75,9912.5,0.34,10400,0.36,-650,-0.02,2394675,2394.68
2477,Exit long,2021-02-02 21:00,EOD,4431.75,33,146247.75,0,0.00,28462.5,0.39,-2887.5,-0.04,2394675,2394.68
2477,Entry long,2021-02-02 15:30,S1 Trend,4431.75,33,146247.75,0,0.00,28462.5,0.39,-2887.5,-0.04,2394675,2394.68
2478,Exit long,2021-02-03 16:30,S2 FairVal,4438.5,46,203906.5,13225,0.13,13225,0.13,-5750,-0.06,2407900,2407.90
2478,Entry long,2021-02-03 16:00,S2 VWAP,4432.75,46,203906.5,13225,0.13,13225,0.13,-5750,-0.06,2407900,2407.90
2479,Exit long,2021-02-04 21:00,EOD,4478.5,62,276148,75950,0.55,77500,0.56,-5425,-0.04,2483850,2483.85
2479,Entry long,2021-02-04 15:30,S1 Trend,4454,62,276148,75950,0.55,77500,0.56,-5425,-0.04,2483850,2483.85
2480,Exit long,2021-02-05 21:00,EOD,4493.25,65,292565,-25187.5,-0.17,1625,0.01,-40625,-0.28,2458662.5,2458.66
2480,Entry long,2021-02-05 18:00,S1 Trend,4501,65,292565,-25187.5,-0.17,1625,0.01,-40625,-0.28,2458662.5,2458.66
2481,Exit long,2021-02-10 19:00,S2 FairVal,4518.25,53,239228.75,11925,0.10,11925,0.10,-27825,-0.23,2470587.5,2470.59
2481,Entry long,2021-02-10 16:00,S2 VWAP,4513.75,53,239228.75,11925,0.10,11925,0.10,-27825,-0.23,2470587.5,2470.59
2482,Exit long,2021-02-24 21:00,EOD,4534,30,135307.5,35625,0.53,43125,0.64,-1125,-0.02,2506212.5,2506.21
2482,Entry long,2021-02-24 16:30,S1 Trend,4510.25,30,135307.5,35625,0.53,43125,0.64,-1125,-0.02,2506212.5,2506.21
2483,Exit long,2021-03-01 21:00,EOD,4510.75,40,179840,29500,0.33,58500,0.65,-2000,-0.02,2535712.5,2535.71
2483,Entry long,2021-03-01 15:30,S1 Trend,4496,40,179840,29500,0.33,58500,0.65,-2000,-0.02,2535712.5,2535.71
2484,Exit long,2021-03-05 21:00,EOD,4451.5,18,79722,20250,0.51,30825,0.77,-13050,-0.33,2555962.5,2555.96
2484,Entry long,2021-03-05 19:00,S1 Trend,4429,18,79722,20250,0.51,30825,0.77,-13050,-0.33,2555962.5,2555.96
2485,Exit long,2021-03-08 20:00,S1 Trail,4447.75,26,116538.5,-44850,-0.77,12675,0.22,-44850,-0.77,2511112.5,2511.11
2485,Entry long,2021-03-08 15:30,S1 Trend,4482.25,26,116538.5,-44850,-0.77,12675,0.22,-44850,-0.77,2511112.5,2511.11
2486,Exit long,2021-03-09 20:30,S1 Trail,4487.75,40,179960,-22500,-0.25,31000,0.34,-22500,-0.25,2488612.5,2488.61
2486,Entry long,2021-03-09 15:30,S1 Trend,4499,40,179960,-22500,-0.25,31000,0.34,-22500,-0.25,2488612.5,2488.61
2487,Exit long,2021-03-11 16:30,S1 Climax,4563,17,77256.5,15725,0.41,18062.5,0.47,-425,-0.01,2504337.5,2504.34
2487,Entry long,2021-03-11 15:30,S1 Trend,4544.5,17,77256.5,15725,0.41,18062.5,0.47,-425,-0.01,2504337.5,2504.34
2488,Exit long,2021-03-11 17:00,S1 Climax,4563.75,12,54534,11550,0.42,13950,0.51,-300,-0.01,2515887.5,2515.89
2488,Entry long,2021-03-11 15:30,S1 Trend,4544.5,12,54534,11550,0.42,13950,0.51,-300,-0.01,2515887.5,2515.89
2489,Exit long,2021-03-11 17:30,S1 Climax,4564.75,8,36356,8100,0.45,10000,0.55,-200,-0.01,2523987.5,2523.99
2489,Entry long,2021-03-11 15:30,S1 Trend,4544.5,8,36356,8100,0.45,10000,0.55,-200,-0.01,2523987.5,2523.99
2490,Exit long,2021-03-11 20:30,S1 Trail,4549.25,20,90890,4750,0.10,27250,0.60,-500,-0.01,2528737.5,2528.74
2490,Entry long,2021-03-11 15:30,S1 Trend,4544.5,20,90890,4750,0.10,27250,0.60,-500,-0.01,2528737.5,2528.74
2491,Exit long,2021-03-12 21:00,EOD,4556.25,48,217548,57600,0.53,60600,0.56,-12600,-0.12,2586337.5,2586.34
2491,Entry long,2021-03-12 15:30,S1 Trend,4532.25,48,217548,57600,0.53,60600,0.56,-12600,-0.12,2586337.5,2586.34
2492,Exit long,2021-03-16 18:00,S2 FairVal,4571,72,329976,-43200,-0.26,21600,0.13,-43200,-0.26,2543137.5,2543.14
2492,Entry long,2021-03-16 17:00,S2 VWAP,4583,72,329976,-43200,-0.26,21600,0.13,-43200,-0.26,2543137.5,2543.14
2493,Exit long,2021-03-17 20:00,EOD,4586.5,48,219240,45600,0.42,68400,0.62,-6000,-0.05,2588737.5,2588.74
2493,Entry long,2021-03-17 18:30,S1 Trend,4567.5,48,219240,45600,0.42,68400,0.62,-6000,-0.05,2588737.5,2588.74
2494,Exit long,2021-03-18 18:30,S1 Trail,4551.25,50,228850,-64375,-0.56,1875,0.02,-64375,-0.56,2524362.5,2524.36
2494,Entry long,2021-03-18 16:30,S1 Trend,4577,50,228850,-64375,-0.56,1875,0.02,-64375,-0.56,2524362.5,2524.36
2495,Exit long,2021-03-22 20:00,EOD,4552,60,272445,33750,0.25,78750,0.58,-5250,-0.04,2558112.5,2558.11
2495,Entry long,2021-03-22 14:30,S1 Trend,4540.75,60,272445,33750,0.25,78750,0.58,-5250,-0.04,2558112.5,2558.11
2496,Exit long,2021-03-23 18:30,S1 Trail,4539.5,58,264451,-58000,-0.44,4350,0.03,-58000,-0.44,2500112.5,2500.11
2496,Entry long,2021-03-23 15:30,S1 Trend,4559.5,58,264451,-58000,-0.44,4350,0.03,-58000,-0.44,2500112.5,2500.11
2497,Exit long,2021-03-24 17:00,S1 Trail,4529.5,48,218340,-46200,-0.42,12600,0.12,-46200,-0.42,2453912.5,2453.91
2497,Entry long,2021-03-24 15:00,S1 Trend,4548.75,48,218340,-46200,-0.42,12600,0.12,-46200,-0.42,2453912.5,2453.91
2498,Exit long,2021-03-26 18:00,S1 Trail,4534.75,61,277382.25,-38125,-0.27,28212.5,0.20,-44987.5,-0.32,2415787.5,2415.79
2498,Entry long,2021-03-26 14:30,S1 Trend,4547.25,61,277382.25,-38125,-0.27,28212.5,0.20,-44987.5,-0.32,2415787.5,2415.79
2499,Exit long,2021-03-29 21:00,EOD,4584.5,40,183380,0,0.00,18500,0.20,-19000,-0.21,2415787.5,2415.79
2499,Entry long,2021-03-29 18:00,S1 Trend,4584.5,40,183380,0,0.00,18500,0.20,-19000,-0.21,2415787.5,2415.79
2500,Exit long,2021-04-14 20:00,S2 FairVal,4737.25,62,294515.5,-40300,-0.27,3875,0.03,-40300,-0.27,2375487.5,2375.49
2500,Entry long,2021-04-14 19:30,S2 VWAP,4750.25,62,294515.5,-40300,-0.27,3875,0.03,-40300,-0.27,2375487.5,2375.49
2501,Exit long,2021-04-21 21:00,EOD,4787.5,57,271690.5,59850,0.44,66262.5,0.49,-16387.5,-0.12,2435337.5,2435.34
2501,Entry long,2021-04-21 15:30,S1 Trend,4766.5,57,271690.5,59850,0.44,66262.5,0.49,-16387.5,-0.12,2435337.5,2435.34
2502,Exit long,2021-04-23 20:30,S1 Climax,4804.25,18,86157,15975,0.37,16875,0.39,-3375,-0.08,2451312.5,2451.31
2502,Entry long,2021-04-23 16:00,S1 Trend,4786.5,18,86157,15975,0.37,16875,0.39,-3375,-0.08,2451312.5,2451.31
2503,Exit long,2021-04-23 21:00,EOD,4793.5,42,201033,14700,0.15,47775,0.48,-7875,-0.08,2466012.5,2466.01
2503,Entry long,2021-04-23 16:00,S1 Trend,4786.5,42,201033,14700,0.15,47775,0.48,-7875,-0.08,2466012.5,2466.01
2504,Exit long,2021-04-28 19:00,S2 FairVal,4805.25,90,432225,12375,0.06,12375,0.06,-32625,-0.15,2478387.5,2478.39
2504,Entry long,2021-04-28 17:30,S2 VWAP,4802.5,90,432225,12375,0.06,12375,0.06,-32625,-0.15,2478387.5,2478.39
2505,Exit long,2021-04-28 20:00,S2 FairVal,4809.5,80,384220,27000,0.14,54000,0.28,-18000,-0.09,2505387.5,2505.39
2505,Entry long,2021-04-28 19:30,S2 VWAP,4802.75,80,384220,27000,0.14,54000,0.28,-18000,-0.09,2505387.5,2505.39
2506,Exit long,2021-05-05 20:00,S1 Trail,4782.5,58,278516,-56550,-0.41,1450,0.01,-56550,-0.41,2448837.5,2448.84
2506,Entry long,2021-05-05 17:00,S1 Trend,4802,58,278516,-56550,-0.41,1450,0.01,-56550,-0.41,2448837.5,2448.84
2507,Exit long,2021-05-06 21:00,EOD,4817,42,201400.5,45675,0.45,48300,0.48,-26775,-0.27,2494512.5,2494.51
2507,Entry long,2021-05-06 17:00,S1 Trend,4795.25,42,201400.5,45675,0.45,48300,0.48,-26775,-0.27,2494512.5,2494.51
2508,Exit long,2021-05-07 21:00,EOD,4847,51,247235.25,-1912.5,-0.02,17850,0.14,-23587.5,-0.19,2492600,2492.60
2508,Entry long,2021-05-07 15:30,S1 Trend,4847.75,51,247235.25,-1912.5,-0.02,17850,0.14,-23587.5,-0.19,2492600,2492.60
2509,Exit short,2021-05-11 16:00,S3 Scalp,4763.75,32,151824,-30800,-0.41,29200,0.38,-30800,-0.41,2461800,2461.80
2509,Entry short,2021-05-11 15:30,S3 Hedge,4744.5,32,151824,-30800,-0.41,29200,0.38,-30800,-0.41,2461800,2461.80
2510,Exit short,2021-05-12 21:00,EOD,4680.25,30,140775,18375,0.26,28500,0.40,-23250,-0.33,2480175,2480.17
2510,Entry short,2021-05-12 19:30,S3 Hedge,4692.5,30,140775,18375,0.26,28500,0.40,-23250,-0.33,2480175,2480.17
2511,Exit long,2021-05-13 18:30,S1 Trail,4709.75,32,151616,-45200,-0.60,12400,0.16,-45200,-0.60,2434975,2434.98
2511,Entry long,2021-05-13 15:30,S1 Trend,4738,32,151616,-45200,-0.60,12400,0.16,-45200,-0.60,2434975,2434.98
2512,Exit long,2021-05-14 20:00,S1 Climax,4798,14,66776.5,19775,0.59,21700,0.65,-2450,-0.07,2454750,2454.75
2512,Entry long,2021-05-14 15:30,S1 Trend,4769.75,14,66776.5,19775,0.59,21700,0.65,-2450,-0.07,2454750,2454.75
2513,Exit long,2021-05-14 21:00,EOD,4791.25,35,166941.25,37625,0.45,54250,0.65,-6125,-0.07,2492375,2492.38
2513,Entry long,2021-05-14 15:30,S1 Trend,4769.75,35,166941.25,37625,0.45,54250,0.65,-6125,-0.07,2492375,2492.38
2514,Exit long,2021-05-20 17:00,S1 Climax,4781,15,71426.25,14437.5,0.40,18937.5,0.53,-2250,-0.06,2506812.5,2506.81
2514,Entry long,2021-05-20 15:30,S1 Trend,4761.75,15,71426.25,14437.5,0.40,18937.5,0.53,-2250,-0.06,2506812.5,2506.81
2515,Exit long,2021-05-20 21:00,EOD,4778,35,166661.25,28437.5,0.34,52500,0.63,-5250,-0.06,2535250,2535.25
2515,Entry long,2021-05-20 15:30,S1 Trend,4761.75,35,166661.25,28437.5,0.34,52500,0.63,-5250,-0.06,2535250,2535.25
2516,Exit long,2021-05-21 17:00,S1 Trail,4778.25,60,287580,-44250,-0.31,17250,0.12,-44250,-0.31,2491000,2491.00
2516,Entry long,2021-05-21 15:30,S1 Trend,4793,60,287580,-44250,-0.31,17250,0.12,-44250,-0.31,2491000,2491.00
2517,Exit long,2021-05-21 21:00,EOD,4775,49,234195.5,-11025,-0.09,20212.5,0.17,-17150,-0.15,2479975,2479.98
2517,Entry long,2021-05-21 18:30,S2 VWAP,4779.5,49,234195.5,-11025,-0.09,20212.5,0.17,-17150,-0.15,2479975,2479.98
2518,Exit long,2021-05-26 16:00,S2 FairVal,4814.5,65,312828.75,5687.5,0.04,7312.5,0.05,-5687.5,-0.04,2485662.5,2485.66
2518,Entry long,2021-05-26 15:30,S2 VWAP,4812.75,65,312828.75,5687.5,0.04,7312.5,0.05,-5687.5,-0.04,2485662.5,2485.66
2519,Exit long,2021-05-28 16:30,S2 FairVal,4832.5,86,415380,10750,0.05,15050,0.07,-5375,-0.03,2496412.5,2496.41
2519,Entry long,2021-05-28 16:00,S2 VWAP,4830,86,415380,10750,0.05,15050,0.07,-5375,-0.03,2496412.5,2496.41
2520,Exit long,2021-06-10 21:00,EOD,4861,59,286902.25,-5162.5,-0.04,9587.5,0.07,-64900,-0.45,2491250,2491.25
2520,Entry long,2021-06-10 15:30,S1 Trend,4862.75,59,286902.25,-5162.5,-0.04,9587.5,0.07,-64900,-0.45,2491250,2491.25
2521,Exit long,2021-06-14 20:30,S2 FairVal,4863.5,99,481362.75,6187.5,0.03,14850,0.06,-30937.5,-0.13,2497437.5,2497.44
2521,Entry long,2021-06-14 16:00,S2 VWAP,4862.25,99,481362.75,6187.5,0.03,14850,0.06,-30937.5,-0.13,2497437.5,2497.44
2522,Exit short,2021-06-18 17:00,S3 Scalp,4807.25,43,206109.75,-30100,-0.29,1612.5,0.02,-30100,-0.29,2467337.5,2467.34
2522,Entry short,2021-06-18 16:30,S3 Hedge,4793.25,43,206109.75,-30100,-0.29,1612.5,0.02,-30100,-0.29,2467337.5,2467.34
2523,Exit long,2021-06-21 21:00,EOD,4845.5,45,217248.75,39937.5,0.37,45000,0.41,0,0.00,2507275,2507.28
2523,Entry long,2021-06-21 15:30,S1 Trend,4827.75,45,217248.75,39937.5,0.37,45000,0.41,0,0.00,2507275,2507.28
2524,Exit long,2021-06-22 21:00,EOD,4867.5,60,291660,19500,0.13,48000,0.33,-13500,-0.09,2526775,2526.78
2524,Entry long,2021-06-22 16:30,S1 Trend,4861,60,291660,19500,0.13,48000,0.33,-13500,-0.09,2526775,2526.78
2525,Exit long,2021-07-09 20:00,S1 Climax,4992.75,17,84634.5,12112.5,0.29,12750,0.30,-2125,-0.05,2538887.5,2538.89
2525,Entry long,2021-07-09 15:30,S1 Trend,4978.5,17,84634.5,12112.5,0.29,12750,0.30,-2125,-0.05,2538887.5,2538.89
2526,Exit long,2021-07-09 20:30,S1 Climax,4992.25,12,59742,8250,0.28,9300,0.31,-1500,-0.05,2547137.5,2547.14
2526,Entry long,2021-07-09 15:30,S1 Trend,4978.5,12,59742,8250,0.28,9300,0.31,-1500,-0.05,2547137.5,2547.14
2527,Exit long,2021-07-09 21:00,EOD,4991.5,28,139398,18200,0.26,23800,0.34,-3500,-0.05,2565337.5,2565.34
2527,Entry long,2021-07-09 15:30,S1 Trend,4978.5,28,139398,18200,0.26,23800,0.34,-3500,-0.05,2565337.5,2565.34
2528,Exit short,2021-07-19 20:30,S3 Scalp,4874.75,35,169995,-31062.5,-0.37,2625,0.03,-31062.5,-0.37,2534275,2534.28
2528,Entry short,2021-07-19 19:00,S3 Hedge,4857,35,169995,-31062.5,-0.37,2625,0.03,-31062.5,-0.37,2534275,2534.28
2529,Exit long,2021-07-20 21:00,EOD,4946.5,36,177786,14400,0.16,39600,0.45,-6750,-0.08,2548675,2548.68
2529,Entry long,2021-07-20 16:00,S1 Trend,4938.5,36,177786,14400,0.16,39600,0.45,-6750,-0.08,2548675,2548.68
2530,Exit long,2021-07-21 21:00,EOD,4982.5,55,273171.25,43312.5,0.32,46750,0.34,-5500,-0.04,2591987.5,2591.99
2530,Entry long,2021-07-21 15:30,S1 Trend,4966.75,55,273171.25,43312.5,0.32,46750,0.34,-5500,-0.04,2591987.5,2591.99
2531,Exit long,2021-07-30 21:00,EOD,5021.75,54,271228.5,-2700,-0.02,14850,0.11,-24300,-0.18,2589287.5,2589.29
2531,Entry long,2021-07-30 15:30,S1 Trend,5022.75,54,271228.5,-2700,-0.02,14850,0.11,-24300,-0.18,2589287.5,2589.29
2532,Exit long,2021-08-03 21:00,EOD,5046.75,49,246617,33687.5,0.27,37975,0.31,-15925,-0.13,2622975,2622.98
2532,Entry long,2021-08-03 17:00,S1 Trend,5033,49,246617,33687.5,0.27,37975,0.31,-15925,-0.13,2622975,2622.98
2533,Exit long,2021-08-20 21:00,EOD,5067.75,42,212541,15225,0.14,24150,0.23,-12600,-0.12,2638200,2638.20
2533,Entry long,2021-08-20 15:30,S1 Trend,5060.5,42,212541,15225,0.14,24150,0.23,-12600,-0.12,2638200,2638.20
2534,Exit short,2021-09-13 20:00,S3 Scalp,5093.25,45,228588.75,-30375,-0.27,7875,0.07,-30375,-0.27,2607825,2607.83
2534,Entry short,2021-09-13 19:30,S3 Hedge,5079.75,45,228588.75,-30375,-0.27,7875,0.07,-30375,-0.27,2607825,2607.83
2535,Exit long,2021-09-15 21:00,EOD,5113.5,51,260304,24225,0.19,37612.5,0.29,-637.5,0.00,2632050,2632.05
2535,Entry long,2021-09-15 18:00,S1 Trend,5104,51,260304,24225,0.19,37612.5,0.29,-637.5,0.00,2632050,2632.05
2536,Exit short,2021-09-20 20:00,S3 Scalp,4936.25,32,159208,62400,0.78,62400,0.78,-2400,-0.03,2694450,2694.45
2536,Entry short,2021-09-20 17:00,S3 Hedge,4975.25,32,159208,62400,0.78,62400,0.78,-2400,-0.03,2694450,2694.45
2537,Exit long,2021-09-22 19:00,S1 Trail,5017.25,49,246041.25,-9800,-0.08,53287.5,0.43,-9800,-0.08,2684650,2684.65
2537,Entry long,2021-09-22 15:30,S1 Trend,5021.25,49,246041.25,-9800,-0.08,53287.5,0.43,-9800,-0.08,2684650,2684.65
2538,Exit long,2021-09-22 21:00,EOD,5025,42,211743,-34650,-0.33,6300,0.06,-60375,-0.57,2650000,2650.00
2538,Entry long,2021-09-22 19:30,S1 Trend,5041.5,42,211743,-34650,-0.33,6300,0.06,-60375,-0.57,2650000,2650.00
2539,Exit long,2021-09-23 21:00,EOD,5078.25,40,203180,-2500,-0.02,33000,0.32,-9000,-0.09,2647500,2647.50
2539,Entry long,2021-09-23 15:30,S1 Trend,5079.5,40,203180,-2500,-0.02,33000,0.32,-9000,-0.09,2647500,2647.50
2540,Exit long,2021-09-24 21:00,EOD,5086.75,47,238654.25,21150,0.18,38187.5,0.32,-22912.5,-0.19,2668650,2668.65
2540,Entry long,2021-09-24 15:30,S1 Trend,5077.75,47,238654.25,21150,0.18,38187.5,0.32,-22912.5,-0.19,2668650,2668.65
2541,Exit short,2021-09-28 19:30,S3 Scalp,5001,31,154364.5,-33325,-0.43,5812.5,0.08,-33325,-0.43,2635325,2635.33
2541,Entry short,2021-09-28 18:00,S3 Hedge,4979.5,31,154364.5,-33325,-0.43,5812.5,0.08,-33325,-0.43,2635325,2635.33
2542,Exit long,2021-10-01 21:00,EOD,4987.75,27,134439.75,11475,0.17,37125,0.55,0,0.00,2646800,2646.80
2542,Entry long,2021-10-01 19:00,S1 Trend,4979.25,27,134439.75,11475,0.17,37125,0.55,0,0.00,2646800,2646.80
2543,Exit long,2021-10-05 21:00,EOD,4976,40,199340,-15000,-0.15,34500,0.35,-19500,-0.20,2631800,2631.80
2543,Entry long,2021-10-05 15:30,S1 Trend,4983.5,40,199340,-15000,-0.15,34500,0.35,-19500,-0.20,2631800,2631.80
2544,Exit long,2021-10-06 21:00,EOD,4994.5,27,134223.75,31387.5,0.47,34425,0.51,-7762.5,-0.12,2663187.5,2663.19
2544,Entry long,2021-10-06 19:00,S1 Trend,4971.25,27,134223.75,31387.5,0.47,34425,0.51,-7762.5,-0.12,2663187.5,2663.19
2545,Exit long,2021-10-07 20:00,S1 Trail,5035.5,47,237808.25,-56987.5,-0.48,4700,0.04,-56987.5,-0.48,2606200,2606.20
2545,Entry long,2021-10-07 15:30,S1 Trend,5059.75,47,237808.25,-56987.5,-0.48,4700,0.04,-56987.5,-0.48,2606200,2606.20
2546,Exit short,2021-10-08 19:00,S3 Scalp,5034,42,210829.5,-29925,-0.28,3675,0.03,-29925,-0.28,2576275,2576.28
2546,Entry short,2021-10-08 18:30,S3 Hedge,5019.75,42,210829.5,-29925,-0.28,3675,0.03,-29925,-0.28,2576275,2576.28
2547,Exit long,2021-10-11 18:00,S1 Trail,5020.25,42,211984.5,-56700,-0.53,1575,0.01,-56700,-0.53,2519575,2519.57
2547,Entry long,2021-10-11 15:30,S1 Trend,5047.25,42,211984.5,-56700,-0.53,1575,0.01,-56700,-0.53,2519575,2519.57
2548,Exit long,2021-10-13 21:00,EOD,4996.25,35,174702.5,8312.5,0.10,12250,0.14,-12687.5,-0.15,2527887.5,2527.89
2548,Entry long,2021-10-13 19:30,S1 Trend,4991.5,35,174702.5,8312.5,0.10,12250,0.14,-12687.5,-0.15,2527887.5,2527.89
2549,Exit long,2021-10-14 16:00,S1 Climax,5057.5,17,85871.25,5312.5,0.12,5525,0.13,-2337.5,-0.05,2533200,2533.20
2549,Entry long,2021-10-14 15:30,S1 Trend,5051.25,17,85871.25,5312.5,0.12,5525,0.13,-2337.5,-0.05,2533200,2533.20
2550,Exit long,2021-10-14 16:30,S1 Climax,5056.75,12,60615,3300,0.11,4500,0.15,-1650,-0.05,2536500,2536.50
2550,Entry long,2021-10-14 15:30,S1 Trend,5051.25,12,60615,3300,0.11,4500,0.15,-1650,-0.05,2536500,2536.50
2551,Exit long,2021-10-14 17:00,S1 Climax,5062.75,9,45461.25,5175,0.23,5400,0.24,-1237.5,-0.05,2541675,2541.68
2551,Entry long,2021-10-14 15:30,S1 Trend,5051.25,9,45461.25,5175,0.23,5400,0.24,-1237.5,-0.05,2541675,2541.68
2552,Exit long,2021-10-14 17:30,S1 Climax,5064.5,6,30307.5,3975,0.26,4800,0.32,-825,-0.05,2545650,2545.65
2552,Entry long,2021-10-14 15:30,S1 Trend,5051.25,6,30307.5,3975,0.26,4800,0.32,-825,-0.05,2545650,2545.65
2553,Exit long,2021-10-14 18:00,S1 Climax,5066.5,4,20205,3050,0.30,3200,0.32,-550,-0.05,2548700,2548.70
2553,Entry long,2021-10-14 15:30,S1 Trend,5051.25,4,20205,3050,0.30,3200,0.32,-550,-0.05,2548700,2548.70
2554,Exit long,2021-10-14 18:30,S1 Climax,5062.25,3,15153.75,1650,0.22,2512.5,0.33,-412.5,-0.05,2550350,2550.35
2554,Entry long,2021-10-14 15:30,S1 Trend,5051.25,3,15153.75,1650,0.22,2512.5,0.33,-412.5,-0.05,2550350,2550.35
2555,Exit long,2021-10-14 19:00,S1 Climax,5068.25,2,10102.5,1700,0.34,1850,0.37,-275,-0.05,2552050,2552.05
2555,Entry long,2021-10-14 15:30,S1 Trend,5051.25,2,10102.5,1700,0.34,1850,0.37,-275,-0.05,2552050,2552.05
2556,Exit long,2021-10-14 19:30,S1 Climax,5070.25,1,5051.25,950,0.38,962.5,0.38,-137.5,-0.05,2553000,2553.00
2556,Entry long,2021-10-14 15:30,S1 Trend,5051.25,1,5051.25,950,0.38,962.5,0.38,-137.5,-0.05,2553000,2553.00
2557,Exit long,2021-10-14 20:00,S1 Climax,5070.25,1,5051.25,950,0.38,1000,0.40,-137.5,-0.05,2553950,2553.95
2557,Entry long,2021-10-14 15:30,S1 Trend,5051.25,1,5051.25,950,0.38,1000,0.40,-137.5,-0.05,2553950,2553.95
2558,Exit long,2021-10-14 21:00,EOD,5070,4,20205,3750,0.37,4150,0.41,-550,-0.05,2557700,2557.70
2558,Entry long,2021-10-14 15:30,S1 Trend,5051.25,4,20205,3750,0.37,4150,0.41,-550,-0.05,2557700,2557.70
2559,Exit long,2021-10-18 21:00,EOD,5118,54,275548.5,41175,0.30,48600,0.35,-16200,-0.12,2598875,2598.88
2559,Entry long,2021-10-18 15:30,S1 Trend,5102.75,54,275548.5,41175,0.30,48600,0.35,-16200,-0.12,2598875,2598.88
2560,Exit long,2021-10-22 18:00,S2 FairVal,5176.5,51,263631.75,18487.5,0.14,26775,0.20,-1912.5,-0.01,2617362.5,2617.36
2560,Entry long,2021-10-22 17:30,S2 VWAP,5169.25,51,263631.75,18487.5,0.14,26775,0.20,-1912.5,-0.01,2617362.5,2617.36
2561,Exit long,2021-10-26 19:30,S2 FairVal,5217.5,67,348969.5,30150,0.17,30150,0.17,-3350,-0.02,2647512.5,2647.51
2561,Entry long,2021-10-26 18:30,S2 VWAP,5208.5,67,348969.5,30150,0.17,30150,0.17,-3350,-0.02,2647512.5,2647.51
2562,Exit long,2021-10-29 21:00,EOD,5238.25,53,277017.75,30475,0.22,40412.5,0.29,-12587.5,-0.09,2677987.5,2677.99
2562,Entry long,2021-10-29 16:30,S1 Trend,5226.75,53,277017.75,30475,0.22,40412.5,0.29,-12587.5,-0.09,2677987.5,2677.99
2563,Exit long,2021-11-19 21:00,EOD,5334.75,53,283483.75,-37100,-0.26,3975,0.03,-47037.5,-0.33,2640887.5,2640.89
2563,Entry long,2021-11-19 18:00,S1 Trend,5348.75,53,283483.75,-37100,-0.26,3975,0.03,-47037.5,-0.33,2640887.5,2640.89
2564,Exit short,2021-11-26 17:30,S3 Scalp,5257,28,146559,-31850,-0.43,8750,0.12,-31850,-0.43,2609037.5,2609.04
2564,Entry short,2021-11-26 16:30,S3 Hedge,5234.25,28,146559,-31850,-0.43,8750,0.12,-31850,-0.43,2609037.5,2609.04
2565,Exit short,2021-11-28 23:30,S3 Scalp,5261.5,23,120290,-36225,-0.60,287.5,0.00,-48587.5,-0.81,2572812.5,2572.81
2565,Entry short,2021-11-28 23:00,S3 Hedge,5230,23,120290,-36225,-0.60,287.5,0.00,-48587.5,-0.81,2572812.5,2572.81
2566,Exit long,2021-11-29 21:00,EOD,5291.25,33,174957.75,-17325,-0.20,14850,0.17,-22275,-0.25,2555487.5,2555.49
2566,Entry long,2021-11-29 17:30,S1 Trend,5301.75,33,174957.75,-17325,-0.20,14850,0.17,-22275,-0.25,2555487.5,2555.49
2567,Exit long,2021-12-01 17:30,S1 Trail,5258.25,40,210700,-18500,-0.18,48500,0.46,-21500,-0.20,2536987.5,2536.99
2567,Entry long,2021-12-01 15:30,S1 Trend,5267.5,40,210700,-18500,-0.18,48500,0.46,-21500,-0.20,2536987.5,2536.99
2568,Exit long,2021-12-02 21:00,EOD,5218.5,19,99298.75,-7362.5,-0.15,8075,0.16,-19475,-0.39,2529625,2529.63
2568,Entry long,2021-12-02 17:30,S1 Trend,5226.25,19,99298.75,-7362.5,-0.15,8075,0.16,-19475,-0.39,2529625,2529.63
2569,Exit long,2021-12-06 21:00,EOD,5232.25,27,141095.25,8775,0.12,36450,0.52,-21600,-0.31,2538400,2538.40
2569,Entry long,2021-12-06 15:30,S1 Trend,5225.75,27,141095.25,8775,0.12,36450,0.52,-21600,-0.31,2538400,2538.40
2570,Exit long,2021-12-07 16:00,S1 Climax,5329.5,13,69163.25,6012.5,0.17,7962.5,0.23,0,0.00,2544412.5,2544.41
2570,Entry long,2021-12-07 15:30,S1 Trend,5320.25,13,69163.25,6012.5,0.17,7962.5,0.23,0,0.00,2544412.5,2544.41
2571,Exit long,2021-12-07 16:30,S1 Climax,5328,9,47882.25,3487.5,0.15,5962.5,0.25,0,0.00,2547900,2547.90
2571,Entry long,2021-12-07 15:30,S1 Trend,5320.25,9,47882.25,3487.5,0.15,5962.5,0.25,0,0.00,2547900,2547.90
2572,Exit long,2021-12-07 17:00,S1 Climax,5326.25,6,31921.5,1800,0.11,3975,0.25,0,0.00,2549700,2549.70
2572,Entry long,2021-12-07 15:30,S1 Trend,5320.25,6,31921.5,1800,0.11,3975,0.25,0,0.00,2549700,2549.70
2573,Exit long,2021-12-07 17:30,S1 Climax,5326,4,21281,1150,0.11,2650,0.25,0,0.00,2550850,2550.85
2573,Entry long,2021-12-07 15:30,S1 Trend,5320.25,4,21281,1150,0.11,2650,0.25,0,0.00,2550850,2550.85
2574,Exit long,2021-12-07 18:00,S1 Climax,5331,3,15960.75,1612.5,0.20,1987.5,0.25,0,0.00,2552462.5,2552.46
2574,Entry long,2021-12-07 15:30,S1 Trend,5320.25,3,15960.75,1612.5,0.20,1987.5,0.25,0,0.00,2552462.5,2552.46
2575,Exit long,2021-12-07 20:30,S1 Trail,5308.25,9,47882.25,-5400,-0.23,5962.5,0.25,-5400,-0.23,2547062.5,2547.06
2575,Entry long,2021-12-07 15:30,S1 Trend,5320.25,9,47882.25,-5400,-0.23,5962.5,0.25,-5400,-0.23,2547062.5,2547.06
2576,Exit short,2021-12-14 20:00,S3 Scalp,5272,33,173398.5,-28875,-0.33,13200,0.15,-28875,-0.33,2518187.5,2518.19
2576,Entry short,2021-12-14 17:00,S3 Hedge,5254.5,33,173398.5,-28875,-0.33,13200,0.15,-28875,-0.33,2518187.5,2518.19
2577,Exit long,2021-12-21 21:00,EOD,5290.75,33,173489.25,55275,0.64,58162.5,0.67,-825,-0.01,2573462.5,2573.46
2577,Entry long,2021-12-21 17:00,S1 Trend,5257.25,33,173489.25,55275,0.64,58162.5,0.67,-825,-0.01,2573462.5,2573.46
2578,Exit long,2021-12-22 21:00,EOD,5336.5,50,265062.5,88125,0.66,91250,0.69,-1250,-0.01,2661587.5,2661.59
2578,Entry long,2021-12-22 15:30,S1 Trend,5301.25,50,265062.5,88125,0.66,91250,0.69,-1250,-0.01,2661587.5,2661.59
2579,Exit long,2022-01-04 18:30,S2 FairVal,5418.25,56,304276,-42700,-0.28,14000,0.09,-42700,-0.28,2618887.5,2618.89
2579,Entry long,2022-01-04 17:00,S2 VWAP,5433.5,56,304276,-42700,-0.28,14000,0.09,-42700,-0.28,2618887.5,2618.89
2580,Exit long,2022-01-11 21:00,EOD,5355.5,28,149324,31500,0.42,33250,0.45,-12600,-0.17,2650387.5,2650.39
2580,Entry long,2022-01-11 17:00,S1 Trend,5333,28,149324,31500,0.42,33250,0.45,-12600,-0.17,2650387.5,2650.39
2581,Exit long,2022-01-12 16:00,S1 Trail,5353.5,47,252942.25,-66387.5,-0.52,2937.5,0.02,-66387.5,-0.52,2584000,2584.00
2581,Entry long,2022-01-12 15:30,S1 Trend,5381.75,47,252942.25,-66387.5,-0.52,2937.5,0.02,-66387.5,-0.52,2584000,2584.00
2582,Exit short,2022-01-18 19:30,S3 Scalp,5234.5,30,156442.5,-29625,-0.38,4875,0.06,-29625,-0.38,2554375,2554.38
2582,Entry short,2022-01-18 18:00,S3 Hedge,5214.75,30,156442.5,-29625,-0.38,4875,0.06,-29625,-0.38,2554375,2554.38
2583,Exit long,2022-01-20 18:30,S1 Trail,5209.5,34,178083.5,-48025,-0.54,11475,0.13,-48025,-0.54,2506350,2506.35
2583,Entry long,2022-01-20 16:00,S1 Trend,5237.75,34,178083.5,-48025,-0.54,11475,0.13,-48025,-0.54,2506350,2506.35
2584,Exit short,2022-01-21 16:00,S3 Scalp,5117.25,23,116949.25,-37375,-0.64,5750,0.10,-49737.5,-0.85,2468975,2468.98
2584,Entry short,2022-01-21 15:30,S3 Hedge,5084.75,23,116949.25,-37375,-0.64,5750,0.10,-49737.5,-0.85,2468975,2468.98
2585,Exit short,2022-01-24 18:00,S3 Scalp,4922,15,73218.75,-30562.5,-0.83,9187.5,0.25,-30562.5,-0.83,2438412.5,2438.41
2585,Entry short,2022-01-24 17:30,S3 Hedge,4881.25,15,73218.75,-30562.5,-0.83,9187.5,0.25,-30562.5,-0.83,2438412.5,2438.41
2586,Exit long,2022-01-26 19:30,S1 Trail,5035.25,20,100960,-12750,-0.25,48500,0.96,-16750,-0.33,2425662.5,2425.66
2586,Entry long,2022-01-26 15:30,S1 Trend,5048,20,100960,-12750,-0.25,48500,0.96,-16750,-0.33,2425662.5,2425.66
2587,Exit long,2022-01-27 17:30,S1 Trail,4983,15,75450,-35250,-0.93,22125,0.59,-35250,-0.93,2390412.5,2390.41
2587,Entry long,2022-01-27 15:30,S1 Trend,5030,15,75450,-35250,-0.93,22125,0.59,-35250,-0.93,2390412.5,2390.41
2588,Exit long,2022-01-28 21:00,EOD,5074.25,14,70077,48125,1.37,48825,1.39,-22750,-0.65,2438537.5,2438.54
2588,Entry long,2022-01-28 16:30,S1 Trend,5005.5,14,70077,48125,1.37,48825,1.39,-22750,-0.65,2438537.5,2438.54
2589,Exit long,2022-01-31 21:00,EOD,5151.75,26,132580.5,68250,1.03,76375,1.15,-6825,-0.10,2506787.5,2506.79
2589,Entry long,2022-01-31 15:30,S1 Trend,5099.25,26,132580.5,68250,1.03,76375,1.15,-6825,-0.10,2506787.5,2506.79
2590,Exit long,2022-02-04 21:00,EOD,5141.5,21,108381,-20475,-0.38,22837.5,0.42,-22312.5,-0.41,2486312.5,2486.31
2590,Entry long,2022-02-04 19:00,S1 Trend,5161,21,108381,-20475,-0.38,22837.5,0.42,-22312.5,-0.41,2486312.5,2486.31
2591,Exit long,2022-02-08 21:00,EOD,5163.5,35,180066.25,32812.5,0.36,51187.5,0.57,-15750,-0.17,2519125,2519.13
2591,Entry long,2022-02-08 16:30,S1 Trend,5144.75,35,180066.25,32812.5,0.36,51187.5,0.57,-15750,-0.17,2519125,2519.13
2592,Exit long,2022-02-09 21:00,EOD,5229.75,50,261150,16875,0.13,24375,0.19,-36250,-0.28,2536000,2536.00
2592,Entry long,2022-02-09 16:00,S1 Trend,5223,50,261150,16875,0.13,24375,0.19,-36250,-0.28,2536000,2536.00
2593,Exit short,2022-02-11 19:30,S3 Scalp,5053.75,25,127787.5,72187.5,1.13,72187.5,1.13,-625,-0.01,2608187.5,2608.19
2593,Entry short,2022-02-11 18:30,S3 Hedge,5111.5,25,127787.5,72187.5,1.13,72187.5,1.13,-625,-0.01,2608187.5,2608.19
2594,Exit long,2022-02-16 21:00,EOD,5120.5,33,168811.5,8250,0.10,31762.5,0.38,-14437.5,-0.17,2616437.5,2616.44
2594,Entry long,2022-02-16 19:30,S1 Trend,5115.5,33,168811.5,8250,0.10,31762.5,0.38,-14437.5,-0.17,2616437.5,2616.44
2595,Exit short,2022-02-17 16:30,S3 Scalp,5074.25,30,151620,-30375,-0.40,3750,0.05,-30375,-0.40,2586062.5,2586.06
2595,Entry short,2022-02-17 15:30,S3 Hedge,5054,30,151620,-30375,-0.40,3750,0.05,-30375,-0.40,2586062.5,2586.06
2596,Exit short,2022-02-17 21:00,EOD,5025.25,31,156402.75,31000,0.40,42237.5,0.54,-2712.5,-0.03,2617062.5,2617.06
2596,Entry short,2022-02-17 19:30,S3 Hedge,5045.25,31,156402.75,31000,0.40,42237.5,0.54,-2712.5,-0.03,2617062.5,2617.06
2597,Exit short,2022-02-18 19:00,S3 Scalp,5001.5,26,129428,-30550,-0.47,8775,0.14,-30550,-0.47,2586512.5,2586.51
2597,Entry short,2022-02-18 18:00,S3 Hedge,4978,26,129428,-30550,-0.47,8775,0.14,-30550,-0.47,2586512.5,2586.51
2598,Exit short,2022-02-21 23:00,S3 Scalp,4902,25,123743.75,59687.5,0.96,59687.5,0.96,-6562.5,-0.11,2646200,2646.20
2598,Entry short,2022-02-21 17:00,S3 Hedge,4949.75,25,123743.75,59687.5,0.96,59687.5,0.96,-6562.5,-0.11,2646200,2646.20
2599,Exit long,2022-02-22 17:30,S1 Trail,4946.25,21,105173.25,-65100,-1.24,787.5,0.01,-65100,-1.24,2581100,2581.10
2599,Entry long,2022-02-22 15:30,S1 Trend,5008.25,21,105173.25,-65100,-1.24,787.5,0.01,-65100,-1.24,2581100,2581.10
2600,Exit long,2022-02-25 21:00,EOD,5030,18,89487,52650,1.18,54450,1.22,-12150,-0.27,2633750,2633.75
2600,Entry long,2022-02-25 15:30,S1 Trend,4971.5,18,89487,52650,1.18,54450,1.22,-12150,-0.27,2633750,2633.75
2601,Exit long,2022-02-28 19:00,S1 Trail,4972.25,20,99655,-10500,-0.21,53000,1.06,-10500,-0.21,2623250,2623.25
2601,Entry long,2022-02-28 15:30,S1 Trend,4982.75,20,99655,-10500,-0.21,53000,1.06,-10500,-0.21,2623250,2623.25
2602,Exit long,2022-03-02 21:00,EOD,5031.75,22,109923,38775,0.71,58300,1.06,-10725,-0.20,2662025,2662.02
2602,Entry long,2022-03-02 15:30,S1 Trend,4996.5,22,109923,38775,0.71,58300,1.06,-10725,-0.20,2662025,2662.02
2603,Exit long,2022-03-03 17:30,S2 FairVal,5027,26,130286,20800,0.32,20800,0.32,-9750,-0.15,2682825,2682.83
2603,Entry long,2022-03-03 16:30,S2 VWAP,5011,26,130286,20800,0.32,20800,0.32,-9750,-0.15,2682825,2682.83
2604,Exit long,2022-03-09 21:00,EOD,4927.25,21,103125.75,17325,0.34,39637.5,0.77,-10762.5,-0.21,2700150,2700.15
2604,Entry long,2022-03-09 15:30,S1 Trend,4910.75,21,103125.75,17325,0.34,39637.5,0.77,-10762.5,-0.21,2700150,2700.15
2605,Exit long,2022-03-15 20:00,EOD,4915,26,126652.5,56875,0.90,65975,1.04,-5850,-0.09,2757025,2757.03
2605,Entry long,2022-03-15 14:30,S1 Trend,4871.25,26,126652.5,56875,0.90,65975,1.04,-5850,-0.09,2757025,2757.03
2606,Exit long,2022-03-16 18:00,S1 Trail,4953.5,31,154635.75,-53862.5,-0.70,12787.5,0.17,-53862.5,-0.70,2703162.5,2703.16
2606,Entry long,2022-03-16 14:30,S1 Trend,4988.25,31,154635.75,-53862.5,-0.70,12787.5,0.17,-53862.5,-0.70,2703162.5,2703.16
2607,Exit short,2022-03-16 19:00,S3 Scalp,4952.75,25,122925,-44687.5,-0.73,20000,0.33,-63437.5,-1.03,2658475,2658.48
2607,Entry short,2022-03-16 18:30,S3 Hedge,4917,25,122925,-44687.5,-0.73,20000,0.33,-63437.5,-1.03,2658475,2658.48
2608,Exit long,2022-03-17 20:00,EOD,5063.75,32,160536,75200,0.94,77600,0.97,-38400,-0.48,2733675,2733.68
2608,Entry long,2022-03-17 14:30,S1 Trend,5016.75,32,160536,75200,0.94,77600,0.97,-38400,-0.48,2733675,2733.68
2609,Exit long,2022-03-18 19:30,S1 Climax,5107.75,10,50642.5,21750,0.86,22750,0.90,-6625,-0.26,2755425,2755.43
2609,Entry long,2022-03-18 14:30,S1 Trend,5064.25,10,50642.5,21750,0.86,22750,0.90,-6625,-0.26,2755425,2755.43
2610,Exit long,2022-03-18 20:00,EOD,5111.75,26,131670.5,61750,0.94,66950,1.02,-17225,-0.26,2817175,2817.18
2610,Entry long,2022-03-18 14:30,S1 Trend,5064.25,26,131670.5,61750,0.94,66950,1.02,-17225,-0.26,2817175,2817.18
2611,Exit long,2022-03-21 18:30,S2 FairVal,5103.75,33,168044.25,18975,0.23,18975,0.23,-13200,-0.16,2836150,2836.15
2611,Entry long,2022-03-21 18:00,S2 VWAP,5092.25,33,168044.25,18975,0.23,18975,0.23,-13200,-0.16,2836150,2836.15
2612,Exit long,2022-03-22 20:00,EOD,5164,53,273109,29150,0.21,54325,0.40,-20537.5,-0.15,2865300,2865.30
2612,Entry long,2022-03-22 14:30,S1 Trend,5153,53,273109,29150,0.21,54325,0.40,-20537.5,-0.15,2865300,2865.30
2613,Exit long,2022-03-23 20:00,EOD,5105.25,41,210135.25,-41000,-0.39,11275,0.11,-42025,-0.40,2824300,2824.30
2613,Entry long,2022-03-23 18:00,S2 VWAP,5125.25,41,210135.25,-41000,-0.39,11275,0.11,-42025,-0.40,2824300,2824.30
2614,Exit long,2022-03-24 20:00,EOD,5171.75,42,216289.5,46200,0.43,47250,0.44,-30450,-0.28,2870500,2870.50
2614,Entry long,2022-03-24 15:30,S1 Trend,5149.75,42,216289.5,46200,0.43,47250,0.44,-30450,-0.28,2870500,2870.50
2615,Exit long,2022-03-25 15:00,S1 Trail,5170.25,50,259325,-40625,-0.31,28125,0.22,-40625,-0.31,2829875,2829.88
2615,Entry long,2022-03-25 14:30,S1 Trend,5186.5,50,259325,-40625,-0.31,28125,0.22,-40625,-0.31,2829875,2829.88
2616,Exit long,2022-03-25 17:00,S2 FairVal,5173.75,37,190947.75,24050,0.25,24050,0.25,-6475,-0.07,2853925,2853.93
2616,Entry long,2022-03-25 16:00,S2 VWAP,5160.75,37,190947.75,24050,0.25,24050,0.25,-6475,-0.07,2853925,2853.93
2617,Exit long,2022-03-28 18:00,S2 FairVal,5191.25,40,206960,34500,0.33,34500,0.33,-2000,-0.02,2888425,2888.43
2617,Entry long,2022-03-28 17:30,S2 VWAP,5174,40,206960,34500,0.33,34500,0.33,-2000,-0.02,2888425,2888.43
2618,Exit long,2022-04-04 21:00,EOD,5236.5,52,271297,50050,0.37,52650,0.39,-20150,-0.15,2938475,2938.48
2618,Entry long,2022-04-04 15:30,S1 Trend,5217.25,52,271297,50050,0.37,52650,0.39,-20150,-0.15,2938475,2938.48
2619,Exit long,2022-04-08 20:30,S1 Trail,5139.5,40,206900,-66000,-0.64,500,0.00,-66000,-0.64,2872475,2872.48
2619,Entry long,2022-04-08 17:30,S1 Trend,5172.5,40,206900,-66000,-0.64,500,0.00,-66000,-0.64,2872475,2872.48
2620,Exit long,2022-04-19 21:00,EOD,5117.75,39,198685.5,45337.5,0.46,60937.5,0.61,-5362.5,-0.05,2917812.5,2917.81
2620,Entry long,2022-04-19 15:30,S1 Trend,5094.5,39,198685.5,45337.5,0.46,60937.5,0.61,-5362.5,-0.05,2917812.5,2917.81
2621,Exit short,2022-04-22 19:00,S3 Scalp,4952.25,34,169864,74375,0.88,74375,0.88,-19975,-0.24,2992187.5,2992.19
2621,Entry short,2022-04-22 15:30,S3 Hedge,4996,34,169864,74375,0.88,74375,0.88,-19975,-0.24,2992187.5,2992.19
2622,Exit short,2022-04-25 17:30,S3 Scalp,4895,23,111860.5,-36225,-0.65,7187.5,0.13,-36225,-0.65,2955962.5,2955.96
2622,Entry short,2022-04-25 17:00,S3 Hedge,4863.5,23,111860.5,-36225,-0.65,7187.5,0.13,-36225,-0.65,2955962.5,2955.96
2623,Exit short,2022-04-26 21:00,EOD,4826.75,28,136003,42700,0.63,43750,0.64,-29050,-0.43,2998662.5,2998.66
2623,Entry short,2022-04-26 18:30,S3 Hedge,4857.25,28,136003,42700,0.63,43750,0.64,-29050,-0.43,2998662.5,2998.66
2624,Exit long,2022-04-28 21:00,EOD,4943.75,27,132887.25,29700,0.45,54675,0.82,-5062.5,-0.08,3028362.5,3028.36
2624,Entry long,2022-04-28 18:00,S1 Trend,4921.75,27,132887.25,29700,0.45,54675,0.82,-5062.5,-0.08,3028362.5,3028.36
2625,Exit short,2022-05-02 20:00,S3 Scalp,4789.25,21,99849.75,-36225,-0.73,42000,0.84,-36225,-0.73,2992137.5,2992.14
2625,Entry short,2022-05-02 18:00,S3 Hedge,4754.75,21,99849.75,-36225,-0.73,42000,0.84,-36225,-0.73,2992137.5,2992.14
2626,Exit long,2022-05-03 19:30,S1 Trail,4805.75,28,135653,-54600,-0.80,13650,0.20,-54600,-0.80,2937537.5,2937.54
2626,Entry long,2022-05-03 16:30,S1 Trend,4844.75,28,135653,-54600,-0.80,13650,0.20,-54600,-0.80,2937537.5,2937.54
2627,Exit long,2022-05-04 19:30,S1 Trail,4823,39,188691.75,-29737.5,-0.32,55087.5,0.58,-32662.5,-0.35,2907800,2907.80
2627,Entry long,2022-05-04 18:30,S1 Trend,4838.25,39,188691.75,-29737.5,-0.32,55087.5,0.58,-32662.5,-0.35,2907800,2907.80
2628,Exit long,2022-05-13 19:00,S1 Trail,4650,30,140175,-33750,-0.48,33375,0.48,-33750,-0.48,2874050,2874.05
2628,Entry long,2022-05-13 15:30,S1 Trend,4672.5,30,140175,-33750,-0.48,33375,0.48,-33750,-0.48,2874050,2874.05
2629,Exit long,2022-05-16 21:00,EOD,4665,23,107743.5,-22425,-0.42,20412.5,0.38,-33062.5,-0.61,2851625,2851.63
2629,Entry long,2022-05-16 18:30,S1 Trend,4684.5,23,107743.5,-22425,-0.42,20412.5,0.38,-33062.5,-0.61,2851625,2851.63
2630,Exit long,2022-05-17 21:00,EOD,4745,33,156007.5,28875,0.37,34650,0.44,-49087.5,-0.63,2880500,2880.50
2630,Entry long,2022-05-17 18:30,S1 Trend,4727.5,33,156007.5,28875,0.37,34650,0.44,-49087.5,-0.63,2880500,2880.50
2631,Exit short,2022-05-18 21:00,EOD,4582.5,28,128947,31850,0.49,53900,0.84,-8050,-0.12,2912350,2912.35
2631,Entry short,2022-05-18 18:30,S3 Hedge,4605.25,28,128947,31850,0.49,53900,0.84,-8050,-0.12,2912350,2912.35
2632,Exit long,2022-05-23 21:00,EOD,4631,27,124206.75,41512.5,0.67,52650,0.85,-5062.5,-0.08,2953862.5,2953.86
2632,Entry long,2022-05-23 16:00,S1 Trend,4600.25,27,124206.75,41512.5,0.67,52650,0.85,-5062.5,-0.08,2953862.5,2953.86
2633,Exit long,2022-05-25 17:30,S1 Trail,4593,32,148024,-52400,-0.71,16800,0.23,-52400,-0.71,2901462.5,2901.46
2633,Entry long,2022-05-25 15:30,S1 Trend,4625.75,32,148024,-52400,-0.71,16800,0.23,-52400,-0.71,2901462.5,2901.46
2634,Exit long,2022-05-26 21:00,EOD,4714.5,31,145537.25,30612.5,0.42,58125,0.80,-7362.5,-0.10,2932075,2932.08
2634,Entry long,2022-05-26 15:30,S1 Trend,4694.75,31,145537.25,30612.5,0.42,58125,0.80,-7362.5,-0.10,2932075,2932.08
2635,Exit long,2022-05-27 21:00,EOD,4815,35,167256.25,63437.5,0.76,65187.5,0.78,-21000,-0.25,2995512.5,2995.51
2635,Entry long,2022-05-27 15:30,S1 Trend,4778.75,35,167256.25,63437.5,0.76,65187.5,0.78,-21000,-0.25,2995512.5,2995.51
2636,Exit long,2022-05-31 16:30,S2 FairVal,4798.5,30,143362.5,29625,0.41,29625,0.41,-7500,-0.10,3025137.5,3025.14
2636,Entry long,2022-05-31 15:30,S2 VWAP,4778.75,30,143362.5,29625,0.41,29625,0.41,-7500,-0.10,3025137.5,3025.14
2637,Exit long,2022-06-02 21:00,EOD,4834.5,30,143527.5,75375,1.05,76500,1.07,-4125,-0.06,3100512.5,3100.51
2637,Entry long,2022-06-02 17:00,S1 Trend,4784.25,30,143527.5,75375,1.05,76500,1.07,-4125,-0.06,3100512.5,3100.51
2638,Exit short,2022-06-03 17:30,S3 Scalp,4780.75,37,176157,-36537.5,-0.41,6012.5,0.07,-36537.5,-0.41,3063975,3063.98
2638,Entry short,2022-06-03 16:30,S3 Hedge,4761,37,176157,-36537.5,-0.41,6012.5,0.07,-36537.5,-0.41,3063975,3063.98
2639,Exit long,2022-06-06 16:00,S1 Trail,4799.5,54,260293.5,-56025,-0.43,15525,0.12,-56025,-0.43,3007950,3007.95
2639,Entry long,2022-06-06 15:30,S1 Trend,4820.25,54,260293.5,-56025,-0.43,15525,0.12,-56025,-0.43,3007950,3007.95
2640,Exit long,2022-06-07 21:00,EOD,4817.5,35,167685,46375,0.55,55562.5,0.66,-42000,-0.50,3054325,3054.33
2640,Entry long,2022-06-07 16:00,S1 Trend,4791,35,167685,46375,0.55,55562.5,0.66,-42000,-0.50,3054325,3054.33
2641,Exit short,2022-06-13 17:30,S3 Scalp,4458.25,29,128477.25,-40600,-0.63,32625,0.51,-40600,-0.63,3013725,3013.73
2641,Entry short,2022-06-13 15:30,S3 Hedge,4430.25,29,128477.25,-40600,-0.63,32625,0.51,-40600,-0.63,3013725,3013.73
2642,Exit short,2022-06-16 21:00,EOD,4329.5,24,103416,-24600,-0.48,13500,0.26,-27300,-0.53,2989125,2989.13
2642,Entry short,2022-06-16 19:30,S3 Hedge,4309,24,103416,-24600,-0.48,13500,0.26,-27300,-0.53,2989125,2989.13
2643,Exit long,2022-06-21 13:00,S1 Trail,4382.25,50,218725,19375,0.18,75625,0.69,-20625,-0.19,3008500,3008.50
2643,Entry long,2022-06-20 17:00,S1 Trend,4374.5,50,218725,19375,0.18,75625,0.69,-20625,-0.19,3008500,3008.50
2644,Exit long,2022-06-21 21:00,EOD,4424.25,46,203561.5,-2300,-0.02,32775,0.32,-28175,-0.28,3006200,3006.20
2644,Entry long,2022-06-21 15:30,S1 Trend,4425.25,46,203561.5,-2300,-0.02,32775,0.32,-28175,-0.28,3006200,3006.20
2645,Exit long,2022-06-22 21:00,EOD,4416.5,30,133252.5,-37875,-0.57,29250,0.44,-40875,-0.61,2968325,2968.33
2645,Entry long,2022-06-22 15:30,S1 Trend,4441.75,30,133252.5,-37875,-0.57,29250,0.44,-40875,-0.61,2968325,2968.33
2646,Exit long,2022-06-23 17:00,S1 Trail,4411.75,31,138004.25,-62000,-0.90,5812.5,0.08,-62000,-0.90,2906325,2906.33
2646,Entry long,2022-06-23 16:00,S1 Trend,4451.75,31,138004.25,-62000,-0.90,5812.5,0.08,-62000,-0.90,2906325,2906.33
2647,Exit long,2022-06-24 16:00,S1 Climax,4538.75,11,49931.75,-275,-0.01,1787.5,0.07,-4675,-0.19,2906050,2906.05
2647,Entry long,2022-06-24 15:30,S1 Trend,4539.25,11,49931.75,-275,-0.01,1787.5,0.07,-4675,-0.19,2906050,2906.05
2648,Exit long,2022-06-24 16:30,S1 Climax,4543,8,36314,1500,0.08,2600,0.14,-3400,-0.19,2907550,2907.55
2648,Entry long,2022-06-24 15:30,S1 Trend,4539.25,8,36314,1500,0.08,2600,0.14,-3400,-0.19,2907550,2907.55
2649,Exit long,2022-06-24 17:00,S1 Climax,4544,6,27235.5,1425,0.10,2175,0.16,-2550,-0.19,2908975,2908.98
2649,Entry long,2022-06-24 15:30,S1 Trend,4539.25,6,27235.5,1425,0.10,2175,0.16,-2550,-0.19,2908975,2908.98
2650,Exit long,2022-06-24 17:30,S1 Climax,4543,4,18157,750,0.08,1950,0.21,-1700,-0.19,2909725,2909.73
2650,Entry long,2022-06-24 15:30,S1 Trend,4539.25,4,18157,750,0.08,1950,0.21,-1700,-0.19,2909725,2909.73
2651,Exit long,2022-06-24 18:00,S1 Climax,4546.5,3,13617.75,1087.5,0.16,1462.5,0.21,-1275,-0.19,2910812.5,2910.81
2651,Entry long,2022-06-24 15:30,S1 Trend,4539.25,3,13617.75,1087.5,0.16,1462.5,0.21,-1275,-0.19,2910812.5,2910.81
2652,Exit long,2022-06-24 18:30,S1 Climax,4546.75,2,9078.5,750,0.17,1125,0.25,-850,-0.19,2911562.5,2911.56
2652,Entry long,2022-06-24 15:30,S1 Trend,4539.25,2,9078.5,750,0.17,1125,0.25,-850,-0.19,2911562.5,2911.56
2653,Exit long,2022-06-24 19:30,S1 Climax,4547.75,1,4539.25,425,0.19,562.5,0.25,-425,-0.19,2911987.5,2911.99
2653,Entry long,2022-06-24 15:30,S1 Trend,4539.25,1,4539.25,425,0.19,562.5,0.25,-425,-0.19,2911987.5,2911.99
2654,Exit long,2022-06-24 20:00,S1 Climax,4553,1,4539.25,687.5,0.30,712.5,0.31,-425,-0.19,2912675,2912.68
2654,Entry long,2022-06-24 15:30,S1 Trend,4539.25,1,4539.25,687.5,0.30,712.5,0.31,-425,-0.19,2912675,2912.68
2655,Exit long,2022-06-24 20:30,S1 Climax,4555.25,1,4539.25,800,0.35,825,0.36,-425,-0.19,2913475,2913.48
2655,Entry long,2022-06-24 15:30,S1 Trend,4539.25,1,4539.25,800,0.35,825,0.36,-425,-0.19,2913475,2913.48
2656,Exit long,2022-06-24 21:00,EOD,4575,2,9078.5,3575,0.79,3600,0.79,-850,-0.19,2917050,2917.05
2656,Entry long,2022-06-24 15:30,S1 Trend,4539.25,2,9078.5,3575,0.79,3600,0.79,-850,-0.19,2917050,2917.05
2657,Exit long,2022-07-07 21:00,EOD,4560.5,44,199991,33550,0.34,54450,0.54,-8800,-0.09,2950600,2950.60
2657,Entry long,2022-07-07 16:00,S1 Trend,4545.25,44,199991,33550,0.34,54450,0.54,-8800,-0.09,2950600,2950.60
2658,Exit long,2022-07-08 18:00,S1 Trail,4538.75,35,159818.75,-48125,-0.60,20125,0.25,-48125,-0.60,2902475,2902.48
2658,Entry long,2022-07-08 16:00,S1 Trend,4566.25,35,159818.75,-48125,-0.60,20125,0.25,-48125,-0.60,2902475,2902.48
2659,Exit long,2022-07-15 21:00,EOD,4521.25,32,144400,14000,0.19,16400,0.23,-21200,-0.29,2916475,2916.48
2659,Entry long,2022-07-15 15:30,S1 Trend,4512.5,32,144400,14000,0.19,16400,0.23,-21200,-0.29,2916475,2916.48
2660,Exit short,2022-07-18 20:30,S3 Scalp,4482,45,203175,74250,0.73,74250,0.73,-14062.5,-0.14,2990725,2990.73
2660,Entry short,2022-07-18 19:00,S3 Hedge,4515,45,203175,74250,0.73,74250,0.73,-14062.5,-0.14,2990725,2990.73
2661,Exit long,2022-07-19 17:00,S1 Climax,4567.5,13,59163,10725,0.36,12187.5,0.41,-2275,-0.08,3001450,3001.45
2661,Entry long,2022-07-19 15:30,S1 Trend,4551,13,59163,10725,0.36,12187.5,0.41,-2275,-0.08,3001450,3001.45
2662,Exit long,2022-07-19 17:30,S1 Climax,4568.5,9,40959,7875,0.38,8437.5,0.41,-1575,-0.08,3009325,3009.33
2662,Entry long,2022-07-19 15:30,S1 Trend,4551,9,40959,7875,0.38,8437.5,0.41,-1575,-0.08,3009325,3009.33
2663,Exit long,2022-07-19 18:00,S1 Climax,4575.75,7,31857,8662.5,0.54,8662.5,0.54,-1225,-0.08,3017987.5,3017.99
2663,Entry long,2022-07-19 15:30,S1 Trend,4551,7,31857,8662.5,0.54,8662.5,0.54,-1225,-0.08,3017987.5,3017.99
2664,Exit long,2022-07-19 19:00,S1 Climax,4586.75,5,22755,8937.5,0.79,9062.5,0.80,-875,-0.08,3026925,3026.93
2664,Entry long,2022-07-19 15:30,S1 Trend,4551,5,22755,8937.5,0.79,9062.5,0.80,-875,-0.08,3026925,3026.93
2665,Exit long,2022-07-19 20:00,S1 Climax,4588.25,3,13653,5587.5,0.82,6525,0.96,-525,-0.08,3032512.5,3032.51
2665,Entry long,2022-07-19 15:30,S1 Trend,4551,3,13653,5587.5,0.82,6525,0.96,-525,-0.08,3032512.5,3032.51
2666,Exit long,2022-07-19 20:30,S1 Climax,4590,2,9102,3900,0.86,4350,0.96,-350,-0.08,3036412.5,3036.41
2666,Entry long,2022-07-19 15:30,S1 Trend,4551,2,9102,3900,0.86,4350,0.96,-350,-0.08,3036412.5,3036.41
2667,Exit long,2022-07-19 21:00,EOD,4592,7,31857,14350,0.90,16800,1.05,-1225,-0.08,3050762.5,3050.76
2667,Entry long,2022-07-19 15:30,S1 Trend,4551,7,31857,14350,0.90,16800,1.05,-1225,-0.08,3050762.5,3050.76
2668,Exit long,2022-07-20 18:00,S1 Trail,4598.25,40,185200,-63500,-0.69,6000,0.06,-63500,-0.69,2987262.5,2987.26
2668,Entry long,2022-07-20 16:00,S1 Trend,4630,40,185200,-63500,-0.69,6000,0.06,-63500,-0.69,2987262.5,2987.26
2669,Exit long,2022-07-21 16:30,S2 FairVal,4618,30,138412.5,6375,0.09,8250,0.12,-7125,-0.10,2993637.5,2993.64
2669,Entry long,2022-07-21 16:00,S2 VWAP,4613.75,30,138412.5,6375,0.09,8250,0.12,-7125,-0.10,2993637.5,2993.64
2670,Exit long,2022-07-21 21:00,EOD,4658.25,30,139305,22125,0.32,22875,0.33,-25125,-0.36,3015762.5,3015.76
2670,Entry long,2022-07-21 17:30,S1 Trend,4643.5,30,139305,22125,0.32,22875,0.33,-25125,-0.36,3015762.5,3015.76
2671,Exit long,2022-07-27 20:00,S1 Climax,4668.75,19,87913,39662.5,0.90,49637.5,1.13,-4275,-0.10,3055425,3055.43
2671,Entry long,2022-07-27 15:30,S1 Trend,4627,19,87913,39662.5,0.90,49637.5,1.13,-4275,-0.10,3055425,3055.43
2672,Exit long,2022-07-27 20:30,S1 Climax,4697.75,13,60151,45987.5,1.53,45987.5,1.53,-2925,-0.10,3101412.5,3101.41
2672,Entry long,2022-07-27 15:30,S1 Trend,4627,13,60151,45987.5,1.53,45987.5,1.53,-2925,-0.10,3101412.5,3101.41
2673,Exit long,2022-07-27 21:00,EOD,4679.75,32,148064,84400,1.14,114400,1.55,-7200,-0.10,3185812.5,3185.81
2673,Entry long,2022-07-27 15:30,S1 Trend,4627,32,148064,84400,1.14,114400,1.55,-7200,-0.10,3185812.5,3185.81
2674,Exit long,2022-07-28 21:00,EOD,4728.75,36,169461,38700,0.46,53550,0.63,-13050,-0.15,3224512.5,3224.51
2674,Entry long,2022-07-28 16:30,S1 Trend,4707.25,36,169461,38700,0.46,53550,0.63,-13050,-0.15,3224512.5,3224.51
2675,Exit long,2022-07-29 21:00,EOD,4789.5,51,243525,36975,0.30,63112.5,0.52,-65662.5,-0.54,3261487.5,3261.49
2675,Entry long,2022-07-29 15:30,S1 Trend,4775,51,243525,36975,0.30,63112.5,0.52,-65662.5,-0.54,3261487.5,3261.49
2676,Exit long,2022-08-01 18:30,S1 Trail,4767.75,49,233852.5,-11637.5,-0.10,74725,0.64,-11637.5,-0.10,3249850,3249.85
2676,Entry long,2022-08-01 15:30,S1 Trend,4772.5,49,233852.5,-11637.5,-0.10,74725,0.64,-11637.5,-0.10,3249850,3249.85
2677,Exit long,2022-08-02 18:30,S1 Trail,4764,47,224342.75,-21737.5,-0.19,59925,0.53,-24087.5,-0.21,3228112.5,3228.11
2677,Entry long,2022-08-02 16:00,S1 Trend,4773.25,47,224342.75,-21737.5,-0.19,59925,0.53,-24087.5,-0.21,3228112.5,3228.11
2678,Exit long,2022-08-03 18:00,S1 Climax,4812.25,17,81345,23162.5,0.57,25925,0.64,-12750,-0.31,3251275,3251.27
2678,Entry long,2022-08-03 15:30,S1 Trend,4785,17,81345,23162.5,0.57,25925,0.64,-12750,-0.31,3251275,3251.27
2679,Exit long,2022-08-03 18:30,S1 Climax,4815,12,57420,18000,0.63,19050,0.66,-9000,-0.31,3269275,3269.27
2679,Entry long,2022-08-03 15:30,S1 Trend,4785,12,57420,18000,0.63,19050,0.66,-9000,-0.31,3269275,3269.27
2680,Exit long,2022-08-03 19:00,S1 Climax,4814.5,8,38280,11800,0.62,12800,0.67,-6000,-0.31,3281075,3281.08
2680,Entry long,2022-08-03 15:30,S1 Trend,4785,8,38280,11800,0.62,12800,0.67,-6000,-0.31,3281075,3281.08
2681,Exit long,2022-08-03 19:30,S1 Climax,4818,6,28710,9900,0.69,10875,0.76,-4500,-0.31,3290975,3290.98
2681,Entry long,2022-08-03 15:30,S1 Trend,4785,6,28710,9900,0.69,10875,0.76,-4500,-0.31,3290975,3290.98
2682,Exit long,2022-08-03 20:00,S1 Climax,4817,4,19140,6400,0.67,7250,0.76,-3000,-0.31,3297375,3297.38
2682,Entry long,2022-08-03 15:30,S1 Trend,4785,4,19140,6400,0.67,7250,0.76,-3000,-0.31,3297375,3297.38
2683,Exit long,2022-08-03 20:30,S1 Climax,4817,3,14355,4800,0.67,5625,0.78,-2250,-0.31,3302175,3302.18
2683,Entry long,2022-08-03 15:30,S1 Trend,4785,3,14355,4800,0.67,5625,0.78,-2250,-0.31,3302175,3302.18
2684,Exit long,2022-08-03 21:00,EOD,4812.5,8,38280,11000,0.57,16300,0.85,-6000,-0.31,3313175,3313.18
2684,Entry long,2022-08-03 15:30,S1 Trend,4785,8,38280,11000,0.57,16300,0.85,-6000,-0.31,3313175,3313.18
2685,Exit long,2022-08-08 16:30,S1 Trail,4812.5,55,265925,-61875,-0.47,15812.5,0.12,-61875,-0.47,3251300,3251.30
2685,Entry long,2022-08-08 15:30,S1 Trend,4835,55,265925,-61875,-0.47,15812.5,0.12,-61875,-0.47,3251300,3251.30
2686,Exit long,2022-08-10 17:00,S1 Climax,4863.5,13,63186.5,1950,0.06,2275,0.07,-2762.5,-0.09,3253250,3253.25
2686,Entry long,2022-08-10 16:30,S1 Trend,4860.5,13,63186.5,1950,0.06,2275,0.07,-2762.5,-0.09,3253250,3253.25
2687,Exit long,2022-08-10 21:00,EOD,4866.25,31,150675.5,8912.5,0.12,12787.5,0.17,-15500,-0.21,3262162.5,3262.16
2687,Entry long,2022-08-10 16:30,S1 Trend,4860.5,31,150675.5,8912.5,0.12,12787.5,0.17,-15500,-0.21,3262162.5,3262.16
2688,Exit long,2022-08-11 16:00,S1 Trail,4889.5,65,318890,-53625,-0.34,26812.5,0.17,-53625,-0.34,3208537.5,3208.54
2688,Entry long,2022-08-11 15:30,S1 Trend,4906,65,318890,-53625,-0.34,26812.5,0.17,-53625,-0.34,3208537.5,3208.54
2689,Exit long,2022-08-12 19:30,S1 Climax,4918.5,18,88213.5,15975,0.36,16425,0.37,-1350,-0.03,3224512.5,3224.51
2689,Entry long,2022-08-12 16:30,S1 Trend,4900.75,18,88213.5,15975,0.36,16425,0.37,-1350,-0.03,3224512.5,3224.51
2690,Exit long,2022-08-12 20:00,S1 Climax,4924,12,58809,13950,0.47,14700,0.50,-900,-0.03,3238462.5,3238.46
2690,Entry long,2022-08-12 16:30,S1 Trend,4900.75,12,58809,13950,0.47,14700,0.50,-900,-0.03,3238462.5,3238.46
2691,Exit long,2022-08-12 20:30,S1 Climax,4930,9,44106.75,13162.5,0.60,14175,0.64,-675,-0.03,3251625,3251.63
2691,Entry long,2022-08-12 16:30,S1 Trend,4900.75,9,44106.75,13162.5,0.60,14175,0.64,-675,-0.03,3251625,3251.63
2692,Exit long,2022-08-12 21:00,EOD,4937,21,102915.75,38062.5,0.74,39637.5,0.77,-1575,-0.03,3289687.5,3289.69
2692,Entry long,2022-08-12 16:30,S1 Trend,4900.75,21,102915.75,38062.5,0.74,39637.5,0.77,-1575,-0.03,3289687.5,3289.69
2693,Exit long,2022-08-15 21:00,EOD,4954.5,55,272057.5,22000,0.16,38500,0.28,-8250,-0.06,3311687.5,3311.69
2693,Entry long,2022-08-15 17:00,S1 Trend,4946.5,55,272057.5,22000,0.16,38500,0.28,-8250,-0.06,3311687.5,3311.69
2694,Exit long,2022-08-16 19:30,S1 Trail,4959.5,68,337076,8500,0.05,89250,0.53,-4250,-0.03,3320187.5,3320.19
2694,Entry long,2022-08-16 16:30,S1 Trend,4957,68,337076,8500,0.05,89250,0.53,-4250,-0.03,3320187.5,3320.19
2695,Exit long,2022-08-17 20:30,S1 Trail,4927.5,48,237696,-58800,-0.49,21600,0.18,-58800,-0.49,3261387.5,3261.39
2695,Entry long,2022-08-17 19:30,S1 Trend,4952,48,237696,-58800,-0.49,21600,0.18,-58800,-0.49,3261387.5,3261.39
2696,Exit long,2022-08-25 16:00,S1 Trail,4813.75,56,270830,-63000,-0.47,12600,0.09,-63000,-0.47,3198387.5,3198.39
2696,Entry long,2022-08-25 15:30,S1 Trend,4836.25,56,270830,-63000,-0.47,12600,0.09,-63000,-0.47,3198387.5,3198.39
2697,Exit short,2022-09-01 16:30,S3 Scalp,4581,41,187042,-38950,-0.42,5637.5,0.06,-38950,-0.42,3159437.5,3159.44
2697,Entry short,2022-09-01 16:00,S3 Hedge,4562,41,187042,-38950,-0.42,5637.5,0.06,-38950,-0.42,3159437.5,3159.44
2698,Exit long,2022-09-02 17:30,S1 Trail,4632.25,35,163196.25,-53375,-0.65,18375,0.23,-53375,-0.65,3106062.5,3106.06
2698,Entry long,2022-09-02 16:00,S1 Trend,4662.75,35,163196.25,-53375,-0.65,18375,0.23,-53375,-0.65,3106062.5,3106.06
2699,Exit long,2022-09-07 20:30,S1 Climax,4644,12,55038,34500,1.25,34800,1.26,-2700,-0.10,3140562.5,3140.56
2699,Entry long,2022-09-07 16:00,S1 Trend,4586.5,12,55038,34500,1.25,34800,1.26,-2700,-0.10,3140562.5,3140.56
2700,Exit long,2022-09-07 21:00,EOD,4636.25,29,133008.5,72137.5,1.08,84100,1.26,-6525,-0.10,3212700,3212.70
2700,Entry long,2022-09-07 16:00,S1 Trend,4586.5,29,133008.5,72137.5,1.08,84100,1.26,-6525,-0.10,3212700,3212.70
2701,Exit long,2022-09-08 17:00,S1 Trail,4628,38,176956.5,-54625,-0.62,18525,0.21,-54625,-0.62,3158075,3158.08
2701,Entry long,2022-09-08 16:00,S1 Trend,4656.75,38,176956.5,-54625,-0.62,18525,0.21,-54625,-0.62,3158075,3158.08
2702,Exit long,2022-09-09 21:00,EOD,4722.5,52,244894,33800,0.28,61100,0.50,-22100,-0.18,3191875,3191.88
2702,Entry long,2022-09-09 15:30,S1 Trend,4709.5,52,244894,33800,0.28,61100,0.50,-22100,-0.18,3191875,3191.88
2703,Exit long,2022-09-12 16:30,S1 Trail,4745.25,54,257661,-70875,-0.55,4050,0.03,-70875,-0.55,3121000,3121.00
2703,Entry long,2022-09-12 15:30,S1 Trend,4771.5,54,257661,-70875,-0.55,4050,0.03,-70875,-0.55,3121000,3121.00
2704,Exit short,2022-09-13 20:30,S3 Scalp,4582.5,32,148120,74000,1.00,74000,1.00,-2400,-0.03,3195000,3195.00
2704,Entry short,2022-09-13 19:30,S3 Hedge,4628.75,32,148120,74000,1.00,74000,1.00,-2400,-0.03,3195000,3195.00
2705,Exit short,2022-09-14 16:00,S3 Scalp,4610.25,37,169293.5,-64287.5,-0.76,4625,0.05,-68912.5,-0.81,3130712.5,3130.71
2705,Entry short,2022-09-14 15:30,S3 Hedge,4575.5,37,169293.5,-64287.5,-0.76,4625,0.05,-68912.5,-0.81,3130712.5,3130.71
2706,Exit short,2022-09-20 20:30,S3 Scalp,4514.5,42,188769,-42000,-0.44,30975,0.33,-42000,-0.44,3088712.5,3088.71
2706,Entry short,2022-09-20 18:30,S3 Hedge,4494.5,42,188769,-42000,-0.44,30975,0.33,-42000,-0.44,3088712.5,3088.71
2707,Exit long,2022-09-21 19:00,S1 Trail,4513,51,231565.5,-70125,-0.61,2550,0.02,-70125,-0.61,3018587.5,3018.59
2707,Entry long,2022-09-21 15:30,S1 Trend,4540.5,51,231565.5,-70125,-0.61,2550,0.02,-70125,-0.61,3018587.5,3018.59
2708,Exit short,2022-09-23 21:00,EOD,4344,35,151646.25,-19687.5,-0.26,63000,0.83,-26250,-0.35,2998900,2998.90
2708,Entry short,2022-09-23 17:00,S3 Hedge,4332.75,35,151646.25,-19687.5,-0.26,63000,0.83,-26250,-0.35,2998900,2998.90
2709,Exit long,2022-09-28 21:00,EOD,4369,23,99544,47150,0.95,68712.5,1.38,-6037.5,-0.12,3046050,3046.05
2709,Entry long,2022-09-28 15:30,S1 Trend,4328,23,99544,47150,0.95,68712.5,1.38,-6037.5,-0.12,3046050,3046.05
2710,Exit short,2022-09-29 20:30,S3 Scalp,4293.25,26,110942,-34125,-0.62,11050,0.20,-34125,-0.62,3011925,3011.93
2710,Entry short,2022-09-29 19:00,S3 Hedge,4267,26,110942,-34125,-0.62,11050,0.20,-34125,-0.62,3011925,3011.93
2711,Exit long,2022-10-03 20:00,S1 Climax,4343.75,9,38749.5,17212.5,0.89,19237.5,0.99,-4275,-0.22,3029137.5,3029.14
2711,Entry long,2022-10-03 15:30,S1 Trend,4305.5,9,38749.5,17212.5,0.89,19237.5,0.99,-4275,-0.22,3029137.5,3029.14
2712,Exit long,2022-10-03 21:00,EOD,4328,21,90415.5,23625,0.52,44887.5,0.99,-9975,-0.22,3052762.5,3052.76
2712,Entry long,2022-10-03 15:30,S1 Trend,4305.5,21,90415.5,23625,0.52,44887.5,0.99,-9975,-0.22,3052762.5,3052.76
2713,Exit long,2022-10-04 16:00,S1 Climax,4434.75,12,53076,7050,0.27,8100,0.31,-1200,-0.05,3059812.5,3059.81
2713,Entry long,2022-10-04 15:30,S1 Trend,4423,12,53076,7050,0.27,8100,0.31,-1200,-0.05,3059812.5,3059.81
2714,Exit long,2022-10-04 16:30,S1 Climax,4436,8,35384,5200,0.29,5700,0.32,-800,-0.05,3065012.5,3065.01
2714,Entry long,2022-10-04 15:30,S1 Trend,4423,8,35384,5200,0.29,5700,0.32,-800,-0.05,3065012.5,3065.01
2715,Exit long,2022-10-04 17:00,S1 Climax,4432.75,6,26538,2925,0.22,4800,0.36,-600,-0.05,3067937.5,3067.94
2715,Entry long,2022-10-04 15:30,S1 Trend,4423,6,26538,2925,0.22,4800,0.36,-600,-0.05,3067937.5,3067.94
2716,Exit long,2022-10-04 17:30,S1 Climax,4435.5,4,17692,2500,0.28,3200,0.36,-400,-0.05,3070437.5,3070.44
2716,Entry long,2022-10-04 15:30,S1 Trend,4423,4,17692,2500,0.28,3200,0.36,-400,-0.05,3070437.5,3070.44
2717,Exit long,2022-10-04 18:00,S1 Trail,4404,11,48653,-10450,-0.43,8800,0.36,-10450,-0.43,3059987.5,3059.99
2717,Entry long,2022-10-04 15:30,S1 Trend,4423,11,48653,-10450,-0.43,8800,0.36,-10450,-0.43,3059987.5,3059.99
2718,Exit short,2022-10-05 16:30,S3 Scalp,4394.5,41,179436.5,-36900,-0.41,12300,0.14,-36900,-0.41,3023087.5,3023.09
2718,Entry short,2022-10-05 15:30,S3 Hedge,4376.5,41,179436.5,-36900,-0.41,12300,0.14,-36900,-0.41,3023087.5,3023.09
2719,Exit long,2022-10-05 21:00,EOD,4433.5,34,150093,32300,0.43,71400,0.95,-2550,-0.03,3055387.5,3055.39
2719,Entry long,2022-10-05 18:00,S1 Trend,4414.5,34,150093,32300,0.43,71400,0.95,-2550,-0.03,3055387.5,3055.39
2720,Exit short,2022-10-07 21:00,EOD,4287.5,31,132873.75,-1937.5,-0.03,26737.5,0.40,-13175,-0.20,3053450,3053.45
2720,Entry short,2022-10-07 19:30,S3 Hedge,4286.25,31,132873.75,-1937.5,-0.03,26737.5,0.40,-13175,-0.20,3053450,3053.45
2721,Exit long,2022-10-13 21:00,EOD,4318.75,18,76693.5,52200,1.36,66150,1.73,-4500,-0.12,3105650,3105.65
2721,Entry long,2022-10-13 16:30,S1 Trend,4260.75,18,76693.5,52200,1.36,66150,1.73,-4500,-0.12,3105650,3105.65
2722,Exit long,2022-10-17 21:00,EOD,4326.75,36,155745,900,0.01,22500,0.29,-38700,-0.50,3106550,3106.55
2722,Entry long,2022-10-17 15:30,S1 Trend,4326.25,36,155745,900,0.01,22500,0.29,-38700,-0.50,3106550,3106.55
2723,Exit short,2022-10-18 17:30,S3 Scalp,4371.25,29,126026.75,-36975,-0.59,17400,0.28,-36975,-0.59,3069575,3069.58
2723,Entry short,2022-10-18 16:30,S3 Hedge,4345.75,29,126026.75,-36975,-0.59,17400,0.28,-36975,-0.59,3069575,3069.58
2724,Exit long,2022-10-20 17:30,S1 Trail,4330.5,27,118239.75,-65812.5,-1.11,4387.5,0.07,-65812.5,-1.11,3003762.5,3003.76
2724,Entry long,2022-10-20 15:30,S1 Trend,4379.25,27,118239.75,-65812.5,-1.11,4387.5,0.07,-65812.5,-1.11,3003762.5,3003.76
2725,Exit long,2022-10-21 21:00,EOD,4400.25,27,116923.5,94162.5,1.61,101925,1.74,-21937.5,-0.38,3097925,3097.93
2725,Entry long,2022-10-21 15:30,S1 Trend,4330.5,27,116923.5,94162.5,1.61,101925,1.74,-21937.5,-0.38,3097925,3097.93
2726,Exit long,2022-10-25 21:00,EOD,4506.75,41,183905.5,43562.5,0.47,51762.5,0.56,-20500,-0.22,3141487.5,3141.49
2726,Entry long,2022-10-25 15:30,S1 Trend,4485.5,41,183905.5,43562.5,0.47,51762.5,0.56,-20500,-0.22,3141487.5,3141.49
2727,Exit long,2022-10-26 18:00,S1 Trail,4497.25,44,198176,-14850,-0.15,66000,0.67,-14850,-0.15,3126637.5,3126.64
2727,Entry long,2022-10-26 15:30,S1 Trend,4504,44,198176,-14850,-0.15,66000,0.67,-14850,-0.15,3126637.5,3126.64
2728,Exit long,2022-10-27 21:00,EOD,4456.5,29,129695.25,-22837.5,-0.35,18125,0.28,-32262.5,-0.50,3103800,3103.80
2728,Entry long,2022-10-27 18:00,S2 VWAP,4472.25,29,129695.25,-22837.5,-0.35,18125,0.28,-32262.5,-0.50,3103800,3103.80
2729,Exit long,2022-10-28 18:00,S1 Climax,4529,9,40468.5,14625,0.72,15750,0.78,-675,-0.03,3118425,3118.43
2729,Entry long,2022-10-28 15:30,S1 Trend,4496.5,9,40468.5,14625,0.72,15750,0.78,-675,-0.03,3118425,3118.43
2730,Exit long,2022-10-28 18:30,S1 Climax,4531.5,6,26979,10500,0.78,11625,0.86,-450,-0.03,3128925,3128.93
2730,Entry long,2022-10-28 15:30,S1 Trend,4496.5,6,26979,10500,0.78,11625,0.86,-450,-0.03,3128925,3128.93
2731,Exit long,2022-10-28 19:00,S1 Climax,4532.75,4,17986,7250,0.81,8400,0.93,-300,-0.03,3136175,3136.18
2731,Entry long,2022-10-28 15:30,S1 Trend,4496.5,4,17986,7250,0.81,8400,0.93,-300,-0.03,3136175,3136.18
2732,Exit long,2022-10-28 19:30,S1 Climax,4535.5,3,13489.5,5850,0.87,6300,0.93,-225,-0.03,3142025,3142.03
2732,Entry long,2022-10-28 15:30,S1 Trend,4496.5,3,13489.5,5850,0.87,6300,0.93,-225,-0.03,3142025,3142.03
2733,Exit long,2022-10-28 20:00,S1 Climax,4546.25,2,8993,4975,1.11,5175,1.15,-150,-0.03,3147000,3147.00
2733,Entry long,2022-10-28 15:30,S1 Trend,4496.5,2,8993,4975,1.11,5175,1.15,-150,-0.03,3147000,3147.00
2734,Exit long,2022-10-28 20:30,S1 Climax,4547.5,1,4496.5,2550,1.13,2687.5,1.20,-75,-0.03,3149550,3149.55
2734,Entry long,2022-10-28 15:30,S1 Trend,4496.5,1,4496.5,2550,1.13,2687.5,1.20,-75,-0.03,3149550,3149.55
2735,Exit long,2022-10-28 21:00,EOD,4547.25,5,22482.5,12687.5,1.13,14125,1.26,-375,-0.03,3162237.5,3162.24
2735,Entry long,2022-10-28 15:30,S1 Trend,4496.5,5,22482.5,12687.5,1.13,14125,1.26,-375,-0.03,3162237.5,3162.24
2736,Exit long,2022-10-31 20:00,EOD,4519.25,45,203726.25,-18000,-0.18,20812.5,0.20,-34875,-0.34,3144237.5,3144.24
2736,Entry long,2022-10-31 16:00,S1 Trend,4527.25,45,203726.25,-18000,-0.18,20812.5,0.20,-34875,-0.34,3144237.5,3144.24
2737,Exit long,2022-11-02 19:00,S1 Trail,4460.75,37,167795,-137362.5,-1.64,15725,0.19,-166500,-1.98,3006875,3006.88
2737,Entry long,2022-11-02 18:30,S1 Trend,4535,37,167795,-137362.5,-1.64,15725,0.19,-166500,-1.98,3006875,3006.88
2738,Exit long,2022-11-07 21:00,EOD,4452.5,37,164557.5,9250,0.11,19887.5,0.24,-5087.5,-0.06,3016125,3016.13
2738,Entry long,2022-11-07 19:30,S1 Trend,4447.5,37,164557.5,9250,0.11,19887.5,0.24,-5087.5,-0.06,3016125,3016.13
2739,Exit long,2022-11-08 18:00,S1 Trail,4473.25,51,228072,3187.5,0.03,80325,0.70,-2550,-0.02,3019312.5,3019.31
2739,Entry long,2022-11-08 15:30,S1 Trend,4472,51,228072,3187.5,0.03,80325,0.70,-2550,-0.02,3019312.5,3019.31
2740,Exit long,2022-11-10 16:00,S1 Climax,4556,7,31843,2450,0.15,3325,0.21,-6387.5,-0.40,3021762.5,3021.76
2740,Entry long,2022-11-10 15:30,S1 Trend,4549,7,31843,2450,0.15,3325,0.21,-6387.5,-0.40,3021762.5,3021.76
2741,Exit long,2022-11-10 16:30,S1 Climax,4559.5,5,22745,2625,0.23,2812.5,0.25,-4562.5,-0.40,3024387.5,3024.39
2741,Entry long,2022-11-10 15:30,S1 Trend,4549,5,22745,2625,0.23,2812.5,0.25,-4562.5,-0.40,3024387.5,3024.39
2742,Exit long,2022-11-10 17:00,S1 Climax,4570.5,3,13647,3225,0.47,3487.5,0.51,-2737.5,-0.40,3027612.5,3027.61
2742,Entry long,2022-11-10 15:30,S1 Trend,4549,3,13647,3225,0.47,3487.5,0.51,-2737.5,-0.40,3027612.5,3027.61
2743,Exit long,2022-11-10 17:30,S1 Climax,4558,3,13647,1350,0.20,3487.5,0.51,-2737.5,-0.40,3028962.5,3028.96
2743,Entry long,2022-11-10 15:30,S1 Trend,4549,3,13647,1350,0.20,3487.5,0.51,-2737.5,-0.40,3028962.5,3028.96
2744,Exit long,2022-11-10 20:30,S1 Climax,4586.5,2,9098,3750,0.82,3800,0.84,-1825,-0.40,3032712.5,3032.71
2744,Entry long,2022-11-10 15:30,S1 Trend,4549,2,9098,3750,0.82,3800,0.84,-1825,-0.40,3032712.5,3032.71
2745,Exit long,2022-11-10 21:00,EOD,4597.75,5,22745,12187.5,1.07,13250,1.17,-4562.5,-0.40,3044900,3044.90
2745,Entry long,2022-11-10 15:30,S1 Trend,4549,5,22745,12187.5,1.07,13250,1.17,-4562.5,-0.40,3044900,3044.90
2746,Exit long,2022-11-11 21:00,EOD,4637.5,36,166374,28800,0.35,44550,0.54,-52650,-0.63,3073700,3073.70
2746,Entry long,2022-11-11 15:30,S1 Trend,4621.5,36,166374,28800,0.35,44550,0.54,-52650,-0.63,3073700,3073.70
2747,Exit long,2022-11-15 20:00,S2 FairVal,4645.25,30,138480,43875,0.63,43875,0.63,-23250,-0.34,3117575,3117.58
2747,Entry long,2022-11-15 19:00,S2 VWAP,4616,30,138480,43875,0.63,43875,0.63,-23250,-0.34,3117575,3117.58
2748,Exit long,2022-11-22 21:00,EOD,4646.75,60,277155,82500,0.60,89250,0.64,-17250,-0.12,3200075,3200.08
2748,Entry long,2022-11-22 15:30,S1 Trend,4619.25,60,277155,82500,0.60,89250,0.64,-17250,-0.12,3200075,3200.08
2749,Exit long,2022-11-23 16:30,S1 Trail,4651.75,67,312638.75,-48575,-0.31,27637.5,0.18,-48575,-0.31,3151500,3151.50
2749,Entry long,2022-11-23 15:30,S1 Trend,4666.25,67,312638.75,-48575,-0.31,27637.5,0.18,-48575,-0.31,3151500,3151.50
2750,Exit long,2022-11-23 21:00,EOD,4671,47,219501.75,1762.5,0.02,13512.5,0.12,-26437.5,-0.24,3153262.5,3153.26
2750,Entry long,2022-11-23 19:30,S1 Trend,4670.25,47,219501.75,1762.5,0.02,13512.5,0.12,-26437.5,-0.24,3153262.5,3153.26
2751,Exit long,2022-11-30 20:30,S1 Climax,4699.5,11,51062,31625,1.24,31762.5,1.24,-275,-0.01,3184887.5,3184.89
2751,Entry long,2022-11-30 19:00,S1 Trend,4642,11,51062,31625,1.24,31762.5,1.24,-275,-0.01,3184887.5,3184.89
2752,Exit long,2022-11-30 21:00,EOD,4719,27,125334,103950,1.66,105300,1.68,-675,-0.01,3288837.5,3288.84
2752,Entry long,2022-11-30 19:00,S1 Trend,4642,27,125334,103950,1.66,105300,1.68,-675,-0.01,3288837.5,3288.84
2753,Exit long,2022-12-01 21:00,EOD,4717.25,44,206657,45100,0.44,70950,0.69,-12650,-0.12,3333937.5,3333.94
2753,Entry long,2022-12-01 15:30,S1 Trend,4696.75,44,206657,45100,0.44,70950,0.69,-12650,-0.12,3333937.5,3333.94
2754,Exit short,2022-12-06 21:00,EOD,4580.5,47,214825.25,-22912.5,-0.21,29962.5,0.28,-31725,-0.30,3311025,3311.03
2754,Entry short,2022-12-06 18:30,S3 Hedge,4570.75,47,214825.25,-22912.5,-0.21,29962.5,0.28,-31725,-0.30,3311025,3311.03
2755,Exit long,2022-12-08 19:00,S1 Trail,4586.75,58,267380,-67425,-0.50,10875,0.08,-67425,-0.50,3243600,3243.60
2755,Entry long,2022-12-08 15:30,S1 Trend,4610,58,267380,-67425,-0.50,10875,0.08,-67425,-0.50,3243600,3243.60
2756,Exit long,2022-12-12 20:30,S1 Climax,4621,22,101046,30800,0.61,32450,0.64,-4950,-0.10,3274400,3274.40
2756,Entry long,2022-12-12 16:30,S1 Trend,4593,22,101046,30800,0.61,32450,0.64,-4950,-0.10,3274400,3274.40
2757,Exit long,2022-12-12 21:00,EOD,4629,52,238836,93600,0.78,94250,0.79,-11700,-0.10,3368000,3368.00
2757,Entry long,2022-12-12 16:30,S1 Trend,4593,52,238836,93600,0.78,94250,0.79,-11700,-0.10,3368000,3368.00
2758,Exit long,2022-12-14 19:00,S1 Trail,4666,56,262108,-40600,-0.31,37800,0.29,-40600,-0.31,3327400,3327.40
2758,Entry long,2022-12-14 15:30,S1 Trend,4680.5,56,262108,-40600,-0.31,37800,0.29,-40600,-0.31,3327400,3327.40
2759,Exit short,2022-12-15 21:00,EOD,4530.25,38,172729,28975,0.34,65075,0.75,-15675,-0.18,3356375,3356.38
2759,Entry short,2022-12-15 15:30,S3 Hedge,4545.5,38,172729,28975,0.34,65075,0.75,-15675,-0.18,3356375,3356.38
2760,Exit short,2022-12-16 20:00,S3 Scalp,4484.75,37,165177.25,-37925,-0.46,10637.5,0.13,-37925,-0.46,3318450,3318.45
2760,Entry short,2022-12-16 17:00,S3 Hedge,4464.25,37,165177.25,-37925,-0.46,10637.5,0.13,-37925,-0.46,3318450,3318.45
2761,Exit short,2022-12-19 21:00,EOD,4447.5,52,231231,-1950,-0.02,42250,0.37,-13000,-0.11,3316500,3316.50
2761,Entry short,2022-12-19 19:00,S3 Hedge,4446.75,52,231231,-1950,-0.02,42250,0.37,-13000,-0.11,3316500,3316.50
2762,Exit long,2022-12-21 21:00,EOD,4509.75,57,256414.5,32062.5,0.25,66975,0.52,-4275,-0.03,3348562.5,3348.56
2762,Entry long,2022-12-21 15:30,S1 Trend,4498.5,57,256414.5,32062.5,0.25,66975,0.52,-4275,-0.03,3348562.5,3348.56
2763,Exit long,2022-12-29 16:00,S1 Climax,4473.25,19,84835,7837.5,0.18,9262.5,0.22,0,0.00,3356400,3356.40
2763,Entry long,2022-12-29 15:30,S1 Trend,4465,19,84835,7837.5,0.18,9262.5,0.22,0,0.00,3356400,3356.40
2764,Exit long,2022-12-29 16:30,S1 Climax,4470.75,14,62510,4025,0.13,6825,0.22,-175,-0.01,3360425,3360.43
2764,Entry long,2022-12-29 15:30,S1 Trend,4465,14,62510,4025,0.13,6825,0.22,-175,-0.01,3360425,3360.43
2765,Exit long,2022-12-29 17:00,S1 Climax,4481.25,9,40185,7312.5,0.36,8887.5,0.44,-112.5,-0.01,3367737.5,3367.74
2765,Entry long,2022-12-29 15:30,S1 Trend,4465,9,40185,7312.5,0.36,8887.5,0.44,-112.5,-0.01,3367737.5,3367.74
2766,Exit long,2022-12-29 17:30,S1 Climax,4480.5,7,31255,5425,0.35,6912.5,0.44,-87.5,-0.01,3373162.5,3373.16
2766,Entry long,2022-12-29 15:30,S1 Trend,4465,7,31255,5425,0.35,6912.5,0.44,-87.5,-0.01,3373162.5,3373.16
2767,Exit long,2022-12-29 18:00,S1 Climax,4480.25,5,22325,3812.5,0.34,4937.5,0.44,-62.5,-0.01,3376975,3376.98
2767,Entry long,2022-12-29 15:30,S1 Trend,4465,5,22325,3812.5,0.34,4937.5,0.44,-62.5,-0.01,3376975,3376.98
2768,Exit long,2022-12-29 18:30,S1 Climax,4478.5,3,13395,2025,0.30,2962.5,0.44,-37.5,-0.01,3379000,3379.00
2768,Entry long,2022-12-29 15:30,S1 Trend,4465,3,13395,2025,0.30,2962.5,0.44,-37.5,-0.01,3379000,3379.00
2769,Exit long,2022-12-29 19:00,S1 Climax,4481,2,8930,1600,0.36,1975,0.44,-25,-0.01,3380600,3380.60
2769,Entry long,2022-12-29 15:30,S1 Trend,4465,2,8930,1600,0.36,1975,0.44,-25,-0.01,3380600,3380.60
2770,Exit long,2022-12-29 21:00,EOD,4475.5,7,31255,3675,0.24,7350,0.47,-87.5,-0.01,3384275,3384.28
2770,Entry long,2022-12-29 15:30,S1 Trend,4465,7,31255,3675,0.24,7350,0.47,-87.5,-0.01,3384275,3384.28
2771,Exit long,2023-01-04 19:00,S1 Trail,4460.5,40,179830,-70500,-0.78,5000,0.06,-70500,-0.78,3313775,3313.77
2771,Entry long,2023-01-04 17:00,S1 Trend,4495.75,40,179830,-70500,-0.78,5000,0.06,-70500,-0.78,3313775,3313.77
2772,Exit long,2023-01-06 21:00,EOD,4519.25,33,148219.5,45787.5,0.62,66825,0.90,-4537.5,-0.06,3359562.5,3359.56
2772,Entry long,2023-01-06 16:00,S1 Trend,4491.5,33,148219.5,45787.5,0.62,66825,0.90,-4537.5,-0.06,3359562.5,3359.56
2773,Exit long,2023-01-09 16:30,S1 Climax,4574.75,19,86507,20662.5,0.48,22325,0.52,0,0.00,3380225,3380.23
2773,Entry long,2023-01-09 15:30,S1 Trend,4553,19,86507,20662.5,0.48,22325,0.52,0,0.00,3380225,3380.23
2774,Exit long,2023-01-09 18:30,S1 Trail,4549.25,45,204885,-8437.5,-0.08,52875,0.52,-8437.5,-0.08,3371787.5,3371.79
2774,Entry long,2023-01-09 15:30,S1 Trend,4553,45,204885,-8437.5,-0.08,52875,0.52,-8437.5,-0.08,3371787.5,3371.79
2775,Exit long,2023-01-10 21:00,EOD,4545,54,244120.5,65475,0.54,66150,0.54,-54675,-0.45,3437262.5,3437.26
2775,Entry long,2023-01-10 15:30,S1 Trend,4520.75,54,244120.5,65475,0.54,66150,0.54,-54675,-0.45,3437262.5,3437.26
2776,Exit long,2023-01-11 21:00,EOD,4592.75,65,297245,64187.5,0.43,68250,0.46,-17875,-0.12,3501450,3501.45
2776,Entry long,2023-01-11 17:30,S1 Trend,4573,65,297245,64187.5,0.43,68250,0.46,-17875,-0.12,3501450,3501.45
2777,Exit long,2023-01-12 16:00,S2 FairVal,4595,34,156255.5,-1275,-0.02,18700,0.24,-22100,-0.28,3500175,3500.18
2777,Entry long,2023-01-12 15:30,S2 VWAP,4595.75,34,156255.5,-1275,-0.02,18700,0.24,-22100,-0.28,3500175,3500.18
2778,Exit long,2023-01-13 21:00,EOD,4621,55,253618.75,26812.5,0.21,44687.5,0.35,-9625,-0.08,3526987.5,3526.99
2778,Entry long,2023-01-13 19:00,S1 Trend,4611.25,55,253618.75,26812.5,0.21,44687.5,0.35,-9625,-0.08,3526987.5,3526.99
2779,Exit long,2023-01-17 16:00,S1 Trail,4609,72,333612,-88200,-0.53,3600,0.02,-88200,-0.53,3438787.5,3438.79
2779,Entry long,2023-01-17 15:30,S1 Trend,4633.5,72,333612,-88200,-0.53,3600,0.02,-88200,-0.53,3438787.5,3438.79
2780,Exit long,2023-01-18 16:00,S1 Trail,4601,65,300917.5,-92625,-0.62,2437.5,0.02,-96687.5,-0.64,3346162.5,3346.16
2780,Entry long,2023-01-18 15:30,S1 Trend,4629.5,65,300917.5,-92625,-0.62,2437.5,0.02,-96687.5,-0.64,3346162.5,3346.16
2781,Exit long,2023-01-20 21:00,EOD,4591,56,255136,98000,0.77,105700,0.83,-35000,-0.27,3444162.5,3444.16
2781,Entry long,2023-01-20 16:30,S1 Trend,4556,56,255136,98000,0.77,105700,0.83,-35000,-0.27,3444162.5,3444.16
2782,Exit long,2023-01-23 16:00,S1 Climax,4632,18,83259,5850,0.14,9450,0.23,-1575,-0.04,3450012.5,3450.01
2782,Entry long,2023-01-23 15:30,S1 Trend,4625.5,18,83259,5850,0.14,9450,0.23,-1575,-0.04,3450012.5,3450.01
2783,Exit long,2023-01-23 16:30,S1 Climax,4642,13,60131.5,10725,0.36,18687.5,0.62,-1137.5,-0.04,3460737.5,3460.74
2783,Entry long,2023-01-23 15:30,S1 Trend,4625.5,13,60131.5,10725,0.36,18687.5,0.62,-1137.5,-0.04,3460737.5,3460.74
2784,Exit long,2023-01-23 17:00,S1 Climax,4648.75,9,41629.5,10462.5,0.50,12937.5,0.62,-787.5,-0.04,3471200,3471.20
2784,Entry long,2023-01-23 15:30,S1 Trend,4625.5,9,41629.5,10462.5,0.50,12937.5,0.62,-787.5,-0.04,3471200,3471.20
2785,Exit long,2023-01-23 17:30,S1 Climax,4643.75,6,27753,5475,0.39,8625,0.62,-525,-0.04,3476675,3476.68
2785,Entry long,2023-01-23 15:30,S1 Trend,4625.5,6,27753,5475,0.39,8625,0.62,-525,-0.04,3476675,3476.68
2786,Exit long,2023-01-23 18:00,S1 Climax,4648.25,5,23127.5,5687.5,0.49,7187.5,0.62,-437.5,-0.04,3482362.5,3482.36
2786,Entry long,2023-01-23 15:30,S1 Trend,4625.5,5,23127.5,5687.5,0.49,7187.5,0.62,-437.5,-0.04,3482362.5,3482.36
2787,Exit long,2023-01-23 18:30,S1 Climax,4652.25,3,13876.5,4012.5,0.58,4312.5,0.62,-262.5,-0.04,3486375,3486.38
2787,Entry long,2023-01-23 15:30,S1 Trend,4625.5,3,13876.5,4012.5,0.58,4312.5,0.62,-262.5,-0.04,3486375,3486.38
2788,Exit long,2023-01-23 19:00,S1 Climax,4653.5,2,9251,2800,0.61,3450,0.75,-175,-0.04,3489175,3489.18
2788,Entry long,2023-01-23 15:30,S1 Trend,4625.5,2,9251,2800,0.61,3450,0.75,-175,-0.04,3489175,3489.18
2789,Exit long,2023-01-23 19:30,S1 Trail,4631.75,7,32378.5,2187.5,0.14,12075,0.75,-612.5,-0.04,3491362.5,3491.36
2789,Entry long,2023-01-23 15:30,S1 Trend,4625.5,7,32378.5,2187.5,0.14,12075,0.75,-612.5,-0.04,3491362.5,3491.36
2790,Exit long,2023-01-25 21:00,EOD,4635.75,50,230962.5,41250,0.36,49375,0.43,-8750,-0.08,3532612.5,3532.61
2790,Entry long,2023-01-25 18:30,S1 Trend,4619.25,50,230962.5,41250,0.36,49375,0.43,-8750,-0.08,3532612.5,3532.61
2791,Exit long,2023-01-27 21:00,EOD,4687.25,69,323454.75,-1725,-0.01,85387.5,0.53,-74175,-0.46,3530887.5,3530.89
2791,Entry long,2023-01-27 15:30,S1 Trend,4687.75,69,323454.75,-1725,-0.01,85387.5,0.53,-74175,-0.46,3530887.5,3530.89
2792,Exit long,2023-01-30 19:30,S1 Trail,4641.75,66,308154,-89925,-0.58,0,0.00,-89925,-0.58,3440962.5,3440.96
2792,Entry long,2023-01-30 15:30,S1 Trend,4669,66,308154,-89925,-0.58,0,0.00,-89925,-0.58,3440962.5,3440.96
2793,Exit long,2023-01-31 21:00,EOD,4693.75,57,265420.5,106162.5,0.80,108300,0.82,-8550,-0.06,3547125,3547.13
2793,Entry long,2023-01-31 15:30,S1 Trend,4656.5,57,265420.5,106162.5,0.80,108300,0.82,-8550,-0.06,3547125,3547.13
2794,Exit long,2023-02-01 18:30,S2 FairVal,4680.5,66,308979,-3300,-0.02,9075,0.06,-50325,-0.33,3543825,3543.83
2794,Entry long,2023-02-01 16:30,S2 VWAP,4681.5,66,308979,-3300,-0.02,9075,0.06,-50325,-0.33,3543825,3543.83
2795,Exit long,2023-02-02 19:30,S1 Trail,4775.75,48,230160,-46200,-0.40,40200,0.35,-46200,-0.40,3497625,3497.63
2795,Entry long,2023-02-02 16:00,S1 Trend,4795,48,230160,-46200,-0.40,40200,0.35,-46200,-0.40,3497625,3497.63
2796,Exit long,2023-02-03 18:00,S1 Trail,4756,42,200655,-45150,-0.45,41475,0.41,-45150,-0.45,3452475,3452.48
2796,Entry long,2023-02-03 15:30,S1 Trend,4777.5,42,200655,-45150,-0.45,41475,0.41,-45150,-0.45,3452475,3452.48
2797,Exit long,2023-02-07 18:30,S1 Trail,4724,48,228960,-110400,-0.96,15000,0.13,-111600,-0.97,3342075,3342.08
2797,Entry long,2023-02-07 18:00,S1 Trend,4770,48,228960,-110400,-0.96,15000,0.13,-111600,-0.97,3342075,3342.08
2798,Exit long,2023-02-13 19:00,S1 Climax,4751,20,94640,19000,0.40,19000,0.40,-2500,-0.05,3361075,3361.08
2798,Entry long,2023-02-13 15:30,S1 Trend,4732,20,94640,19000,0.40,19000,0.40,-2500,-0.05,3361075,3361.08
2799,Exit long,2023-02-13 21:00,EOD,4751.5,49,231868,47775,0.41,50837.5,0.44,-6125,-0.05,3408850,3408.85
2799,Entry long,2023-02-13 15:30,S1 Trend,4732,49,231868,47775,0.41,50837.5,0.44,-6125,-0.05,3408850,3408.85
2800,Exit short,2023-02-21 19:00,S3 Scalp,4609.5,66,305893.5,83325,0.54,83325,0.54,-28875,-0.19,3492175,3492.18
2800,Entry short,2023-02-21 15:30,S3 Hedge,4634.75,66,305893.5,83325,0.54,83325,0.54,-28875,-0.19,3492175,3492.18
2801,Exit short,2023-02-21 21:00,EOD,4609.5,63,290461.5,3150,0.02,10237.5,0.07,-27562.5,-0.19,3495325,3495.33
2801,Entry short,2023-02-21 19:30,S3 Hedge,4610.5,63,290461.5,3150,0.02,10237.5,0.07,-27562.5,-0.19,3495325,3495.33
2802,Exit long,2023-02-27 16:00,S1 Trail,4599.5,78,360477,-85800,-0.48,8775,0.05,-85800,-0.48,3409525,3409.53
2802,Entry long,2023-02-27 15:30,S1 Trend,4621.5,78,360477,-85800,-0.48,8775,0.05,-85800,-0.48,3409525,3409.53
2803,Exit long,2023-03-02 21:00,EOD,4589.25,60,274350,50250,0.37,78000,0.57,-3000,-0.02,3459775,3459.77
2803,Entry long,2023-03-02 19:00,S1 Trend,4572.5,60,274350,50250,0.37,78000,0.57,-3000,-0.02,3459775,3459.77
2804,Exit long,2023-03-03 18:00,S1 Climax,4641,20,92500,16000,0.35,16500,0.36,-8750,-0.19,3475775,3475.78
2804,Entry long,2023-03-03 15:30,S1 Trend,4625,20,92500,16000,0.35,16500,0.36,-8750,-0.19,3475775,3475.78
2805,Exit long,2023-03-03 18:30,S1 Climax,4641.25,14,64750,11375,0.35,13125,0.41,-6125,-0.19,3487150,3487.15
2805,Entry long,2023-03-03 15:30,S1 Trend,4625,14,64750,11375,0.35,13125,0.41,-6125,-0.19,3487150,3487.15
2806,Exit long,2023-03-03 19:30,S1 Climax,4648.75,10,46250,11875,0.51,12125,0.52,-4375,-0.19,3499025,3499.03
2806,Entry long,2023-03-03 15:30,S1 Trend,4625,10,46250,11875,0.51,12125,0.52,-4375,-0.19,3499025,3499.03
2807,Exit long,2023-03-03 20:00,S1 Climax,4650,7,32375,8750,0.54,8837.5,0.55,-3062.5,-0.19,3507775,3507.78
2807,Entry long,2023-03-03 15:30,S1 Trend,4625,7,32375,8750,0.54,8837.5,0.55,-3062.5,-0.19,3507775,3507.78
2808,Exit long,2023-03-03 20:30,S1 Climax,4651.5,5,23125,6625,0.57,7812.5,0.68,-2187.5,-0.19,3514400,3514.40
2808,Entry long,2023-03-03 15:30,S1 Trend,4625,5,23125,6625,0.57,7812.5,0.68,-2187.5,-0.19,3514400,3514.40
2809,Exit long,2023-03-03 21:00,EOD,4652.5,12,55500,16500,0.59,18750,0.68,-5250,-0.19,3530900,3530.90
2809,Entry long,2023-03-03 15:30,S1 Trend,4625,12,55500,16500,0.59,18750,0.68,-5250,-0.19,3530900,3530.90
2810,Exit long,2023-03-06 18:00,S1 Trail,4664.25,80,374180,-52000,-0.28,34000,0.18,-52000,-0.28,3478900,3478.90
2810,Entry long,2023-03-06 15:30,S1 Trend,4677.25,80,374180,-52000,-0.28,34000,0.18,-52000,-0.28,3478900,3478.90
2811,Exit long,2023-03-14 17:00,S1 Trail,4499.75,35,158585,-54687.5,-0.69,22312.5,0.28,-54687.5,-0.69,3424212.5,3424.21
2811,Entry long,2023-03-14 14:30,S1 Trend,4531,35,158585,-54687.5,-0.69,22312.5,0.28,-54687.5,-0.69,3424212.5,3424.21
2812,Exit long,2023-03-16 20:00,EOD,4566.25,32,144656,73200,1.01,79600,1.10,-12800,-0.18,3497412.5,3497.41
2812,Entry long,2023-03-16 15:00,S1 Trend,4520.5,32,144656,73200,1.01,79600,1.10,-12800,-0.18,3497412.5,3497.41
2813,Exit long,2023-03-20 20:00,EOD,4555.5,35,159215,11375,0.14,20562.5,0.26,-41562.5,-0.52,3508787.5,3508.79
2813,Entry long,2023-03-20 15:00,S1 Trend,4549,35,159215,11375,0.14,20562.5,0.26,-41562.5,-0.52,3508787.5,3508.79
2814,Exit long,2023-03-21 20:00,EOD,4609.5,66,302511,85800,0.57,102300,0.68,-28875,-0.19,3594587.5,3594.59
2814,Entry long,2023-03-21 14:30,S1 Trend,4583.5,66,302511,85800,0.57,102300,0.68,-28875,-0.19,3594587.5,3594.59
2815,Exit long,2023-03-22 16:30,S1 Trail,4599.5,87,401700.75,-77212.5,-0.38,6525,0.03,-77212.5,-0.38,3517375,3517.38
2815,Entry long,2023-03-22 14:30,S1 Trend,4617.25,87,401700.75,-77212.5,-0.38,6525,0.03,-77212.5,-0.38,3517375,3517.38
2816,Exit long,2023-03-22 19:00,S1 Trail,4605.25,61,281759,-41937.5,-0.30,79300,0.56,-77775,-0.55,3475437.5,3475.44
2816,Entry long,2023-03-22 18:30,S1 Trend,4619,61,281759,-41937.5,-0.30,79300,0.56,-77775,-0.55,3475437.5,3475.44
2817,Exit long,2023-03-23 17:00,S1 Trail,4579.75,59,270470.75,-13275,-0.10,78175,0.58,-13275,-0.10,3462162.5,3462.16
2817,Entry long,2023-03-23 14:30,S1 Trend,4584.25,59,270470.75,-13275,-0.10,78175,0.58,-13275,-0.10,3462162.5,3462.16
2818,Exit short,2023-03-28 16:30,S3 Scalp,4574.25,78,355933.5,-42900,-0.24,1950,0.01,-45825,-0.26,3419262.5,3419.26
2818,Entry short,2023-03-28 16:00,S3 Hedge,4563.25,78,355933.5,-42900,-0.24,1950,0.01,-45825,-0.26,3419262.5,3419.26
2819,Exit long,2023-03-29 21:00,EOD,4629.75,85,392721.25,40375,0.21,52062.5,0.27,-49937.5,-0.25,3459637.5,3459.64
2819,Entry long,2023-03-29 18:30,S1 Trend,4620.25,85,392721.25,40375,0.21,52062.5,0.27,-49937.5,-0.25,3459637.5,3459.64
2820,Exit long,2023-03-31 17:00,S1 Climax,4687,25,117062.5,5625,0.10,5937.5,0.10,-625,-0.01,3465262.5,3465.26
2820,Entry long,2023-03-31 16:30,S1 Trend,4682.5,25,117062.5,5625,0.10,5937.5,0.10,-625,-0.01,3465262.5,3465.26
2821,Exit long,2023-03-31 17:30,S1 Climax,4691.5,18,84285,8100,0.19,9450,0.22,-450,-0.01,3473362.5,3473.36
2821,Entry long,2023-03-31 16:30,S1 Trend,4682.5,18,84285,8100,0.19,9450,0.22,-450,-0.01,3473362.5,3473.36
2822,Exit long,2023-03-31 20:30,S1 Climax,4705.5,12,56190,13800,0.49,14550,0.52,-300,-0.01,3487162.5,3487.16
2822,Entry long,2023-03-31 16:30,S1 Trend,4682.5,12,56190,13800,0.49,14550,0.52,-300,-0.01,3487162.5,3487.16
2823,Exit long,2023-03-31 21:00,EOD,4709,30,140475,39750,0.57,45000,0.64,-750,-0.01,3526912.5,3526.91
2823,Entry long,2023-03-31 16:30,S1 Trend,4682.5,30,140475,39750,0.57,45000,0.64,-750,-0.01,3526912.5,3526.91
2824,Exit long,2023-04-03 16:00,S1 Trail,4705,81,382907.25,-90112.5,-0.47,7087.5,0.04,-92137.5,-0.48,3436800,3436.80
2824,Entry long,2023-04-03 15:30,S1 Trend,4727.25,81,382907.25,-90112.5,-0.47,7087.5,0.04,-92137.5,-0.48,3436800,3436.80
2825,Exit long,2023-04-06 21:00,EOD,4703.5,77,361611.25,27912.5,0.15,39462.5,0.22,-1925,-0.01,3464712.5,3464.71
2825,Entry long,2023-04-06 17:30,S1 Trend,4696.25,77,361611.25,27912.5,0.15,39462.5,0.22,-1925,-0.01,3464712.5,3464.71
2826,Exit long,2023-04-10 21:00,EOD,4708.75,81,380578.5,41512.5,0.22,42525,0.22,-21262.5,-0.11,3506225,3506.23
2826,Entry long,2023-04-10 18:30,S1 Trend,4698.5,81,380578.5,41512.5,0.22,42525,0.22,-21262.5,-0.11,3506225,3506.23
2827,Exit long,2023-04-13 21:00,EOD,4744.5,72,339588,100800,0.59,114300,0.67,-23400,-0.14,3607025,3607.03
2827,Entry long,2023-04-13 15:30,S1 Trend,4716.5,72,339588,100800,0.59,114300,0.67,-23400,-0.14,3607025,3607.03
2828,Exit long,2023-04-14 17:30,S2 FairVal,4715,67,317010.5,-55275,-0.35,7537.5,0.05,-55275,-0.35,3551750,3551.75
2828,Entry long,2023-04-14 16:00,S2 VWAP,4731.5,67,317010.5,-55275,-0.35,7537.5,0.05,-55275,-0.35,3551750,3551.75
2829,Exit long,2023-04-20 19:30,S1 Trail,4723.5,82,388536.5,-60475,-0.31,19475,0.10,-60475,-0.31,3491275,3491.28
2829,Entry long,2023-04-20 18:00,S1 Trend,4738.25,82,388536.5,-60475,-0.31,19475,0.10,-60475,-0.31,3491275,3491.28
2830,Exit short,2023-04-25 21:00,EOD,4664.75,75,350456.25,30000,0.17,34687.5,0.20,-18750,-0.11,3521275,3521.28
2830,Entry short,2023-04-25 19:00,S3 Hedge,4672.75,75,350456.25,30000,0.17,34687.5,0.20,-18750,-0.11,3521275,3521.28
2831,Exit short,2023-04-26 16:00,S3 Scalp,4668.75,65,302640,-41437.5,-0.27,812.5,0.01,-41437.5,-0.27,3479837.5,3479.84
2831,Entry short,2023-04-26 15:30,S3 Hedge,4656,65,302640,-41437.5,-0.27,812.5,0.01,-41437.5,-0.27,3479837.5,3479.84
2832,Exit long,2023-04-27 18:00,S1 Climax,4699,23,107847,11500,0.21,12650,0.23,-3162.5,-0.06,3491337.5,3491.34
2832,Entry long,2023-04-27 16:30,S1 Trend,4689,23,107847,11500,0.21,12650,0.23,-3162.5,-0.06,3491337.5,3491.34
2833,Exit long,2023-04-27 18:30,S1 Climax,4702.25,16,75024,10600,0.28,11000,0.29,-2200,-0.06,3501937.5,3501.94
2833,Entry long,2023-04-27 16:30,S1 Trend,4689,16,75024,10600,0.28,11000,0.29,-2200,-0.06,3501937.5,3501.94
2834,Exit long,2023-04-27 19:00,S1 Climax,4709.5,11,51579,11275,0.44,13337.5,0.52,-1512.5,-0.06,3513212.5,3513.21
2834,Entry long,2023-04-27 16:30,S1 Trend,4689,11,51579,11275,0.44,13337.5,0.52,-1512.5,-0.06,3513212.5,3513.21
2835,Exit long,2023-04-27 19:30,S1 Climax,4718.5,8,37512,11800,0.63,12400,0.66,-1100,-0.06,3525012.5,3525.01
2835,Entry long,2023-04-27 16:30,S1 Trend,4689,8,37512,11800,0.63,12400,0.66,-1100,-0.06,3525012.5,3525.01
2836,Exit long,2023-04-27 20:00,S1 Climax,4726.75,5,23445,9437.5,0.81,9500,0.81,-687.5,-0.06,3534450,3534.45
2836,Entry long,2023-04-27 16:30,S1 Trend,4689,5,23445,9437.5,0.81,9500,0.81,-687.5,-0.06,3534450,3534.45
2837,Exit long,2023-04-27 20:30,S1 Climax,4725,4,18756,7200,0.77,7950,0.85,-550,-0.06,3541650,3541.65
2837,Entry long,2023-04-27 16:30,S1 Trend,4689,4,18756,7200,0.77,7950,0.85,-550,-0.06,3541650,3541.65
2838,Exit long,2023-04-27 21:00,EOD,4725.25,10,46890,18125,0.77,19875,0.85,-1375,-0.06,3559775,3559.77
2838,Entry long,2023-04-27 16:30,S1 Trend,4689,10,46890,18125,0.77,19875,0.85,-1375,-0.06,3559775,3559.77
2839,Exit long,2023-04-28 16:00,S1 Trail,4724,72,341874,-87300,-0.51,3600,0.02,-87300,-0.51,3472475,3472.48
2839,Entry long,2023-04-28 15:30,S1 Trend,4748.25,72,341874,-87300,-0.51,3600,0.02,-87300,-0.51,3472475,3472.48
2840,Exit long,2023-04-28 21:00,EOD,4760.75,58,275442,34075,0.25,35525,0.26,-18850,-0.14,3506550,3506.55
2840,Entry long,2023-04-28 17:00,S1 Trend,4749,58,275442,34075,0.25,35525,0.26,-18850,-0.14,3506550,3506.55
2841,Exit long,2023-05-01 19:30,S1 Trail,4757.25,82,390279,-9225,-0.05,73800,0.38,-9225,-0.05,3497325,3497.33
2841,Entry long,2023-05-01 16:30,S1 Trend,4759.5,82,390279,-9225,-0.05,73800,0.38,-9225,-0.05,3497325,3497.33
2842,Exit long,2023-05-03 20:00,S1 Trail,4707.75,66,311866.5,-57750,-0.37,42900,0.28,-75900,-0.49,3439575,3439.58
2842,Entry long,2023-05-03 19:30,S1 Trend,4725.25,66,311866.5,-57750,-0.37,42900,0.28,-75900,-0.49,3439575,3439.58
2843,Exit long,2023-05-05 16:00,S1 Climax,4707.25,19,89390.25,2375,0.05,7837.5,0.18,0,0.00,3441950,3441.95
2843,Entry long,2023-05-05 15:30,S1 Trend,4704.75,19,89390.25,2375,0.05,7837.5,0.18,0,0.00,3441950,3441.95
2844,Exit long,2023-05-05 16:30,S1 Climax,4709.75,13,61161.75,3250,0.11,5362.5,0.18,-975,-0.03,3445200,3445.20
2844,Entry long,2023-05-05 15:30,S1 Trend,4704.75,13,61161.75,3250,0.11,5362.5,0.18,-975,-0.03,3445200,3445.20
2845,Exit long,2023-05-05 17:00,S1 Climax,4707,9,42342.75,1012.5,0.05,3712.5,0.18,-675,-0.03,3446212.5,3446.21
2845,Entry long,2023-05-05 15:30,S1 Trend,4704.75,9,42342.75,1012.5,0.05,3712.5,0.18,-675,-0.03,3446212.5,3446.21
2846,Exit long,2023-05-05 18:30,S1 Climax,4711.75,7,32933.25,2450,0.15,2887.5,0.18,-2187.5,-0.13,3448662.5,3448.66
2846,Entry long,2023-05-05 15:30,S1 Trend,4704.75,7,32933.25,2450,0.15,2887.5,0.18,-2187.5,-0.13,3448662.5,3448.66
2847,Exit long,2023-05-05 19:00,S1 Climax,4715.75,5,23523.75,2750,0.23,3062.5,0.26,-1562.5,-0.13,3451412.5,3451.41
2847,Entry long,2023-05-05 15:30,S1 Trend,4704.75,5,23523.75,2750,0.23,3062.5,0.26,-1562.5,-0.13,3451412.5,3451.41
2848,Exit long,2023-05-05 19:30,S1 Climax,4722,3,14114.25,2587.5,0.37,2850,0.40,-937.5,-0.13,3454000,3454.00
2848,Entry long,2023-05-05 15:30,S1 Trend,4704.75,3,14114.25,2587.5,0.37,2850,0.40,-937.5,-0.13,3454000,3454.00
2849,Exit long,2023-05-05 20:00,S1 Climax,4730,2,9409.5,2525,0.54,2975,0.63,-625,-0.13,3456525,3456.53
2849,Entry long,2023-05-05 15:30,S1 Trend,4704.75,2,9409.5,2525,0.54,2975,0.63,-625,-0.13,3456525,3456.53
2850,Exit long,2023-05-05 20:30,S1 Climax,4728.25,2,9409.5,2350,0.50,2975,0.63,-625,-0.13,3458875,3458.87
2850,Entry long,2023-05-05 15:30,S1 Trend,4704.75,2,9409.5,2350,0.50,2975,0.63,-625,-0.13,3458875,3458.87
2851,Exit long,2023-05-05 21:00,EOD,4722.75,5,23523.75,4500,0.38,7437.5,0.63,-1562.5,-0.13,3463375,3463.38
2851,Entry long,2023-05-05 15:30,S1 Trend,4704.75,5,23523.75,4500,0.38,7437.5,0.63,-1562.5,-0.13,3463375,3463.38
2852,Exit long,2023-05-15 21:00,EOD,4722.5,80,377220,29000,0.15,32000,0.17,-30000,-0.16,3492375,3492.38
2852,Entry long,2023-05-15 18:30,S1 Trend,4715.25,80,377220,29000,0.15,32000,0.17,-30000,-0.16,3492375,3492.38
2853,Exit long,2023-05-17 21:00,EOD,4743.25,80,376980,124000,0.66,152000,0.81,-8000,-0.04,3616375,3616.38
2853,Entry long,2023-05-17 16:30,S1 Trend,4712.25,80,376980,124000,0.66,152000,0.81,-8000,-0.04,3616375,3616.38
2854,Exit long,2023-05-18 17:00,S1 Trail,4749.25,87,414359.25,-58725,-0.28,33712.5,0.16,-58725,-0.28,3557650,3557.65
2854,Entry long,2023-05-18 16:00,S1 Trend,4762.75,87,414359.25,-58725,-0.28,33712.5,0.16,-58725,-0.28,3557650,3557.65
2855,Exit long,2023-05-19 21:00,EOD,4776,69,329440.5,5175,0.03,19837.5,0.12,-35362.5,-0.21,3562825,3562.83
2855,Entry long,2023-05-19 17:00,S2 VWAP,4774.5,69,329440.5,5175,0.03,19837.5,0.12,-35362.5,-0.21,3562825,3562.83
2856,Exit short,2023-05-24 16:00,S3 Scalp,4703.75,82,384846.5,-43050,-0.22,20500,0.11,-43050,-0.22,3519775,3519.78
2856,Entry short,2023-05-24 15:30,S3 Hedge,4693.25,82,384846.5,-43050,-0.22,20500,0.11,-43050,-0.22,3519775,3519.78
2857,Exit short,2023-05-24 18:30,S3 Scalp,4699.5,66,309342,-41250,-0.27,4950,0.03,-41250,-0.27,3478525,3478.52
2857,Entry short,2023-05-24 17:30,S3 Hedge,4687,66,309342,-41250,-0.27,4950,0.03,-41250,-0.27,3478525,3478.52
2858,Exit long,2023-05-25 21:00,EOD,4731,53,251008,-13250,-0.11,15237.5,0.12,-33787.5,-0.27,3465275,3465.27
2858,Entry long,2023-05-25 19:30,S1 Trend,4736,53,251008,-13250,-0.11,15237.5,0.12,-33787.5,-0.27,3465275,3465.27
2859,Exit long,2023-05-26 16:00,S1 Climax,4778.5,18,85981.5,1575,0.04,5625,0.13,-2925,-0.07,3466850,3466.85
2859,Entry long,2023-05-26 15:30,S1 Trend,4776.75,18,85981.5,1575,0.04,5625,0.13,-2925,-0.07,3466850,3466.85
2860,Exit long,2023-05-26 21:00,EOD,4784.75,42,200623.5,16800,0.17,33075,0.33,-19950,-0.20,3483650,3483.65
2860,Entry long,2023-05-26 15:30,S1 Trend,4776.75,42,200623.5,16800,0.17,33075,0.33,-19950,-0.20,3483650,3483.65
2861,Exit long,2023-06-01 21:00,EOD,4799.75,67,319941.75,82075,0.51,119762.5,0.75,-7537.5,-0.05,3565725,3565.73
2861,Entry long,2023-06-01 16:00,S1 Trend,4775.25,67,319941.75,82075,0.51,119762.5,0.75,-7537.5,-0.05,3565725,3565.73
2862,Exit long,2023-06-02 16:30,S1 Climax,4857,19,92145.25,6887.5,0.15,8312.5,0.18,-237.5,-0.01,3572612.5,3572.61
2862,Entry long,2023-06-02 16:00,S1 Trend,4849.75,19,92145.25,6887.5,0.15,8312.5,0.18,-237.5,-0.01,3572612.5,3572.61
2863,Exit long,2023-06-02 17:00,S1 Climax,4855.75,13,63046.75,3900,0.12,5687.5,0.18,-487.5,-0.02,3576512.5,3576.51
2863,Entry long,2023-06-02 16:00,S1 Trend,4849.75,13,63046.75,3900,0.12,5687.5,0.18,-487.5,-0.02,3576512.5,3576.51
2864,Exit long,2023-06-02 17:30,S1 Climax,4856,9,43647.75,2812.5,0.13,3937.5,0.18,-337.5,-0.02,3579325,3579.33
2864,Entry long,2023-06-02 16:00,S1 Trend,4849.75,9,43647.75,2812.5,0.13,3937.5,0.18,-337.5,-0.02,3579325,3579.33
2865,Exit long,2023-06-02 18:00,S1 Climax,4861.75,7,33948.25,4200,0.25,4550,0.27,-262.5,-0.02,3583525,3583.53
2865,Entry long,2023-06-02 16:00,S1 Trend,4849.75,7,33948.25,4200,0.25,4550,0.27,-262.5,-0.02,3583525,3583.53
2866,Exit long,2023-06-02 18:30,S1 Climax,4864.25,5,24248.75,3625,0.30,3875,0.32,-187.5,-0.02,3587150,3587.15
2866,Entry long,2023-06-02 16:00,S1 Trend,4849.75,5,24248.75,3625,0.30,3875,0.32,-187.5,-0.02,3587150,3587.15
2867,Exit long,2023-06-02 19:00,S1 Climax,4863,3,14549.25,1987.5,0.27,2325,0.32,-112.5,-0.02,3589137.5,3589.14
2867,Entry long,2023-06-02 16:00,S1 Trend,4849.75,3,14549.25,1987.5,0.27,2325,0.32,-112.5,-0.02,3589137.5,3589.14
2868,Exit long,2023-06-02 20:00,S1 Climax,4864.75,2,9699.5,1500,0.31,1625,0.34,-75,-0.02,3590637.5,3590.64
2868,Entry long,2023-06-02 16:00,S1 Trend,4849.75,2,9699.5,1500,0.31,1625,0.34,-75,-0.02,3590637.5,3590.64
2869,Exit long,2023-06-02 21:00,EOD,4860.25,7,33948.25,3675,0.22,6737.5,0.40,-262.5,-0.02,3594312.5,3594.31
2869,Entry long,2023-06-02 16:00,S1 Trend,4849.75,7,33948.25,3675,0.22,6737.5,0.40,-262.5,-0.02,3594312.5,3594.31
2870,Exit long,2023-06-05 19:30,S1 Trail,4847,85,413610,-80750,-0.39,2125,0.01,-80750,-0.39,3513562.5,3513.56
2870,Entry long,2023-06-05 18:30,S1 Trend,4866,85,413610,-80750,-0.39,2125,0.01,-80750,-0.39,3513562.5,3513.56
2871,Exit long,2023-06-06 21:00,EOD,4860.75,82,398233,17425,0.09,38950,0.20,-44075,-0.22,3530987.5,3530.99
2871,Entry long,2023-06-06 17:30,S1 Trend,4856.5,82,398233,17425,0.09,38950,0.20,-44075,-0.22,3530987.5,3530.99
2872,Exit long,2023-06-08 21:00,EOD,4869,80,389500,1000,0.01,20000,0.10,-56000,-0.29,3531987.5,3531.99
2872,Entry long,2023-06-08 17:30,S1 Trend,4868.75,80,389500,1000,0.01,20000,0.10,-56000,-0.29,3531987.5,3531.99
2873,Exit long,2023-06-13 21:00,EOD,4942.5,59,291666.5,-2950,-0.02,16962.5,0.12,-44250,-0.30,3529037.5,3529.04
2873,Entry long,2023-06-13 16:30,S1 Trend,4943.5,59,291666.5,-2950,-0.02,16962.5,0.12,-44250,-0.30,3529037.5,3529.04
2874,Exit long,2023-06-15 19:00,S1 Climax,4989.75,20,99330,23250,0.47,25000,0.50,-11250,-0.23,3552287.5,3552.29
2874,Entry long,2023-06-15 15:30,S1 Trend,4966.5,20,99330,23250,0.47,25000,0.50,-11250,-0.23,3552287.5,3552.29
2875,Exit long,2023-06-15 19:30,S1 Climax,4991,14,69531,17150,0.49,18200,0.52,-7875,-0.23,3569437.5,3569.44
2875,Entry long,2023-06-15 15:30,S1 Trend,4966.5,14,69531,17150,0.49,18200,0.52,-7875,-0.23,3569437.5,3569.44
2876,Exit long,2023-06-15 20:00,S1 Climax,5009,10,49665,21250,0.86,22500,0.91,-5625,-0.23,3590687.5,3590.69
2876,Entry long,2023-06-15 15:30,S1 Trend,4966.5,10,49665,21250,0.86,22500,0.91,-5625,-0.23,3590687.5,3590.69
2877,Exit long,2023-06-15 20:30,S1 Climax,5004,7,34765.5,13125,0.76,15750,0.91,-3937.5,-0.23,3603812.5,3603.81
2877,Entry long,2023-06-15 15:30,S1 Trend,4966.5,7,34765.5,13125,0.76,15750,0.91,-3937.5,-0.23,3603812.5,3603.81
2878,Exit long,2023-06-15 21:00,EOD,4998.75,18,89397,29025,0.65,40500,0.91,-10125,-0.23,3632837.5,3632.84
2878,Entry long,2023-06-15 15:30,S1 Trend,4966.5,18,89397,29025,0.65,40500,0.91,-10125,-0.23,3632837.5,3632.84
2879,Exit long,2023-06-19 23:00,S2 FairVal,4976.75,137,681198.25,30825,0.09,30825,0.09,-13700,-0.04,3663662.5,3663.66
2879,Entry long,2023-06-19 15:30,S2 VWAP,4972.25,137,681198.25,30825,0.09,30825,0.09,-13700,-0.04,3663662.5,3663.66
2880,Exit long,2023-06-27 19:00,S1 Climax,4945,25,123450,8750,0.14,9375,0.15,-312.5,-0.01,3672412.5,3672.41
2880,Entry long,2023-06-27 18:30,S1 Trend,4938,25,123450,8750,0.14,9375,0.15,-312.5,-0.01,3672412.5,3672.41
2881,Exit long,2023-06-27 19:30,S1 Climax,4947.75,18,88884,8775,0.20,9450,0.21,-225,-0.01,3681187.5,3681.19
2881,Entry long,2023-06-27 18:30,S1 Trend,4938,18,88884,8775,0.20,9450,0.21,-225,-0.01,3681187.5,3681.19
2882,Exit long,2023-06-27 20:30,S1 Climax,4950.25,12,59256,7350,0.25,7500,0.25,-150,-0.01,3688537.5,3688.54
2882,Entry long,2023-06-27 18:30,S1 Trend,4938,12,59256,7350,0.25,7500,0.25,-150,-0.01,3688537.5,3688.54
2883,Exit long,2023-06-27 21:00,EOD,4944,30,148140,9000,0.12,19125,0.26,-375,-0.01,3697537.5,3697.54
2883,Entry long,2023-06-27 18:30,S1 Trend,4938,30,148140,9000,0.12,19125,0.26,-375,-0.01,3697537.5,3697.54
2884,Exit long,2023-06-29 21:00,EOD,4962.25,73,361879.25,18250,0.10,20075,0.11,-48362.5,-0.27,3715787.5,3715.79
2884,Entry long,2023-06-29 18:00,S1 Trend,4957.25,73,361879.25,18250,0.10,20075,0.11,-48362.5,-0.27,3715787.5,3715.79
2885,Exit long,2023-07-07 20:00,S1 Trail,4981.5,87,433760.25,-18487.5,-0.09,70687.5,0.33,-18487.5,-0.09,3697300,3697.30
2885,Entry long,2023-07-07 17:30,S1 Trend,4985.75,87,433760.25,-18487.5,-0.09,70687.5,0.33,-18487.5,-0.09,3697300,3697.30
2886,Exit long,2023-07-11 21:00,EOD,4999,86,428495,70950,0.33,94600,0.44,-25800,-0.12,3768250,3768.25
2886,Entry long,2023-07-11 17:30,S1 Trend,4982.5,86,428495,70950,0.33,94600,0.44,-25800,-0.12,3768250,3768.25
2887,Exit long,2023-07-20 16:30,S2 FairVal,5110,98,500314.5,23275,0.09,25725,0.10,-11025,-0.04,3791525,3791.53
2887,Entry long,2023-07-20 16:00,S2 VWAP,5105.25,98,500314.5,23275,0.09,25725,0.10,-11025,-0.04,3791525,3791.53
2888,Exit long,2023-07-28 18:30,S1 Trail,5120,80,410280,-34000,-0.17,56000,0.27,-34000,-0.17,3757525,3757.52
2888,Entry long,2023-07-28 15:30,S1 Trend,5128.5,80,410280,-34000,-0.17,56000,0.27,-34000,-0.17,3757525,3757.52
2889,Exit short,2023-08-03 16:00,S3 Scalp,5046.25,65,327112.5,-44687.5,-0.27,2437.5,0.01,-44687.5,-0.27,3712837.5,3712.84
2889,Entry short,2023-08-03 15:30,S3 Hedge,5032.5,65,327112.5,-44687.5,-0.27,2437.5,0.01,-44687.5,-0.27,3712837.5,3712.84
2890,Exit long,2023-08-04 19:00,S1 Trail,5060.25,64,324848,-49600,-0.31,35200,0.22,-49600,-0.31,3663237.5,3663.24
2890,Entry long,2023-08-04 17:00,S1 Trend,5075.75,64,324848,-49600,-0.31,35200,0.22,-49600,-0.31,3663237.5,3663.24
2891,Exit short,2023-08-09 16:30,S3 Scalp,5005.75,83,417386.25,95450,0.46,95450,0.46,-13487.5,-0.06,3758687.5,3758.69
2891,Entry short,2023-08-09 16:00,S3 Hedge,5028.75,83,417386.25,95450,0.46,95450,0.46,-13487.5,-0.06,3758687.5,3758.69
2892,Exit long,2023-08-10 16:00,S1 Trail,5034.25,60,303765,-85500,-0.56,11250,0.07,-85500,-0.56,3673187.5,3673.19
2892,Entry long,2023-08-10 15:30,S1 Trend,5062.75,60,303765,-85500,-0.56,11250,0.07,-85500,-0.56,3673187.5,3673.19
2893,Exit long,2023-08-14 21:00,EOD,5032.75,66,331551,30525,0.18,31350,0.19,-30525,-0.18,3703712.5,3703.71
2893,Entry long,2023-08-14 16:00,S1 Trend,5023.5,66,331551,30525,0.18,31350,0.19,-30525,-0.18,3703712.5,3703.71
2894,Exit short,2023-08-15 21:00,EOD,4980,61,304405.25,31262.5,0.21,52612.5,0.35,-41937.5,-0.28,3734975,3734.98
2894,Entry short,2023-08-15 15:30,S3 Hedge,4990.25,61,304405.25,31262.5,0.21,52612.5,0.35,-41937.5,-0.28,3734975,3734.98
2895,Exit long,2023-08-23 21:00,EOD,4974,80,396260,83000,0.42,112000,0.57,-11000,-0.06,3817975,3817.98
2895,Entry long,2023-08-23 15:30,S1 Trend,4953.25,80,396260,83000,0.42,112000,0.57,-11000,-0.06,3817975,3817.98
2896,Exit short,2023-08-24 16:30,S3 Scalp,4936.75,68,337535,91800,0.54,91800,0.54,-4250,-0.03,3909775,3909.77
2896,Entry short,2023-08-24 15:30,S3 Hedge,4963.75,68,337535,91800,0.54,91800,0.54,-4250,-0.03,3909775,3909.77
2897,Exit long,2023-08-28 21:00,EOD,4967.75,73,362700.5,-2737.5,-0.02,25550,0.14,-70262.5,-0.39,3907037.5,3907.04
2897,Entry long,2023-08-28 18:30,S1 Trend,4968.5,73,362700.5,-2737.5,-0.02,25550,0.14,-70262.5,-0.39,3907037.5,3907.04
2898,Exit long,2023-08-29 17:30,S1 Climax,5024,22,110000,26400,0.48,27775,0.51,-5225,-0.09,3933437.5,3933.44
2898,Entry long,2023-08-29 15:30,S1 Trend,5000,22,110000,26400,0.48,27775,0.51,-5225,-0.09,3933437.5,3933.44
2899,Exit long,2023-08-29 21:00,EOD,5031.75,54,270000,85725,0.64,94500,0.70,-12825,-0.09,4019162.5,4019.16
2899,Entry long,2023-08-29 15:30,S1 Trend,5000,54,270000,85725,0.64,94500,0.70,-12825,-0.09,4019162.5,4019.16
2900,Exit long,2023-08-30 21:00,EOD,5050.25,80,402600,71000,0.35,97000,0.48,-2000,-0.01,4090162.5,4090.16
2900,Entry long,2023-08-30 15:30,S1 Trend,5032.5,80,402600,71000,0.35,97000,0.48,-2000,-0.01,4090162.5,4090.16
2901,Exit long,2023-08-31 19:00,S2 FairVal,5057.25,86,434730,9675,0.04,9675,0.04,-26875,-0.12,4099837.5,4099.84
2901,Entry long,2023-08-31 18:30,S2 VWAP,5055,86,434730,9675,0.04,9675,0.04,-26875,-0.12,4099837.5,4099.84
2902,Exit long,2023-09-01 21:00,EOD,5049,67,337830.75,22612.5,0.13,25125,0.15,-23450,-0.14,4122450,4122.45
2902,Entry long,2023-09-01 17:30,S2 VWAP,5042.25,67,337830.75,22612.5,0.13,25125,0.15,-23450,-0.14,4122450,4122.45
2903,Exit long,2023-09-05 07:30,S2 FairVal,5037.25,175,882568.75,-52500,-0.12,37187.5,0.08,-52500,-0.12,4069950,4069.95
2903,Entry long,2023-09-04 16:30,S2 VWAP,5043.25,175,882568.75,-52500,-0.12,37187.5,0.08,-52500,-0.12,4069950,4069.95
2904,Exit short,2023-09-06 21:00,EOD,4997,101,504192,-25250,-0.10,95950,0.38,-36612.5,-0.15,4044700,4044.70
2904,Entry short,2023-09-06 16:00,S3 Hedge,4992,101,504192,-25250,-0.10,95950,0.38,-36612.5,-0.15,4044700,4044.70
2905,Exit long,2023-09-14 21:00,EOD,5031.75,87,437001,38062.5,0.17,68512.5,0.31,-20662.5,-0.09,4082762.5,4082.76
2905,Entry long,2023-09-14 16:30,S1 Trend,5023,87,437001,38062.5,0.17,68512.5,0.31,-20662.5,-0.09,4082762.5,4082.76
2906,Exit short,2023-09-15 21:00,EOD,4974.5,80,398080,6000,0.03,21000,0.11,-31000,-0.16,4088762.5,4088.76
2906,Entry short,2023-09-15 18:30,S3 Hedge,4976,80,398080,6000,0.03,21000,0.11,-31000,-0.16,4088762.5,4088.76
2907,Exit short,2023-09-21 21:00,EOD,4849.75,77,375240.25,90475,0.48,99137.5,0.53,-43312.5,-0.23,4179237.5,4179.24
2907,Entry short,2023-09-21 16:30,S3 Hedge,4873.25,77,375240.25,90475,0.48,99137.5,0.53,-43312.5,-0.23,4179237.5,4179.24
2908,Exit short,2023-09-26 21:00,EOD,4790.75,71,340161,887.5,0.01,31062.5,0.18,-10650,-0.06,4180125,4180.13
2908,Entry short,2023-09-26 19:30,S3 Hedge,4791,71,340161,887.5,0.01,31062.5,0.18,-10650,-0.06,4180125,4180.13
2909,Exit short,2023-09-27 19:00,S3 Scalp,4773.5,69,328388.25,-49162.5,-0.30,18975,0.12,-49162.5,-0.30,4130962.5,4130.96
2909,Entry short,2023-09-27 18:30,S3 Hedge,4759.25,69,328388.25,-49162.5,-0.30,18975,0.12,-49162.5,-0.30,4130962.5,4130.96
2910,Exit long,2023-09-28 21:00,EOD,4815.25,57,274312.5,7837.5,0.06,57000,0.42,-23512.5,-0.17,4138800,4138.80
2910,Entry long,2023-09-28 16:30,S1 Trend,4812.5,57,274312.5,7837.5,0.06,57000,0.42,-23512.5,-0.17,4138800,4138.80
2911,Exit long,2023-10-06 21:00,EOD,4818.75,49,234281.25,91875,0.78,132300,1.13,0,0.00,4230675,4230.68
2911,Entry long,2023-10-06 16:30,S1 Trend,4781.25,49,234281.25,91875,0.78,132300,1.13,0,0.00,4230675,4230.68
2912,Exit long,2023-10-09 21:00,EOD,4846.5,72,346050,144900,0.84,166500,0.96,-48600,-0.28,4375575,4375.58
2912,Entry long,2023-10-09 15:30,S1 Trend,4806.25,72,346050,144900,0.84,166500,0.96,-48600,-0.28,4375575,4375.58
2913,Exit long,2023-10-10 16:30,S1 Climax,4887.5,29,141331.5,20300,0.29,23925,0.34,-2175,-0.03,4395875,4395.88
2913,Entry long,2023-10-10 15:30,S1 Trend,4873.5,29,141331.5,20300,0.29,23925,0.34,-2175,-0.03,4395875,4395.88
2914,Exit long,2023-10-10 17:00,S1 Climax,4893.5,21,102343.5,21000,0.41,22312.5,0.44,-1575,-0.03,4416875,4416.88
2914,Entry long,2023-10-10 15:30,S1 Trend,4873.5,21,102343.5,21000,0.41,22312.5,0.44,-1575,-0.03,4416875,4416.88
2915,Exit long,2023-10-10 17:30,S1 Climax,4894,14,68229,14350,0.42,15575,0.46,-1050,-0.03,4431225,4431.22
2915,Entry long,2023-10-10 15:30,S1 Trend,4873.5,14,68229,14350,0.42,15575,0.46,-1050,-0.03,4431225,4431.22
2916,Exit long,2023-10-10 18:00,S1 Trail,4873.25,35,170572.5,-437.5,-0.01,38937.5,0.46,-2625,-0.03,4430787.5,4430.79
2916,Entry long,2023-10-10 15:30,S1 Trend,4873.5,35,170572.5,-437.5,-0.01,38937.5,0.46,-2625,-0.03,4430787.5,4430.79
2917,Exit long,2023-10-11 19:00,S2 FairVal,4871.5,89,432873.75,34487.5,0.16,34487.5,0.16,-43387.5,-0.20,4465275,4465.27
2917,Entry long,2023-10-11 18:00,S2 VWAP,4863.75,89,432873.75,34487.5,0.16,34487.5,0.16,-43387.5,-0.20,4465275,4465.27
2918,Exit long,2023-10-16 18:00,S1 Trail,4865,81,395178.75,-55687.5,-0.28,49612.5,0.25,-55687.5,-0.28,4409587.5,4409.59
2918,Entry long,2023-10-16 15:30,S1 Trend,4878.75,81,395178.75,-55687.5,-0.28,49612.5,0.25,-55687.5,-0.28,4409587.5,4409.59
2919,Exit long,2023-10-17 18:30,S1 Trail,4870.5,73,356094,-27375,-0.15,80300,0.45,-27375,-0.15,4382212.5,4382.21
2919,Entry long,2023-10-17 16:30,S1 Trend,4878,73,356094,-27375,-0.15,80300,0.45,-27375,-0.15,4382212.5,4382.21
2920,Exit long,2023-10-24 17:00,S1 Trail,4736.75,88,418550,-85800,-0.41,17600,0.08,-85800,-0.41,4296412.5,4296.41
2920,Entry long,2023-10-24 15:30,S1 Trend,4756.25,88,418550,-85800,-0.41,17600,0.08,-85800,-0.41,4296412.5,4296.41
2921,Exit long,2023-10-30 20:00,EOD,4663,63,293832,-3150,-0.02,32287.5,0.22,-21262.5,-0.14,4293262.5,4293.26
2921,Entry long,2023-10-30 18:00,S1 Trend,4664,63,293832,-3150,-0.02,32287.5,0.22,-21262.5,-0.14,4293262.5,4293.26
2922,Exit long,2023-11-01 18:30,S1 Trail,4698.5,74,349132,-72150,-0.41,26825,0.15,-72150,-0.41,4221112.5,4221.11
2922,Entry long,2023-11-01 14:30,S1 Trend,4718,74,349132,-72150,-0.41,26825,0.15,-72150,-0.41,4221112.5,4221.11
2923,Exit long,2023-11-02 15:00,S1 Climax,4798.5,27,129255.75,15187.5,0.23,15187.5,0.23,-675,-0.01,4236300,4236.30
2923,Entry long,2023-11-02 14:30,S1 Trend,4787.25,27,129255.75,15187.5,0.23,15187.5,0.23,-675,-0.01,4236300,4236.30
2924,Exit long,2023-11-02 17:00,S1 Climax,4796.25,19,90957.75,8550,0.19,12825,0.28,-950,-0.02,4244850,4244.85
2924,Entry long,2023-11-02 14:30,S1 Trend,4787.25,19,90957.75,8550,0.19,12825,0.28,-950,-0.02,4244850,4244.85
2925,Exit long,2023-11-02 17:30,S1 Climax,4801.5,13,62234.25,9262.5,0.30,10400,0.33,-650,-0.02,4254112.5,4254.11
2925,Entry long,2023-11-02 14:30,S1 Trend,4787.25,13,62234.25,9262.5,0.30,10400,0.33,-650,-0.02,4254112.5,4254.11
2926,Exit long,2023-11-02 18:00,S1 Climax,4808.25,9,43085.25,9450,0.44,10912.5,0.51,-450,-0.02,4263562.5,4263.56
2926,Entry long,2023-11-02 14:30,S1 Trend,4787.25,9,43085.25,9450,0.44,10912.5,0.51,-450,-0.02,4263562.5,4263.56
2927,Exit long,2023-11-02 18:30,S1 Climax,4806.75,7,33510.75,6825,0.41,8487.5,0.51,-350,-0.02,4270387.5,4270.39
2927,Entry long,2023-11-02 14:30,S1 Trend,4787.25,7,33510.75,6825,0.41,8487.5,0.51,-350,-0.02,4270387.5,4270.39
2928,Exit long,2023-11-02 19:00,S1 Climax,4807.75,5,23936.25,5125,0.43,6062.5,0.51,-250,-0.02,4275512.5,4275.51
2928,Entry long,2023-11-02 14:30,S1 Trend,4787.25,5,23936.25,5125,0.43,6062.5,0.51,-250,-0.02,4275512.5,4275.51
2929,Exit long,2023-11-02 19:30,S1 Climax,4807.75,3,14361.75,3075,0.43,3637.5,0.51,-150,-0.02,4278587.5,4278.59
2929,Entry long,2023-11-02 14:30,S1 Trend,4787.25,3,14361.75,3075,0.43,3637.5,0.51,-150,-0.02,4278587.5,4278.59
2930,Exit long,2023-11-02 20:00,EOD,4812.75,9,43085.25,11475,0.53,12262.5,0.57,-450,-0.02,4290062.5,4290.06
2930,Entry long,2023-11-02 14:30,S1 Trend,4787.25,9,43085.25,11475,0.53,12262.5,0.57,-450,-0.02,4290062.5,4290.06
2931,Exit long,2023-11-03 16:30,S1 Climax,4861,24,116250,20700,0.36,22800,0.39,-8100,-0.14,4310762.5,4310.76
2931,Entry long,2023-11-03 14:30,S1 Trend,4843.75,24,116250,20700,0.36,22800,0.39,-8100,-0.14,4310762.5,4310.76
2932,Exit long,2023-11-03 17:00,S1 Climax,4863,16,77500,15400,0.40,16200,0.42,-5400,-0.14,4326162.5,4326.16
2932,Entry long,2023-11-03 14:30,S1 Trend,4843.75,16,77500,15400,0.40,16200,0.42,-5400,-0.14,4326162.5,4326.16
2933,Exit long,2023-11-03 20:00,EOD,4851.5,40,193750,15500,0.16,49500,0.51,-13500,-0.14,4341662.5,4341.66
2933,Entry long,2023-11-03 14:30,S1 Trend,4843.75,40,193750,15500,0.16,49500,0.51,-13500,-0.14,4341662.5,4341.66
2934,Exit long,2023-11-06 19:00,S2 FairVal,4841.75,122,592188,-74725,-0.25,3050,0.01,-79300,-0.27,4266937.5,4266.94
2934,Entry long,2023-11-06 18:00,S2 VWAP,4854,122,592188,-74725,-0.25,3050,0.01,-79300,-0.27,4266937.5,4266.94
2935,Exit long,2023-11-06 20:00,S2 FairVal,4855.75,106,513835,43725,0.17,46375,0.18,-6625,-0.03,4310662.5,4310.66
2935,Entry long,2023-11-06 19:30,S2 VWAP,4847.5,106,513835,43725,0.17,46375,0.18,-6625,-0.03,4310662.5,4310.66
2936,Exit long,2023-11-08 18:30,S2 FairVal,4869.5,110,534765,44000,0.16,44000,0.16,-12375,-0.05,4354662.5,4354.66
2936,Entry long,2023-11-08 18:00,S2 VWAP,4861.5,110,534765,44000,0.16,44000,0.16,-12375,-0.05,4354662.5,4354.66
2937,Exit long,2023-11-10 21:00,EOD,4907,85,413695,170000,0.82,183812.5,0.89,-21250,-0.10,4524662.5,4524.66
2937,Entry long,2023-11-10 16:30,S1 Trend,4867,85,413695,170000,0.82,183812.5,0.89,-21250,-0.10,4524662.5,4524.66
2938,Exit long,2023-11-14 16:00,S1 Climax,4990,21,104763.75,1312.5,0.03,5512.5,0.11,-1837.5,-0.04,4525975,4525.97
2938,Entry long,2023-11-14 15:30,S1 Trend,4988.75,21,104763.75,1312.5,0.03,5512.5,0.11,-1837.5,-0.04,4525975,4525.97
2939,Exit long,2023-11-14 16:30,S1 Climax,4994.75,15,74831.25,4500,0.12,6562.5,0.18,-1312.5,-0.04,4530475,4530.47
2939,Entry long,2023-11-14 15:30,S1 Trend,4988.75,15,74831.25,4500,0.12,6562.5,0.18,-1312.5,-0.04,4530475,4530.47
2940,Exit long,2023-11-14 21:00,EOD,4987.25,36,179595,-2700,-0.03,22050,0.25,-21150,-0.24,4527775,4527.77
2940,Entry long,2023-11-14 15:30,S1 Trend,4988.75,36,179595,-2700,-0.03,22050,0.25,-21150,-0.24,4527775,4527.77
2941,Exit long,2023-11-16 17:30,S2 FairVal,4991.5,91,453635,29575,0.13,29575,0.13,-5687.5,-0.03,4557350,4557.35
2941,Entry long,2023-11-16 17:00,S2 VWAP,4985,91,453635,29575,0.13,29575,0.13,-5687.5,-0.03,4557350,4557.35
2942,Exit long,2023-12-01 21:00,EOD,5078,98,496100.5,77175,0.31,109025,0.44,-30625,-0.12,4634525,4634.52
2942,Entry long,2023-12-01 16:30,S1 Trend,5062.25,98,496100.5,77175,0.31,109025,0.44,-30625,-0.12,4634525,4634.52
2943,Exit long,2023-12-05 17:30,S1 Trail,5039,105,531326.25,-111562.5,-0.42,10500,0.04,-111562.5,-0.42,4522962.5,4522.96
2943,Entry long,2023-12-05 16:00,S1 Trend,5060.25,105,531326.25,-111562.5,-0.42,10500,0.04,-111562.5,-0.42,4522962.5,4522.96
2944,Exit long,2023-12-07 21:00,EOD,5065.25,100,506600,-3750,-0.01,33750,0.13,-16250,-0.06,4519212.5,4519.21
2944,Entry long,2023-12-07 17:30,S1 Trend,5066,100,506600,-3750,-0.01,33750,0.13,-16250,-0.06,4519212.5,4519.21
2945,Exit long,2023-12-08 17:00,S1 Trail,5058.75,90,457335,-102375,-0.45,11250,0.05,-102375,-0.45,4416837.5,4416.84
2945,Entry long,2023-12-08 15:30,S1 Trend,5081.5,90,457335,-102375,-0.45,11250,0.05,-102375,-0.45,4416837.5,4416.84
2946,Exit long,2023-12-13 19:30,S2 FairVal,5155.25,166,850501,263525,0.62,294650,0.69,-2075,0.00,4680362.5,4680.36
2946,Entry long,2023-12-13 19:00,S2 VWAP,5123.5,166,850501,263525,0.62,294650,0.69,-2075,0.00,4680362.5,4680.36
2947,Exit long,2023-12-14 20:30,S2 FairVal,5198.5,72,373680,30600,0.16,30600,0.16,-9000,-0.05,4710962.5,4710.96
2947,Entry long,2023-12-14 19:30,S2 VWAP,5190,72,373680,30600,0.16,30600,0.16,-9000,-0.05,4710962.5,4710.96
2948,Exit long,2024-01-08 19:30,S1 Climax,5209.75,31,161021.75,24025,0.30,24412.5,0.30,-3875,-0.05,4734987.5,4734.99
2948,Entry long,2024-01-08 18:00,S1 Trend,5194.25,31,161021.75,24025,0.30,24412.5,0.30,-3875,-0.05,4734987.5,4734.99
2949,Exit long,2024-01-08 20:00,S1 Climax,5217.5,21,109079.25,24412.5,0.45,27300,0.50,-2625,-0.05,4759400,4759.40
2949,Entry long,2024-01-08 18:00,S1 Trend,5194.25,21,109079.25,24412.5,0.45,27300,0.50,-2625,-0.05,4759400,4759.40
2950,Exit long,2024-01-08 20:30,S1 Climax,5216.75,15,77913.75,16875,0.43,19500,0.50,-1875,-0.05,4776275,4776.27
2950,Entry long,2024-01-08 18:00,S1 Trend,5194.25,15,77913.75,16875,0.43,19500,0.50,-1875,-0.05,4776275,4776.27
2951,Exit long,2024-01-08 21:00,EOD,5225.75,37,192187.25,58275,0.61,61512.5,0.64,-4625,-0.05,4834550,4834.55
2951,Entry long,2024-01-08 18:00,S1 Trend,5194.25,37,192187.25,58275,0.61,61512.5,0.64,-4625,-0.05,4834550,4834.55
2952,Exit short,2024-01-17 20:30,S3 Scalp,5191,94,486826,-56400,-0.23,39950,0.16,-56400,-0.23,4778150,4778.15
2952,Entry short,2024-01-17 18:30,S3 Hedge,5179,94,486826,-56400,-0.23,39950,0.16,-56400,-0.23,4778150,4778.15
2953,Exit long,2024-01-18 21:00,EOD,5235.25,82,428593.5,34850,0.16,59450,0.28,-28700,-0.13,4813000,4813.00
2953,Entry long,2024-01-18 19:30,S1 Trend,5226.75,82,428593.5,34850,0.16,59450,0.28,-28700,-0.13,4813000,4813.00
2954,Exit long,2024-01-19 19:30,S1 Climax,5290.75,27,142364.25,24300,0.34,34762.5,0.49,-6750,-0.09,4837300,4837.30
2954,Entry long,2024-01-19 18:00,S1 Trend,5272.75,27,142364.25,24300,0.34,34762.5,0.49,-6750,-0.09,4837300,4837.30
2955,Exit long,2024-01-19 20:00,S1 Climax,5293.25,19,100182.25,19475,0.39,24462.5,0.49,-4750,-0.09,4856775,4856.77
2955,Entry long,2024-01-19 18:00,S1 Trend,5272.75,19,100182.25,19475,0.39,24462.5,0.49,-4750,-0.09,4856775,4856.77
2956,Exit long,2024-01-19 20:30,S1 Climax,5292.25,13,68545.75,12675,0.37,16737.5,0.49,-3250,-0.09,4869450,4869.45
2956,Entry long,2024-01-19 18:00,S1 Trend,5272.75,13,68545.75,12675,0.37,16737.5,0.49,-3250,-0.09,4869450,4869.45
2957,Exit long,2024-01-19 21:00,EOD,5295,32,168728,35600,0.42,41200,0.49,-8000,-0.09,4905050,4905.05
2957,Entry long,2024-01-19 18:00,S1 Trend,5272.75,32,168728,35600,0.42,41200,0.49,-8000,-0.09,4905050,4905.05
2958,Exit long,2024-01-22 20:00,S2 FairVal,5310.5,107,568009.5,10700,0.04,10700,0.04,-44137.5,-0.16,4915750,4915.75
2958,Entry long,2024-01-22 19:00,S2 VWAP,5308.5,107,568009.5,10700,0.04,10700,0.04,-44137.5,-0.16,4915750,4915.75
2959,Exit long,2024-01-26 17:30,S1 Trail,5336.25,102,546465,-108375,-0.40,5100,0.02,-108375,-0.40,4807375,4807.38
2959,Entry long,2024-01-26 16:00,S1 Trend,5357.5,102,546465,-108375,-0.40,5100,0.02,-108375,-0.40,4807375,4807.38
2960,Exit long,2024-02-01 21:00,EOD,5353.75,73,389455,68437.5,0.35,69350,0.36,-42887.5,-0.22,4875812.5,4875.81
2960,Entry long,2024-02-01 18:00,S1 Trend,5335,73,389455,68437.5,0.35,69350,0.36,-42887.5,-0.22,4875812.5,4875.81
2961,Exit long,2024-02-02 21:00,EOD,5403.75,80,431220,54000,0.25,127000,0.59,-29000,-0.13,4929812.5,4929.81
2961,Entry long,2024-02-02 16:30,S1 Trend,5390.25,80,431220,54000,0.25,127000,0.59,-29000,-0.13,4929812.5,4929.81
2962,Exit long,2024-02-05 17:00,S2 FairVal,5382.5,95,510435,45125,0.18,45125,0.18,0,0.00,4974937.5,4974.94
2962,Entry long,2024-02-05 16:30,S2 VWAP,5373,95,510435,45125,0.18,45125,0.18,0,0.00,4974937.5,4974.94
2963,Exit long,2024-02-07 21:00,EOD,5439.75,102,554982,-6375,-0.02,16575,0.06,-30600,-0.11,4968562.5,4968.56
2963,Entry long,2024-02-07 18:30,S1 Trend,5441,102,554982,-6375,-0.02,16575,0.06,-30600,-0.11,4968562.5,4968.56
2964,Exit long,2024-02-15 21:00,EOD,5470.75,106,579316.5,29150,0.10,39750,0.14,-30475,-0.11,4997712.5,4997.71
2964,Entry long,2024-02-15 18:30,S1 Trend,5465.25,106,579316.5,29150,0.10,39750,0.14,-30475,-0.11,4997712.5,4997.71
2965,Exit long,2024-02-22 19:00,S1 Climax,5519.25,28,153832,35350,0.46,35700,0.46,-3150,-0.04,5033062.5,5033.06
2965,Entry long,2024-02-22 16:00,S1 Trend,5494,28,153832,35350,0.46,35700,0.46,-3150,-0.04,5033062.5,5033.06
2966,Exit long,2024-02-22 19:30,S1 Climax,5531.5,19,104386,35625,0.68,36100,0.69,-2137.5,-0.04,5068687.5,5068.69
2966,Entry long,2024-02-22 16:00,S1 Trend,5494,19,104386,35625,0.68,36100,0.69,-2137.5,-0.04,5068687.5,5068.69
2967,Exit long,2024-02-22 21:00,EOD,5521.75,47,258218,65212.5,0.51,89300,0.69,-5287.5,-0.04,5133900,5133.90
2967,Entry long,2024-02-22 16:00,S1 Trend,5494,47,258218,65212.5,0.51,89300,0.69,-5287.5,-0.04,5133900,5133.90
2968,Exit long,2024-02-26 21:00,EOD,5504.25,124,683643,-55800,-0.16,35650,0.10,-63550,-0.19,5078100,5078.10
2968,Entry long,2024-02-26 19:00,S2 VWAP,5513.25,124,683643,-55800,-0.16,35650,0.10,-63550,-0.19,5078100,5078.10
2969,Exit long,2024-03-01 19:30,S1 Climax,5572.5,32,177568,37600,0.42,38000,0.43,-11200,-0.13,5115700,5115.70
2969,Entry long,2024-03-01 16:30,S1 Trend,5549,32,177568,37600,0.42,38000,0.43,-11200,-0.13,5115700,5115.70
2970,Exit long,2024-03-01 21:00,EOD,5569.25,75,416175,75937.5,0.36,91875,0.44,-26250,-0.13,5191637.5,5191.64
2970,Entry long,2024-03-01 16:30,S1 Trend,5549,75,416175,75937.5,0.36,91875,0.44,-26250,-0.13,5191637.5,5191.64
2971,Exit long,2024-03-06 18:30,S1 Trail,5535,107,594010.5,-88275,-0.30,38787.5,0.13,-88275,-0.30,5103362.5,5103.36
2971,Entry long,2024-03-06 16:30,S1 Trend,5551.5,107,594010.5,-88275,-0.30,38787.5,0.13,-88275,-0.30,5103362.5,5103.36
2972,Exit long,2024-03-07 16:00,S1 Climax,5579.25,29,161754.75,2175,0.03,9787.5,0.12,-5437.5,-0.07,5105537.5,5105.54
2972,Entry long,2024-03-07 15:30,S1 Trend,5577.75,29,161754.75,2175,0.03,9787.5,0.12,-5437.5,-0.07,5105537.5,5105.54
2973,Exit long,2024-03-07 16:30,S1 Climax,5580.25,20,111555,2500,0.04,6750,0.12,-3750,-0.07,5108037.5,5108.04
2973,Entry long,2024-03-07 15:30,S1 Trend,5577.75,20,111555,2500,0.04,6750,0.12,-3750,-0.07,5108037.5,5108.04
2974,Exit long,2024-03-07 17:00,S1 Climax,5582.25,14,78088.5,3150,0.08,4725,0.12,-3325,-0.09,5111187.5,5111.19
2974,Entry long,2024-03-07 15:30,S1 Trend,5577.75,14,78088.5,3150,0.08,4725,0.12,-3325,-0.09,5111187.5,5111.19
2975,Exit long,2024-03-07 18:30,S1 Climax,5585.75,10,55777.5,4000,0.14,4000,0.14,-2375,-0.09,5115187.5,5115.19
2975,Entry long,2024-03-07 15:30,S1 Trend,5577.75,10,55777.5,4000,0.14,4000,0.14,-2375,-0.09,5115187.5,5115.19
2976,Exit long,2024-03-07 19:00,S1 Climax,5593,7,39044.25,5337.5,0.27,5950,0.30,-1662.5,-0.09,5120525,5120.52
2976,Entry long,2024-03-07 15:30,S1 Trend,5577.75,7,39044.25,5337.5,0.27,5950,0.30,-1662.5,-0.09,5120525,5120.52
2977,Exit long,2024-03-07 21:00,EOD,5583.75,17,94821.75,5100,0.11,14450,0.30,-4037.5,-0.09,5125625,5125.63
2977,Entry long,2024-03-07 15:30,S1 Trend,5577.75,17,94821.75,5100,0.11,14450,0.30,-4037.5,-0.09,5125625,5125.63
2978,Exit long,2024-03-08 16:00,S1 Trail,5587.75,85,477232.5,-113687.5,-0.48,5312.5,0.02,-113687.5,-0.48,5011937.5,5011.94
2978,Entry long,2024-03-08 15:30,S1 Trend,5614.5,85,477232.5,-113687.5,-0.48,5312.5,0.02,-113687.5,-0.48,5011937.5,5011.94
2979,Exit long,2024-03-08 21:00,EOD,5552.75,59,328600.5,-49412.5,-0.30,29500,0.18,-52362.5,-0.32,4962525,4962.53
2979,Entry long,2024-03-08 19:30,S2 VWAP,5569.5,59,328600.5,-49412.5,-0.30,29500,0.18,-52362.5,-0.32,4962525,4962.53
2980,Exit long,2024-03-12 20:00,EOD,5603,71,396481.75,66562.5,0.34,85200,0.43,-54137.5,-0.27,5029087.5,5029.09
2980,Entry long,2024-03-12 14:30,S1 Trend,5584.25,71,396481.75,66562.5,0.34,85200,0.43,-54137.5,-0.27,5029087.5,5029.09
2981,Exit long,2024-03-19 20:00,EOD,5604,98,546546,132300,0.48,143325,0.52,-8575,-0.03,5161387.5,5161.39
2981,Entry long,2024-03-19 16:00,S1 Trend,5577,98,546546,132300,0.48,143325,0.52,-8575,-0.03,5161387.5,5161.39
2982,Exit long,2024-03-20 20:00,EOD,5649,103,578937.25,145487.5,0.50,155787.5,0.54,-93987.5,-0.32,5306875,5306.88
2982,Entry long,2024-03-20 18:30,S1 Trend,5620.75,103,578937.25,145487.5,0.50,155787.5,0.54,-93987.5,-0.32,5306875,5306.88
2983,Exit long,2024-04-05 19:00,S1 Trail,5598.75,68,382432,-85850,-0.45,34000,0.18,-85850,-0.45,5221025,5221.03
2983,Entry long,2024-04-05 17:00,S1 Trend,5624,68,382432,-85850,-0.45,34000,0.18,-85850,-0.45,5221025,5221.03
2984,Exit long,2024-04-08 21:00,EOD,5616,92,517822,-57500,-0.22,6900,0.03,-100050,-0.39,5163525,5163.52
2984,Entry long,2024-04-08 16:00,S1 Trend,5628.5,92,517822,-57500,-0.22,6900,0.03,-100050,-0.39,5163525,5163.52
2985,Exit long,2024-04-11 21:00,EOD,5603.75,58,324742,13775,0.08,58000,0.36,-15950,-0.10,5177300,5177.30
2985,Entry long,2024-04-11 18:30,S1 Trend,5599,58,324742,13775,0.08,58000,0.36,-15950,-0.10,5177300,5177.30
2986,Exit long,2024-04-22 20:30,S1 Trail,5404,76,411502,-39900,-0.19,90250,0.44,-39900,-0.19,5137400,5137.40
2986,Entry long,2024-04-22 18:30,S1 Trend,5414.5,76,411502,-39900,-0.19,90250,0.44,-39900,-0.19,5137400,5137.40
2987,Exit long,2024-04-23 16:00,S1 Climax,5465.75,27,147332.25,12150,0.16,13837.5,0.19,-1012.5,-0.01,5149550,5149.55
2987,Entry long,2024-04-23 15:30,S1 Trend,5456.75,27,147332.25,12150,0.16,13837.5,0.19,-1012.5,-0.01,5149550,5149.55
2988,Exit long,2024-04-23 21:00,EOD,5469.25,63,343775.25,39375,0.23,55125,0.32,-9450,-0.05,5188925,5188.92
2988,Entry long,2024-04-23 15:30,S1 Trend,5456.75,63,343775.25,39375,0.23,55125,0.32,-9450,-0.05,5188925,5188.92
2989,Exit short,2024-04-24 21:00,EOD,5467,103,562843.5,-12875,-0.05,108150,0.38,-69525,-0.25,5176050,5176.05
2989,Entry short,2024-04-24 16:00,S3 Hedge,5464.5,103,562843.5,-12875,-0.05,108150,0.38,-69525,-0.25,5176050,5176.05
2990,Exit long,2024-04-25 21:00,EOD,5444.25,61,332129.75,-1525,-0.01,22875,0.14,-57187.5,-0.34,5174525,5174.52
2990,Entry long,2024-04-25 19:00,S1 Trend,5444.75,61,332129.75,-1525,-0.01,22875,0.14,-57187.5,-0.34,5174525,5174.52
2991,Exit long,2024-04-26 21:00,EOD,5491,72,395388,-1800,-0.01,59400,0.30,-9000,-0.05,5172725,5172.72
2991,Entry long,2024-04-26 16:30,S1 Trend,5491.5,72,395388,-1800,-0.01,59400,0.30,-9000,-0.05,5172725,5172.72
2992,Exit long,2024-05-03 21:00,EOD,5515.75,65,357467.5,52812.5,0.30,77187.5,0.43,-36562.5,-0.20,5225537.5,5225.54
2992,Entry long,2024-05-03 15:30,S1 Trend,5499.5,65,357467.5,52812.5,0.30,77187.5,0.43,-36562.5,-0.20,5225537.5,5225.54
2993,Exit long,2024-05-24 21:00,EOD,5683,107,608321.75,-12037.5,-0.04,21400,0.07,-77575,-0.26,5213500,5213.50
2993,Entry long,2024-05-24 16:30,S1 Trend,5685.25,107,608321.75,-12037.5,-0.04,21400,0.07,-77575,-0.26,5213500,5213.50
2994,Exit long,2024-06-03 17:00,S2 FairVal,5628,86,485599,-79550,-0.33,12900,0.05,-79550,-0.33,5133950,5133.95
2994,Entry long,2024-06-03 16:30,S2 VWAP,5646.5,86,485599,-79550,-0.33,12900,0.05,-79550,-0.33,5133950,5133.95
2995,Exit long,2024-06-04 21:00,EOD,5665.5,96,542568,66000,0.24,105600,0.39,-99600,-0.37,5199950,5199.95
2995,Entry long,2024-06-04 15:30,S1 Trend,5651.75,96,542568,66000,0.24,105600,0.39,-99600,-0.37,5199950,5199.95
2996,Exit long,2024-06-06 19:00,S2 FairVal,5710,137,783845.5,-78775,-0.20,23975,0.06,-78775,-0.20,5121175,5121.18
2996,Entry long,2024-06-06 18:30,S2 VWAP,5721.5,137,783845.5,-78775,-0.20,23975,0.06,-78775,-0.20,5121175,5121.18
2997,Exit long,2024-06-07 19:00,S1 Trail,5716,82,469962.5,-62525,-0.27,64575,0.27,-62525,-0.27,5058650,5058.65
2997,Entry long,2024-06-07 16:00,S1 Trend,5731.25,82,469962.5,-62525,-0.27,64575,0.27,-62525,-0.27,5058650,5058.65
2998,Exit long,2024-06-11 21:00,EOD,5745.5,98,562348.5,35525,0.13,41650,0.15,-30625,-0.11,5094175,5094.18
2998,Entry long,2024-06-11 19:30,S1 Trend,5738.25,98,562348.5,35525,0.13,41650,0.15,-30625,-0.11,5094175,5094.18
2999,Exit long,2024-06-12 16:00,S1 Climax,5806.25,30,174435,-12375,-0.14,750,0.01,-16875,-0.19,5081800,5081.80
2999,Entry long,2024-06-12 15:30,S1 Trend,5814.5,30,174435,-12375,-0.14,750,0.01,-16875,-0.19,5081800,5081.80
3000,Exit long,2024-06-12 16:30,S1 Climax,5807.75,21,122104.5,-7087.5,-0.12,525,0.01,-14175,-0.23,5074712.5,5074.71
3000,Entry long,2024-06-12 15:30,S1 Trend,5814.5,21,122104.5,-7087.5,-0.12,525,0.01,-14175,-0.23,5074712.5,5074.71
3001,Exit long,2024-06-12 19:00,S1 Trail,5790.75,49,284910.5,-58187.5,-0.41,1225,0.01,-58187.5,-0.41,5016525,5016.52
3001,Entry long,2024-06-12 15:30,S1 Trend,5814.5,49,284910.5,-58187.5,-0.41,1225,0.01,-58187.5,-0.41,5016525,5016.52
3002,Exit long,2024-06-13 18:30,S2 FairVal,5791.5,88,508750,45100,0.18,55000,0.22,-6600,-0.03,5061625,5061.63
3002,Entry long,2024-06-13 18:00,S2 VWAP,5781.25,88,508750,45100,0.18,55000,0.22,-6600,-0.03,5061625,5061.63
3003,Exit long,2024-06-17 20:00,S1 Climax,5851,29,169744.25,-3262.5,-0.04,2537.5,0.03,-7975,-0.09,5058362.5,5058.36
3003,Entry long,2024-06-17 19:30,S1 Trend,5853.25,29,169744.25,-3262.5,-0.04,2537.5,0.03,-7975,-0.09,5058362.5,5058.36
3004,Exit long,2024-06-17 20:30,S1 Climax,5856.5,20,117065,3250,0.06,4000,0.07,-5500,-0.09,5061612.5,5061.61
3004,Entry long,2024-06-17 19:30,S1 Trend,5853.25,20,117065,3250,0.06,4000,0.07,-5500,-0.09,5061612.5,5061.61
3005,Exit long,2024-06-17 21:00,EOD,5844.25,49,286809.25,-22050,-0.15,9800,0.07,-30012.5,-0.21,5039562.5,5039.56
3005,Entry long,2024-06-17 19:30,S1 Trend,5853.25,49,286809.25,-22050,-0.15,9800,0.07,-30012.5,-0.21,5039562.5,5039.56
3006,Exit long,2024-07-02 21:00,EOD,5866.25,101,590723.75,88375,0.30,89637.5,0.30,-2525,-0.01,5127937.5,5127.94
3006,Entry long,2024-07-02 19:00,S1 Trend,5848.75,101,590723.75,88375,0.30,89637.5,0.30,-2525,-0.01,5127937.5,5127.94
3007,Exit long,2024-07-12 16:30,S1 Climax,5984.75,28,167419,7700,0.09,8050,0.10,-2450,-0.03,5135637.5,5135.64
3007,Entry long,2024-07-12 16:00,S1 Trend,5979.25,28,167419,7700,0.09,8050,0.10,-2450,-0.03,5135637.5,5135.64
3008,Exit long,2024-07-12 20:30,S1 Trail,5977.25,67,400609.75,-6700,-0.03,86262.5,0.43,-36012.5,-0.18,5128937.5,5128.94
3008,Entry long,2024-07-12 16:00,S1 Trend,5979.25,67,400609.75,-6700,-0.03,86262.5,0.43,-36012.5,-0.18,5128937.5,5128.94
3009,Exit short,2024-07-19 21:00,EOD,5850.5,62,363118.5,19375,0.11,55800,0.31,-57350,-0.32,5148312.5,5148.31
3009,Entry short,2024-07-19 16:30,S3 Hedge,5856.75,62,363118.5,19375,0.11,55800,0.31,-57350,-0.32,5148312.5,5148.31
3010,Exit long,2024-07-23 20:30,S1 Trail,5898,99,586005.75,-105187.5,-0.36,35887.5,0.12,-105187.5,-0.36,5043125,5043.13
3010,Entry long,2024-07-23 15:30,S1 Trend,5919.25,99,586005.75,-105187.5,-0.36,35887.5,0.12,-105187.5,-0.36,5043125,5043.13
3011,Exit short,2024-07-24 19:30,S3 Scalp,5784.75,78,453667.5,122850,0.54,122850,0.54,-7800,-0.03,5165975,5165.98
3011,Entry short,2024-07-24 15:30,S3 Hedge,5816.25,78,453667.5,122850,0.54,122850,0.54,-7800,-0.03,5165975,5165.98
3012,Exit long,2024-07-26 19:30,S1 Trail,5788.75,66,383344.5,-64350,-0.34,55275,0.29,-64350,-0.34,5101625,5101.63
3012,Entry long,2024-07-26 17:30,S1 Trend,5808.25,66,383344.5,-64350,-0.34,55275,0.29,-64350,-0.34,5101625,5101.63
3013,Exit long,2024-07-31 16:00,S1 Climax,5856,23,134630.5,2875,0.04,11500,0.17,-8050,-0.12,5104500,5104.50
3013,Entry long,2024-07-31 15:30,S1 Trend,5853.5,23,134630.5,2875,0.04,11500,0.17,-8050,-0.12,5104500,5104.50
3014,Exit long,2024-07-31 16:30,S1 Climax,5861.5,16,93656,6400,0.14,8000,0.17,-5600,-0.12,5110900,5110.90
3014,Entry long,2024-07-31 15:30,S1 Trend,5853.5,16,93656,6400,0.14,8000,0.17,-5600,-0.12,5110900,5110.90
3015,Exit long,2024-07-31 20:00,S1 Climax,5880.75,12,70242,16350,0.47,19050,0.54,-10350,-0.29,5127250,5127.25
3015,Entry long,2024-07-31 15:30,S1 Trend,5853.5,12,70242,16350,0.47,19050,0.54,-10350,-0.29,5127250,5127.25
3016,Exit long,2024-07-31 20:00,S1 Trail,5845.75,28,163898,-10850,-0.13,44450,0.54,-24150,-0.29,5116400,5116.40
3016,Entry long,2024-07-31 15:30,S1 Trend,5853.5,28,163898,-10850,-0.13,44450,0.54,-24150,-0.29,5116400,5116.40
3017,Exit short,2024-08-02 21:00,EOD,5673.25,38,214624,-47975,-0.45,37050,0.35,-57950,-0.54,5068425,5068.43
3017,Entry short,2024-08-02 15:30,S3 Hedge,5648,38,214624,-47975,-0.45,37050,0.35,-57950,-0.54,5068425,5068.43
3018,Exit long,2024-08-07 17:00,S1 Trail,5600,48,270096,-64800,-0.48,58200,0.43,-64800,-0.48,5003625,5003.63
3018,Entry long,2024-08-07 15:30,S1 Trend,5627,48,270096,-64800,-0.48,58200,0.43,-64800,-0.48,5003625,5003.63
3019,Exit long,2024-08-08 21:00,EOD,5645.25,37,207847.5,51337.5,0.49,64287.5,0.62,-27287.5,-0.26,5054962.5,5054.96
3019,Entry long,2024-08-08 15:30,S1 Trend,5617.5,37,207847.5,51337.5,0.49,64287.5,0.62,-27287.5,-0.26,5054962.5,5054.96
3020,Exit long,2024-08-09 21:00,EOD,5665.5,49,276617.25,49612.5,0.36,90037.5,0.65,-26337.5,-0.19,5104575,5104.58
3020,Entry long,2024-08-09 16:30,S1 Trend,5645.25,49,276617.25,49612.5,0.36,90037.5,0.65,-26337.5,-0.19,5104575,5104.58
3021,Exit long,2024-08-13 18:00,S1 Climax,5745.75,20,114370,27250,0.48,28500,0.50,-2000,-0.03,5131825,5131.83
3021,Entry long,2024-08-13 16:00,S1 Trend,5718.5,20,114370,27250,0.48,28500,0.50,-2000,-0.03,5131825,5131.83
3022,Exit long,2024-08-13 21:00,EOD,5755.25,49,280206.5,90037.5,0.64,96775,0.69,-4900,-0.03,5221862.5,5221.86
3022,Entry long,2024-08-13 16:00,S1 Trend,5718.5,49,280206.5,90037.5,0.64,96775,0.69,-4900,-0.03,5221862.5,5221.86
3023,Exit long,2024-08-14 21:00,EOD,5772,84,485667,-40950,-0.17,11550,0.05,-122850,-0.51,5180912.5,5180.91
3023,Entry long,2024-08-14 17:00,S1 Trend,5781.75,84,485667,-40950,-0.17,11550,0.05,-122850,-0.51,5180912.5,5180.91
3024,Exit long,2024-08-15 16:00,S1 Climax,5844,22,128452.5,5775,0.09,9900,0.15,-825,-0.01,5186687.5,5186.69
3024,Entry long,2024-08-15 15:30,S1 Trend,5838.75,22,128452.5,5775,0.09,9900,0.15,-825,-0.01,5186687.5,5186.69
3025,Exit long,2024-08-15 16:30,S1 Climax,5849,15,87581.25,7687.5,0.18,11250,0.26,-562.5,-0.01,5194375,5194.38
3025,Entry long,2024-08-15 15:30,S1 Trend,5838.75,15,87581.25,7687.5,0.18,11250,0.26,-562.5,-0.01,5194375,5194.38
3026,Exit long,2024-08-15 17:00,S1 Climax,5850.75,11,64226.25,6600,0.21,9625,0.30,-412.5,-0.01,5200975,5200.97
3026,Entry long,2024-08-15 15:30,S1 Trend,5838.75,11,64226.25,6600,0.21,9625,0.30,-412.5,-0.01,5200975,5200.97
3027,Exit long,2024-08-15 17:30,S1 Climax,5860.75,8,46710,8800,0.38,9300,0.40,-300,-0.01,5209775,5209.77
3027,Entry long,2024-08-15 15:30,S1 Trend,5838.75,8,46710,8800,0.38,9300,0.40,-300,-0.01,5209775,5209.77
3028,Exit long,2024-08-15 19:00,S1 Climax,5861.5,5,29193.75,5687.5,0.39,5812.5,0.40,-187.5,-0.01,5215462.5,5215.46
3028,Entry long,2024-08-15 15:30,S1 Trend,5838.75,5,29193.75,5687.5,0.39,5812.5,0.40,-187.5,-0.01,5215462.5,5215.46
3029,Exit long,2024-08-15 19:30,S1 Climax,5863,4,23355,4850,0.42,5050,0.43,-150,-0.01,5220312.5,5220.31
3029,Entry long,2024-08-15 15:30,S1 Trend,5838.75,4,23355,4850,0.42,5050,0.43,-150,-0.01,5220312.5,5220.31
3030,Exit long,2024-08-15 20:00,S1 Climax,5863.75,3,17516.25,3750,0.43,4050,0.46,-112.5,-0.01,5224062.5,5224.06
3030,Entry long,2024-08-15 15:30,S1 Trend,5838.75,3,17516.25,3750,0.43,4050,0.46,-112.5,-0.01,5224062.5,5224.06
3031,Exit long,2024-08-15 20:30,S1 Climax,5865.5,2,11677.5,2675,0.46,2775,0.48,-75,-0.01,5226737.5,5226.74
3031,Entry long,2024-08-15 15:30,S1 Trend,5838.75,2,11677.5,2675,0.46,2775,0.48,-75,-0.01,5226737.5,5226.74
3032,Exit long,2024-08-15 21:00,EOD,5865.5,5,29193.75,6687.5,0.46,7437.5,0.51,-187.5,-0.01,5233425,5233.42
3032,Entry long,2024-08-15 15:30,S1 Trend,5838.75,5,29193.75,6687.5,0.46,7437.5,0.51,-187.5,-0.01,5233425,5233.42
3033,Exit long,2024-08-16 21:00,EOD,5875,91,534329.25,14787.5,0.06,51187.5,0.19,-17062.5,-0.06,5248212.5,5248.21
3033,Entry long,2024-08-16 17:30,S1 Trend,5871.75,91,534329.25,14787.5,0.06,51187.5,0.19,-17062.5,-0.06,5248212.5,5248.21
3034,Exit long,2024-08-19 21:00,EOD,5927.75,104,613028,172900,0.56,174200,0.57,-16900,-0.06,5421112.5,5421.11
3034,Entry long,2024-08-19 17:00,S1 Trend,5894.5,104,613028,172900,0.56,174200,0.57,-16900,-0.06,5421112.5,5421.11
3035,Exit long,2024-08-20 18:00,S2 FairVal,5908.25,107,633894.75,-85600,-0.27,8025,0.03,-85600,-0.27,5335512.5,5335.51
3035,Entry long,2024-08-20 17:00,S2 VWAP,5924.25,107,633894.75,-85600,-0.27,8025,0.03,-85600,-0.27,5335512.5,5335.51
3036,Exit long,2024-08-21 21:00,EOD,5936.75,100,592275,70000,0.24,125000,0.42,-62500,-0.21,5405512.5,5405.51
3036,Entry long,2024-08-21 16:00,S1 Trend,5922.75,100,592275,70000,0.24,125000,0.42,-62500,-0.21,5405512.5,5405.51
3037,Exit long,2024-08-22 18:00,S2 FairVal,5903.25,80,474120,-93000,-0.39,15000,0.06,-98000,-0.41,5312512.5,5312.51
3037,Entry long,2024-08-22 17:30,S2 VWAP,5926.5,80,474120,-93000,-0.39,15000,0.06,-98000,-0.41,5312512.5,5312.51
3038,Exit long,2024-08-27 21:00,EOD,5940.5,96,570384,-4800,-0.02,22800,0.08,-86400,-0.30,5307712.5,5307.71
3038,Entry long,2024-08-27 16:00,S1 Trend,5941.5,96,570384,-4800,-0.02,22800,0.08,-86400,-0.30,5307712.5,5307.71
3039,Exit long,2024-08-29 17:30,S1 Climax,5956.5,24,142578,18900,0.27,22200,0.31,-2700,-0.04,5326612.5,5326.61
3039,Entry long,2024-08-29 15:30,S1 Trend,5940.75,24,142578,18900,0.27,22200,0.31,-2700,-0.04,5326612.5,5326.61
3040,Exit long,2024-08-29 19:00,S1 Trail,5929,56,332682,-32900,-0.20,55300,0.33,-32900,-0.20,5293712.5,5293.71
3040,Entry long,2024-08-29 15:30,S1 Trend,5940.75,56,332682,-32900,-0.20,55300,0.33,-32900,-0.20,5293712.5,5293.71
3041,Exit short,2024-09-03 21:00,EOD,5840,66,386034,29700,0.15,117150,0.61,-26400,-0.14,5323412.5,5323.41
3041,Entry short,2024-09-03 19:30,S3 Hedge,5849,66,386034,29700,0.15,117150,0.61,-26400,-0.14,5323412.5,5323.41
3042,Exit short,2024-09-06 21:00,EOD,5717.5,51,293734.5,107100,0.73,133875,0.91,-22312.5,-0.15,5430512.5,5430.51
3042,Entry short,2024-09-06 15:30,S3 Hedge,5759.5,51,293734.5,107100,0.73,133875,0.91,-22312.5,-0.15,5430512.5,5430.51
3043,Exit long,2024-09-09 19:30,S1 Trail,5758.5,77,445637.5,-111650,-0.50,8662.5,0.04,-111650,-0.50,5318862.5,5318.86
3043,Entry long,2024-09-09 18:00,S1 Trend,5787.5,77,445637.5,-111650,-0.50,8662.5,0.04,-111650,-0.50,5318862.5,5318.86
3044,Exit long,2024-09-11 21:00,EOD,5853.5,50,290500,108750,0.75,135625,0.93,-7500,-0.05,5427612.5,5427.61
3044,Entry long,2024-09-11 19:00,S1 Trend,5810,50,290500,108750,0.75,135625,0.93,-7500,-0.05,5427612.5,5427.61
3045,Exit long,2024-09-12 21:00,EOD,5900.25,62,364622,59675,0.33,70525,0.39,-19375,-0.11,5487287.5,5487.29
3045,Entry long,2024-09-12 18:00,S1 Trend,5881,62,364622,59675,0.33,70525,0.39,-19375,-0.11,5487287.5,5487.29
3046,Exit long,2024-09-13 21:00,EOD,5926.75,98,580037.5,39200,0.14,95550,0.33,-42875,-0.15,5526487.5,5526.49
3046,Entry long,2024-09-13 15:30,S1 Trend,5918.75,98,580037.5,39200,0.14,95550,0.33,-42875,-0.15,5526487.5,5526.49
3047,Exit long,2024-09-16 17:30,S2 FairVal,5922.75,106,627016.5,39750,0.13,39750,0.13,-27825,-0.09,5566237.5,5566.24
3047,Entry long,2024-09-16 16:30,S2 VWAP,5915.25,106,627016.5,39750,0.13,39750,0.13,-27825,-0.09,5566237.5,5566.24
3048,Exit long,2024-09-17 17:00,S1 Trail,5941,102,607716,-86700,-0.29,42075,0.14,-86700,-0.29,5479537.5,5479.54
3048,Entry long,2024-09-17 16:00,S1 Trend,5958,102,607716,-86700,-0.29,42075,0.14,-86700,-0.29,5479537.5,5479.54
3049,Exit long,2024-09-17 21:00,EOD,5937.75,75,444956.25,18750,0.08,20625,0.09,-73125,-0.33,5498287.5,5498.29
3049,Entry long,2024-09-17 18:30,S2 VWAP,5932.75,75,444956.25,18750,0.08,20625,0.09,-73125,-0.33,5498287.5,5498.29
3050,Exit long,2024-09-18 18:00,S2 FairVal,5940.75,108,640953,32400,0.10,36450,0.11,-12150,-0.04,5530687.5,5530.69
3050,Entry long,2024-09-18 17:30,S2 VWAP,5934.75,108,640953,32400,0.10,36450,0.11,-12150,-0.04,5530687.5,5530.69
3051,Exit long,2024-09-18 20:00,S1 Trail,5930.25,66,393558,-108075,-0.55,36300,0.18,-108075,-0.55,5422612.5,5422.61
3051,Entry long,2024-09-18 19:30,S1 Trend,5963,66,393558,-108075,-0.55,36300,0.18,-108075,-0.55,5422612.5,5422.61
3052,Exit long,2024-09-19 21:00,EOD,6013.25,71,427207,-13312.5,-0.06,56800,0.27,-69225,-0.32,5409300,5409.30
3052,Entry long,2024-09-19 15:30,S1 Trend,6017,71,427207,-13312.5,-0.06,56800,0.27,-69225,-0.32,5409300,5409.30
3053,Exit long,2024-09-23 21:00,EOD,6011.75,101,607464.5,-13887.5,-0.05,17675,0.06,-90900,-0.30,5395412.5,5395.41
3053,Entry long,2024-09-23 15:30,S1 Trend,6014.5,101,607464.5,-13887.5,-0.05,17675,0.06,-90900,-0.30,5395412.5,5395.41
3054,Exit long,2024-09-24 21:00,EOD,6028.5,92,553932,34500,0.12,40250,0.15,-55200,-0.20,5429912.5,5429.91
3054,Entry long,2024-09-24 17:00,S1 Trend,6021,92,553932,34500,0.12,40250,0.15,-55200,-0.20,5429912.5,5429.91
3055,Exit long,2024-09-25 21:00,EOD,6015,118,710065,-14750,-0.04,5900,0.02,-76700,-0.22,5415162.5,5415.16
3055,Entry long,2024-09-25 19:00,S2 VWAP,6017.5,118,710065,-14750,-0.04,5900,0.02,-76700,-0.22,5415162.5,5415.16
3056,Exit long,2024-10-08 21:00,EOD,6036.25,101,607313,117412.5,0.39,147712.5,0.49,-15150,-0.05,5532575,5532.58
3056,Entry long,2024-10-08 15:30,S1 Trend,6013,101,607313,117412.5,0.39,147712.5,0.49,-15150,-0.05,5532575,5532.58
3057,Exit long,2024-10-11 21:00,EOD,6095,97,591554.5,-16975,-0.06,25462.5,0.09,-87300,-0.30,5515600,5515.60
3057,Entry long,2024-10-11 15:30,S1 Trend,6098.5,97,591554.5,-16975,-0.06,25462.5,0.09,-87300,-0.30,5515600,5515.60
3058,Exit long,2024-10-15 18:00,S2 FairVal,6109.25,131,802244,-96612.5,-0.24,21287.5,0.05,-96612.5,-0.24,5418987.5,5418.99
3058,Entry long,2024-10-15 16:30,S2 VWAP,6124,131,802244,-96612.5,-0.24,21287.5,0.05,-96612.5,-0.24,5418987.5,5418.99
3059,Exit long,2024-10-22 21:00,EOD,6128,103,631853.5,-33475,-0.11,27037.5,0.09,-59225,-0.19,5385512.5,5385.51
3059,Entry long,2024-10-22 19:00,S1 Trend,6134.5,103,631853.5,-33475,-0.11,27037.5,0.09,-59225,-0.19,5385512.5,5385.51
3060,Exit long,2024-10-29 20:00,EOD,6107.25,100,610325,20000,0.07,77500,0.25,-28750,-0.09,5405512.5,5405.51
3060,Entry long,2024-10-29 16:30,S1 Trend,6103.25,100,610325,20000,0.07,77500,0.25,-28750,-0.09,5405512.5,5405.51
3061,Exit short,2024-10-31 19:30,S3 Scalp,5975.25,93,558511.5,140662.5,0.50,140662.5,0.50,-26737.5,-0.10,5546175,5546.18
3061,Entry short,2024-10-31 14:30,S3 Hedge,6005.5,93,558511.5,140662.5,0.50,140662.5,0.50,-26737.5,-0.10,5546175,5546.18
3062,Exit long,2024-11-05 17:00,S1 Climax,6036.5,29,174630.75,21387.5,0.24,23925,0.27,-7250,-0.08,5567562.5,5567.56
3062,Entry long,2024-11-05 15:30,S1 Trend,6021.75,29,174630.75,21387.5,0.24,23925,0.27,-7250,-0.08,5567562.5,5567.56
3063,Exit long,2024-11-05 17:30,S1 Climax,6039,20,120435,17250,0.29,22750,0.38,-5000,-0.08,5584812.5,5584.81
3063,Entry long,2024-11-05 15:30,S1 Trend,6021.75,20,120435,17250,0.29,22750,0.38,-5000,-0.08,5584812.5,5584.81
3064,Exit long,2024-11-05 18:00,S1 Climax,6042.75,14,84304.5,14700,0.35,17325,0.41,-3500,-0.08,5599512.5,5599.51
3064,Entry long,2024-11-05 15:30,S1 Trend,6021.75,14,84304.5,14700,0.35,17325,0.41,-3500,-0.08,5599512.5,5599.51
3065,Exit long,2024-11-05 21:00,EOD,6048.5,34,204739.5,45475,0.44,46325,0.45,-8500,-0.08,5644987.5,5644.99
3065,Entry long,2024-11-05 15:30,S1 Trend,6021.75,34,204739.5,45475,0.44,46325,0.45,-8500,-0.08,5644987.5,5644.99
3066,Exit long,2024-11-12 18:00,S2 FairVal,6225.75,122,761737.5,-109800,-0.29,10675,0.03,-118950,-0.31,5535187.5,5535.19
3066,Entry long,2024-11-12 17:30,S2 VWAP,6243.75,122,761737.5,-109800,-0.29,10675,0.03,-118950,-0.31,5535187.5,5535.19
3067,Exit long,2024-11-13 21:00,EOD,6251.25,85,532355,-49937.5,-0.19,32937.5,0.12,-82875,-0.31,5485250,5485.25
3067,Entry long,2024-11-13 17:30,S1 Trend,6263,85,532355,-49937.5,-0.19,32937.5,0.12,-82875,-0.31,5485250,5485.25
3068,Exit short,2024-11-15 21:00,EOD,6132.5,83,508686.25,-15562.5,-0.06,68475,0.27,-36312.5,-0.14,5469687.5,5469.69
3068,Entry short,2024-11-15 17:30,S3 Hedge,6128.75,83,508686.25,-15562.5,-0.06,68475,0.27,-36312.5,-0.14,5469687.5,5469.69
3069,Exit long,2024-11-19 21:00,EOD,6174.5,64,395600,-21600,-0.11,2400,0.01,-60000,-0.30,5448087.5,5448.09
3069,Entry long,2024-11-19 19:00,S1 Trend,6181.25,64,395600,-21600,-0.11,2400,0.01,-60000,-0.30,5448087.5,5448.09
3070,Exit long,2024-11-21 21:00,EOD,6205.5,45,279303.75,-2812.5,-0.02,30937.5,0.22,-4500,-0.03,5445275,5445.28
3070,Entry long,2024-11-21 18:00,S1 Trend,6206.75,45,279303.75,-2812.5,-0.02,30937.5,0.22,-4500,-0.03,5445275,5445.28
3071,Exit long,2024-11-25 21:00,EOD,6241.25,87,542075.25,45675,0.17,59812.5,0.22,-2175,-0.01,5490950,5490.95
3071,Entry long,2024-11-25 18:00,S2 VWAP,6230.75,87,542075.25,45675,0.17,59812.5,0.22,-2175,-0.01,5490950,5490.95
3072,Exit long,2024-12-03 16:30,S2 FairVal,6293.75,162,1018737,42525,0.08,48600,0.10,-6075,-0.01,5533475,5533.48
3072,Entry long,2024-12-03 16:00,S2 VWAP,6288.5,162,1018737,42525,0.08,48600,0.10,-6075,-0.01,5533475,5533.48
3073,Exit long,2024-12-05 17:00,S2 FairVal,6335.5,197,1247847.25,12312.5,0.02,12312.5,0.02,-32012.5,-0.05,5545787.5,5545.79
3073,Entry long,2024-12-05 16:30,S2 VWAP,6334.25,197,1247847.25,12312.5,0.02,12312.5,0.02,-32012.5,-0.05,5545787.5,5545.79
3074,Exit long,2024-12-12 18:00,S2 FairVal,6319.25,131,827461.5,18012.5,0.04,22925,0.06,-40937.5,-0.10,5563800,5563.80
3074,Entry long,2024-12-12 17:30,S2 VWAP,6316.5,131,827461.5,18012.5,0.04,22925,0.06,-40937.5,-0.10,5563800,5563.80
3075,Exit long,2024-12-20 17:00,S1 Climax,6198,12,74115,13050,0.35,15900,0.43,-600,-0.02,5576850,5576.85
3075,Entry long,2024-12-20 16:30,S1 Trend,6176.25,12,74115,13050,0.35,15900,0.43,-600,-0.02,5576850,5576.85
3076,Exit long,2024-12-20 17:30,S1 Climax,6211,9,55586.25,15637.5,0.56,16425,0.59,-450,-0.02,5592487.5,5592.49
3076,Entry long,2024-12-20 16:30,S1 Trend,6176.25,9,55586.25,15637.5,0.56,16425,0.59,-450,-0.02,5592487.5,5592.49
3077,Exit long,2024-12-20 20:30,S1 Trail,6151.5,21,129701.25,-25987.5,-0.40,38325,0.59,-25987.5,-0.40,5566500,5566.50
3077,Entry long,2024-12-20 16:30,S1 Trend,6176.25,21,129701.25,-25987.5,-0.40,38325,0.59,-25987.5,-0.40,5566500,5566.50
3078,Exit long,2024-12-23 21:00,EOD,6199,59,364413.5,66375,0.36,84075,0.46,-35400,-0.19,5632875,5632.88
3078,Entry long,2024-12-23 17:00,S1 Trend,6176.5,59,364413.5,66375,0.36,84075,0.46,-35400,-0.19,5632875,5632.88
3079,Exit long,2024-12-25 23:00,S1 Climax,6261.25,29,181554.5,1087.5,0.01,1087.5,0.01,-6162.5,-0.07,5633962.5,5633.96
3079,Entry long,2024-12-24 18:00,S1 Trend,6260.5,29,181554.5,1087.5,0.01,1087.5,0.01,-6162.5,-0.07,5633962.5,5633.96
3080,Exit long,2024-12-25 23:30,S1 Climax,6259.75,20,125210,-750,-0.01,4000,0.06,-4250,-0.07,5633212.5,5633.21
3080,Entry long,2024-12-24 18:00,S1 Trend,6260.5,20,125210,-750,-0.01,4000,0.06,-4250,-0.07,5633212.5,5633.21
3081,Exit long,2024-12-26 00:00,S1 Climax,6259.5,14,87647,-700,-0.02,2800,0.06,-2975,-0.07,5632512.5,5632.51
3081,Entry long,2024-12-24 18:00,S1 Trend,6260.5,14,87647,-700,-0.02,2800,0.06,-2975,-0.07,5632512.5,5632.51
3082,Exit long,2024-12-26 00:30,S1 Climax,6258.5,10,62605,-1000,-0.03,2000,0.06,-2125,-0.07,5631512.5,5631.51
3082,Entry long,2024-12-24 18:00,S1 Trend,6260.5,10,62605,-1000,-0.03,2000,0.06,-2125,-0.07,5631512.5,5631.51
3083,Exit long,2024-12-26 01:00,S1 Climax,6258.5,7,43823.5,-700,-0.03,1400,0.06,-1487.5,-0.07,5630812.5,5630.81
3083,Entry long,2024-12-24 18:00,S1 Trend,6260.5,7,43823.5,-700,-0.03,1400,0.06,-1487.5,-0.07,5630812.5,5630.81
3084,Exit long,2024-12-26 01:30,S1 Climax,6261,5,31302.5,125,0.01,1000,0.06,-1062.5,-0.07,5630937.5,5630.94
3084,Entry long,2024-12-24 18:00,S1 Trend,6260.5,5,31302.5,125,0.01,1000,0.06,-1062.5,-0.07,5630937.5,5630.94
3085,Exit long,2024-12-26 02:00,S1 Climax,6261.5,3,18781.5,150,0.02,600,0.06,-637.5,-0.07,5631087.5,5631.09
3085,Entry long,2024-12-24 18:00,S1 Trend,6260.5,3,18781.5,150,0.02,600,0.06,-637.5,-0.07,5631087.5,5631.09
3086,Exit long,2024-12-26 02:30,S1 Climax,6261.25,3,18781.5,112.5,0.01,600,0.06,-637.5,-0.07,5631200,5631.20
3086,Entry long,2024-12-24 18:00,S1 Trend,6260.5,3,18781.5,112.5,0.01,600,0.06,-637.5,-0.07,5631200,5631.20
3087,Exit long,2024-12-26 03:00,S1 Climax,6261.75,2,12521,125,0.02,400,0.06,-425,-0.07,5631325,5631.33
3087,Entry long,2024-12-24 18:00,S1 Trend,6260.5,2,12521,125,0.02,400,0.06,-425,-0.07,5631325,5631.33
3088,Exit long,2024-12-26 03:30,S1 Climax,6266.5,1,6260.5,300,0.10,312.5,0.10,-212.5,-0.07,5631625,5631.63
3088,Entry long,2024-12-24 18:00,S1 Trend,6260.5,1,6260.5,300,0.10,312.5,0.10,-212.5,-0.07,5631625,5631.63
3089,Exit long,2024-12-26 04:00,S1 Climax,6266.75,1,6260.5,312.5,0.10,325,0.10,-212.5,-0.07,5631937.5,5631.94
3089,Entry long,2024-12-24 18:00,S1 Trend,6260.5,1,6260.5,312.5,0.10,325,0.10,-212.5,-0.07,5631937.5,5631.94
3090,Exit long,2024-12-26 04:30,S1 Climax,6264.75,1,6260.5,212.5,0.07,325,0.10,-212.5,-0.07,5632150,5632.15
3090,Entry long,2024-12-24 18:00,S1 Trend,6260.5,1,6260.5,212.5,0.07,325,0.10,-212.5,-0.07,5632150,5632.15
3091,Exit long,2024-12-26 08:00,S1 Trail,6251.25,2,12521,-925,-0.15,650,0.10,-925,-0.15,5631225,5631.23
3091,Entry long,2024-12-24 18:00,S1 Trend,6260.5,2,12521,-925,-0.15,650,0.10,-925,-0.15,5631225,5631.23
3092,Exit short,2024-12-27 18:30,S3 Scalp,6177.25,70,431060,-67375,-0.31,46375,0.22,-67375,-0.31,5563850,5563.85
3092,Entry short,2024-12-27 17:00,S3 Hedge,6158,70,431060,-67375,-0.31,46375,0.22,-67375,-0.31,5563850,5563.85
3093,Exit long,2025-01-03 21:00,EOD,6150.25,69,422883.75,74175,0.35,103500,0.49,-1725,-0.01,5638025,5638.03
3093,Entry long,2025-01-03 16:30,S1 Trend,6128.75,69,422883.75,74175,0.35,103500,0.49,-1725,-0.01,5638025,5638.03
3094,Exit long,2025-01-06 16:00,S1 Climax,6221.75,25,155537.5,312.5,0.00,4687.5,0.06,-10312.5,-0.13,5638337.5,5638.34
3094,Entry long,2025-01-06 15:30,S1 Trend,6221.5,25,155537.5,312.5,0.00,4687.5,0.06,-10312.5,-0.13,5638337.5,5638.34
3095,Exit long,2025-01-06 16:30,S1 Climax,6227.75,18,111987,5625,0.10,6075,0.11,-7425,-0.13,5643962.5,5643.96
3095,Entry long,2025-01-06 15:30,S1 Trend,6221.5,18,111987,5625,0.10,6075,0.11,-7425,-0.13,5643962.5,5643.96
3096,Exit long,2025-01-06 17:00,S1 Climax,6227.5,12,74658,3600,0.10,5250,0.14,-4950,-0.13,5647562.5,5647.56
3096,Entry long,2025-01-06 15:30,S1 Trend,6221.5,12,74658,3600,0.10,5250,0.14,-4950,-0.13,5647562.5,5647.56
3097,Exit long,2025-01-06 18:00,S1 Trail,6200.5,30,186645,-31500,-0.34,13125,0.14,-31500,-0.34,5616062.5,5616.06
3097,Entry long,2025-01-06 15:30,S1 Trend,6221.5,30,186645,-31500,-0.34,13125,0.14,-31500,-0.34,5616062.5,5616.06
3098,Exit short,2025-01-08 18:00,S3 Scalp,6109.5,51,310271.25,-65662.5,-0.42,12112.5,0.08,-65662.5,-0.42,5550400,5550.40
3098,Entry short,2025-01-08 17:30,S3 Hedge,6083.75,51,310271.25,-65662.5,-0.42,12112.5,0.08,-65662.5,-0.42,5550400,5550.40
3099,Exit long,2025-01-15 21:00,EOD,6150.5,64,393440,9600,0.05,50400,0.26,-95200,-0.48,5560000,5560.00
3099,Entry long,2025-01-15 15:30,S1 Trend,6147.5,64,393440,9600,0.05,50400,0.26,-95200,-0.48,5560000,5560.00
3100,Exit long,2025-01-17 21:00,EOD,6195.25,89,551889,-25587.5,-0.09,55625,0.20,-35600,-0.13,5534412.5,5534.41
3100,Entry long,2025-01-17 16:00,S1 Trend,6201,89,551889,-25587.5,-0.09,55625,0.20,-35600,-0.13,5534412.5,5534.41
3101,Exit long,2025-01-21 21:00,EOD,6248.5,77,479941,59675,0.25,62562.5,0.26,-16362.5,-0.07,5594087.5,5594.09
3101,Entry long,2025-01-21 17:00,S1 Trend,6233,77,479941,59675,0.25,62562.5,0.26,-16362.5,-0.07,5594087.5,5594.09
3102,Exit long,2025-01-28 21:00,EOD,6258,58,361804,58000,0.32,85550,0.47,-45675,-0.25,5652087.5,5652.09
3102,Entry long,2025-01-28 15:30,S1 Trend,6238,58,361804,58000,0.32,85550,0.47,-45675,-0.25,5652087.5,5652.09
3103,Exit long,2025-02-04 21:00,EOD,6224.75,68,422484,39950,0.19,60350,0.29,-39950,-0.19,5692037.5,5692.04
3103,Entry long,2025-02-04 15:30,S1 Trend,6213,68,422484,39950,0.19,60350,0.29,-39950,-0.19,5692037.5,5692.04
3104,Exit long,2025-02-05 21:00,EOD,6248,81,504913.5,58725,0.23,68850,0.27,-20250,-0.08,5750762.5,5750.76
3104,Entry long,2025-02-05 17:00,S1 Trend,6233.5,81,504913.5,58725,0.23,68850,0.27,-20250,-0.08,5750762.5,5750.76
3105,Exit long,2025-02-11 21:00,EOD,6254.75,103,643518.25,36050,0.11,66950,0.21,-10300,-0.03,5786812.5,5786.81
3105,Entry long,2025-02-11 19:00,S1 Trend,6247.75,103,643518.25,36050,0.11,66950,0.21,-10300,-0.03,5786812.5,5786.81
3106,Exit long,2025-02-13 21:00,EOD,6297.25,86,538446,155875,0.58,167700,0.62,-47300,-0.18,5942687.5,5942.69
3106,Entry long,2025-02-13 15:30,S1 Trend,6261,86,538446,155875,0.58,167700,0.62,-47300,-0.18,5942687.5,5942.69
3107,Exit short,2025-03-04 17:00,S3 Scalp,5961,47,278651.25,-75787.5,-0.54,51700,0.37,-75787.5,-0.54,5866900,5866.90
3107,Entry short,2025-03-04 15:30,S3 Hedge,5928.75,47,278651.25,-75787.5,-0.54,51700,0.37,-75787.5,-0.54,5866900,5866.90
3108,Exit short,2025-03-05 17:00,S3 Scalp,5965.75,40,237230,-70000,-0.59,36000,0.30,-70000,-0.59,5796900,5796.90
3108,Entry short,2025-03-05 16:30,S3 Hedge,5930.75,40,237230,-70000,-0.59,36000,0.30,-70000,-0.59,5796900,5796.90
3109,Exit short,2025-03-06 21:00,EOD,5910,39,230343.75,-7312.5,-0.06,47287.5,0.41,-47287.5,-0.41,5789587.5,5789.59
3109,Entry short,2025-03-06 17:30,S3 Hedge,5906.25,39,230343.75,-7312.5,-0.06,47287.5,0.41,-47287.5,-0.41,5789587.5,5789.59
3110,Exit short,2025-03-10 18:00,S3 Scalp,5773.75,49,285817,145162.5,1.02,145162.5,1.02,-26950,-0.19,5934750,5934.75
3110,Entry short,2025-03-10 14:30,S3 Hedge,5833,49,285817,145162.5,1.02,145162.5,1.02,-26950,-0.19,5934750,5934.75
3111,Exit short,2025-03-10 20:00,EOD,5785.5,45,259920,-21375,-0.16,95625,0.74,-60750,-0.47,5913375,5913.38
3111,Entry short,2025-03-10 18:30,S3 Hedge,5776,45,259920,-21375,-0.16,95625,0.74,-60750,-0.47,5913375,5913.38
3112,Exit short,2025-03-11 18:00,S3 Scalp,5736.5,36,205128,-69300,-0.68,2250,0.02,-69300,-0.68,5844075,5844.08
3112,Entry short,2025-03-11 17:30,S3 Hedge,5698,36,205128,-69300,-0.68,2250,0.02,-69300,-0.68,5844075,5844.08
3113,Exit long,2025-03-14 20:00,EOD,5799.75,55,317652.5,66687.5,0.42,96937.5,0.61,-8937.5,-0.06,5910762.5,5910.76
3113,Entry long,2025-03-14 15:00,S1 Trend,5775.5,55,317652.5,66687.5,0.42,96937.5,0.61,-8937.5,-0.06,5910762.5,5910.76
3114,Exit long,2025-03-17 20:00,EOD,5842.5,59,344751.75,-2212.5,-0.01,77437.5,0.45,-8850,-0.05,5908550,5908.55
3114,Entry long,2025-03-17 18:00,S1 Trend,5843.25,59,344751.75,-2212.5,-0.01,77437.5,0.45,-8850,-0.05,5908550,5908.55
3115,Exit long,2025-03-19 17:30,S1 Trail,5798,86,500068.5,-72025,-0.29,79550,0.32,-72025,-0.29,5836525,5836.53
3115,Entry long,2025-03-19 14:30,S1 Trend,5814.75,86,500068.5,-72025,-0.29,79550,0.32,-72025,-0.29,5836525,5836.53
3116,Exit long,2025-03-20 16:00,S1 Trail,5827.75,57,334248,-103312.5,-0.62,32062.5,0.19,-103312.5,-0.62,5733212.5,5733.21
3116,Entry long,2025-03-20 14:30,S1 Trend,5864,57,334248,-103312.5,-0.62,32062.5,0.19,-103312.5,-0.62,5733212.5,5733.21
3117,Exit long,2025-03-21 20:00,EOD,5824.5,51,296807.25,12112.5,0.08,31875,0.21,-56100,-0.38,5745325,5745.33
3117,Entry long,2025-03-21 17:00,S1 Trend,5819.75,51,296807.25,12112.5,0.08,31875,0.21,-56100,-0.38,5745325,5745.33
3118,Exit long,2025-03-24 15:00,S1 Climax,5920.5,29,171564,6525,0.08,7975,0.09,-6887.5,-0.08,5751850,5751.85
3118,Entry long,2025-03-24 14:30,S1 Trend,5916,29,171564,6525,0.08,7975,0.09,-6887.5,-0.08,5751850,5751.85
3119,Exit long,2025-03-24 15:30,S1 Climax,5922.25,20,118320,6250,0.11,9000,0.15,-4750,-0.08,5758100,5758.10
3119,Entry long,2025-03-24 14:30,S1 Trend,5916,20,118320,6250,0.11,9000,0.15,-4750,-0.08,5758100,5758.10
3120,Exit long,2025-03-24 16:00,S1 Climax,5923.75,14,82824,5425,0.13,6300,0.15,-3325,-0.08,5763525,5763.53
3120,Entry long,2025-03-24 14:30,S1 Trend,5916,14,82824,5425,0.13,6300,0.15,-3325,-0.08,5763525,5763.53
3121,Exit long,2025-03-24 20:00,EOD,5923.75,34,201144,13175,0.13,33150,0.33,-18700,-0.19,5776700,5776.70
3121,Entry long,2025-03-24 14:30,S1 Trend,5916,34,201144,13175,0.13,33150,0.33,-18700,-0.19,5776700,5776.70
3122,Exit long,2025-03-25 18:00,S1 Trail,5921.25,109,647732.5,-115812.5,-0.36,13625,0.04,-115812.5,-0.36,5660887.5,5660.89
3122,Entry long,2025-03-25 15:00,S1 Trend,5942.5,109,647732.5,-115812.5,-0.36,13625,0.04,-115812.5,-0.36,5660887.5,5660.89
3123,Exit short,2025-03-28 20:00,EOD,5734.75,55,315810,19937.5,0.13,40562.5,0.26,-12375,-0.08,5680825,5680.83
3123,Entry short,2025-03-28 17:00,S3 Hedge,5742,55,315810,19937.5,0.13,40562.5,0.26,-12375,-0.08,5680825,5680.83
3124,Exit long,2025-04-01 19:00,S1 Trail,5749,47,271789.25,-79312.5,-0.58,51700,0.38,-79312.5,-0.58,5601512.5,5601.51
3124,Entry long,2025-04-01 16:30,S1 Trend,5782.75,47,271789.25,-79312.5,-0.58,51700,0.38,-79312.5,-0.58,5601512.5,5601.51
3125,Exit long,2025-04-02 19:00,S1 Trail,5794.75,56,323834,33600,0.21,186200,1.15,-14700,-0.09,5635112.5,5635.11
3125,Entry long,2025-04-02 15:30,S1 Trend,5782.75,56,323834,33600,0.21,186200,1.15,-14700,-0.09,5635112.5,5635.11
3126,Exit short,2025-04-03 21:00,EOD,5546.25,34,190417,92225,0.97,105400,1.11,-57800,-0.61,5727337.5,5727.34
3126,Entry short,2025-04-03 15:30,S3 Hedge,5600.5,34,190417,92225,0.97,105400,1.11,-57800,-0.61,5727337.5,5727.34
3127,Exit short,2025-04-04 21:00,EOD,5218.5,20,106365,99750,1.88,105250,1.98,-72500,-1.36,5827087.5,5827.09
3127,Entry short,2025-04-04 16:00,S3 Hedge,5318.25,20,106365,99750,1.88,105250,1.98,-72500,-1.36,5827087.5,5827.09
3128,Exit long,2025-04-08 17:00,S1 Trail,5297.5,26,140354.5,-130975,-1.87,10725,0.15,-130975,-1.87,5696112.5,5696.11
3128,Entry long,2025-04-08 15:30,S1 Trend,5398.25,26,140354.5,-130975,-1.87,10725,0.15,-130975,-1.87,5696112.5,5696.11
3129,Exit short,2025-04-08 20:30,S3 Scalp,5084,20,104665,149250,2.85,149250,2.85,-19500,-0.37,5845362.5,5845.36
3129,Entry short,2025-04-08 18:00,S3 Hedge,5233.25,20,104665,149250,2.85,149250,2.85,-19500,-0.37,5845362.5,5845.36
3130,Exit long,2025-04-09 21:00,EOD,5599.5,11,59435.75,107937.5,3.63,124712.5,4.20,-5500,-0.19,5953300,5953.30
3130,Entry long,2025-04-09 18:30,S1 Trend,5403.25,11,59435.75,107937.5,3.63,124712.5,4.20,-5500,-0.19,5953300,5953.30
3131,Exit long,2025-04-10 19:00,S2 FairVal,5429.25,18,96462,63225,1.31,63225,1.31,-61875,-1.28,6016525,6016.53
3131,Entry long,2025-04-10 18:00,S2 VWAP,5359,18,96462,63225,1.31,63225,1.31,-61875,-1.28,6016525,6016.53
3132,Exit long,2025-04-11 21:00,EOD,5500.25,19,104120,19237.5,0.37,45837.5,0.88,-28262.5,-0.54,6035762.5,6035.76
3132,Entry long,2025-04-11 18:00,S1 Trend,5480,19,104120,19237.5,0.37,45837.5,0.88,-28262.5,-0.54,6035762.5,6035.76
3133,Exit short,2025-04-14 20:00,S3 Scalp,5588,37,205294.5,-73075,-0.71,87875,0.86,-73075,-0.71,5962687.5,5962.69
3133,Entry short,2025-04-14 16:30,S3 Hedge,5548.5,37,205294.5,-73075,-0.71,87875,0.86,-73075,-0.71,5962687.5,5962.69
3134,Exit long,2025-04-15 21:00,EOD,5538,44,244464,-39600,-0.32,58300,0.48,-58300,-0.48,5923087.5,5923.09
3134,Entry long,2025-04-15 15:30,S1 Trend,5556,44,244464,-39600,-0.32,58300,0.48,-58300,-0.48,5923087.5,5923.09
3135,Exit long,2025-04-16 18:30,S1 Trail,5444,45,247792.5,-140625,-1.14,1687.5,0.01,-140625,-1.14,5782462.5,5782.46
3135,Entry long,2025-04-16 16:30,S1 Trend,5506.5,45,247792.5,-140625,-1.14,1687.5,0.01,-140625,-1.14,5782462.5,5782.46
3136,Exit short,2025-04-21 18:00,S3 Scalp,5248.75,55,291500,140937.5,0.97,140937.5,0.97,-13750,-0.09,5923400,5923.40
3136,Entry short,2025-04-21 16:00,S3 Hedge,5300,55,291500,140937.5,0.97,140937.5,0.97,-13750,-0.09,5923400,5923.40
3137,Exit short,2025-04-21 20:30,S3 Scalp,5280.25,51,267903,-69487.5,-0.52,40162.5,0.30,-69487.5,-0.52,5853912.5,5853.91
3137,Entry short,2025-04-21 18:30,S3 Hedge,5253,51,267903,-69487.5,-0.52,40162.5,0.30,-69487.5,-0.52,5853912.5,5853.91
3138,Exit long,2025-04-22 17:30,S1 Climax,5444,18,96943.5,52425,1.08,57150,1.18,-7425,-0.15,5906337.5,5906.34
3138,Entry long,2025-04-22 15:30,S1 Trend,5385.75,18,96943.5,52425,1.08,57150,1.18,-7425,-0.15,5906337.5,5906.34
3139,Exit long,2025-04-22 18:00,S1 Trail,5398.25,45,242358.75,28125,0.23,142875,1.18,-18562.5,-0.15,5934462.5,5934.46
3139,Entry long,2025-04-22 15:30,S1 Trend,5385.75,45,242358.75,28125,0.23,142875,1.18,-18562.5,-0.15,5934462.5,5934.46
3140,Exit long,2025-04-23 16:00,S1 Trail,5547.75,46,257393,-109825,-0.85,31050,0.24,-109825,-0.85,5824637.5,5824.64
3140,Entry long,2025-04-23 15:30,S1 Trend,5595.5,46,257393,-109825,-0.85,31050,0.24,-109825,-0.85,5824637.5,5824.64
3141,Exit long,2025-04-24 21:00,EOD,5620.5,46,256565,98900,0.77,120750,0.94,-26450,-0.21,5923537.5,5923.54
3141,Entry long,2025-04-24 15:30,S1 Trend,5577.5,46,256565,98900,0.77,120750,0.94,-26450,-0.21,5923537.5,5923.54
3142,Exit long,2025-04-25 21:00,EOD,5658.25,46,260532.5,-12650,-0.10,575,0.00,-97750,-0.75,5910887.5,5910.89
3142,Entry long,2025-04-25 18:30,S1 Trend,5663.75,46,260532.5,-12650,-0.10,575,0.00,-97750,-0.75,5910887.5,5910.89
3143,Exit long,2025-04-28 19:00,S2 FairVal,5639.75,57,320781.75,34200,0.21,34200,0.21,-73387.5,-0.46,5945087.5,5945.09
3143,Entry long,2025-04-28 17:00,S2 VWAP,5627.75,57,320781.75,34200,0.21,34200,0.21,-73387.5,-0.46,5945087.5,5945.09
3144,Exit long,2025-04-29 21:00,EOD,5693.5,59,333423.75,124637.5,0.75,165200,0.99,-3687.5,-0.02,6069725,6069.73
3144,Entry long,2025-04-29 15:30,S1 Trend,5651.25,59,333423.75,124637.5,0.75,165200,0.99,-3687.5,-0.02,6069725,6069.73
3145,Exit long,2025-04-30 21:00,EOD,5694,43,243208,81700,0.67,130612.5,1.07,-29562.5,-0.24,6151425,6151.42
3145,Entry long,2025-04-30 19:30,S1 Trend,5656,43,243208,81700,0.67,130612.5,1.07,-29562.5,-0.24,6151425,6151.42
3146,Exit long,2025-05-01 16:30,S1 Trail,5748,63,364455,-116550,-0.64,23625,0.13,-116550,-0.64,6034875,6034.88
3146,Entry long,2025-05-01 16:00,S1 Trend,5785,63,364455,-116550,-0.64,23625,0.13,-116550,-0.64,6034875,6034.88
3147,Exit long,2025-05-02 21:00,EOD,5816,55,319728.75,7562.5,0.05,59125,0.37,-50875,-0.32,6042437.5,6042.44
3147,Entry long,2025-05-02 15:30,S1 Trend,5813.25,55,319728.75,7562.5,0.05,59125,0.37,-50875,-0.32,6042437.5,6042.44
3148,Exit long,2025-05-05 20:30,S1 Trail,5784.75,83,481296.25,-58100,-0.24,72625,0.30,-58100,-0.24,5984337.5,5984.34
3148,Entry long,2025-05-05 16:00,S1 Trend,5798.75,83,481296.25,-58100,-0.24,72625,0.30,-58100,-0.24,5984337.5,5984.34
3149,Exit long,2025-05-08 20:30,S1 Trail,5795.75,48,279900,-85200,-0.61,47400,0.34,-85200,-0.61,5899137.5,5899.14
3149,Entry long,2025-05-08 17:00,S1 Trend,5831.25,48,279900,-85200,-0.61,47400,0.34,-85200,-0.61,5899137.5,5899.14
3150,Exit long,2025-05-13 16:00,S1 Climax,6016.75,22,132302.5,3300,0.05,6325,0.10,-7700,-0.12,5902437.5,5902.44
3150,Entry long,2025-05-13 15:30,S1 Trend,6013.75,22,132302.5,3300,0.05,6325,0.10,-7700,-0.12,5902437.5,5902.44
3151,Exit long,2025-05-13 16:30,S1 Climax,6022.75,15,90206.25,6750,0.15,9937.5,0.22,-5250,-0.12,5909187.5,5909.19
3151,Entry long,2025-05-13 15:30,S1 Trend,6013.75,15,90206.25,6750,0.15,9937.5,0.22,-5250,-0.12,5909187.5,5909.19
3152,Exit long,2025-05-13 17:00,S1 Climax,6022.5,11,66151.25,4812.5,0.15,9075,0.27,-3850,-0.12,5914000,5914.00
3152,Entry long,2025-05-13 15:30,S1 Trend,6013.75,11,66151.25,4812.5,0.15,9075,0.27,-3850,-0.12,5914000,5914.00
3153,Exit long,2025-05-13 17:30,S1 Climax,6022.5,8,48110,3500,0.15,6600,0.27,-2800,-0.12,5917500,5917.50
3153,Entry long,2025-05-13 15:30,S1 Trend,6013.75,8,48110,3500,0.15,6600,0.27,-2800,-0.12,5917500,5917.50
3154,Exit long,2025-05-13 18:00,S1 Climax,6025.75,5,30068.75,3000,0.20,4125,0.27,-1750,-0.12,5920500,5920.50
3154,Entry long,2025-05-13 15:30,S1 Trend,6013.75,5,30068.75,3000,0.20,4125,0.27,-1750,-0.12,5920500,5920.50
3155,Exit long,2025-05-13 18:30,S1 Climax,6029.25,4,24055,3100,0.26,3300,0.27,-1400,-0.12,5923600,5923.60
3155,Entry long,2025-05-13 15:30,S1 Trend,6013.75,4,24055,3100,0.26,3300,0.27,-1400,-0.12,5923600,5923.60
3156,Exit long,2025-05-13 20:00,S1 Climax,6031.75,3,18041.25,2700,0.30,3487.5,0.39,-1050,-0.12,5926300,5926.30
3156,Entry long,2025-05-13 15:30,S1 Trend,6013.75,3,18041.25,2700,0.30,3487.5,0.39,-1050,-0.12,5926300,5926.30
3157,Exit long,2025-05-13 21:00,EOD,6013.75,7,42096.25,0,0.00,8137.5,0.39,-2450,-0.12,5926300,5926.30
3157,Entry long,2025-05-13 15:30,S1 Trend,6013.75,7,42096.25,0,0.00,8137.5,0.39,-2450,-0.12,5926300,5926.30
3158,Exit long,2025-05-15 21:00,EOD,6048.5,92,552230,211600,0.77,239200,0.87,-25300,-0.09,6137900,6137.90
3158,Entry long,2025-05-15 15:30,S1 Trend,6002.5,92,552230,211600,0.77,239200,0.87,-25300,-0.09,6137900,6137.90
3159,Exit long,2025-05-16 21:00,EOD,6085.25,103,625570.5,60512.5,0.19,72100,0.23,-29612.5,-0.09,6198412.5,6198.41
3159,Entry long,2025-05-16 18:30,S1 Trend,6073.5,103,625570.5,60512.5,0.19,72100,0.23,-29612.5,-0.09,6198412.5,6198.41
3160,Exit long,2025-05-19 21:00,EOD,6091.25,74,448736,100825,0.45,123950,0.55,-24050,-0.11,6299237.5,6299.24
3160,Entry long,2025-05-19 15:30,S1 Trend,6064,74,448736,100825,0.45,123950,0.55,-24050,-0.11,6299237.5,6299.24
3161,Exit long,2025-05-21 18:00,S1 Trail,6031.25,79,478582,-105662.5,-0.44,32587.5,0.14,-105662.5,-0.44,6193575,6193.58
3161,Entry long,2025-05-21 16:30,S1 Trend,6058,79,478582,-105662.5,-0.44,32587.5,0.14,-105662.5,-0.44,6193575,6193.58
3162,Exit long,2025-05-27 21:00,EOD,6046,89,535379.5,135725,0.51,147962.5,0.55,-3337.5,-0.01,6329300,6329.30
3162,Entry long,2025-05-27 16:00,S1 Trend,6015.5,89,535379.5,135725,0.51,147962.5,0.55,-3337.5,-0.01,6329300,6329.30
3163,Exit long,2025-06-02 21:00,EOD,6057,69,415983.75,97462.5,0.47,104362.5,0.50,-29325,-0.14,6426762.5,6426.76
3163,Entry long,2025-06-02 17:00,S1 Trend,6028.75,69,415983.75,97462.5,0.47,104362.5,0.50,-29325,-0.14,6426762.5,6426.76
3164,Exit long,2025-06-03 17:30,S1 Climax,6091,32,194208,35200,0.36,38400,0.40,-11600,-0.12,6461962.5,6461.96
3164,Entry long,2025-06-03 15:30,S1 Trend,6069,32,194208,35200,0.36,38400,0.40,-11600,-0.12,6461962.5,6461.96
3165,Exit long,2025-06-03 18:00,S1 Climax,6095.5,23,139587,30475,0.44,32487.5,0.47,-8337.5,-0.12,6492437.5,6492.44
3165,Entry long,2025-06-03 15:30,S1 Trend,6069,23,139587,30475,0.44,32487.5,0.47,-8337.5,-0.12,6492437.5,6492.44
3166,Exit long,2025-06-03 18:30,S1 Climax,6098,16,97104,23200,0.48,25800,0.53,-5800,-0.12,6515637.5,6515.64
3166,Entry long,2025-06-03 15:30,S1 Trend,6069,16,97104,23200,0.48,25800,0.53,-5800,-0.12,6515637.5,6515.64
3167,Exit long,2025-06-03 21:00,EOD,6091.75,38,230622,43225,0.37,61275,0.53,-13775,-0.12,6558862.5,6558.86
3167,Entry long,2025-06-03 15:30,S1 Trend,6069,38,230622,43225,0.37,61275,0.53,-13775,-0.12,6558862.5,6558.86
3168,Exit long,2025-06-04 18:30,S2 FairVal,6102.5,109,664545.75,31337.5,0.09,38150,0.11,0,0.00,6590200,6590.20
3168,Entry long,2025-06-04 18:00,S2 VWAP,6096.75,109,664545.75,31337.5,0.09,38150,0.11,0,0.00,6590200,6590.20
3169,Exit long,2025-06-09 21:00,EOD,6120,124,760399,-75950,-0.20,34100,0.09,-85250,-0.22,6514250,6514.25
3169,Entry long,2025-06-09 18:00,S1 Trend,6132.25,124,760399,-75950,-0.20,34100,0.09,-85250,-0.22,6514250,6514.25
3170,Exit long,2025-06-10 19:00,S1 Trail,6125.75,116,712617,-101500,-0.28,46400,0.13,-101500,-0.28,6412750,6412.75
3170,Entry long,2025-06-10 17:30,S1 Trend,6143.25,116,712617,-101500,-0.28,46400,0.13,-101500,-0.28,6412750,6412.75
3171,Exit long,2025-06-12 21:00,EOD,6160.75,82,504197.5,49200,0.20,50225,0.20,-39975,-0.16,6461950,6461.95
3171,Entry long,2025-06-12 15:30,S1 Trend,6148.75,82,504197.5,49200,0.20,50225,0.20,-39975,-0.16,6461950,6461.95
3172,Exit long,2025-06-13 19:00,S1 Trail,6093.5,62,379858.5,-103075,-0.54,40300,0.21,-103075,-0.54,6358875,6358.88
3172,Entry long,2025-06-13 16:30,S1 Trend,6126.75,62,379858.5,-103075,-0.54,40300,0.21,-103075,-0.54,6358875,6358.88
3173,Exit long,2025-06-16 21:00,EOD,6149.75,94,579275,-59925,-0.21,19975,0.07,-113975,-0.39,6298950,6298.95
3173,Entry long,2025-06-16 15:30,S1 Trend,6162.5,94,579275,-59925,-0.21,19975,0.07,-113975,-0.39,6298950,6298.95
3174,Exit long,2025-06-17 18:30,S1 Trail,6105.5,88,539638,-117700,-0.44,29700,0.11,-117700,-0.44,6181250,6181.25
3174,Entry long,2025-06-17 15:30,S1 Trend,6132.25,88,539638,-117700,-0.44,29700,0.11,-117700,-0.44,6181250,6181.25
3175,Exit long,2025-06-18 18:30,S1 Trail,6100.25,88,539154,-116600,-0.43,20900,0.08,-116600,-0.43,6064650,6064.65
3175,Entry long,2025-06-18 15:30,S1 Trend,6126.75,88,539154,-116600,-0.43,20900,0.08,-116600,-0.43,6064650,6064.65
3176,Exit long,2025-06-23 17:00,S1 Trail,6074.25,76,464265,-131100,-0.56,8550,0.04,-131100,-0.56,5933550,5933.55
3176,Entry long,2025-06-23 15:30,S1 Trend,6108.75,76,464265,-131100,-0.56,8550,0.04,-131100,-0.56,5933550,5933.55
3177,Exit long,2025-06-23 21:00,EOD,6134.75,53,324320.25,41075,0.25,53000,0.33,-15237.5,-0.09,5974625,5974.63
3177,Entry long,2025-06-23 19:00,S1 Trend,6119.25,53,324320.25,41075,0.25,53000,0.33,-15237.5,-0.09,5974625,5974.63
3178,Exit long,2025-06-24 21:00,EOD,6201.5,87,538682.25,42412.5,0.16,92437.5,0.34,-5437.5,-0.02,6017037.5,6017.04
3178,Entry long,2025-06-24 16:30,S1 Trend,6191.75,87,538682.25,42412.5,0.16,92437.5,0.34,-5437.5,-0.02,6017037.5,6017.04
3179,Exit long,2025-07-11 21:00,EOD,6357,101,642486.25,-21462.5,-0.07,46712.5,0.15,-66912.5,-0.21,5995575,5995.58
3179,Entry long,2025-07-11 15:30,S1 Trend,6361.25,101,642486.25,-21462.5,-0.07,46712.5,0.15,-66912.5,-0.21,5995575,5995.58
3180,Exit long,2025-07-14 21:00,EOD,6368.5,106,674372,34450,0.10,56975,0.17,-29150,-0.09,6030025,6030.03
3180,Entry long,2025-07-14 16:30,S1 Trend,6362,106,674372,34450,0.10,56975,0.17,-29150,-0.09,6030025,6030.03
3181,Exit long,2025-07-15 17:30,S2 FairVal,6351.5,93,592526.25,-91837.5,-0.31,11625,0.04,-91837.5,-0.31,5938187.5,5938.19
3181,Entry long,2025-07-15 16:30,S2 VWAP,6371.25,93,592526.25,-91837.5,-0.31,11625,0.04,-91837.5,-0.31,5938187.5,5938.19
3182,Exit long,2025-07-17 21:00,EOD,6400,109,694629.75,148512.5,0.43,166225,0.48,-24525,-0.07,6086700,6086.70
3182,Entry long,2025-07-17 15:30,S1 Trend,6372.75,109,694629.75,148512.5,0.43,166225,0.48,-24525,-0.07,6086700,6086.70
3183,Exit long,2025-07-23 21:00,EOD,6457,109,701960,92650,0.26,92650,0.26,0,0.00,6179350,6179.35
3183,Entry long,2025-07-23 19:00,S1 Trend,6440,109,701960,92650,0.26,92650,0.26,0,0.00,6179350,6179.35
3184,Exit long,2025-08-04 21:00,EOD,6415,90,575887.5,73125,0.25,78750,0.27,-42750,-0.15,6252475,6252.48
3184,Entry long,2025-08-04 15:30,S1 Trend,6398.75,90,575887.5,73125,0.25,78750,0.27,-42750,-0.15,6252475,6252.48
3185,Exit long,2025-08-06 21:00,EOD,6429.5,86,552292,32250,0.12,65575,0.24,-33325,-0.12,6284725,6284.73
3185,Entry long,2025-08-06 16:30,S1 Trend,6422,86,552292,32250,0.12,65575,0.24,-33325,-0.12,6284725,6284.73
3186,Exit long,2025-08-08 21:00,EOD,6471.5,107,692183,13375,0.04,41462.5,0.12,-45475,-0.13,6298100,6298.10
3186,Entry long,2025-08-08 17:30,S1 Trend,6469,107,692183,13375,0.04,41462.5,0.12,-45475,-0.13,6298100,6298.10
3187,Exit long,2025-08-12 21:00,EOD,6525.25,81,526297.5,112387.5,0.43,122512.5,0.47,-3037.5,-0.01,6410487.5,6410.49
3187,Entry long,2025-08-12 16:00,S1 Trend,6497.5,81,526297.5,112387.5,0.43,122512.5,0.47,-3037.5,-0.01,6410487.5,6410.49
3188,Exit long,2025-08-22 16:00,S1 Climax,6545.25,23,150184.25,17825,0.24,23862.5,0.32,-287.5,0.00,6428312.5,6428.31
3188,Entry long,2025-08-22 15:30,S1 Trend,6529.75,23,150184.25,17825,0.24,23862.5,0.32,-287.5,0.00,6428312.5,6428.31
3189,Exit long,2025-08-22 16:30,S1 Climax,6548.75,16,104476,15200,0.29,17200,0.33,-200,0.00,6443512.5,6443.51
3189,Entry long,2025-08-22 15:30,S1 Trend,6529.75,16,104476,15200,0.29,17200,0.33,-200,0.00,6443512.5,6443.51
3190,Exit long,2025-08-22 17:00,S1 Climax,6543,11,71827.25,7287.5,0.20,13337.5,0.37,-137.5,0.00,6450800,6450.80
3190,Entry long,2025-08-22 15:30,S1 Trend,6529.75,11,71827.25,7287.5,0.20,13337.5,0.37,-137.5,0.00,6450800,6450.80
3191,Exit long,2025-08-22 21:00,EOD,6540.75,27,176303.25,14850,0.17,32737.5,0.37,-337.5,0.00,6465650,6465.65
3191,Entry long,2025-08-22 15:30,S1 Trend,6529.75,27,176303.25,14850,0.17,32737.5,0.37,-337.5,0.00,6465650,6465.65
3192,Exit long,2025-08-28 21:00,EOD,6574.75,104,682968,40300,0.12,71500,0.21,-36400,-0.11,6505950,6505.95
3192,Entry long,2025-08-28 17:30,S1 Trend,6567,104,682968,40300,0.12,71500,0.21,-36400,-0.11,6505950,6505.95
3193,Exit short,2025-09-02 18:00,S3 Scalp,6452.75,72,463140,-72900,-0.31,8100,0.03,-72900,-0.31,6433050,6433.05
3193,Entry short,2025-09-02 17:00,S3 Hedge,6432.5,72,463140,-72900,-0.31,8100,0.03,-72900,-0.31,6433050,6433.05
3194,Exit long,2025-09-03 18:30,S1 Trail,6492.25,107,697586.5,-145787.5,-0.42,13375,0.04,-145787.5,-0.42,6287262.5,6287.26
3194,Entry long,2025-09-03 16:00,S1 Trend,6519.5,107,697586.5,-145787.5,-0.42,13375,0.04,-145787.5,-0.42,6287262.5,6287.26
3195,Exit long,2025-09-08 20:30,S2 FairVal,6562,112,734692,12600,0.03,12600,0.03,-60200,-0.16,6299862.5,6299.86
3195,Entry long,2025-09-08 19:30,S2 VWAP,6559.75,112,734692,12600,0.03,12600,0.03,-60200,-0.16,6299862.5,6299.86
3196,Exit long,2025-09-17 21:00,EOD,6660.5,106,707311.5,-64925,-0.18,17225,0.05,-327275,-0.93,6234937.5,6234.94
3196,Entry long,2025-09-17 19:30,S1 Trend,6672.75,106,707311.5,-64925,-0.18,17225,0.05,-327275,-0.93,6234937.5,6234.94
3197,Exit long,2025-10-01 20:00,S1 Climax,6767,27,181723.5,49275,0.54,51975,0.57,-4050,-0.04,6284212.5,6284.21
3197,Entry long,2025-10-01 15:30,S1 Trend,6730.5,27,181723.5,49275,0.54,51975,0.57,-4050,-0.04,6284212.5,6284.21
3198,Exit long,2025-10-01 20:30,S1 Climax,6766.75,19,127879.5,34437.5,0.54,37050,0.58,-2850,-0.04,6318650,6318.65
3198,Entry long,2025-10-01 15:30,S1 Trend,6730.5,19,127879.5,34437.5,0.54,37050,0.58,-2850,-0.04,6318650,6318.65
3199,Exit long,2025-10-01 21:00,EOD,6760.75,47,316333.5,71087.5,0.45,91650,0.58,-7050,-0.04,6389737.5,6389.74
3199,Entry long,2025-10-01 15:30,S1 Trend,6730.5,47,316333.5,71087.5,0.45,91650,0.58,-7050,-0.04,6389737.5,6389.74
3200,Exit long,2025-10-02 18:00,S2 FairVal,6761.25,133,897883,68162.5,0.15,68162.5,0.15,-63175,-0.14,6457900,6457.90
3200,Entry long,2025-10-02 16:30,S2 VWAP,6751,133,897883,68162.5,0.15,68162.5,0.15,-63175,-0.14,6457900,6457.90
3201,Exit long,2025-10-14 20:30,S1 Trail,6666.5,50,335000,-83750,-0.50,56250,0.34,-83750,-0.50,6374150,6374.15
3201,Entry long,2025-10-14 17:30,S1 Trend,6700,50,335000,-83750,-0.50,56250,0.34,-83750,-0.50,6374150,6374.15
3202,Exit long,2025-10-15 16:30,S1 Trail,6730,89,601662.25,-134612.5,-0.45,13350,0.04,-134612.5,-0.45,6239537.5,6239.54
3202,Entry long,2025-10-15 15:30,S1 Trend,6760.25,89,601662.25,-134612.5,-0.45,13350,0.04,-134612.5,-0.45,6239537.5,6239.54
3203,Exit long,2025-10-16 16:30,S1 Trail,6705.5,81,545454,-115425,-0.42,39487.5,0.14,-115425,-0.42,6124112.5,6124.11
3203,Entry long,2025-10-16 16:00,S1 Trend,6734,81,545454,-115425,-0.42,39487.5,0.14,-115425,-0.42,6124112.5,6124.11
3204,Exit long,2025-10-17 21:00,EOD,6703.75,43,287369,44612.5,0.31,75250,0.52,-91375,-0.64,6168725,6168.73
3204,Entry long,2025-10-17 15:30,S1 Trend,6683,43,287369,44612.5,0.31,75250,0.52,-91375,-0.64,6168725,6168.73
3205,Exit long,2025-10-20 21:00,EOD,6773.5,88,595166,45100,0.15,86900,0.29,-20900,-0.07,6213825,6213.83
3205,Entry long,2025-10-20 15:30,S1 Trend,6763.25,88,595166,45100,0.15,86900,0.29,-20900,-0.07,6213825,6213.83
3206,Exit long,2025-10-23 21:00,EOD,6774.5,75,507281.25,40312.5,0.16,82500,0.33,-4687.5,-0.02,6254137.5,6254.14
3206,Entry long,2025-10-23 17:30,S1 Trend,6763.75,75,507281.25,40312.5,0.16,82500,0.33,-4687.5,-0.02,6254137.5,6254.14
3207,Exit long,2025-10-24 21:00,EOD,6827.25,86,588089.5,-47300,-0.16,12900,0.04,-62350,-0.21,6206837.5,6206.84
3207,Entry long,2025-10-24 16:30,S1 Trend,6838.25,86,588089.5,-47300,-0.16,12900,0.04,-62350,-0.21,6206837.5,6206.84
3208,Exit long,2025-11-05 21:00,EOD,6824.25,67,458447.5,-61137.5,-0.27,51087.5,0.22,-65325,-0.28,6145700,6145.70
3208,Entry long,2025-11-05 17:00,S1 Trend,6842.5,67,458447.5,-61137.5,-0.27,51087.5,0.22,-65325,-0.28,6145700,6145.70
3209,Exit short,2025-11-07 19:00,S3 Scalp,6705.5,53,353881,-75525,-0.43,56975,0.32,-75525,-0.43,6070175,6070.17
3209,Entry short,2025-11-07 16:00,S3 Hedge,6677,53,353881,-75525,-0.43,56975,0.32,-75525,-0.43,6070175,6070.17
3210,Exit long,2025-11-10 16:00,S1 Trail,6800.5,98,669536,-154350,-0.46,4900,0.01,-154350,-0.46,5915825,5915.83
3210,Entry long,2025-11-10 15:30,S1 Trend,6832,98,669536,-154350,-0.46,4900,0.01,-154350,-0.46,5915825,5915.83
3211,Exit long,2025-11-10 21:00,EOD,6857,71,485480.25,68337.5,0.28,99400,0.41,-3550,-0.01,5984162.5,5984.16
3211,Entry long,2025-11-10 18:00,S1 Trend,6837.75,71,485480.25,68337.5,0.28,99400,0.41,-3550,-0.01,5984162.5,5984.16
3212,Exit long,2025-11-11 21:00,EOD,6872.75,92,630568,86250,0.27,118450,0.38,-4600,-0.01,6070412.5,6070.41
3212,Entry long,2025-11-11 17:30,S1 Trend,6854,92,630568,86250,0.27,118450,0.38,-4600,-0.01,6070412.5,6070.41
3213,Exit short,2025-11-13 21:00,EOD,6762,57,386602.5,58425,0.30,104025,0.54,-17812.5,-0.09,6128837.5,6128.84
3213,Entry short,2025-11-13 18:00,S3 Hedge,6782.5,57,386602.5,58425,0.30,104025,0.54,-17812.5,-0.09,6128837.5,6128.84
3214,Exit long,2025-11-19 16:00,S1 Trail,6647.75,58,388484,-145725,-0.75,8700,0.04,-145725,-0.75,5983112.5,5983.11
3214,Entry long,2025-11-19 15:30,S1 Trend,6698,58,388484,-145725,-0.75,8700,0.04,-145725,-0.75,5983112.5,5983.11
3215,Exit long,2025-11-20 16:00,S1 Trail,6741.25,58,393457.5,-123250,-0.63,21750,0.11,-123250,-0.63,5859862.5,5859.86
3215,Entry long,2025-11-20 15:30,S1 Trend,6783.75,58,393457.5,-123250,-0.63,21750,0.11,-123250,-0.63,5859862.5,5859.86
3216,Exit long,2025-11-21 21:00,EOD,6622.5,29,192973.25,-46037.5,-0.48,33712.5,0.35,-58362.5,-0.60,5813825,5813.83
3216,Entry long,2025-11-21 19:00,S1 Trend,6654.25,29,192973.25,-46037.5,-0.48,33712.5,0.35,-58362.5,-0.60,5813825,5813.83
3217,Exit long,2025-11-24 21:00,EOD,6718.5,52,347672,84500,0.49,118950,0.68,-13650,-0.08,5898325,5898.33
3217,Entry long,2025-11-24 15:30,S1 Trend,6686,52,347672,84500,0.49,118950,0.68,-13650,-0.08,5898325,5898.33
3218,Exit long,2025-11-25 21:00,EOD,6780.25,59,396981.5,152662.5,0.77,188800,0.95,-29500,-0.15,6050987.5,6050.99
3218,Entry long,2025-11-25 16:00,S1 Trend,6728.5,59,396981.5,152662.5,0.77,188800,0.95,-29500,-0.15,6050987.5,6050.99
3219,Exit long,2025-11-26 21:00,EOD,6825.5,92,627877,3450,0.01,101200,0.32,-4600,-0.01,6054437.5,6054.44
3219,Entry long,2025-11-26 16:00,S1 Trend,6824.75,92,627877,3450,0.01,101200,0.32,-4600,-0.01,6054437.5,6054.44
3220,Exit long,2025-12-01 20:30,S1 Trail,6820.5,72,492840,-88200,-0.36,38700,0.16,-88200,-0.36,5966237.5,5966.24
3220,Entry long,2025-12-01 17:00,S1 Trend,6845,72,492840,-88200,-0.36,38700,0.16,-88200,-0.36,5966237.5,5966.24
3221,Exit long,2025-12-05 21:00,EOD,6876.75,101,695637.5,-54287.5,-0.16,23987.5,0.07,-106050,-0.30,5911950,5911.95
3221,Entry long,2025-12-05 16:00,S1 Trend,6887.5,101,695637.5,-54287.5,-0.16,23987.5,0.07,-106050,-0.30,5911950,5911.95
