Trade #,Type,Date/Time,Signal,Price USD,Position size (qty),Position size (value),Net P&L USD,Net P&L %,Run-up USD,Run-up %,Drawdown USD,Drawdown %,Cumulative P&L USD,Cumulative P&L %
1,Exit long,2000-01-07 21:00,EOD,2091.75,3,6174.75,5025,1.63,5025,1.63,-187.5,-0.06,5025,5.03
1,Entry long,2000-01-07 15:00,S1 Trend,2058.25,3,6174.75,5025,1.63,5025,1.63,-187.5,-0.06,5025,5.03
2,Exit long,2000-01-13 21:00,EOD,2097,4,8393,-250,-0.06,900,0.21,-800,-0.19,4775,4.78
2,Entry long,2000-01-13 19:30,S1 Trend,2098.25,4,8393,-250,-0.06,900,0.21,-800,-0.19,4775,4.78
3,Exit long,2000-01-14 17:00,S1 Trail,2108.5,5,10587.5,-2250,-0.43,875,0.17,-2250,-0.43,2525,2.53
3,Entry long,2000-01-14 15:00,S1 Trend,2117.5,5,10587.5,-2250,-0.43,875,0.17,-2250,-0.43,2525,2.53
4,Exit long,2000-01-18 21:00,EOD,2102.75,5,10537.5,-1187.5,-0.23,1250,0.24,-1562.5,-0.30,1337.5,1.34
4,Entry long,2000-01-18 20:00,S1 Trend,2107.5,5,10537.5,-1187.5,-0.23,1250,0.24,-1562.5,-0.30,1337.5,1.34
5,Exit long,2000-01-19 20:00,S1 Trail,2098.25,5,10536.25,-2250,-0.43,687.5,0.13,-2250,-0.43,-912.5,-0.91
5,Entry long,2000-01-19 15:30,S1 Trend,2107.25,5,10536.25,-2250,-0.43,687.5,0.13,-2250,-0.43,-912.5,-0.91
6,Exit long,2000-01-27 16:30,S1 Trail,2054,6,12367.5,-2175,-0.35,975,0.16,-2175,-0.35,-3087.5,-3.09
6,Entry long,2000-01-27 15:30,S1 Trend,2061.25,6,12367.5,-2175,-0.35,975,0.16,-2175,-0.35,-3087.5,-3.09
7,Exit long,2000-02-01 21:00,EOD,2052.25,4,8138,3550,0.87,4650,1.14,-50,-0.01,462.5,0.46
7,Entry long,2000-02-01 17:00,S1 Trend,2034.5,4,8138,3550,0.87,4650,1.14,-50,-0.01,462.5,0.46
8,Exit long,2000-02-02 19:00,S1 Trail,2048.25,6,12348,-2925,-0.47,2250,0.36,-2925,-0.47,-2462.5,-2.46
8,Entry long,2000-02-02 17:00,S1 Trend,2058,6,12348,-2925,-0.47,2250,0.36,-2925,-0.47,-2462.5,-2.46
9,Exit long,2000-02-02 21:00,EOD,2051,4,8208,-200,-0.05,2600,0.63,-300,-0.07,-2662.5,-2.66
9,Entry long,2000-02-02 19:30,S1 Trend,2052,4,8208,-200,-0.05,2600,0.63,-300,-0.07,-2662.5,-2.66
10,Exit long,2000-02-03 16:30,S1 Trail,2052.25,6,12364.5,-2550,-0.41,900,0.15,-2550,-0.41,-5212.5,-5.21
10,Entry long,2000-02-03 15:00,S1 Trend,2060.75,6,12364.5,-2550,-0.41,900,0.15,-2550,-0.41,-5212.5,-5.21
11,Exit long,2000-02-03 18:30,S2 FairVal,2059,3,6169.5,375,0.12,937.5,0.30,-262.5,-0.09,-4837.5,-4.84
11,Entry long,2000-02-03 18:00,S2 VWAP,2056.5,3,6169.5,375,0.12,937.5,0.30,-262.5,-0.09,-4837.5,-4.84
12,Exit long,2000-02-03 21:00,EOD,2068.5,3,6201,225,0.07,375,0.12,-1237.5,-0.40,-4612.5,-4.61
12,Entry long,2000-02-03 20:00,S1 Trend,2067,3,6201,225,0.07,375,0.12,-1237.5,-0.40,-4612.5,-4.61
13,Exit long,2000-02-08 15:30,S1 Climax,2083.75,1,2083.75,0,0.00,62.5,0.06,-137.5,-0.13,-4612.5,-4.61
13,Entry long,2000-02-08 15:00,S1 Trend,2083.75,1,2083.75,0,0.00,62.5,0.06,-137.5,-0.13,-4612.5,-4.61
14,Exit long,2000-02-08 21:00,EOD,2084.75,5,10418.75,250,0.05,437.5,0.08,-1625,-0.31,-4362.5,-4.36
14,Entry long,2000-02-08 15:00,S1 Trend,2083.75,5,10418.75,250,0.05,437.5,0.08,-1625,-0.31,-4362.5,-4.36
15,Exit short,2000-02-10 16:30,S3 Scalp,2057,5,10251.25,-1687.5,-0.33,62.5,0.01,-1937.5,-0.38,-6050,-6.05
15,Entry short,2000-02-10 16:00,S3 Hedge,2050.25,5,10251.25,-1687.5,-0.33,62.5,0.01,-1937.5,-0.38,-6050,-6.05
16,Exit long,2000-02-15 21:00,EOD,2045,3,6128.25,337.5,0.11,1200,0.39,-112.5,-0.04,-5712.5,-5.71
16,Entry long,2000-02-15 20:00,S1 Trend,2042.75,3,6128.25,337.5,0.11,1200,0.39,-112.5,-0.04,-5712.5,-5.71
17,Exit short,2000-02-18 19:30,S3 Scalp,1994.75,4,8037,2900,0.72,2900,0.72,-100,-0.02,-2812.5,-2.81
17,Entry short,2000-02-18 17:30,S3 Hedge,2009.25,4,8037,2900,0.72,2900,0.72,-100,-0.02,-2812.5,-2.81
18,Exit short,2000-02-18 21:00,EOD,1989.5,3,5976.75,412.5,0.14,1087.5,0.36,-787.5,-0.26,-2400,-2.40
18,Entry short,2000-02-18 20:00,S3 Hedge,1992.25,3,5976.75,412.5,0.14,1087.5,0.36,-787.5,-0.26,-2400,-2.40
19,Exit long,2000-02-23 21:00,EOD,2001.5,4,8015,-450,-0.11,1300,0.32,-900,-0.22,-2850,-2.85
19,Entry long,2000-02-23 19:00,S1 Trend,2003.75,4,8015,-450,-0.11,1300,0.32,-900,-0.22,-2850,-2.85
20,Exit long,2000-02-25 15:30,S2 FairVal,1996.75,6,11977.5,150,0.03,1875,0.31,-825,-0.14,-2700,-2.70
20,Entry long,2000-02-25 15:00,S2 VWAP,1996.25,6,11977.5,150,0.03,1875,0.31,-825,-0.14,-2700,-2.70
21,Exit long,2000-02-28 21:00,EOD,1985.5,2,3997.5,-1325,-0.66,325,0.16,-1325,-0.66,-4025,-4.03
21,Entry long,2000-02-28 20:00,S1 Trend,1998.75,2,3997.5,-1325,-0.66,325,0.16,-1325,-0.66,-4025,-4.03
22,Exit long,2000-02-29 21:00,EOD,2003.5,6,11983.5,1875,0.31,3825,0.64,-975,-0.16,-2150,-2.15
22,Entry long,2000-02-29 15:30,S1 Trend,1997.25,6,11983.5,1875,0.31,3825,0.64,-975,-0.16,-2150,-2.15
23,Exit long,2000-03-01 19:00,S1 Trail,2008,6,12087,-1950,-0.32,1425,0.24,-1950,-0.32,-4100,-4.10
23,Entry long,2000-03-01 15:30,S1 Trend,2014.5,6,12087,-1950,-0.32,1425,0.24,-1950,-0.32,-4100,-4.10
24,Exit short,2000-03-02 15:30,S3 Scalp,2018.25,8,16112,-1700,-0.21,200,0.02,-3500,-0.43,-5800,-5.80
24,Entry short,2000-03-02 15:00,S3 Hedge,2014,8,16112,-1700,-0.21,200,0.02,-3500,-0.43,-5800,-5.80
25,Exit long,2000-03-02 17:30,S1 Trail,2013,6,12135,-2850,-0.47,150,0.02,-2850,-0.47,-8650,-8.65
25,Entry long,2000-03-02 16:30,S1 Trend,2022.5,6,12135,-2850,-0.47,150,0.02,-2850,-0.47,-8650,-8.65
26,Exit long,2000-03-02 19:00,S2 FairVal,2017.25,4,8055,700,0.17,700,0.17,-400,-0.10,-7950,-7.95
26,Entry long,2000-03-02 18:30,S2 VWAP,2013.75,4,8055,700,0.17,700,0.17,-400,-0.10,-7950,-7.95
27,Exit long,2000-03-03 16:30,S1 Climax,2040.5,1,2036,225,0.22,250,0.25,-62.5,-0.06,-7725,-7.72
27,Entry long,2000-03-03 15:30,S1 Trend,2036,1,2036,225,0.22,250,0.25,-62.5,-0.06,-7725,-7.72
28,Exit long,2000-03-03 17:00,S1 Climax,2044.25,1,2036,412.5,0.41,500,0.49,-62.5,-0.06,-7312.5,-7.31
28,Entry long,2000-03-03 15:30,S1 Trend,2036,1,2036,412.5,0.41,500,0.49,-62.5,-0.06,-7312.5,-7.31
29,Exit long,2000-03-03 17:30,S1 Climax,2049.75,1,2036,687.5,0.68,725,0.71,-62.5,-0.06,-6625,-6.62
29,Entry long,2000-03-03 15:30,S1 Trend,2036,1,2036,687.5,0.68,725,0.71,-62.5,-0.06,-6625,-6.62
30,Exit long,2000-03-03 21:00,EOD,2048.75,2,4072,1275,0.63,1450,0.71,-125,-0.06,-5350,-5.35
30,Entry long,2000-03-03 15:30,S1 Trend,2036,2,4072,1275,0.63,1450,0.71,-125,-0.06,-5350,-5.35
31,Exit long,2000-03-06 15:30,S2 FairVal,2039.5,10,20437.5,-2125,-0.21,875,0.09,-2125,-0.21,-7475,-7.47
31,Entry long,2000-03-06 15:00,S2 VWAP,2043.75,10,20437.5,-2125,-0.21,875,0.09,-2125,-0.21,-7475,-7.47
32,Exit long,2000-03-06 19:30,S2 FairVal,2031.25,6,12225,-1875,-0.31,1050,0.17,-1875,-0.31,-9350,-9.35
32,Entry long,2000-03-06 18:00,S2 VWAP,2037.5,6,12225,-1875,-0.31,1050,0.17,-1875,-0.31,-9350,-9.35
33,Exit short,2000-03-08 16:30,S3 Scalp,1994,4,7948,-1400,-0.35,500,0.13,-1850,-0.47,-10750,-10.75
33,Entry short,2000-03-08 16:00,S3 Hedge,1987,4,7948,-1400,-0.35,500,0.13,-1850,-0.47,-10750,-10.75
34,Exit long,2000-03-09 21:00,EOD,2038,4,8058,4700,1.17,4700,1.17,-800,-0.20,-6050,-6.05
34,Entry long,2000-03-09 16:00,S1 Trend,2014.5,4,8058,4700,1.17,4700,1.17,-800,-0.20,-6050,-6.05
35,Exit long,2000-03-10 16:30,S1 Trail,2041.25,6,12267,-975,-0.16,2100,0.34,-975,-0.16,-7025,-7.02
35,Entry long,2000-03-10 15:00,S1 Trend,2044.5,6,12267,-975,-0.16,2100,0.34,-975,-0.16,-7025,-7.02
36,Exit long,2000-03-10 18:30,S2 FairVal,2042,4,8145,1150,0.28,1150,0.28,-300,-0.07,-5875,-5.87
36,Entry long,2000-03-10 17:30,S2 VWAP,2036.25,4,8145,1150,0.28,1150,0.28,-300,-0.07,-5875,-5.87
37,Exit long,2000-03-13 20:00,S1 Trail,2015,2,4050,-1000,-0.49,1075,0.53,-1000,-0.49,-6875,-6.88
37,Entry long,2000-03-13 16:00,S1 Trend,2025,2,4050,-1000,-0.49,1075,0.53,-1000,-0.49,-6875,-6.88
38,Exit long,2000-03-14 16:30,S1 Trail,2019.5,5,10118.75,-1062.5,-0.21,1687.5,0.33,-1062.5,-0.21,-7937.5,-7.94
38,Entry long,2000-03-14 15:00,S1 Trend,2023.75,5,10118.75,-1062.5,-0.21,1687.5,0.33,-1062.5,-0.21,-7937.5,-7.94
39,Exit long,2000-03-15 19:30,S1 Climax,2029.25,1,2018.25,550,0.55,562.5,0.56,-137.5,-0.14,-7387.5,-7.39
39,Entry long,2000-03-15 18:30,S1 Trend,2018.25,1,2018.25,550,0.55,562.5,0.56,-137.5,-0.14,-7387.5,-7.39
40,Exit long,2000-03-15 21:00,EOD,2026.75,2,4036.5,850,0.42,1725,0.85,-275,-0.14,-6537.5,-6.54
40,Entry long,2000-03-15 18:30,S1 Trend,2018.25,2,4036.5,850,0.42,1725,0.85,-275,-0.14,-6537.5,-6.54
41,Exit long,2000-03-16 16:30,S1 Climax,2052.5,1,2046,325,0.32,325,0.32,-250,-0.24,-6212.5,-6.21
41,Entry long,2000-03-16 15:00,S1 Trend,2046,1,2046,325,0.32,325,0.32,-250,-0.24,-6212.5,-6.21
42,Exit long,2000-03-16 17:00,S1 Climax,2067.5,1,2046,1075,1.05,1312.5,1.28,-250,-0.24,-5137.5,-5.14
42,Entry long,2000-03-16 15:00,S1 Trend,2046,1,2046,1075,1.05,1312.5,1.28,-250,-0.24,-5137.5,-5.14
43,Exit long,2000-03-16 17:30,S1 Climax,2072.75,1,2046,1337.5,1.31,1400,1.37,-250,-0.24,-3800,-3.80
43,Entry long,2000-03-16 15:00,S1 Trend,2046,1,2046,1337.5,1.31,1400,1.37,-250,-0.24,-3800,-3.80
44,Exit long,2000-03-16 18:00,S1 Climax,2072.75,1,2046,1337.5,1.31,1675,1.64,-250,-0.24,-2462.5,-2.46
44,Entry long,2000-03-16 15:00,S1 Trend,2046,1,2046,1337.5,1.31,1675,1.64,-250,-0.24,-2462.5,-2.46
45,Exit long,2000-03-16 18:30,S1 Climax,2068.5,1,2046,1125,1.10,1675,1.64,-250,-0.24,-1337.5,-1.34
45,Entry long,2000-03-16 15:00,S1 Trend,2046,1,2046,1125,1.10,1675,1.64,-250,-0.24,-1337.5,-1.34
46,Exit long,2000-03-16 20:30,S1 Climax,2091.75,1,2086.5,262.5,0.25,550,0.53,-100,-0.10,-1075,-1.07
46,Entry long,2000-03-16 20:00,S1 Trend,2086.5,1,2086.5,262.5,0.25,550,0.53,-100,-0.10,-1075,-1.07
47,Exit long,2000-03-16 21:00,EOD,2097.25,1,2086.5,537.5,0.52,600,0.58,-100,-0.10,-537.5,-0.54
47,Entry long,2000-03-16 20:00,S1 Trend,2086.5,1,2086.5,537.5,0.52,600,0.58,-100,-0.10,-537.5,-0.54
48,Exit long,2000-03-17 17:00,S1 Trail,2100.25,4,8421,-1000,-0.24,2100,0.50,-1000,-0.24,-1537.5,-1.54
48,Entry long,2000-03-17 15:30,S1 Trend,2105.25,4,8421,-1000,-0.24,2100,0.50,-1000,-0.24,-1537.5,-1.54
49,Exit long,2000-03-20 21:00,EOD,2094.5,4,8368,500,0.12,900,0.22,-650,-0.16,-1037.5,-1.04
49,Entry long,2000-03-20 20:00,S2 VWAP,2092,4,8368,500,0.12,900,0.22,-650,-0.16,-1037.5,-1.04
50,Exit long,2000-03-21 21:00,EOD,2132,5,10490,8500,1.62,8562.5,1.63,-375,-0.07,7462.5,7.46
50,Entry long,2000-03-21 15:30,S1 Trend,2098,5,10490,8500,1.62,8562.5,1.63,-375,-0.07,7462.5,7.46
51,Exit long,2000-03-22 16:30,S1 Trail,2126.75,7,14936.25,-2450,-0.33,962.5,0.13,-2450,-0.33,5012.5,5.01
51,Entry long,2000-03-22 15:30,S1 Trend,2133.75,7,14936.25,-2450,-0.33,962.5,0.13,-2450,-0.33,5012.5,5.01
52,Exit long,2000-03-22 21:00,EOD,2135.5,4,8543,-50,-0.01,1500,0.35,-250,-0.06,4962.5,4.96
52,Entry long,2000-03-22 20:00,S1 Trend,2135.75,4,8543,-50,-0.01,1500,0.35,-250,-0.06,4962.5,4.96
53,Exit long,2000-03-23 19:00,S1 Climax,2165.5,1,2140.5,1250,1.17,1300,1.21,-187.5,-0.18,6212.5,6.21
53,Entry long,2000-03-23 16:00,S1 Trend,2140.5,1,2140.5,1250,1.17,1300,1.21,-187.5,-0.18,6212.5,6.21
54,Exit long,2000-03-23 19:30,S1 Climax,2170.5,1,2140.5,1500,1.40,1525,1.42,-187.5,-0.18,7712.5,7.71
54,Entry long,2000-03-23 16:00,S1 Trend,2140.5,1,2140.5,1500,1.40,1525,1.42,-187.5,-0.18,7712.5,7.71
55,Exit long,2000-03-23 21:00,EOD,2164.5,4,8562,4800,1.12,6100,1.42,-750,-0.18,12512.5,12.51
55,Entry long,2000-03-23 16:00,S1 Trend,2140.5,4,8562,4800,1.12,6100,1.42,-750,-0.18,12512.5,12.51
56,Exit long,2000-03-24 16:00,S1 Climax,2187.75,2,4337.5,1900,0.88,2350,1.08,-50,-0.02,14412.5,14.41
56,Entry long,2000-03-24 15:00,S1 Trend,2168.75,2,4337.5,1900,0.88,2350,1.08,-50,-0.02,14412.5,14.41
57,Exit long,2000-03-24 17:00,S1 Trail,2179.25,5,10843.75,2625,0.48,5875,1.08,-125,-0.02,17037.5,17.04
57,Entry long,2000-03-24 15:00,S1 Trend,2168.75,5,10843.75,2625,0.48,5875,1.08,-125,-0.02,17037.5,17.04
58,Exit long,2000-03-27 18:00,S2 FairVal,2164.5,6,12979.5,375,0.06,525,0.08,-1125,-0.17,17412.5,17.41
58,Entry long,2000-03-27 17:30,S2 VWAP,2163.25,6,12979.5,375,0.06,525,0.08,-1125,-0.17,17412.5,17.41
59,Exit long,2000-03-29 17:00,S1 Trail,2144.75,7,15074.5,-3062.5,-0.41,612.5,0.08,-3062.5,-0.41,14350,14.35
59,Entry long,2000-03-29 16:30,S1 Trend,2153.5,7,15074.5,-3062.5,-0.41,612.5,0.08,-3062.5,-0.41,14350,14.35
60,Exit long,2000-03-31 22:00,EOD,2136.25,3,6421.5,-637.5,-0.20,2437.5,0.76,-637.5,-0.20,13712.5,13.71
60,Entry long,2000-03-31 20:00,S1 Trend,2140.5,3,6421.5,-637.5,-0.20,2437.5,0.76,-637.5,-0.20,13712.5,13.71
61,Exit long,2000-04-03 15:30,S1 Trail,2127,6,12838.5,-3825,-0.60,300,0.05,-5925,-0.92,9887.5,9.89
61,Entry long,2000-04-03 15:00,S1 Trend,2139.75,6,12838.5,-3825,-0.60,300,0.05,-5925,-0.92,9887.5,9.89
62,Exit long,2000-04-04 15:30,S1 Trail,2151.75,7,15093.75,-1575,-0.21,2275,0.30,-1575,-0.21,8312.5,8.31
62,Entry long,2000-04-04 15:00,S1 Trend,2156.25,7,15093.75,-1575,-0.21,2275,0.30,-1575,-0.21,8312.5,8.31
63,Exit long,2000-04-06 16:00,S1 Climax,2143.5,1,2134,475,0.45,737.5,0.69,-37.5,-0.04,8787.5,8.79
63,Entry long,2000-04-06 15:00,S1 Trend,2134,1,2134,475,0.45,737.5,0.69,-37.5,-0.04,8787.5,8.79
64,Exit long,2000-04-06 17:00,S1 Trail,2135,5,10670,250,0.05,3687.5,0.69,-187.5,-0.04,9037.5,9.04
64,Entry long,2000-04-06 15:00,S1 Trend,2134,5,10670,250,0.05,3687.5,0.69,-187.5,-0.04,9037.5,9.04
65,Exit long,2000-04-07 19:00,S1 Trail,2139.25,5,10698.75,-125,-0.02,3312.5,0.62,-625,-0.12,8912.5,8.91
65,Entry long,2000-04-07 15:00,S1 Trend,2139.75,5,10698.75,-125,-0.02,3312.5,0.62,-625,-0.12,8912.5,8.91
66,Exit long,2000-04-10 17:30,S1 Trail,2152.25,7,15081.5,-787.5,-0.10,2625,0.35,-787.5,-0.10,8125,8.13
66,Entry long,2000-04-10 16:00,S1 Trend,2154.5,7,15081.5,-787.5,-0.10,2625,0.35,-787.5,-0.10,8125,8.13
67,Exit long,2000-04-11 20:00,S1 Trail,2128.75,3,6423.75,-1875,-0.58,900,0.28,-1875,-0.58,6250,6.25
67,Entry long,2000-04-11 17:00,S1 Trend,2141.25,3,6423.75,-1875,-0.58,900,0.28,-1875,-0.58,6250,6.25
68,Exit short,2000-04-14 19:30,S3 Scalp,1998.75,2,4068,3525,1.73,3525,1.73,-150,-0.07,9775,9.78
68,Entry short,2000-04-14 16:30,S3 Hedge,2034,2,4068,3525,1.73,3525,1.73,-150,-0.07,9775,9.78
69,Exit short,2000-04-14 21:00,EOD,1980.5,1,2003.5,1150,1.15,1925,1.92,-75,-0.07,10925,10.93
69,Entry short,2000-04-14 20:00,S3 Hedge,2003.5,1,2003.5,1150,1.15,1925,1.92,-75,-0.07,10925,10.93
70,Exit long,2000-04-18 17:30,S1 Climax,2060.5,1,2038.5,1100,1.08,1250,1.23,-187.5,-0.18,12025,12.03
70,Entry long,2000-04-18 15:00,S1 Trend,2038.5,1,2038.5,1100,1.08,1250,1.23,-187.5,-0.18,12025,12.03
71,Exit long,2000-04-18 21:00,EOD,2069,3,6115.5,4575,1.50,4687.5,1.53,-562.5,-0.18,16600,16.60
71,Entry long,2000-04-18 15:00,S1 Trend,2038.5,3,6115.5,4575,1.50,4687.5,1.53,-562.5,-0.18,16600,16.60
72,Exit long,2000-04-19 18:30,S1 Trail,2062,6,12378,-300,-0.05,4500,0.73,-1575,-0.25,16300,16.30
72,Entry long,2000-04-19 15:00,S1 Trend,2063,6,12378,-300,-0.05,4500,0.73,-1575,-0.25,16300,16.30
73,Exit long,2000-04-19 21:00,EOD,2058,3,6195.75,-1087.5,-0.35,187.5,0.06,-1800,-0.58,15212.5,15.21
73,Entry long,2000-04-19 19:30,S2 VWAP,2065.25,3,6195.75,-1087.5,-0.35,187.5,0.06,-1800,-0.58,15212.5,15.21
74,Exit long,2000-04-25 15:30,S1 Climax,2077,1,2078.5,-75,-0.07,75,0.07,-325,-0.31,15137.5,15.14
74,Entry long,2000-04-25 15:00,S1 Trend,2078.5,1,2078.5,-75,-0.07,75,0.07,-325,-0.31,15137.5,15.14
75,Exit long,2000-04-25 16:00,S1 Climax,2082,1,2078.5,175,0.17,262.5,0.25,-325,-0.31,15312.5,15.31
75,Entry long,2000-04-25 15:00,S1 Trend,2078.5,1,2078.5,175,0.17,262.5,0.25,-325,-0.31,15312.5,15.31
76,Exit long,2000-04-25 16:30,S1 Climax,2083.5,1,2078.5,250,0.24,425,0.41,-325,-0.31,15562.5,15.56
76,Entry long,2000-04-25 15:00,S1 Trend,2078.5,1,2078.5,250,0.24,425,0.41,-325,-0.31,15562.5,15.56
77,Exit long,2000-04-25 17:00,S1 Climax,2086,1,2078.5,375,0.36,425,0.41,-325,-0.31,15937.5,15.94
77,Entry long,2000-04-25 15:00,S1 Trend,2078.5,1,2078.5,375,0.36,425,0.41,-325,-0.31,15937.5,15.94
78,Exit long,2000-04-25 17:30,S1 Climax,2085.75,1,2078.5,362.5,0.35,562.5,0.54,-325,-0.31,16300,16.30
78,Entry long,2000-04-25 15:00,S1 Trend,2078.5,1,2078.5,362.5,0.35,562.5,0.54,-325,-0.31,16300,16.30
79,Exit long,2000-04-25 18:30,S1 Climax,2089,1,2078.5,525,0.51,562.5,0.54,-325,-0.31,16825,16.83
79,Entry long,2000-04-25 15:00,S1 Trend,2078.5,1,2078.5,525,0.51,562.5,0.54,-325,-0.31,16825,16.83
80,Exit long,2000-04-25 19:30,S1 Climax,2099,1,2091.25,387.5,0.37,400,0.38,-12.5,-0.01,17212.5,17.21
80,Entry long,2000-04-25 19:00,S1 Trend,2091.25,1,2091.25,387.5,0.37,400,0.38,-12.5,-0.01,17212.5,17.21
81,Exit long,2000-04-25 20:00,S1 Climax,2096.75,1,2091.25,275,0.26,412.5,0.39,-12.5,-0.01,17487.5,17.49
81,Entry long,2000-04-25 19:00,S1 Trend,2091.25,1,2091.25,275,0.26,412.5,0.39,-12.5,-0.01,17487.5,17.49
82,Exit long,2000-04-25 20:30,S1 Climax,2098,1,2091.25,337.5,0.32,562.5,0.54,-12.5,-0.01,17825,17.83
82,Entry long,2000-04-25 19:00,S1 Trend,2091.25,1,2091.25,337.5,0.32,562.5,0.54,-12.5,-0.01,17825,17.83
83,Exit long,2000-04-25 21:00,EOD,2105.5,2,4182.5,1425,0.68,1450,0.69,-25,-0.01,19250,19.25
83,Entry long,2000-04-25 19:00,S1 Trend,2091.25,2,4182.5,1425,0.68,1450,0.69,-25,-0.01,19250,19.25
84,Exit long,2000-04-26 16:30,S1 Trail,2100.25,7,14773.5,-3587.5,-0.49,175,0.02,-3587.5,-0.49,15662.5,15.66
84,Entry long,2000-04-26 16:00,S1 Trend,2110.5,7,14773.5,-3587.5,-0.49,175,0.02,-3587.5,-0.49,15662.5,15.66
85,Exit long,2000-04-26 20:30,S2 FairVal,2088.75,5,10490,-2312.5,-0.44,1250,0.24,-2312.5,-0.44,13350,13.35
85,Entry long,2000-04-26 18:00,S2 VWAP,2098,5,10490,-2312.5,-0.44,1250,0.24,-2312.5,-0.44,13350,13.35
86,Exit long,2000-04-27 21:00,EOD,2092,3,6282,-300,-0.10,712.5,0.23,-1387.5,-0.44,13050,13.05
86,Entry long,2000-04-27 19:30,S1 Trend,2094,3,6282,-300,-0.10,712.5,0.23,-1387.5,-0.44,13050,13.05
87,Exit long,2000-05-01 16:30,S1 Climax,2098.5,2,4175,1100,0.53,1250,0.60,-150,-0.07,14150,14.15
87,Entry long,2000-05-01 15:30,S1 Trend,2087.5,2,4175,1100,0.53,1250,0.60,-150,-0.07,14150,14.15
88,Exit long,2000-05-01 17:00,S1 Climax,2101.25,1,2087.5,687.5,0.66,737.5,0.71,-75,-0.07,14837.5,14.84
88,Entry long,2000-05-01 15:30,S1 Trend,2087.5,1,2087.5,687.5,0.66,737.5,0.71,-75,-0.07,14837.5,14.84
89,Exit long,2000-05-01 18:00,S1 Trail,2091.5,4,8350,800,0.19,3050,0.73,-300,-0.07,15637.5,15.64
89,Entry long,2000-05-01 15:30,S1 Trend,2087.5,4,8350,800,0.19,3050,0.73,-300,-0.07,15637.5,15.64
90,Exit long,2000-05-01 20:30,S1 Trail,2095.5,5,10517.5,-2000,-0.38,1812.5,0.34,-2000,-0.38,13637.5,13.64
90,Entry long,2000-05-01 19:30,S1 Trend,2103.5,5,10517.5,-2000,-0.38,1812.5,0.34,-2000,-0.38,13637.5,13.64
91,Exit long,2000-05-02 19:00,S1 Trail,2081.75,5,10460,-2562.5,-0.49,500,0.10,-2562.5,-0.49,11075,11.08
91,Entry long,2000-05-02 18:00,S1 Trend,2092,5,10460,-2562.5,-0.49,500,0.10,-2562.5,-0.49,11075,11.08
92,Exit short,2000-05-03 18:00,S3 Scalp,2036.5,5,10253.75,3562.5,0.69,3562.5,0.69,-62.5,-0.01,14637.5,14.64
92,Entry short,2000-05-03 16:00,S3 Hedge,2050.75,5,10253.75,3562.5,0.69,3562.5,0.69,-62.5,-0.01,14637.5,14.64
93,Exit short,2000-05-03 20:30,S3 Scalp,2041.75,3,6096,-1462.5,-0.48,1425,0.47,-1462.5,-0.48,13175,13.18
93,Entry short,2000-05-03 20:00,S3 Hedge,2032,3,6096,-1462.5,-0.48,1425,0.47,-1462.5,-0.48,13175,13.18
94,Exit long,2000-05-05 21:00,EOD,2058.25,3,6162.75,600,0.19,1462.5,0.47,-600,-0.19,13775,13.78
94,Entry long,2000-05-05 15:30,S1 Trend,2054.25,3,6162.75,600,0.19,1462.5,0.47,-600,-0.19,13775,13.78
95,Exit long,2000-05-08 18:00,S1 Trail,2047.25,7,14393.75,-3150,-0.44,437.5,0.06,-3150,-0.44,10625,10.63
95,Entry long,2000-05-08 16:00,S1 Trend,2056.25,7,14393.75,-3150,-0.44,437.5,0.06,-3150,-0.44,10625,10.63
96,Exit short,2000-05-10 19:00,S3 Scalp,2011.5,4,8015,-1550,-0.39,550,0.14,-1550,-0.39,9075,9.07
96,Entry short,2000-05-10 18:30,S3 Hedge,2003.75,4,8015,-1550,-0.39,550,0.14,-1550,-0.39,9075,9.07
97,Exit long,2000-05-11 21:00,EOD,2033.5,4,8122,600,0.15,1300,0.32,-1400,-0.34,9675,9.68
97,Entry long,2000-05-11 16:00,S1 Trend,2030.5,4,8122,600,0.15,1300,0.32,-1400,-0.34,9675,9.68
98,Exit long,2000-05-12 15:30,S1 Climax,2048.75,1,2048,37.5,0.04,250,0.24,-50,-0.05,9712.5,9.71
98,Entry long,2000-05-12 15:00,S1 Trend,2048,1,2048,37.5,0.04,250,0.24,-50,-0.05,9712.5,9.71
99,Exit long,2000-05-12 16:00,S1 Climax,2051.75,1,2048,187.5,0.18,300,0.29,-50,-0.05,9900,9.90
99,Entry long,2000-05-12 15:00,S1 Trend,2048,1,2048,187.5,0.18,300,0.29,-50,-0.05,9900,9.90
100,Exit long,2000-05-12 16:30,S1 Climax,2052.25,1,2048,212.5,0.21,300,0.29,-50,-0.05,10112.5,10.11
100,Entry long,2000-05-12 15:00,S1 Trend,2048,1,2048,212.5,0.21,300,0.29,-50,-0.05,10112.5,10.11
101,Exit long,2000-05-12 17:00,S1 Climax,2055.5,1,2048,375,0.37,437.5,0.43,-50,-0.05,10487.5,10.49
101,Entry long,2000-05-12 15:00,S1 Trend,2048,1,2048,375,0.37,437.5,0.43,-50,-0.05,10487.5,10.49
102,Exit long,2000-05-12 19:30,S1 Trail,2045,2,4096,-300,-0.15,875,0.43,-300,-0.15,10187.5,10.19
102,Entry long,2000-05-12 15:00,S1 Trend,2048,2,4096,-300,-0.15,875,0.43,-300,-0.15,10187.5,10.19
103,Exit long,2000-05-15 21:00,EOD,2075.75,5,10293.75,4250,0.83,4625,0.90,-437.5,-0.09,14437.5,14.44
103,Entry long,2000-05-15 17:00,S1 Trend,2058.75,5,10293.75,4250,0.83,4625,0.90,-437.5,-0.09,14437.5,14.44
104,Exit long,2000-05-16 15:30,S1 Climax,2092,2,4182,100,0.05,200,0.10,-275,-0.13,14537.5,14.54
104,Entry long,2000-05-16 15:00,S1 Trend,2091,2,4182,100,0.05,200,0.10,-275,-0.13,14537.5,14.54
105,Exit long,2000-05-16 16:00,S1 Climax,2090.5,1,2091,-25,-0.02,137.5,0.13,-137.5,-0.13,14512.5,14.51
105,Entry long,2000-05-16 15:00,S1 Trend,2091,1,2091,-25,-0.02,137.5,0.13,-137.5,-0.13,14512.5,14.51
106,Exit long,2000-05-16 16:30,S1 Climax,2092.5,1,2091,75,0.07,137.5,0.13,-137.5,-0.13,14587.5,14.59
106,Entry long,2000-05-16 15:00,S1 Trend,2091,1,2091,75,0.07,137.5,0.13,-137.5,-0.13,14587.5,14.59
107,Exit long,2000-05-16 17:00,S1 Climax,2092.75,1,2091,87.5,0.08,287.5,0.27,-137.5,-0.13,14675,14.68
107,Entry long,2000-05-16 15:00,S1 Trend,2091,1,2091,87.5,0.08,287.5,0.27,-137.5,-0.13,14675,14.68
108,Exit long,2000-05-16 17:30,S1 Climax,2092.25,1,2091,62.5,0.06,287.5,0.27,-137.5,-0.13,14737.5,14.74
108,Entry long,2000-05-16 15:00,S1 Trend,2091,1,2091,62.5,0.06,287.5,0.27,-137.5,-0.13,14737.5,14.74
109,Exit long,2000-05-16 18:30,S1 Climax,2093,1,2091,100,0.10,287.5,0.27,-137.5,-0.13,14837.5,14.84
109,Entry long,2000-05-16 15:00,S1 Trend,2091,1,2091,100,0.10,287.5,0.27,-137.5,-0.13,14837.5,14.84
110,Exit long,2000-05-18 15:30,S1 Trail,2073.75,7,14549.5,-1662.5,-0.23,1837.5,0.25,-1662.5,-0.23,13175,13.18
110,Entry long,2000-05-18 15:00,S1 Trend,2078.5,7,14549.5,-1662.5,-0.23,1837.5,0.25,-1662.5,-0.23,13175,13.18
111,Exit long,2000-05-25 19:00,S1 Trail,2023,6,12193.5,-2775,-0.46,525,0.09,-2775,-0.46,10400,10.40
111,Entry long,2000-05-25 15:00,S1 Trend,2032.25,6,12193.5,-2775,-0.46,525,0.09,-2775,-0.46,10400,10.40
112,Exit long,2000-05-30 16:00,S1 Climax,2023.75,2,4037.5,500,0.25,575,0.28,-100,-0.05,10900,10.90
112,Entry long,2000-05-30 15:30,S1 Trend,2018.75,2,4037.5,500,0.25,575,0.28,-100,-0.05,10900,10.90
113,Exit long,2000-05-30 18:30,S1 Climax,2027.75,1,2018.75,450,0.45,475,0.47,-50,-0.05,11350,11.35
113,Entry long,2000-05-30 15:30,S1 Trend,2018.75,1,2018.75,450,0.45,475,0.47,-50,-0.05,11350,11.35
114,Exit long,2000-05-30 20:00,S1 Climax,2033.75,1,2018.75,750,0.74,900,0.89,-50,-0.05,12100,12.10
114,Entry long,2000-05-30 15:30,S1 Trend,2018.75,1,2018.75,750,0.74,900,0.89,-50,-0.05,12100,12.10
115,Exit long,2000-05-30 20:30,S1 Climax,2039.75,1,2018.75,1050,1.04,1125,1.11,-50,-0.05,13150,13.15
115,Entry long,2000-05-30 15:30,S1 Trend,2018.75,1,2018.75,1050,1.04,1125,1.11,-50,-0.05,13150,13.15
116,Exit long,2000-05-30 21:00,EOD,2045,2,4037.5,2625,1.30,2650,1.31,-100,-0.05,15775,15.78
116,Entry long,2000-05-30 15:30,S1 Trend,2018.75,2,4037.5,2625,1.30,2650,1.31,-100,-0.05,15775,15.78
117,Exit long,2000-05-31 16:00,S1 Trail,2044.5,6,12312,-2250,-0.37,825,0.13,-2250,-0.37,13525,13.53
117,Entry long,2000-05-31 15:30,S1 Trend,2052,6,12312,-2250,-0.37,825,0.13,-2250,-0.37,13525,13.53
118,Exit long,2000-05-31 20:30,S1 Trail,2041.5,5,10267.5,-3000,-0.58,375,0.07,-3000,-0.58,10525,10.53
118,Entry long,2000-05-31 19:30,S1 Trend,2053.5,5,10267.5,-3000,-0.58,375,0.07,-3000,-0.58,10525,10.53
119,Exit long,2000-06-01 15:30,S1 Climax,2063.75,2,4109,925,0.45,1100,0.54,-75,-0.04,11450,11.45
119,Entry long,2000-06-01 15:00,S1 Trend,2054.5,2,4109,925,0.45,1100,0.54,-75,-0.04,11450,11.45
120,Exit long,2000-06-01 16:00,S1 Climax,2067,1,2054.5,625,0.61,762.5,0.74,-37.5,-0.04,12075,12.08
120,Entry long,2000-06-01 15:00,S1 Trend,2054.5,1,2054.5,625,0.61,762.5,0.74,-37.5,-0.04,12075,12.08
121,Exit long,2000-06-01 16:30,S1 Climax,2065.75,1,2054.5,562.5,0.55,762.5,0.74,-37.5,-0.04,12637.5,12.64
121,Entry long,2000-06-01 15:00,S1 Trend,2054.5,1,2054.5,562.5,0.55,762.5,0.74,-37.5,-0.04,12637.5,12.64
122,Exit long,2000-06-01 17:00,S1 Climax,2068.5,1,2054.5,700,0.68,762.5,0.74,-37.5,-0.04,13337.5,13.34
122,Entry long,2000-06-01 15:00,S1 Trend,2054.5,1,2054.5,700,0.68,762.5,0.74,-37.5,-0.04,13337.5,13.34
123,Exit long,2000-06-01 19:00,S1 Trail,2059.5,2,4109,500,0.24,1725,0.84,-75,-0.04,13837.5,13.84
123,Entry long,2000-06-01 15:00,S1 Trend,2054.5,2,4109,500,0.24,1725,0.84,-75,-0.04,13837.5,13.84
124,Exit long,2000-06-02 16:00,S1 Climax,2102.5,1,2103.75,-62.5,-0.06,37.5,0.04,-250,-0.24,13775,13.78
124,Entry long,2000-06-02 15:00,S1 Trend,2103.75,1,2103.75,-62.5,-0.06,37.5,0.04,-250,-0.24,13775,13.78
125,Exit long,2000-06-02 21:00,EOD,2097.5,3,6311.25,-937.5,-0.30,112.5,0.04,-1762.5,-0.56,12837.5,12.84
125,Entry long,2000-06-02 15:00,S1 Trend,2103.75,3,6311.25,-937.5,-0.30,112.5,0.04,-1762.5,-0.56,12837.5,12.84
126,Exit long,2000-06-05 16:30,S1 Trail,2086.75,7,14668.5,-3062.5,-0.42,350,0.05,-3062.5,-0.42,9775,9.78
126,Entry long,2000-06-05 16:00,S1 Trend,2095.5,7,14668.5,-3062.5,-0.42,350,0.05,-3062.5,-0.42,9775,9.78
127,Exit long,2000-06-05 18:00,S2 FairVal,2093.25,5,10471.25,-250,-0.05,125,0.02,-687.5,-0.13,9525,9.53
127,Entry long,2000-06-05 17:30,S2 VWAP,2094.25,5,10471.25,-250,-0.05,125,0.02,-687.5,-0.13,9525,9.53
128,Exit long,2000-06-06 19:30,S1 Trail,2083.25,6,12549,-2475,-0.39,450,0.07,-2475,-0.39,7050,7.05
128,Entry long,2000-06-06 18:30,S1 Trend,2091.5,6,12549,-2475,-0.39,450,0.07,-2475,-0.39,7050,7.05
129,Exit long,2000-06-07 21:00,EOD,2091.5,6,12508.5,2025,0.32,3225,0.52,-1050,-0.17,9075,9.07
129,Entry long,2000-06-07 17:00,S1 Trend,2084.75,6,12508.5,2025,0.32,3225,0.52,-1050,-0.17,9075,9.07
130,Exit long,2000-06-08 16:00,S2 FairVal,2088.5,8,16684,1200,0.14,1200,0.14,-1600,-0.19,10275,10.27
130,Entry long,2000-06-08 15:30,S2 VWAP,2085.5,8,16684,1200,0.14,1200,0.14,-1600,-0.19,10275,10.27
131,Exit long,2000-06-13 21:00,EOD,2088.5,4,8327,1350,0.32,2000,0.48,-300,-0.07,11625,11.63
131,Entry long,2000-06-13 19:30,S1 Trend,2081.75,4,8327,1350,0.32,2000,0.48,-300,-0.07,11625,11.63
132,Exit long,2000-06-14 17:00,S1 Trail,2090.75,6,12540,225,0.04,3975,0.63,-300,-0.05,11850,11.85
132,Entry long,2000-06-14 15:00,S1 Trend,2090,6,12540,225,0.04,3975,0.63,-300,-0.05,11850,11.85
133,Exit long,2000-06-15 21:00,EOD,2095.25,5,10493.75,-875,-0.17,812.5,0.15,-2187.5,-0.42,10975,10.98
133,Entry long,2000-06-15 19:00,S1 Trend,2098.75,5,10493.75,-875,-0.17,812.5,0.15,-2187.5,-0.42,10975,10.98
134,Exit long,2000-06-19 20:30,S1 Climax,2107,2,4177,1850,0.89,2150,1.03,-650,-0.31,12825,12.83
134,Entry long,2000-06-19 16:00,S1 Trend,2088.5,2,4177,1850,0.89,2150,1.03,-650,-0.31,12825,12.83
135,Exit long,2000-06-19 21:00,EOD,2103.25,6,12531,4425,0.71,6450,1.03,-1950,-0.31,17250,17.25
135,Entry long,2000-06-19 16:00,S1 Trend,2088.5,6,12531,4425,0.71,6450,1.03,-1950,-0.31,17250,17.25
136,Exit short,2000-06-23 15:30,S3 Scalp,2071.75,11,22748,-2062.5,-0.18,2887.5,0.25,-2062.5,-0.18,15187.5,15.19
136,Entry short,2000-06-23 15:00,S3 Hedge,2068,11,22748,-2062.5,-0.18,2887.5,0.25,-2062.5,-0.18,15187.5,15.19
137,Exit short,2000-06-23 21:00,EOD,2057.25,5,10281.25,-250,-0.05,875,0.17,-1000,-0.19,14937.5,14.94
137,Entry short,2000-06-23 20:00,S3 Hedge,2056.25,5,10281.25,-250,-0.05,875,0.17,-1000,-0.19,14937.5,14.94
138,Exit long,2000-06-27 15:30,S2 FairVal,2074.5,13,26981.5,-650,-0.05,2925,0.22,-1300,-0.10,14287.5,14.29
138,Entry long,2000-06-27 15:00,S2 VWAP,2075.5,13,26981.5,-650,-0.05,2925,0.22,-1300,-0.10,14287.5,14.29
139,Exit long,2000-06-28 20:30,S1 Trail,2072.25,7,14561.75,-2800,-0.38,700,0.10,-2800,-0.38,11487.5,11.49
139,Entry long,2000-06-28 19:30,S1 Trend,2080.25,7,14561.75,-2800,-0.38,700,0.10,-2800,-0.38,11487.5,11.49
140,Exit long,2000-07-05 13:00,S1 Trail,2085.75,8,16620,3300,0.40,4600,0.55,-300,-0.04,14787.5,14.79
140,Entry long,2000-07-03 17:30,S1 Trend,2077.5,8,16620,3300,0.40,4600,0.55,-300,-0.04,14787.5,14.79
141,Exit short,2000-07-05 21:00,EOD,2059.5,6,12388.5,1575,0.25,3150,0.51,-75,-0.01,16362.5,16.36
141,Entry short,2000-07-05 20:00,S3 Hedge,2064.75,6,12388.5,1575,0.25,3150,0.51,-75,-0.01,16362.5,16.36
142,Exit short,2000-07-06 16:30,S3 Scalp,2057.5,12,24648,-2100,-0.17,1200,0.10,-2100,-0.17,14262.5,14.26
142,Entry short,2000-07-06 15:30,S3 Hedge,2054,12,24648,-2100,-0.17,1200,0.10,-2100,-0.17,14262.5,14.26
143,Exit long,2000-07-06 21:00,EOD,2069,7,14491.75,-437.5,-0.06,1575,0.22,-787.5,-0.11,13825,13.83
143,Entry long,2000-07-06 19:30,S1 Trend,2070.25,7,14491.75,-437.5,-0.06,1575,0.22,-787.5,-0.11,13825,13.83
144,Exit long,2000-07-07 15:30,S1 Climax,2085.75,2,4164,375,0.18,525,0.25,-25,-0.01,14200,14.20
144,Entry long,2000-07-07 15:00,S1 Trend,2082,2,4164,375,0.18,525,0.25,-25,-0.01,14200,14.20
145,Exit long,2000-07-07 16:00,S1 Climax,2088.25,1,2082,312.5,0.30,325,0.31,-12.5,-0.01,14512.5,14.51
145,Entry long,2000-07-07 15:00,S1 Trend,2082,1,2082,312.5,0.30,325,0.31,-12.5,-0.01,14512.5,14.51
146,Exit long,2000-07-07 16:30,S1 Climax,2089.75,1,2082,387.5,0.37,475,0.46,-12.5,-0.01,14900,14.90
146,Entry long,2000-07-07 15:00,S1 Trend,2082,1,2082,387.5,0.37,475,0.46,-12.5,-0.01,14900,14.90
147,Exit long,2000-07-07 17:00,S1 Climax,2090.75,1,2082,437.5,0.42,612.5,0.59,-12.5,-0.01,15337.5,15.34
147,Entry long,2000-07-07 15:00,S1 Trend,2082,1,2082,437.5,0.42,612.5,0.59,-12.5,-0.01,15337.5,15.34
148,Exit long,2000-07-07 17:30,S1 Climax,2091.25,1,2082,462.5,0.44,612.5,0.59,-12.5,-0.01,15800,15.80
148,Entry long,2000-07-07 15:00,S1 Trend,2082,1,2082,462.5,0.44,612.5,0.59,-12.5,-0.01,15800,15.80
149,Exit long,2000-07-07 18:00,S1 Climax,2091.5,1,2082,475,0.46,612.5,0.59,-12.5,-0.01,16275,16.28
149,Entry long,2000-07-07 15:00,S1 Trend,2082,1,2082,475,0.46,612.5,0.59,-12.5,-0.01,16275,16.28
150,Exit long,2000-07-07 18:30,S1 Climax,2090.5,1,2082,425,0.41,612.5,0.59,-12.5,-0.01,16700,16.70
150,Entry long,2000-07-07 15:00,S1 Trend,2082,1,2082,425,0.41,612.5,0.59,-12.5,-0.01,16700,16.70
151,Exit long,2000-07-07 20:30,S1 Climax,2094.5,2,4190,-50,-0.02,300,0.14,-125,-0.06,16650,16.65
151,Entry long,2000-07-07 20:00,S1 Trend,2095,2,4190,-50,-0.02,300,0.14,-125,-0.06,16650,16.65
152,Exit long,2000-07-07 21:00,EOD,2091.5,5,10475,-875,-0.17,750,0.14,-1000,-0.19,15775,15.78
152,Entry long,2000-07-07 20:00,S1 Trend,2095,5,10475,-875,-0.17,750,0.14,-1000,-0.19,15775,15.78
153,Exit long,2000-07-12 21:00,EOD,2104.25,7,14729.75,0,0.00,2187.5,0.30,-350,-0.05,15775,15.78
153,Entry long,2000-07-12 19:00,S1 Trend,2104.25,7,14729.75,0,0.00,2187.5,0.30,-350,-0.05,15775,15.78
154,Exit long,2000-07-13 20:30,S1 Trail,2104,8,16886,-2700,-0.32,700,0.08,-2700,-0.32,13075,13.08
154,Entry long,2000-07-13 19:00,S1 Trend,2110.75,8,16886,-2700,-0.32,700,0.08,-2700,-0.32,13075,13.08
155,Exit long,2000-07-14 21:00,EOD,2119.5,7,14841.75,-262.5,-0.04,525,0.07,-2450,-0.33,12812.5,12.81
155,Entry long,2000-07-14 20:00,S1 Trend,2120.25,7,14841.75,-262.5,-0.04,525,0.07,-2450,-0.33,12812.5,12.81
156,Exit long,2000-07-17 15:30,S2 FairVal,2119,13,27530.75,812.5,0.06,1300,0.09,-1462.5,-0.11,13625,13.63
156,Entry long,2000-07-17 15:00,S2 VWAP,2117.75,13,27530.75,812.5,0.06,1300,0.09,-1462.5,-0.11,13625,13.63
157,Exit short,2000-07-21 20:00,S3 Scalp,2091.5,7,14607.25,-1662.5,-0.23,87.5,0.01,-1662.5,-0.23,11962.5,11.96
157,Entry short,2000-07-21 19:00,S3 Hedge,2086.75,7,14607.25,-1662.5,-0.23,87.5,0.01,-1662.5,-0.23,11962.5,11.96
158,Exit long,2000-08-01 21:00,EOD,2042.25,7,14336,-2012.5,-0.28,262.5,0.04,-2800,-0.39,9950,9.95
158,Entry long,2000-08-01 19:30,S1 Trend,2048,7,14336,-2012.5,-0.28,262.5,0.04,-2800,-0.39,9950,9.95
159,Exit long,2000-08-02 20:00,S1 Trail,2048.75,8,16434,-2200,-0.27,1300,0.16,-2200,-0.27,7750,7.75
159,Entry long,2000-08-02 16:00,S1 Trend,2054.25,8,16434,-2200,-0.27,1300,0.16,-2200,-0.27,7750,7.75
160,Exit long,2000-08-03 21:00,EOD,2057,5,10245,2000,0.39,2937.5,0.57,-1000,-0.20,9750,9.75
160,Entry long,2000-08-03 18:00,S1 Trend,2049,5,10245,2000,0.39,2937.5,0.57,-1000,-0.20,9750,9.75
161,Exit long,2000-08-04 21:00,EOD,2067,5,10317.5,875,0.17,1437.5,0.28,-1062.5,-0.21,10625,10.63
161,Entry long,2000-08-04 20:00,S1 Trend,2063.5,5,10317.5,875,0.17,1437.5,0.28,-1062.5,-0.21,10625,10.63
162,Exit long,2000-08-08 21:00,EOD,2088.25,7,14616,87.5,0.01,700,0.10,-787.5,-0.11,10712.5,10.71
162,Entry long,2000-08-08 20:00,S1 Trend,2088,7,14616,87.5,0.01,700,0.10,-787.5,-0.11,10712.5,10.71
163,Exit long,2000-08-09 18:00,S2 FairVal,2087,9,18751.5,1575,0.17,1575,0.17,-1687.5,-0.18,12287.5,12.29
163,Entry long,2000-08-09 16:30,S2 VWAP,2083.5,9,18751.5,1575,0.17,1575,0.17,-1687.5,-0.18,12287.5,12.29
164,Exit short,2000-08-10 21:00,EOD,2065.25,9,18600.75,675,0.07,1237.5,0.13,-1237.5,-0.13,12962.5,12.96
164,Entry short,2000-08-10 19:30,S3 Hedge,2066.75,9,18600.75,675,0.07,1237.5,0.13,-1237.5,-0.13,12962.5,12.96
165,Exit long,2000-08-11 21:00,EOD,2075.25,7,14526.75,0,0.00,1837.5,0.25,-612.5,-0.08,12962.5,12.96
165,Entry long,2000-08-11 17:30,S1 Trend,2075.25,7,14526.75,0,0.00,1837.5,0.25,-612.5,-0.08,12962.5,12.96
166,Exit long,2000-08-14 20:30,S1 Climax,2093,2,4180,300,0.14,325,0.16,-175,-0.08,13262.5,13.26
166,Entry long,2000-08-14 20:00,S1 Trend,2090,2,4180,300,0.14,325,0.16,-175,-0.08,13262.5,13.26
167,Exit long,2000-08-14 21:00,EOD,2095,6,12540,1500,0.24,1575,0.25,-525,-0.08,14762.5,14.76
167,Entry long,2000-08-14 20:00,S1 Trend,2090,6,12540,1500,0.24,1575,0.25,-525,-0.08,14762.5,14.76
168,Exit long,2000-08-15 17:30,S2 FairVal,2091.25,10,20892.5,1000,0.10,1000,0.10,-625,-0.06,15762.5,15.76
168,Entry long,2000-08-15 17:00,S2 VWAP,2089.25,10,20892.5,1000,0.10,1000,0.10,-625,-0.06,15762.5,15.76
169,Exit long,2000-08-16 18:00,S2 FairVal,2085.75,9,18821.25,-2475,-0.26,112.5,0.01,-2475,-0.26,13287.5,13.29
169,Entry long,2000-08-16 17:00,S2 VWAP,2091.25,9,18821.25,-2475,-0.26,112.5,0.01,-2475,-0.26,13287.5,13.29
170,Exit long,2000-08-17 21:00,EOD,2098.75,8,16770,1000,0.12,2600,0.31,-800,-0.10,14287.5,14.29
170,Entry long,2000-08-17 16:30,S1 Trend,2096.25,8,16770,1000,0.12,2600,0.31,-800,-0.10,14287.5,14.29
171,Exit long,2000-08-23 21:00,EOD,2106.5,8,16822,1500,0.18,2600,0.31,-1100,-0.13,15787.5,15.79
171,Entry long,2000-08-23 17:00,S1 Trend,2102.75,8,16822,1500,0.18,2600,0.31,-1100,-0.13,15787.5,15.79
172,Exit long,2000-08-24 15:30,S2 FairVal,2104,15,31616.25,-2812.5,-0.18,2062.5,0.13,-2812.5,-0.18,12975,12.98
172,Entry long,2000-08-24 15:00,S2 VWAP,2107.75,15,31616.25,-2812.5,-0.18,2062.5,0.13,-2812.5,-0.18,12975,12.98
173,Exit long,2000-08-24 17:00,S2 FairVal,2106,11,23160.5,275,0.02,412.5,0.04,-1100,-0.09,13250,13.25
173,Entry long,2000-08-24 16:30,S2 VWAP,2105.5,11,23160.5,275,0.02,412.5,0.04,-1100,-0.09,13250,13.25
174,Exit long,2000-09-05 08:30,S1 Trail,2117.75,6,12735,-1425,-0.22,75,0.01,-1425,-0.22,11825,11.83
174,Entry long,2000-09-04 15:30,S1 Trend,2122.5,6,12735,-1425,-0.22,75,0.01,-1425,-0.22,11825,11.83
175,Exit long,2000-09-11 18:00,S1 Trail,2094.25,7,14719.25,-2975,-0.40,437.5,0.06,-2975,-0.40,8850,8.85
175,Entry long,2000-09-11 16:00,S1 Trend,2102.75,7,14719.25,-2975,-0.40,437.5,0.06,-2975,-0.40,8850,8.85
176,Exit short,2000-09-18 18:00,S3 Scalp,2038,7,14337.75,3587.5,0.50,3587.5,0.50,-437.5,-0.06,12437.5,12.44
176,Entry short,2000-09-18 17:00,S3 Hedge,2048.25,7,14337.75,3587.5,0.50,3587.5,0.50,-437.5,-0.06,12437.5,12.44
177,Exit short,2000-09-20 19:00,S3 Scalp,2030.5,5,10120,-1625,-0.32,562.5,0.11,-1625,-0.32,10812.5,10.81
177,Entry short,2000-09-20 18:30,S3 Hedge,2024,5,10120,-1625,-0.32,562.5,0.11,-1625,-0.32,10812.5,10.81
178,Exit short,2000-09-25 20:30,S3 Scalp,2028,7,14269.5,3675,0.52,3675,0.52,-262.5,-0.04,14487.5,14.49
178,Entry short,2000-09-25 19:00,S3 Hedge,2038.5,7,14269.5,3675,0.52,3675,0.52,-262.5,-0.04,14487.5,14.49
179,Exit short,2000-09-26 19:30,S3 Scalp,2017,7,14197.75,3937.5,0.55,3937.5,0.55,-962.5,-0.14,18425,18.43
179,Entry short,2000-09-26 16:00,S3 Hedge,2028.25,7,14197.75,3937.5,0.55,3937.5,0.55,-962.5,-0.14,18425,18.43
180,Exit long,2000-09-28 20:00,S1 Climax,2048.75,2,4054,2175,1.07,2350,1.16,-175,-0.09,20600,20.60
180,Entry long,2000-09-28 15:30,S1 Trend,2027,2,4054,2175,1.07,2350,1.16,-175,-0.09,20600,20.60
181,Exit long,2000-09-28 20:30,S1 Climax,2051.5,1,2027,1225,1.21,1275,1.26,-87.5,-0.09,21825,21.83
181,Entry long,2000-09-28 15:30,S1 Trend,2027,1,2027,1225,1.21,1275,1.26,-87.5,-0.09,21825,21.83
182,Exit long,2000-09-28 21:00,EOD,2049.25,5,10135,5562.5,1.10,6375,1.26,-437.5,-0.09,27387.5,27.39
182,Entry long,2000-09-28 15:30,S1 Trend,2027,5,10135,5562.5,1.10,6375,1.26,-437.5,-0.09,27387.5,27.39
183,Exit short,2000-09-29 18:30,S3 Scalp,2042.75,9,18339.75,-2250,-0.25,2587.5,0.28,-2250,-0.25,25137.5,25.14
183,Entry short,2000-09-29 15:30,S3 Hedge,2037.75,9,18339.75,-2250,-0.25,2587.5,0.28,-2250,-0.25,25137.5,25.14
184,Exit long,2000-09-29 20:30,S1 Trail,2028.25,6,12231,-3075,-0.50,450,0.07,-3075,-0.50,22062.5,22.06
184,Entry long,2000-09-29 19:30,S1 Trend,2038.5,6,12231,-3075,-0.50,450,0.07,-3075,-0.50,22062.5,22.06
185,Exit long,2000-10-03 20:00,S1 Trail,2035,7,14259,-700,-0.10,2975,0.42,-700,-0.10,21362.5,21.36
185,Entry long,2000-10-03 17:00,S1 Trend,2037,7,14259,-700,-0.10,2975,0.42,-700,-0.10,21362.5,21.36
186,Exit long,2000-10-05 16:30,S1 Trail,2022.5,8,16232,-2600,-0.32,1600,0.20,-2600,-0.32,18762.5,18.76
186,Entry long,2000-10-05 15:00,S1 Trend,2029,8,16232,-2600,-0.32,1600,0.20,-2600,-0.32,18762.5,18.76
187,Exit long,2000-10-05 21:00,EOD,2025,5,10146.25,-1062.5,-0.21,62.5,0.01,-1750,-0.34,17700,17.70
187,Entry long,2000-10-05 19:30,S1 Trend,2029.25,5,10146.25,-1062.5,-0.21,62.5,0.01,-1750,-0.34,17700,17.70
188,Exit short,2000-10-06 21:00,EOD,1996,4,7973,-550,-0.14,2050,0.51,-800,-0.20,17150,17.15
188,Entry short,2000-10-06 20:00,S3 Hedge,1993.25,4,7973,-550,-0.14,2050,0.51,-800,-0.20,17150,17.15
189,Exit short,2000-10-09 16:00,S3 Scalp,1983,10,19920,4500,0.45,4500,0.45,-1375,-0.14,21650,21.65
189,Entry short,2000-10-09 15:00,S3 Hedge,1992,10,19920,4500,0.45,4500,0.45,-1375,-0.14,21650,21.65
190,Exit short,2000-10-09 17:00,S3 Scalp,1987.25,7,13870.5,-2012.5,-0.29,612.5,0.09,-2100,-0.30,19637.5,19.64
190,Entry short,2000-10-09 16:30,S3 Hedge,1981.5,7,13870.5,-2012.5,-0.29,612.5,0.09,-2100,-0.30,19637.5,19.64
191,Exit short,2000-10-11 17:00,S3 Scalp,1954.25,4,7778,-1950,-0.50,2250,0.58,-1950,-0.50,17687.5,17.69
191,Entry short,2000-10-11 16:00,S3 Hedge,1944.5,4,7778,-1950,-0.50,2250,0.58,-1950,-0.50,17687.5,17.69
192,Exit long,2000-10-13 21:00,EOD,1957.5,3,5853.75,937.5,0.32,1200,0.41,-487.5,-0.17,18625,18.63
192,Entry long,2000-10-13 19:00,S1 Trend,1951.25,3,5853.75,937.5,0.32,1200,0.41,-487.5,-0.17,18625,18.63
193,Exit long,2000-10-16 15:30,S1 Trail,1956.25,8,15696,-2300,-0.29,1300,0.17,-2300,-0.29,16325,16.33
193,Entry long,2000-10-16 15:00,S1 Trend,1962,8,15696,-2300,-0.29,1300,0.17,-2300,-0.29,16325,16.33
194,Exit short,2000-10-16 18:30,S3 Scalp,1958,6,11710.5,-1875,-0.32,450,0.08,-1875,-0.32,14450,14.45
194,Entry short,2000-10-16 17:00,S3 Hedge,1951.75,6,11710.5,-1875,-0.32,450,0.08,-1875,-0.32,14450,14.45
195,Exit long,2000-10-17 15:30,S1 Trail,1950.25,8,15674,-3600,-0.46,100,0.01,-3700,-0.47,10850,10.85
195,Entry long,2000-10-17 15:00,S1 Trend,1959.25,8,15674,-3600,-0.46,100,0.01,-3700,-0.47,10850,10.85
196,Exit long,2000-10-19 15:30,S1 Climax,1951.25,1,1950.5,37.5,0.04,150,0.15,-137.5,-0.14,10887.5,10.89
196,Entry long,2000-10-19 15:00,S1 Trend,1950.5,1,1950.5,37.5,0.04,150,0.15,-137.5,-0.14,10887.5,10.89
197,Exit long,2000-10-19 16:00,S1 Climax,1953.5,1,1950.5,150,0.15,425,0.44,-137.5,-0.14,11037.5,11.04
197,Entry long,2000-10-19 15:00,S1 Trend,1950.5,1,1950.5,150,0.15,425,0.44,-137.5,-0.14,11037.5,11.04
198,Exit long,2000-10-19 16:30,S1 Climax,1958.5,1,1950.5,400,0.41,537.5,0.55,-137.5,-0.14,11437.5,11.44
198,Entry long,2000-10-19 15:00,S1 Trend,1950.5,1,1950.5,400,0.41,537.5,0.55,-137.5,-0.14,11437.5,11.44
199,Exit long,2000-10-19 17:00,S1 Climax,1957.25,1,1950.5,337.5,0.35,575,0.59,-137.5,-0.14,11775,11.77
199,Entry long,2000-10-19 15:00,S1 Trend,1950.5,1,1950.5,337.5,0.35,575,0.59,-137.5,-0.14,11775,11.77
200,Exit long,2000-10-19 17:30,S1 Climax,1962.5,1,1950.5,600,0.62,687.5,0.70,-137.5,-0.14,12375,12.38
200,Entry long,2000-10-19 15:00,S1 Trend,1950.5,1,1950.5,600,0.62,687.5,0.70,-137.5,-0.14,12375,12.38
201,Exit long,2000-10-19 18:00,S1 Climax,1962.75,1,1950.5,612.5,0.63,712.5,0.73,-137.5,-0.14,12987.5,12.99
201,Entry long,2000-10-19 15:00,S1 Trend,1950.5,1,1950.5,612.5,0.63,712.5,0.73,-137.5,-0.14,12987.5,12.99
202,Exit long,2000-10-19 20:00,S1 Climax,1970.25,1,1965.75,225,0.23,387.5,0.39,-275,-0.28,13212.5,13.21
202,Entry long,2000-10-19 18:30,S1 Trend,1965.75,1,1965.75,225,0.23,387.5,0.39,-275,-0.28,13212.5,13.21
203,Exit long,2000-10-19 20:30,S1 Climax,1973.25,1,1965.75,375,0.38,450,0.46,-275,-0.28,13587.5,13.59
203,Entry long,2000-10-19 18:30,S1 Trend,1965.75,1,1965.75,375,0.38,450,0.46,-275,-0.28,13587.5,13.59
204,Exit long,2000-10-19 21:00,EOD,1972.25,2,3931.5,650,0.33,975,0.50,-550,-0.28,14237.5,14.24
204,Entry long,2000-10-19 18:30,S1 Trend,1965.75,2,3931.5,650,0.33,975,0.50,-550,-0.28,14237.5,14.24
205,Exit long,2000-10-20 20:30,S1 Trail,1981.25,6,11862,1275,0.21,4950,0.83,-225,-0.04,15512.5,15.51
205,Entry long,2000-10-20 16:00,S1 Trend,1977,6,11862,1275,0.21,4950,0.83,-225,-0.04,15512.5,15.51
206,Exit long,2000-10-23 17:00,S1 Trail,1979,5,9932.5,-1875,-0.38,1187.5,0.24,-1875,-0.38,13637.5,13.64
206,Entry long,2000-10-23 15:30,S1 Trend,1986.5,5,9932.5,-1875,-0.38,1187.5,0.24,-1875,-0.38,13637.5,13.64
207,Exit long,2000-10-24 17:30,S1 Trail,1990.5,7,13956.25,-1137.5,-0.16,2275,0.33,-1137.5,-0.16,12500,12.50
207,Entry long,2000-10-24 15:30,S1 Trend,1993.75,7,13956.25,-1137.5,-0.16,2275,0.33,-1137.5,-0.16,12500,12.50
208,Exit short,2000-10-25 21:00,EOD,1947.25,3,5860.5,937.5,0.32,1350,0.46,-225,-0.08,13437.5,13.44
208,Entry short,2000-10-25 20:00,S3 Hedge,1953.5,3,5860.5,937.5,0.32,1350,0.46,-225,-0.08,13437.5,13.44
209,Exit short,2000-10-26 16:00,S3 Scalp,1931.5,6,11665.5,3825,0.66,3825,0.66,0,0.00,17262.5,17.26
209,Entry short,2000-10-26 15:30,S3 Hedge,1944.25,6,11665.5,3825,0.66,3825,0.66,0,0.00,17262.5,17.26
210,Exit long,2000-10-27 21:00,EOD,1964.25,4,7852,250,0.06,650,0.17,-1800,-0.46,17512.5,17.51
210,Entry long,2000-10-27 17:00,S1 Trend,1963,4,7852,250,0.06,650,0.17,-1800,-0.46,17512.5,17.51
211,Exit long,2000-10-30 16:30,S1 Trail,1966.75,7,13798.75,-1575,-0.23,2187.5,0.32,-1575,-0.23,15937.5,15.94
211,Entry long,2000-10-30 15:00,S1 Trend,1971.25,7,13798.75,-1575,-0.23,2187.5,0.32,-1575,-0.23,15937.5,15.94
212,Exit long,2000-10-30 21:00,EOD,1982.25,4,7915,700,0.18,2450,0.62,-400,-0.10,16637.5,16.64
212,Entry long,2000-10-30 19:30,S1 Trend,1978.75,4,7915,700,0.18,2450,0.62,-400,-0.10,16637.5,16.64
213,Exit long,2000-10-31 17:00,S1 Climax,1998.75,2,3983,725,0.36,800,0.40,-200,-0.10,17362.5,17.36
213,Entry long,2000-10-31 15:30,S1 Trend,1991.5,2,3983,725,0.36,800,0.40,-200,-0.10,17362.5,17.36
214,Exit long,2000-10-31 17:30,S1 Climax,2000.25,2,3983,875,0.44,950,0.48,-200,-0.10,18237.5,18.24
214,Entry long,2000-10-31 15:30,S1 Trend,1991.5,2,3983,875,0.44,950,0.48,-200,-0.10,18237.5,18.24
215,Exit long,2000-10-31 18:00,S1 Climax,2004.5,1,1991.5,650,0.65,675,0.68,-100,-0.10,18887.5,18.89
215,Entry long,2000-10-31 15:30,S1 Trend,1991.5,1,1991.5,650,0.65,675,0.68,-100,-0.10,18887.5,18.89
216,Exit long,2000-10-31 18:30,S1 Climax,2005.5,1,1991.5,700,0.70,775,0.78,-100,-0.10,19587.5,19.59
216,Entry long,2000-10-31 15:30,S1 Trend,1991.5,1,1991.5,700,0.70,775,0.78,-100,-0.10,19587.5,19.59
217,Exit long,2000-10-31 19:00,S1 Climax,2007,1,1991.5,775,0.78,800,0.80,-100,-0.10,20362.5,20.36
217,Entry long,2000-10-31 15:30,S1 Trend,1991.5,1,1991.5,775,0.78,800,0.80,-100,-0.10,20362.5,20.36
218,Exit long,2000-10-31 19:30,S1 Climax,2008.75,1,1991.5,862.5,0.87,937.5,0.94,-100,-0.10,21225,21.23
218,Entry long,2000-10-31 15:30,S1 Trend,1991.5,1,1991.5,862.5,0.87,937.5,0.94,-100,-0.10,21225,21.23
219,Exit long,2000-10-31 20:00,S1 Climax,2007.25,1,1991.5,787.5,0.79,962.5,0.97,-100,-0.10,22012.5,22.01
219,Entry long,2000-10-31 15:30,S1 Trend,1991.5,1,1991.5,787.5,0.79,962.5,0.97,-100,-0.10,22012.5,22.01
220,Exit long,2000-11-01 17:30,S1 Trail,2001.5,8,16048,-1800,-0.22,2000,0.25,-1800,-0.22,20212.5,20.21
220,Entry long,2000-11-01 15:30,S1 Trend,2006,8,16048,-1800,-0.22,2000,0.25,-1800,-0.22,20212.5,20.21
221,Exit long,2000-11-01 19:00,S2 FairVal,1994,6,12010.5,-2325,-0.39,225,0.04,-2325,-0.39,17887.5,17.89
221,Entry long,2000-11-01 18:30,S2 VWAP,2001.75,6,12010.5,-2325,-0.39,225,0.04,-2325,-0.39,17887.5,17.89
222,Exit long,2000-11-02 16:00,S1 Trail,2006,8,16112,-3200,-0.40,500,0.06,-3200,-0.40,14687.5,14.69
222,Entry long,2000-11-02 15:00,S1 Trend,2014,8,16112,-3200,-0.40,500,0.06,-3200,-0.40,14687.5,14.69
223,Exit long,2000-11-03 17:30,S1 Trail,2005.75,7,14099.75,-2975,-0.42,612.5,0.09,-2975,-0.42,11712.5,11.71
223,Entry long,2000-11-03 16:00,S1 Trend,2014.25,7,14099.75,-2975,-0.42,612.5,0.09,-2975,-0.42,11712.5,11.71
224,Exit long,2000-11-06 20:30,S1 Trail,2011.75,8,16146,-2600,-0.32,1000,0.12,-2600,-0.32,9112.5,9.11
224,Entry long,2000-11-06 16:00,S1 Trend,2018.25,8,16146,-2600,-0.32,1000,0.12,-2600,-0.32,9112.5,9.11
225,Exit long,2000-11-07 15:30,S2 FairVal,2005.75,12,24132,-3150,-0.26,600,0.05,-4500,-0.37,5962.5,5.96
225,Entry long,2000-11-07 15:00,S2 VWAP,2011,12,24132,-3150,-0.26,600,0.05,-4500,-0.37,5962.5,5.96
226,Exit long,2000-11-07 19:30,S1 Trail,2008.75,7,14094.5,-1662.5,-0.24,1400,0.20,-1662.5,-0.24,4300,4.30
226,Entry long,2000-11-07 16:30,S1 Trend,2013.5,7,14094.5,-1662.5,-0.24,1400,0.20,-1662.5,-0.24,4300,4.30
227,Exit long,2000-11-14 19:30,S1 Climax,1968.5,1,1952.5,800,0.82,937.5,0.96,-137.5,-0.14,5100,5.10
227,Entry long,2000-11-14 15:30,S1 Trend,1952.5,1,1952.5,800,0.82,937.5,0.96,-137.5,-0.14,5100,5.10
228,Exit long,2000-11-14 21:00,EOD,1962.75,4,7810,2050,0.52,3750,0.96,-550,-0.14,7150,7.15
228,Entry long,2000-11-14 15:30,S1 Trend,1952.5,4,7810,2050,0.52,3750,0.96,-550,-0.14,7150,7.15
229,Exit long,2000-11-15 19:00,S1 Trail,1962.25,6,11803.5,-1500,-0.25,2625,0.44,-1500,-0.25,5650,5.65
229,Entry long,2000-11-15 16:00,S1 Trend,1967.25,6,11803.5,-1500,-0.25,2625,0.44,-1500,-0.25,5650,5.65
230,Exit long,2000-11-15 21:00,EOD,1968.5,4,7851,1150,0.29,1150,0.29,-1950,-0.50,6800,6.80
230,Entry long,2000-11-15 19:30,S1 Trend,1962.75,4,7851,1150,0.29,1150,0.29,-1950,-0.50,6800,6.80
231,Exit long,2000-11-16 16:00,S1 Trail,1963.5,7,13734,525,0.08,4287.5,0.62,0,0.00,7325,7.32
231,Entry long,2000-11-16 15:00,S1 Trend,1962,7,13734,525,0.08,4287.5,0.62,0,0.00,7325,7.32
232,Exit long,2000-11-17 16:00,S1 Trail,1945.25,5,9795,-3437.5,-0.70,375,0.08,-3687.5,-0.75,3887.5,3.89
232,Entry long,2000-11-17 15:30,S1 Trend,1959,5,9795,-3437.5,-0.70,375,0.08,-3687.5,-0.75,3887.5,3.89
233,Exit long,2000-11-27 00:00,S1 Climax,1925.5,2,3829.5,1075,0.56,1200,0.63,-150,-0.08,4962.5,4.96
233,Entry long,2000-11-24 15:30,S1 Trend,1914.75,2,3829.5,1075,0.56,1200,0.63,-150,-0.08,4962.5,4.96
234,Exit long,2000-11-27 00:30,S1 Climax,1927.25,1,1914.75,625,0.65,637.5,0.67,-75,-0.08,5587.5,5.59
234,Entry long,2000-11-24 15:30,S1 Trend,1914.75,1,1914.75,625,0.65,637.5,0.67,-75,-0.08,5587.5,5.59
235,Exit long,2000-11-27 15:30,S1 Climax,1937.25,1,1914.75,1125,1.18,1187.5,1.24,-75,-0.08,6712.5,6.71
235,Entry long,2000-11-24 15:30,S1 Trend,1914.75,1,1914.75,1125,1.18,1187.5,1.24,-75,-0.08,6712.5,6.71
236,Exit long,2000-11-27 15:30,S1 Trail,1930.25,3,5744.25,2325,0.81,3675,1.28,-225,-0.08,9037.5,9.04
236,Entry long,2000-11-24 15:30,S1 Trend,1914.75,3,5744.25,2325,0.81,3675,1.28,-225,-0.08,9037.5,9.04
237,Exit long,2000-11-27 17:00,S1 Trail,1928.25,6,11620.5,-2550,-0.44,450,0.08,-2550,-0.44,6487.5,6.49
237,Entry long,2000-11-27 16:00,S1 Trend,1936.75,6,11620.5,-2550,-0.44,450,0.08,-2550,-0.44,6487.5,6.49
238,Exit long,2000-11-27 18:30,S2 FairVal,1934,5,9651.25,937.5,0.19,937.5,0.19,-62.5,-0.01,7425,7.43
238,Entry long,2000-11-27 18:00,S2 VWAP,1930.25,5,9651.25,937.5,0.19,937.5,0.19,-62.5,-0.01,7425,7.43
239,Exit long,2000-11-28 15:30,S1 Trail,1924.5,7,13517,-2275,-0.34,1750,0.26,-2537.5,-0.38,5150,5.15
239,Entry long,2000-11-28 15:00,S1 Trend,1931,7,13517,-2275,-0.34,1750,0.26,-2537.5,-0.38,5150,5.15
240,Exit long,2000-11-29 17:30,S1 Trail,1914,4,7691,-1750,-0.46,1250,0.33,-1750,-0.46,3400,3.40
240,Entry long,2000-11-29 16:00,S1 Trend,1922.75,4,7691,-1750,-0.46,1250,0.33,-1750,-0.46,3400,3.40
241,Exit long,2000-12-01 19:30,S1 Trail,1897.25,5,9520,-1687.5,-0.35,1437.5,0.30,-1687.5,-0.35,1712.5,1.71
241,Entry long,2000-12-01 15:30,S1 Trend,1904,5,9520,-1687.5,-0.35,1437.5,0.30,-1687.5,-0.35,1712.5,1.71
242,Exit long,2000-12-04 21:00,EOD,1900.75,3,5712,-487.5,-0.17,750,0.26,-900,-0.32,1225,1.23
242,Entry long,2000-12-04 19:30,S1 Trend,1904,3,5712,-487.5,-0.17,750,0.26,-900,-0.32,1225,1.23
243,Exit long,2000-12-05 16:00,S1 Climax,1933.25,2,3829,1875,0.98,2100,1.10,-25,-0.01,3100,3.10
243,Entry long,2000-12-05 15:00,S1 Trend,1914.5,2,3829,1875,0.98,2100,1.10,-25,-0.01,3100,3.10
244,Exit long,2000-12-05 16:30,S1 Climax,1938.25,1,1914.5,1187.5,1.24,1450,1.51,-12.5,-0.01,4287.5,4.29
244,Entry long,2000-12-05 15:00,S1 Trend,1914.5,1,1914.5,1187.5,1.24,1450,1.51,-12.5,-0.01,4287.5,4.29
245,Exit long,2000-12-05 17:00,S1 Climax,1941.75,1,1914.5,1362.5,1.42,1450,1.51,-12.5,-0.01,5650,5.65
245,Entry long,2000-12-05 15:00,S1 Trend,1914.5,1,1914.5,1362.5,1.42,1450,1.51,-12.5,-0.01,5650,5.65
246,Exit long,2000-12-05 20:30,S1 Climax,1948.25,1,1914.5,1687.5,1.76,1700,1.78,-12.5,-0.01,7337.5,7.34
246,Entry long,2000-12-05 15:00,S1 Trend,1914.5,1,1914.5,1687.5,1.76,1700,1.78,-12.5,-0.01,7337.5,7.34
247,Exit long,2000-12-05 21:00,EOD,1950,2,3829,3550,1.85,3650,1.91,-25,-0.01,10887.5,10.89
247,Entry long,2000-12-05 15:00,S1 Trend,1914.5,2,3829,3550,1.85,3650,1.91,-25,-0.01,10887.5,10.89
248,Exit long,2000-12-06 18:00,S1 Trail,1938.5,7,13613.25,-2187.5,-0.32,1487.5,0.22,-2187.5,-0.32,8700,8.70
248,Entry long,2000-12-06 15:00,S1 Trend,1944.75,7,13613.25,-2187.5,-0.32,1487.5,0.22,-2187.5,-0.32,8700,8.70
249,Exit short,2000-12-06 20:00,S3 Scalp,1921.5,6,11632.5,5175,0.89,8400,1.44,-750,-0.13,13875,13.88
249,Entry short,2000-12-06 18:30,S3 Hedge,1938.75,6,11632.5,5175,0.89,8400,1.44,-750,-0.13,13875,13.88
250,Exit long,2000-12-08 16:00,S1 Trail,1930.25,6,11611.5,-1500,-0.26,1950,0.34,-1500,-0.26,12375,12.38
250,Entry long,2000-12-08 15:00,S1 Trend,1935.25,6,11611.5,-1500,-0.26,1950,0.34,-1500,-0.26,12375,12.38
251,Exit long,2000-12-08 20:00,S1 Trail,1937.75,4,7746,250,0.06,3850,0.99,-1000,-0.26,12625,12.63
251,Entry long,2000-12-08 17:30,S1 Trend,1936.5,4,7746,250,0.06,3850,0.99,-1000,-0.26,12625,12.63
252,Exit long,2000-12-11 21:00,EOD,1951,4,7763,2050,0.53,4450,1.15,-100,-0.03,14675,14.68
252,Entry long,2000-12-11 15:00,S1 Trend,1940.75,4,7763,2050,0.53,4450,1.15,-100,-0.03,14675,14.68
253,Exit long,2000-12-12 20:00,S2 FairVal,1948.75,6,11671.5,1050,0.18,1050,0.18,-750,-0.13,15725,15.73
253,Entry long,2000-12-12 19:30,S2 VWAP,1945.25,6,11671.5,1050,0.18,1050,0.18,-750,-0.13,15725,15.73
254,Exit long,2000-12-13 15:30,S1 Trail,1942.25,5,9745,-1687.5,-0.35,2062.5,0.42,-1687.5,-0.35,14037.5,14.04
254,Entry long,2000-12-13 15:00,S1 Trend,1949,5,9745,-1687.5,-0.35,2062.5,0.42,-1687.5,-0.35,14037.5,14.04
255,Exit short,2000-12-13 21:00,EOD,1932,4,7760,1600,0.41,2050,0.53,-1600,-0.41,15637.5,15.64
255,Entry short,2000-12-13 16:00,S3 Hedge,1940,4,7760,1600,0.41,2050,0.53,-1600,-0.41,15637.5,15.64
256,Exit short,2000-12-14 17:00,S3 Scalp,1926.25,5,9597.5,-1687.5,-0.35,562.5,0.12,-1687.5,-0.35,13950,13.95
256,Entry short,2000-12-14 16:00,S3 Hedge,1919.5,5,9597.5,-1687.5,-0.35,562.5,0.12,-1687.5,-0.35,13950,13.95
257,Exit long,2000-12-19 19:00,S1 Trail,1906,6,11415,1050,0.18,4725,0.83,-375,-0.07,15000,15.00
257,Entry long,2000-12-19 16:30,S1 Trend,1902.5,6,11415,1050,0.18,4725,0.83,-375,-0.07,15000,15.00
258,Exit long,2000-12-22 19:00,S1 Trail,1860.5,6,11175,-600,-0.11,3000,0.54,-600,-0.11,14400,14.40
258,Entry long,2000-12-22 15:00,S1 Trend,1862.5,6,11175,-600,-0.11,3000,0.54,-600,-0.11,14400,14.40
259,Exit long,2000-12-26 21:00,EOD,1885.75,4,7528,750,0.20,800,0.21,-2400,-0.64,15150,15.15
259,Entry long,2000-12-26 15:00,S1 Trend,1882,4,7528,750,0.20,800,0.21,-2400,-0.64,15150,15.15
260,Exit long,2000-12-27 21:00,EOD,1898.5,8,15108,4000,0.53,5200,0.69,-400,-0.05,19150,19.15
260,Entry long,2000-12-27 15:30,S1 Trend,1888.5,8,15108,4000,0.53,5200,0.69,-400,-0.05,19150,19.15
261,Exit long,2000-12-28 17:00,S1 Trail,1894,8,15206,-2700,-0.36,700,0.09,-2700,-0.36,16450,16.45
261,Entry long,2000-12-28 16:00,S1 Trend,1900.75,8,15206,-2700,-0.36,700,0.09,-2700,-0.36,16450,16.45
262,Exit long,2000-12-28 19:00,S2 FairVal,1899.25,7,13287.75,350,0.05,787.5,0.12,-962.5,-0.14,16800,16.80
262,Entry long,2000-12-28 18:00,S2 VWAP,1898.25,7,13287.75,350,0.05,787.5,0.12,-962.5,-0.14,16800,16.80
263,Exit long,2000-12-29 18:30,S2 FairVal,1893.25,7,13298.25,-2275,-0.34,437.5,0.07,-2275,-0.34,14525,14.52
263,Entry long,2000-12-29 17:00,S2 VWAP,1899.75,7,13298.25,-2275,-0.34,437.5,0.07,-2275,-0.34,14525,14.52
264,Exit short,2001-01-02 19:30,S3 Scalp,1851,4,7470,3300,0.88,3300,0.88,0,0.00,17825,17.83
264,Entry short,2001-01-02 16:00,S3 Hedge,1867.5,4,7470,3300,0.88,3300,0.88,0,0.00,17825,17.83
265,Exit short,2001-01-02 21:00,EOD,1847.25,4,7406,850,0.23,2150,0.58,0,0.00,18675,18.68
265,Entry short,2001-01-02 20:00,S3 Hedge,1851.5,4,7406,850,0.23,2150,0.58,0,0.00,18675,18.68
266,Exit long,2001-01-03 21:00,EOD,1915,2,3795,1750,0.92,2125,1.12,-725,-0.38,20425,20.42
266,Entry long,2001-01-03 18:30,S1 Trend,1897.5,2,3795,1750,0.92,2125,1.12,-725,-0.38,20425,20.42
267,Exit long,2001-01-04 15:30,S1 Trail,1903.25,6,11479.5,-3000,-0.52,1125,0.20,-3000,-0.52,17425,17.42
267,Entry long,2001-01-04 15:00,S1 Trend,1913.25,6,11479.5,-3000,-0.52,1125,0.20,-3000,-0.52,17425,17.42
268,Exit short,2001-01-04 21:00,EOD,1899,4,7600,200,0.05,1400,0.37,-400,-0.11,17625,17.63
268,Entry short,2001-01-04 19:30,S3 Hedge,1900,4,7600,200,0.05,1400,0.37,-400,-0.11,17625,17.63
269,Exit short,2001-01-08 20:30,S3 Scalp,1850.5,4,7370,-1600,-0.43,700,0.19,-1600,-0.43,16025,16.02
269,Entry short,2001-01-08 19:30,S3 Hedge,1842.5,4,7370,-1600,-0.43,700,0.19,-1600,-0.43,16025,16.02
270,Exit long,2001-01-09 16:00,S1 Trail,1864.25,5,9380,-2937.5,-0.63,250,0.05,-2937.5,-0.63,13087.5,13.09
270,Entry long,2001-01-09 15:30,S1 Trend,1876,5,9380,-2937.5,-0.63,250,0.05,-2937.5,-0.63,13087.5,13.09
271,Exit long,2001-01-10 18:00,S1 Trail,1861.5,5,9343.75,-1812.5,-0.39,1875,0.40,-1812.5,-0.39,11275,11.28
271,Entry long,2001-01-10 16:30,S1 Trend,1868.75,5,9343.75,-1812.5,-0.39,1875,0.40,-1812.5,-0.39,11275,11.28
272,Exit long,2001-01-11 21:00,EOD,1888.5,8,15036,3600,0.48,6200,0.82,-1400,-0.19,14875,14.88
272,Entry long,2001-01-11 15:00,S1 Trend,1879.5,8,15036,3600,0.48,6200,0.82,-1400,-0.19,14875,14.88
273,Exit long,2001-01-12 19:00,S1 Trail,1874.75,5,9438.75,-3250,-0.69,312.5,0.07,-3250,-0.69,11625,11.63
273,Entry long,2001-01-12 17:00,S1 Trend,1887.75,5,9438.75,-3250,-0.69,312.5,0.07,-3250,-0.69,11625,11.63
274,Exit long,2001-01-16 19:00,S2 FairVal,1884.25,7,13163.5,1312.5,0.20,1750,0.27,-175,-0.03,12937.5,12.94
274,Entry long,2001-01-16 18:30,S2 VWAP,1880.5,7,13163.5,1312.5,0.20,1750,0.27,-175,-0.03,12937.5,12.94
275,Exit long,2001-01-16 21:00,EOD,1887.25,7,13175.75,1750,0.27,3062.5,0.46,-1050,-0.16,14687.5,14.69
275,Entry long,2001-01-16 19:30,S1 Trend,1882.25,7,13175.75,1750,0.27,3062.5,0.46,-1050,-0.16,14687.5,14.69
276,Exit long,2001-01-17 18:00,S1 Trail,1899.75,8,15218,-1000,-0.13,2800,0.37,-1000,-0.13,13687.5,13.69
276,Entry long,2001-01-17 15:00,S1 Trend,1902.25,8,15218,-1000,-0.13,2800,0.37,-1000,-0.13,13687.5,13.69
277,Exit short,2001-01-17 21:00,EOD,1890.25,5,9451.25,0,0.00,1062.5,0.22,-812.5,-0.17,13687.5,13.69
277,Entry short,2001-01-17 20:00,S3 Hedge,1890.25,5,9451.25,0,0.00,1062.5,0.22,-812.5,-0.17,13687.5,13.69
278,Exit long,2001-01-18 21:00,EOD,1908.75,7,13279,4112.5,0.62,6475,0.98,-350,-0.05,17800,17.80
278,Entry long,2001-01-18 16:00,S1 Trend,1897,7,13279,4112.5,0.62,6475,0.98,-350,-0.05,17800,17.80
279,Exit long,2001-01-22 16:30,S1 Trail,1903.75,8,15232,-100,-0.01,4600,0.60,-1000,-0.13,17700,17.70
279,Entry long,2001-01-22 15:00,S1 Trend,1904,8,15232,-100,-0.01,4600,0.60,-1000,-0.13,17700,17.70
280,Exit long,2001-01-23 21:00,EOD,1919.5,8,15264,4600,0.60,6500,0.85,-100,-0.01,22300,22.30
280,Entry long,2001-01-23 17:00,S1 Trend,1908,8,15264,4600,0.60,6500,0.85,-100,-0.01,22300,22.30
281,Exit long,2001-01-24 18:00,S1 Trail,1921.5,8,15404,-1600,-0.21,2000,0.26,-1600,-0.21,20700,20.70
281,Entry long,2001-01-24 16:00,S1 Trend,1925.5,8,15404,-1600,-0.21,2000,0.26,-1600,-0.21,20700,20.70
282,Exit long,2001-01-25 15:30,S2 FairVal,1922.25,10,19240,-875,-0.09,3125,0.32,-3750,-0.39,19825,19.83
282,Entry long,2001-01-25 15:00,S2 VWAP,1924,10,19240,-875,-0.09,3125,0.32,-3750,-0.39,19825,19.83
283,Exit long,2001-01-25 17:00,S2 FairVal,1924.25,6,11514,1575,0.27,1950,0.34,-675,-0.12,21400,21.40
283,Entry long,2001-01-25 16:30,S2 VWAP,1919,6,11514,1575,0.27,1950,0.34,-675,-0.12,21400,21.40
284,Exit long,2001-01-26 21:00,EOD,1914.75,6,11490,-75,-0.01,975,0.17,-1350,-0.23,21325,21.33
284,Entry long,2001-01-26 19:00,S1 Trend,1915,6,11490,-75,-0.01,975,0.17,-1350,-0.23,21325,21.33
285,Exit long,2001-01-29 21:00,EOD,1923.75,9,17286.75,1350,0.16,2137.5,0.25,-337.5,-0.04,22675,22.68
285,Entry long,2001-01-29 19:00,S1 Trend,1920.75,9,17286.75,1350,0.16,2137.5,0.25,-337.5,-0.04,22675,22.68
286,Exit long,2001-01-30 16:30,S2 FairVal,1924.5,9,17289,1575,0.18,1912.5,0.22,-112.5,-0.01,24250,24.25
286,Entry long,2001-01-30 16:00,S2 VWAP,1921,9,17289,1575,0.18,1912.5,0.22,-112.5,-0.01,24250,24.25
287,Exit long,2001-01-30 21:00,EOD,1933.25,8,15386,4000,0.52,5000,0.65,-900,-0.12,28250,28.25
287,Entry long,2001-01-30 17:00,S1 Trend,1923.25,8,15386,4000,0.52,5000,0.65,-900,-0.12,28250,28.25
288,Exit long,2001-01-31 19:30,S1 Trail,1928.5,9,17444.25,-4387.5,-0.50,1687.5,0.19,-6975,-0.80,23862.5,23.86
288,Entry long,2001-01-31 19:00,S1 Trend,1938.25,9,17444.25,-4387.5,-0.50,1687.5,0.19,-6975,-0.80,23862.5,23.86
289,Exit long,2001-02-01 18:00,S1 Trail,1922,8,15430,-2700,-0.35,1000,0.13,-2700,-0.35,21162.5,21.16
289,Entry long,2001-02-01 16:30,S1 Trend,1928.75,8,15430,-2700,-0.35,1000,0.13,-2700,-0.35,21162.5,21.16
290,Exit short,2001-02-07 20:00,S3 Scalp,1901.75,9,17075.25,-2025,-0.24,2812.5,0.33,-2025,-0.24,19137.5,19.14
290,Entry short,2001-02-07 17:30,S3 Hedge,1897.25,9,17075.25,-2025,-0.24,2812.5,0.33,-2025,-0.24,19137.5,19.14
291,Exit short,2001-02-08 20:00,S3 Scalp,1891.25,10,19005,4625,0.49,4625,0.49,-500,-0.05,23762.5,23.76
291,Entry short,2001-02-08 16:30,S3 Hedge,1900.5,10,19005,4625,0.49,4625,0.49,-500,-0.05,23762.5,23.76
292,Exit short,2001-02-09 19:30,S3 Scalp,1874,14,26358.5,6125,0.46,6125,0.46,-3150,-0.24,29887.5,29.89
292,Entry short,2001-02-09 15:00,S3 Hedge,1882.75,14,26358.5,6125,0.46,6125,0.46,-3150,-0.24,29887.5,29.89
293,Exit short,2001-02-09 21:00,EOD,1871,8,14976,400,0.05,700,0.09,-700,-0.09,30287.5,30.29
293,Entry short,2001-02-09 20:00,S3 Hedge,1872,8,14976,400,0.05,700,0.09,-700,-0.09,30287.5,30.29
294,Exit short,2001-02-13 21:00,EOD,1874.25,8,15050,2800,0.37,2900,0.39,-300,-0.04,33087.5,33.09
294,Entry short,2001-02-13 20:00,S3 Hedge,1881.25,8,15050,2800,0.37,2900,0.39,-300,-0.04,33087.5,33.09
295,Exit long,2001-02-15 21:00,EOD,1884,10,18847.5,-375,-0.04,1250,0.13,-2625,-0.28,32712.5,32.71
295,Entry long,2001-02-15 16:00,S1 Trend,1884.75,10,18847.5,-375,-0.04,1250,0.13,-2625,-0.28,32712.5,32.71
296,Exit short,2001-02-16 20:30,S3 Scalp,1859.5,8,14830,-2300,-0.31,2400,0.32,-2300,-0.31,30412.5,30.41
296,Entry short,2001-02-16 19:00,S3 Hedge,1853.75,8,14830,-2300,-0.31,2400,0.32,-2300,-0.31,30412.5,30.41
297,Exit short,2001-02-20 21:00,EOD,1834,7,12883.5,2275,0.35,2537.5,0.39,-1400,-0.22,32687.5,32.69
297,Entry short,2001-02-20 19:30,S3 Hedge,1840.5,7,12883.5,2275,0.35,2537.5,0.39,-1400,-0.22,32687.5,32.69
298,Exit short,2001-02-23 19:30,S3 Scalp,1779.75,4,7084,-1750,-0.49,350,0.10,-1750,-0.49,30937.5,30.94
298,Entry short,2001-02-23 19:00,S3 Hedge,1771,4,7084,-1750,-0.49,350,0.10,-1750,-0.49,30937.5,30.94
299,Exit long,2001-02-26 21:00,EOD,1822.5,6,10866,3450,0.64,3600,0.66,-225,-0.04,34387.5,34.39
299,Entry long,2001-02-26 19:30,S1 Trend,1811,6,10866,3450,0.64,3600,0.66,-225,-0.04,34387.5,34.39
300,Exit long,2001-02-27 18:00,S1 Trail,1816.5,8,14530,100,0.01,4900,0.67,-2500,-0.34,34487.5,34.49
300,Entry long,2001-02-27 15:30,S1 Trend,1816.25,8,14530,100,0.01,4900,0.67,-2500,-0.34,34487.5,34.49
301,Exit short,2001-02-28 20:30,S3 Scalp,1796.5,4,7153,-1650,-0.46,1200,0.34,-1650,-0.46,32837.5,32.84
301,Entry short,2001-02-28 20:00,S3 Hedge,1788.25,4,7153,-1650,-0.46,1200,0.34,-1650,-0.46,32837.5,32.84
302,Exit short,2001-03-01 19:30,S3 Scalp,1779.25,5,8858.75,-1875,-0.42,1187.5,0.27,-1875,-0.42,30962.5,30.96
302,Entry short,2001-03-01 18:30,S3 Hedge,1771.75,5,8858.75,-1875,-0.42,1187.5,0.27,-1875,-0.42,30962.5,30.96
303,Exit long,2001-03-02 20:00,S1 Trail,1790.5,5,8976.25,-1187.5,-0.26,2625,0.58,-1187.5,-0.26,29775,29.78
303,Entry long,2001-03-02 17:30,S1 Trend,1795.25,5,8976.25,-1187.5,-0.26,2625,0.58,-1187.5,-0.26,29775,29.78
304,Exit long,2001-03-06 16:00,S1 Climax,1818.5,3,5455.5,0,0.00,525,0.19,-262.5,-0.10,29775,29.78
304,Entry long,2001-03-06 15:30,S1 Trend,1818.5,3,5455.5,0,0.00,525,0.19,-262.5,-0.10,29775,29.78
305,Exit long,2001-03-06 17:00,S1 Trail,1813.75,7,12729.5,-1662.5,-0.26,1225,0.19,-1662.5,-0.26,28112.5,28.11
305,Entry long,2001-03-06 15:30,S1 Trend,1818.5,7,12729.5,-1662.5,-0.26,1225,0.19,-1662.5,-0.26,28112.5,28.11
306,Exit long,2001-03-07 21:00,EOD,1815.25,8,14476,2300,0.32,2400,0.33,-1300,-0.18,30412.5,30.41
306,Entry long,2001-03-07 16:00,S1 Trend,1809.5,8,14476,2300,0.32,2400,0.33,-1300,-0.18,30412.5,30.41
307,Exit short,2001-03-09 21:00,EOD,1784.25,6,10698,-375,-0.07,1275,0.24,-2100,-0.39,30037.5,30.04
307,Entry short,2001-03-09 20:00,S3 Hedge,1783,6,10698,-375,-0.07,1275,0.24,-2100,-0.39,30037.5,30.04
308,Exit short,2001-03-12 18:30,S3 Scalp,1751,7,12341,4200,0.68,4200,0.68,-350,-0.06,34237.5,34.24
308,Entry short,2001-03-12 15:00,S3 Hedge,1763,7,12341,4200,0.68,4200,0.68,-350,-0.06,34237.5,34.24
309,Exit short,2001-03-12 20:30,S3 Scalp,1736,6,10504.5,4425,0.84,4425,0.84,-1050,-0.20,38662.5,38.66
309,Entry short,2001-03-12 19:00,S3 Hedge,1750.75,6,10504.5,4425,0.84,4425,0.84,-1050,-0.20,38662.5,38.66
310,Exit short,2001-03-13 18:00,S3 Scalp,1733.5,4,6900,-1700,-0.49,50,0.01,-1700,-0.49,36962.5,36.96
310,Entry short,2001-03-13 17:00,S3 Hedge,1725,4,6900,-1700,-0.49,50,0.01,-1700,-0.49,36962.5,36.96
311,Exit long,2001-03-19 21:00,EOD,1720.5,6,10311,600,0.12,2025,0.39,-150,-0.03,37562.5,37.56
311,Entry long,2001-03-19 20:00,S1 Trend,1718.5,6,10311,600,0.12,2025,0.39,-150,-0.03,37562.5,37.56
312,Exit long,2001-03-20 19:00,S1 Trail,1719.75,9,15516,-1912.5,-0.25,3487.5,0.45,-1912.5,-0.25,35650,35.65
312,Entry long,2001-03-20 15:30,S1 Trend,1724,9,15516,-1912.5,-0.25,3487.5,0.45,-1912.5,-0.25,35650,35.65
313,Exit long,2001-03-20 20:00,S1 Trail,1708.5,6,10335,-4200,-0.81,75,0.01,-4200,-0.81,31450,31.45
313,Entry long,2001-03-20 19:30,S1 Trend,1722.5,6,10335,-4200,-0.81,75,0.01,-4200,-0.81,31450,31.45
314,Exit long,2001-03-23 17:30,S1 Trail,1671.25,5,8400,-2187.5,-0.52,1562.5,0.37,-2187.5,-0.52,29262.5,29.26
314,Entry long,2001-03-23 16:00,S1 Trend,1680,5,8400,-2187.5,-0.52,1562.5,0.37,-2187.5,-0.52,29262.5,29.26
315,Exit long,2001-03-23 21:00,EOD,1689.75,4,6747,600,0.18,800,0.24,-950,-0.28,29862.5,29.86
315,Entry long,2001-03-23 20:00,S1 Trend,1686.75,4,6747,600,0.18,800,0.24,-950,-0.28,29862.5,29.86
316,Exit long,2001-03-26 20:00,S1 Trail,1695.25,6,10236,-3225,-0.63,375,0.07,-3225,-0.63,26637.5,26.64
316,Entry long,2001-03-26 18:30,S1 Trend,1706,6,10236,-3225,-0.63,375,0.07,-3225,-0.63,26637.5,26.64
317,Exit long,2001-03-27 22:00,EOD,1729.25,6,10311,3225,0.63,4350,0.84,-1125,-0.22,29862.5,29.86
317,Entry long,2001-03-27 17:00,S1 Trend,1718.5,6,10311,3225,0.63,4350,0.84,-1125,-0.22,29862.5,29.86
318,Exit long,2001-03-29 20:30,S1 Trail,1692.25,5,8540,-3937.5,-0.92,62.5,0.01,-3937.5,-0.92,25925,25.92
318,Entry long,2001-03-29 17:00,S1 Trend,1708,5,8540,-3937.5,-0.92,62.5,0.01,-3937.5,-0.92,25925,25.92
319,Exit long,2001-03-30 22:00,EOD,1705.5,5,8533.75,-312.5,-0.07,1312.5,0.31,-1562.5,-0.37,25612.5,25.61
319,Entry long,2001-03-30 20:30,S1 Trend,1706.75,5,8533.75,-312.5,-0.07,1312.5,0.31,-1562.5,-0.37,25612.5,25.61
320,Exit long,2001-04-02 17:00,S1 Trail,1706.75,8,13708,-2700,-0.39,1500,0.22,-3000,-0.44,22912.5,22.91
320,Entry long,2001-04-02 15:30,S1 Trend,1713.5,8,13708,-2700,-0.39,1500,0.22,-3000,-0.44,22912.5,22.91
321,Exit short,2001-04-03 21:00,EOD,1650.5,4,6623,1050,0.32,2150,0.65,-650,-0.20,23962.5,23.96
321,Entry short,2001-04-03 19:30,S3 Hedge,1655.75,4,6623,1050,0.32,2150,0.65,-650,-0.20,23962.5,23.96
322,Exit long,2001-04-05 21:00,EOD,1698,6,10069.5,5925,1.18,6450,1.28,-825,-0.16,29887.5,29.89
322,Entry long,2001-04-05 15:30,S1 Trend,1678.25,6,10069.5,5925,1.18,6450,1.28,-825,-0.16,29887.5,29.89
323,Exit long,2001-04-06 15:30,S2 FairVal,1672.5,5,8412.5,-2500,-0.59,62.5,0.01,-2562.5,-0.61,27387.5,27.39
323,Entry long,2001-04-06 15:00,S2 VWAP,1682.5,5,8412.5,-2500,-0.59,62.5,0.01,-2562.5,-0.61,27387.5,27.39
324,Exit long,2001-04-09 16:00,S1 Trail,1682.5,7,11800.25,-1137.5,-0.19,2800,0.47,-1137.5,-0.19,26250,26.25
324,Entry long,2001-04-09 15:00,S1 Trend,1685.75,7,11800.25,-1137.5,-0.19,2800,0.47,-1137.5,-0.19,26250,26.25
325,Exit long,2001-04-10 17:00,S1 Climax,1714.25,2,3408,1025,0.60,1125,0.66,-25,-0.01,27275,27.28
325,Entry long,2001-04-10 15:00,S1 Trend,1704,2,3408,1025,0.60,1125,0.66,-25,-0.01,27275,27.28
326,Exit long,2001-04-10 17:30,S1 Climax,1719,1,1704,750,0.88,762.5,0.89,-12.5,-0.01,28025,28.03
326,Entry long,2001-04-10 15:00,S1 Trend,1704,1,1704,750,0.88,762.5,0.89,-12.5,-0.01,28025,28.03
327,Exit long,2001-04-10 18:00,S1 Climax,1718.5,1,1704,725,0.85,850,1.00,-12.5,-0.01,28750,28.75
327,Entry long,2001-04-10 15:00,S1 Trend,1704,1,1704,725,0.85,850,1.00,-12.5,-0.01,28750,28.75
328,Exit long,2001-04-10 21:00,EOD,1715.25,3,5112,1687.5,0.66,2550,1.00,-37.5,-0.01,30437.5,30.44
328,Entry long,2001-04-10 15:00,S1 Trend,1704,3,5112,1687.5,0.66,2550,1.00,-37.5,-0.01,30437.5,30.44
329,Exit long,2001-04-12 21:00,EOD,1729.25,5,8608.75,1875,0.44,1937.5,0.45,-812.5,-0.19,32312.5,32.31
329,Entry long,2001-04-12 18:00,S1 Trend,1721.75,5,8608.75,1875,0.44,1937.5,0.45,-812.5,-0.19,32312.5,32.31
330,Exit long,2001-04-17 18:00,S1 Trail,1725.25,7,12062.75,700,0.12,5600,0.93,-262.5,-0.04,33012.5,33.01
330,Entry long,2001-04-17 15:00,S1 Trend,1723.25,7,12062.75,700,0.12,5600,0.93,-262.5,-0.04,33012.5,33.01
331,Exit long,2001-04-18 16:00,S1 Climax,1795.25,2,3507.5,4150,2.37,10975,6.26,-100,-0.06,37162.5,37.16
331,Entry long,2001-04-18 15:00,S1 Trend,1753.75,2,3507.5,4150,2.37,10975,6.26,-100,-0.06,37162.5,37.16
332,Exit long,2001-04-18 16:00,S1 Trail,1795.25,7,12276.25,14525,2.37,38412.5,6.26,-350,-0.06,51687.5,51.69
332,Entry long,2001-04-18 15:00,S1 Trend,1753.75,7,12276.25,14525,2.37,38412.5,6.26,-350,-0.06,51687.5,51.69
333,Exit long,2001-04-19 21:00,EOD,1800,5,8971.25,1437.5,0.32,1562.5,0.35,-1437.5,-0.32,53125,53.13
333,Entry long,2001-04-19 19:00,S1 Trend,1794.25,5,8971.25,1437.5,0.32,1562.5,0.35,-1437.5,-0.32,53125,53.13
334,Exit long,2001-04-20 18:30,S2 FairVal,1787.75,7,12479.25,1750,0.28,1750,0.28,-612.5,-0.10,54875,54.87
334,Entry long,2001-04-20 17:30,S2 VWAP,1782.75,7,12479.25,1750,0.28,1750,0.28,-612.5,-0.10,54875,54.87
335,Exit long,2001-04-24 17:00,S1 Trail,1766.75,8,14204,-3500,-0.49,1000,0.14,-3500,-0.49,51375,51.38
335,Entry long,2001-04-24 15:30,S1 Trend,1775.5,8,14204,-3500,-0.49,1000,0.14,-3500,-0.49,51375,51.38
336,Exit long,2001-04-25 21:00,EOD,1773.5,7,12358.5,2800,0.45,4025,0.65,-350,-0.06,54175,54.18
336,Entry long,2001-04-25 19:30,S1 Trend,1765.5,7,12358.5,2800,0.45,4025,0.65,-350,-0.06,54175,54.18
337,Exit long,2001-04-26 16:00,S1 Climax,1785,3,5340,750,0.28,1050,0.39,-37.5,-0.01,54925,54.93
337,Entry long,2001-04-26 15:00,S1 Trend,1780,3,5340,750,0.28,1050,0.39,-37.5,-0.01,54925,54.93
338,Exit long,2001-04-26 19:30,S1 Trail,1780.5,7,12460,175,0.03,4375,0.70,-437.5,-0.07,55100,55.10
338,Entry long,2001-04-26 15:00,S1 Trend,1780,7,12460,175,0.03,4375,0.70,-437.5,-0.07,55100,55.10
339,Exit long,2001-04-30 15:30,S1 Climax,1809.75,3,5426.25,150,0.06,300,0.11,-375,-0.14,55250,55.25
339,Entry long,2001-04-30 15:00,S1 Trend,1808.75,3,5426.25,150,0.06,300,0.11,-375,-0.14,55250,55.25
340,Exit long,2001-04-30 16:00,S1 Climax,1810.25,2,3617.5,150,0.08,375,0.21,-250,-0.14,55400,55.40
340,Entry long,2001-04-30 15:00,S1 Trend,1808.75,2,3617.5,150,0.08,375,0.21,-250,-0.14,55400,55.40
341,Exit long,2001-04-30 16:30,S1 Climax,1811.5,2,3617.5,275,0.15,375,0.21,-250,-0.14,55675,55.68
341,Entry long,2001-04-30 15:00,S1 Trend,1808.75,2,3617.5,275,0.15,375,0.21,-250,-0.14,55675,55.68
342,Exit long,2001-04-30 18:30,S1 Trail,1804.5,5,9043.75,-1062.5,-0.23,1125,0.25,-1062.5,-0.23,54612.5,54.61
342,Entry long,2001-04-30 15:00,S1 Trend,1808.75,5,9043.75,-1062.5,-0.23,1125,0.25,-1062.5,-0.23,54612.5,54.61
343,Exit long,2001-05-01 21:00,EOD,1809,12,21519,9450,0.88,9750,0.91,-4350,-0.40,64062.5,64.06
343,Entry long,2001-05-01 15:00,S1 Trend,1793.25,12,21519,9450,0.88,9750,0.91,-4350,-0.40,64062.5,64.06
344,Exit long,2001-05-02 21:00,EOD,1808.25,11,19888,137.5,0.01,4262.5,0.43,-4400,-0.44,64200,64.20
344,Entry long,2001-05-02 15:00,S1 Trend,1808,11,19888,137.5,0.01,4262.5,0.43,-4400,-0.44,64200,64.20
345,Exit long,2001-05-04 21:00,EOD,1808.5,6,10810.5,2025,0.37,2775,0.51,-975,-0.18,66225,66.22
345,Entry long,2001-05-04 17:30,S1 Trend,1801.75,6,10810.5,2025,0.37,2775,0.51,-975,-0.18,66225,66.22
346,Exit long,2001-05-07 15:30,S1 Trail,1804.5,13,23546.25,-4387.5,-0.37,1137.5,0.10,-4387.5,-0.37,61837.5,61.84
346,Entry long,2001-05-07 15:00,S1 Trend,1811.25,13,23546.25,-4387.5,-0.37,1137.5,0.10,-4387.5,-0.37,61837.5,61.84
347,Exit long,2001-05-07 18:30,S2 FairVal,1806.25,9,16231.5,1237.5,0.15,1237.5,0.15,-1012.5,-0.12,63075,63.08
347,Entry long,2001-05-07 16:30,S2 VWAP,1803.5,9,16231.5,1237.5,0.15,1237.5,0.15,-1012.5,-0.12,63075,63.08
348,Exit long,2001-05-09 19:30,S1 Trail,1794.25,10,18005,-3125,-0.35,1625,0.18,-3125,-0.35,59950,59.95
348,Entry long,2001-05-09 17:00,S1 Trend,1800.5,10,18005,-3125,-0.35,1625,0.18,-3125,-0.35,59950,59.95
349,Exit long,2001-05-16 19:00,S1 Climax,1815,2,3602,1400,0.78,1400,0.78,-75,-0.04,61350,61.35
349,Entry long,2001-05-16 16:00,S1 Trend,1801,2,3602,1400,0.78,1400,0.78,-75,-0.04,61350,61.35
350,Exit long,2001-05-16 19:30,S1 Climax,1819.75,1,1801,937.5,1.04,950,1.05,-37.5,-0.04,62287.5,62.29
350,Entry long,2001-05-16 16:00,S1 Trend,1801,1,1801,937.5,1.04,950,1.05,-37.5,-0.04,62287.5,62.29
351,Exit long,2001-05-16 20:00,S1 Climax,1823.5,1,1801,1125,1.25,1150,1.28,-37.5,-0.04,63412.5,63.41
351,Entry long,2001-05-16 16:00,S1 Trend,1801,1,1801,1125,1.25,1150,1.28,-37.5,-0.04,63412.5,63.41
352,Exit long,2001-05-16 20:30,S1 Climax,1823.75,1,1801,1137.5,1.26,1300,1.44,-37.5,-0.04,64550,64.55
352,Entry long,2001-05-16 16:00,S1 Trend,1801,1,1801,1137.5,1.26,1300,1.44,-37.5,-0.04,64550,64.55
353,Exit long,2001-05-16 21:00,EOD,1827,2,3602,2600,1.44,2875,1.60,-75,-0.04,67150,67.15
353,Entry long,2001-05-16 16:00,S1 Trend,1801,2,3602,2600,1.44,2875,1.60,-75,-0.04,67150,67.15
354,Exit long,2001-05-17 15:30,S1 Trail,1828,11,20163,-2750,-0.27,2612.5,0.26,-2750,-0.27,64400,64.40
354,Entry long,2001-05-17 15:00,S1 Trend,1833,11,20163,-2750,-0.27,2612.5,0.26,-2750,-0.27,64400,64.40
355,Exit long,2001-05-17 21:00,EOD,1830,8,14692,-2600,-0.35,100,0.01,-3500,-0.48,61800,61.80
355,Entry long,2001-05-17 18:30,S1 Trend,1836.5,8,14692,-2600,-0.35,100,0.01,-3500,-0.48,61800,61.80
356,Exit long,2001-05-18 18:30,S1 Trail,1823.25,12,21930,-2550,-0.23,2700,0.25,-2550,-0.23,59250,59.25
356,Entry long,2001-05-18 15:30,S1 Trend,1827.5,12,21930,-2550,-0.23,2700,0.25,-2550,-0.23,59250,59.25
357,Exit long,2001-05-18 20:00,S2 FairVal,1828,10,18247.5,1625,0.18,1625,0.18,-1375,-0.15,60875,60.88
357,Entry long,2001-05-18 19:30,S2 VWAP,1824.75,10,18247.5,1625,0.18,1625,0.18,-1375,-0.15,60875,60.88
358,Exit long,2001-05-21 21:00,EOD,1855.25,12,22053,10500,0.95,10650,0.97,-2100,-0.19,71375,71.38
358,Entry long,2001-05-21 15:30,S1 Trend,1837.75,12,22053,10500,0.95,10650,0.97,-2100,-0.19,71375,71.38
359,Exit long,2001-05-22 20:30,S1 Trail,1848.25,13,24102,-3737.5,-0.31,2437.5,0.20,-3737.5,-0.31,67637.5,67.64
359,Entry long,2001-05-22 15:30,S1 Trend,1854,13,24102,-3737.5,-0.31,2437.5,0.20,-3737.5,-0.31,67637.5,67.64
360,Exit short,2001-05-30 16:00,S3 Scalp,1791.5,15,26981.25,5437.5,0.40,5437.5,0.40,-1312.5,-0.10,73075,73.08
360,Entry short,2001-05-30 15:30,S3 Hedge,1798.75,15,26981.25,5437.5,0.40,5437.5,0.40,-1312.5,-0.10,73075,73.08
361,Exit short,2001-05-30 21:00,EOD,1788,13,23292.75,2437.5,0.21,4225,0.36,-2437.5,-0.21,75512.5,75.51
361,Entry short,2001-05-30 16:30,S3 Hedge,1791.75,13,23292.75,2437.5,0.21,4225,0.36,-2437.5,-0.21,75512.5,75.51
362,Exit long,2001-06-01 21:00,EOD,1800.25,8,14418,-800,-0.11,1400,0.19,-1600,-0.22,74712.5,74.71
362,Entry long,2001-06-01 19:30,S1 Trend,1802.25,8,14418,-800,-0.11,1400,0.19,-1600,-0.22,74712.5,74.71
363,Exit long,2001-06-05 20:30,S1 Climax,1825,4,7250,2500,0.69,2700,0.74,-200,-0.06,77212.5,77.21
363,Entry long,2001-06-05 15:30,S1 Trend,1812.5,4,7250,2500,0.69,2700,0.74,-200,-0.06,77212.5,77.21
364,Exit long,2001-06-05 21:00,EOD,1823.75,10,18125,5625,0.62,7250,0.80,-500,-0.06,82837.5,82.84
364,Entry long,2001-06-05 15:30,S1 Trend,1812.5,10,18125,5625,0.62,7250,0.80,-500,-0.06,82837.5,82.84
365,Exit long,2001-06-07 17:00,S1 Trail,1805.75,13,23562.5,-4387.5,-0.37,1300,0.11,-4387.5,-0.37,78450,78.45
365,Entry long,2001-06-07 16:00,S1 Trend,1812.5,13,23562.5,-4387.5,-0.37,1300,0.11,-4387.5,-0.37,78450,78.45
366,Exit short,2001-06-14 19:00,S3 Scalp,1757,13,22961.25,6012.5,0.52,6012.5,0.52,-487.5,-0.04,84462.5,84.46
366,Entry short,2001-06-14 16:00,S3 Hedge,1766.25,13,22961.25,6012.5,0.52,6012.5,0.52,-487.5,-0.04,84462.5,84.46
367,Exit short,2001-06-15 15:30,S3 Scalp,1746.75,12,20901,-3000,-0.29,1350,0.13,-3000,-0.29,81462.5,81.46
367,Entry short,2001-06-15 15:00,S3 Hedge,1741.75,12,20901,-3000,-0.29,1350,0.13,-3000,-0.29,81462.5,81.46
368,Exit long,2001-06-19 15:30,S1 Trail,1753.75,15,26388.75,-4125,-0.31,1687.5,0.13,-4125,-0.31,77337.5,77.34
368,Entry long,2001-06-19 15:00,S1 Trend,1759.25,15,26388.75,-4125,-0.31,1687.5,0.13,-4125,-0.31,77337.5,77.34
369,Exit long,2001-06-20 16:30,S1 Trail,1753,15,26313.75,-937.5,-0.07,6000,0.46,-937.5,-0.07,76400,76.40
369,Entry long,2001-06-20 15:00,S1 Trend,1754.25,15,26313.75,-937.5,-0.07,6000,0.46,-937.5,-0.07,76400,76.40
370,Exit long,2001-06-21 21:00,EOD,1771.75,14,24619,9275,0.75,12950,1.05,-175,-0.01,85675,85.68
370,Entry long,2001-06-21 15:00,S1 Trend,1758.5,14,24619,9275,0.75,12950,1.05,-175,-0.01,85675,85.68
371,Exit long,2001-06-26 21:00,EOD,1752.5,9,15797.25,-1237.5,-0.16,900,0.11,-1912.5,-0.24,84437.5,84.44
371,Entry long,2001-06-26 19:30,S1 Trend,1755.25,9,15797.25,-1237.5,-0.16,900,0.11,-1912.5,-0.24,84437.5,84.44
372,Exit long,2001-06-28 20:30,S1 Trail,1761,12,21120,600,0.06,7500,0.71,-600,-0.06,85037.5,85.04
372,Entry long,2001-06-28 15:00,S1 Trend,1760,12,21120,600,0.06,7500,0.71,-600,-0.06,85037.5,85.04
373,Exit long,2001-06-29 21:00,EOD,1763.5,12,21219,-2850,-0.27,3000,0.28,-3750,-0.35,82187.5,82.19
373,Entry long,2001-06-29 15:30,S1 Trend,1768.25,12,21219,-2850,-0.27,3000,0.28,-3750,-0.35,82187.5,82.19
374,Exit long,2001-07-02 21:00,EOD,1771.75,14,24724,4025,0.33,7000,0.57,-525,-0.04,86212.5,86.21
374,Entry long,2001-07-02 15:30,S1 Trend,1766,14,24724,4025,0.33,7000,0.57,-525,-0.04,86212.5,86.21
375,Exit long,2001-07-04 10:00,S1 Trail,1768,14,24825.5,-3675,-0.30,0,0.00,-3675,-0.30,82537.5,82.54
375,Entry long,2001-07-03 18:30,S1 Trend,1773.25,14,24825.5,-3675,-0.30,0,0.00,-3675,-0.30,82537.5,82.54
376,Exit long,2001-07-05 16:00,S1 Trail,1759.25,14,24734.5,-5250,-0.42,525,0.04,-5250,-0.42,77287.5,77.29
376,Entry long,2001-07-05 15:30,S1 Trend,1766.75,14,24734.5,-5250,-0.42,525,0.04,-5250,-0.42,77287.5,77.29
377,Exit short,2001-07-05 21:00,EOD,1753.5,11,19318.75,1512.5,0.16,1650,0.17,-1787.5,-0.19,78800,78.80
377,Entry short,2001-07-05 17:00,S3 Hedge,1756.25,11,19318.75,1512.5,0.16,1650,0.17,-1787.5,-0.19,78800,78.80
378,Exit short,2001-07-06 15:30,S3 Scalp,1732,16,27848,6800,0.49,8000,0.57,-400,-0.03,85600,85.60
378,Entry short,2001-07-06 15:00,S3 Hedge,1740.5,16,27848,6800,0.49,8000,0.57,-400,-0.03,85600,85.60
379,Exit short,2001-07-06 21:00,EOD,1724.5,10,17270,1250,0.14,2375,0.28,-1750,-0.20,86850,86.85
379,Entry short,2001-07-06 17:00,S3 Hedge,1727,10,17270,1250,0.14,2375,0.28,-1750,-0.20,86850,86.85
380,Exit long,2001-07-12 21:00,EOD,1742.25,11,19063,5087.5,0.53,6737.5,0.71,-1237.5,-0.13,91937.5,91.94
380,Entry long,2001-07-12 15:30,S1 Trend,1733,11,19063,5087.5,0.53,6737.5,0.71,-1237.5,-0.13,91937.5,91.94
381,Exit long,2001-07-13 21:00,EOD,1750,13,22678.5,3575,0.32,5850,0.52,-1625,-0.14,95512.5,95.51
381,Entry long,2001-07-13 16:00,S1 Trend,1744.5,13,22678.5,3575,0.32,5850,0.52,-1625,-0.14,95512.5,95.51
382,Exit short,2001-07-16 17:30,S3 Scalp,1741.25,24,41970,9000,0.43,9000,0.43,-3300,-0.16,104512.5,104.51
382,Entry short,2001-07-16 15:00,S3 Hedge,1748.75,24,41970,9000,0.43,9000,0.43,-3300,-0.16,104512.5,104.51
383,Exit short,2001-07-17 15:30,S3 Scalp,1735.75,20,34620,-4750,-0.27,1500,0.09,-5750,-0.33,99762.5,99.76
383,Entry short,2001-07-17 15:00,S3 Hedge,1731,20,34620,-4750,-0.27,1500,0.09,-5750,-0.33,99762.5,99.76
384,Exit long,2001-07-17 21:00,EOD,1748.25,12,20898,4050,0.39,4950,0.47,-150,-0.01,103812.5,103.81
384,Entry long,2001-07-17 19:00,S1 Trend,1741.5,12,20898,4050,0.39,4950,0.47,-150,-0.01,103812.5,103.81
385,Exit long,2001-07-18 15:30,S1 Trail,1734.75,15,26130,-5437.5,-0.42,3000,0.23,-8812.5,-0.67,98375,98.38
385,Entry long,2001-07-18 15:00,S1 Trend,1742,15,26130,-5437.5,-0.42,3000,0.23,-8812.5,-0.67,98375,98.38
386,Exit long,2001-07-19 17:00,S1 Trail,1749.5,12,21093,-4950,-0.47,900,0.09,-4950,-0.47,93425,93.43
386,Entry long,2001-07-19 15:00,S1 Trend,1757.75,12,21093,-4950,-0.47,900,0.09,-4950,-0.47,93425,93.43
387,Exit long,2001-07-20 18:00,S1 Trail,1740.75,14,24458,-4375,-0.36,1400,0.11,-4375,-0.36,89050,89.05
387,Entry long,2001-07-20 15:30,S1 Trend,1747,14,24458,-4375,-0.36,1400,0.11,-4375,-0.36,89050,89.05
388,Exit short,2001-07-24 20:00,S3 Scalp,1700.25,12,20538,6750,0.66,6750,0.66,-1050,-0.10,95800,95.80
388,Entry short,2001-07-24 16:30,S3 Hedge,1711.5,12,20538,6750,0.66,6750,0.66,-1050,-0.10,95800,95.80
389,Exit long,2001-07-26 16:00,S1 Trail,1716,15,25803.75,-3187.5,-0.25,3187.5,0.25,-3187.5,-0.25,92612.5,92.61
389,Entry long,2001-07-26 15:00,S1 Trend,1720.25,15,25803.75,-3187.5,-0.25,3187.5,0.25,-3187.5,-0.25,92612.5,92.61
390,Exit long,2001-07-26 21:00,EOD,1736.25,11,18980.5,5912.5,0.62,6600,0.70,-137.5,-0.01,98525,98.53
390,Entry long,2001-07-26 19:30,S1 Trend,1725.5,11,18980.5,5912.5,0.62,6600,0.70,-137.5,-0.01,98525,98.53
391,Exit short,2001-07-27 16:00,S3 Scalp,1736,17,29444,-3400,-0.23,3612.5,0.25,-3400,-0.23,95125,95.13
391,Entry short,2001-07-27 15:00,S3 Hedge,1732,17,29444,-3400,-0.23,3612.5,0.25,-3400,-0.23,95125,95.13
392,Exit long,2001-07-27 21:00,EOD,1739.25,12,20838,1650,0.16,3300,0.32,-1050,-0.10,96775,96.78
392,Entry long,2001-07-27 17:00,S1 Trend,1736.5,12,20838,1650,0.16,3300,0.32,-1050,-0.10,96775,96.78
393,Exit long,2001-07-31 16:30,S1 Climax,1752.75,4,7003,400,0.11,600,0.17,-250,-0.07,97175,97.18
393,Entry long,2001-07-31 16:00,S1 Trend,1750.75,4,7003,400,0.11,600,0.17,-250,-0.07,97175,97.18
394,Exit long,2001-07-31 20:00,S1 Trail,1747.75,12,21009,-1800,-0.17,2850,0.27,-1800,-0.17,95375,95.38
394,Entry long,2001-07-31 16:00,S1 Trend,1750.75,12,21009,-1800,-0.17,2850,0.27,-1800,-0.17,95375,95.38
395,Exit long,2001-08-01 17:30,S1 Climax,1755,4,7008,600,0.17,650,0.19,-450,-0.13,95975,95.98
395,Entry long,2001-08-01 16:30,S1 Trend,1752,4,7008,600,0.17,650,0.19,-450,-0.13,95975,95.98
396,Exit long,2001-08-01 19:00,S1 Trail,1747.75,12,21024,-2550,-0.24,1950,0.19,-2550,-0.24,93425,93.43
396,Entry long,2001-08-01 16:30,S1 Trend,1752,12,21024,-2550,-0.24,1950,0.19,-2550,-0.24,93425,93.43
397,Exit short,2001-08-06 21:00,EOD,1732.25,15,25961.25,-1125,-0.09,1687.5,0.13,-1687.5,-0.13,92300,92.30
397,Entry short,2001-08-06 19:30,S3 Hedge,1730.75,15,25961.25,-1125,-0.09,1687.5,0.13,-1687.5,-0.13,92300,92.30
398,Exit long,2001-08-08 18:00,S1 Trail,1731.25,15,26051.25,-4125,-0.32,1500,0.12,-4125,-0.32,88175,88.18
398,Entry long,2001-08-08 16:00,S1 Trend,1736.75,15,26051.25,-4125,-0.32,1500,0.12,-4125,-0.32,88175,88.18
399,Exit long,2001-08-10 21:00,EOD,1722.5,9,15518.25,-787.5,-0.10,450,0.06,-2587.5,-0.33,87387.5,87.39
399,Entry long,2001-08-10 20:00,S1 Trend,1724.25,9,15518.25,-787.5,-0.10,450,0.06,-2587.5,-0.33,87387.5,87.39
400,Exit long,2001-08-22 21:00,EOD,1695.75,9,15268.5,-337.5,-0.04,1462.5,0.19,-2700,-0.35,87050,87.05
400,Entry long,2001-08-22 20:00,S1 Trend,1696.5,9,15268.5,-337.5,-0.04,1462.5,0.19,-2700,-0.35,87050,87.05
401,Exit long,2001-08-23 19:00,S1 Trail,1692,16,27164,-4600,-0.34,2000,0.15,-4600,-0.34,82450,82.45
401,Entry long,2001-08-23 15:30,S1 Trend,1697.75,16,27164,-4600,-0.34,2000,0.15,-4600,-0.34,82450,82.45
402,Exit long,2001-08-24 21:00,EOD,1714.5,15,25586.25,6562.5,0.51,8062.5,0.63,-187.5,-0.01,89012.5,89.01
402,Entry long,2001-08-24 16:00,S1 Trend,1705.75,15,25586.25,6562.5,0.51,8062.5,0.63,-187.5,-0.01,89012.5,89.01
403,Exit short,2001-08-27 17:30,S3 Scalp,1711.5,15,25616.25,-2812.5,-0.22,375,0.03,-2812.5,-0.22,86200,86.20
403,Entry short,2001-08-27 17:00,S3 Hedge,1707.75,15,25616.25,-2812.5,-0.22,375,0.03,-2812.5,-0.22,86200,86.20
404,Exit long,2001-08-27 21:00,EOD,1709,14,23989,-3150,-0.26,2450,0.20,-3325,-0.28,83050,83.05
404,Entry long,2001-08-27 19:30,S1 Trend,1713.5,14,23989,-3150,-0.26,2450,0.20,-3325,-0.28,83050,83.05
405,Exit short,2001-08-29 21:00,EOD,1678,10,16782.5,125,0.01,1125,0.13,-1500,-0.18,83175,83.18
405,Entry short,2001-08-29 20:00,S3 Hedge,1678.25,10,16782.5,125,0.01,1125,0.13,-1500,-0.18,83175,83.18
406,Exit long,2001-09-04 20:00,S1 Trail,1674.75,10,16692.5,2750,0.33,8500,1.02,-375,-0.04,85925,85.93
406,Entry long,2001-09-04 15:30,S1 Trend,1669.25,10,16692.5,2750,0.33,8500,1.02,-375,-0.04,85925,85.93
407,Exit short,2001-09-06 21:00,EOD,1634.25,8,13106,1600,0.24,1700,0.26,-2000,-0.31,87525,87.53
407,Entry short,2001-09-06 17:30,S3 Hedge,1638.25,8,13106,1600,0.24,1700,0.26,-2000,-0.31,87525,87.53
408,Exit short,2001-09-07 19:30,S3 Scalp,1623.75,7,11308.5,-2887.5,-0.51,2100,0.37,-2887.5,-0.51,84637.5,84.64
408,Entry short,2001-09-07 18:00,S3 Hedge,1615.5,7,11308.5,-2887.5,-0.51,2100,0.37,-2887.5,-0.51,84637.5,84.64
409,Exit long,2001-09-24 21:00,EOD,1530.5,6,9177,300,0.07,2100,0.46,-750,-0.16,84937.5,84.94
409,Entry long,2001-09-24 17:00,S1 Trend,1529.5,6,9177,300,0.07,2100,0.46,-750,-0.16,84937.5,84.94
410,Exit long,2001-09-25 18:30,S1 Trail,1528.25,8,12298,-3600,-0.59,3200,0.52,-4900,-0.80,81337.5,81.34
410,Entry long,2001-09-25 15:00,S1 Trend,1537.25,8,12298,-3600,-0.59,3200,0.52,-4900,-0.80,81337.5,81.34
411,Exit long,2001-09-27 21:00,EOD,1545.75,9,13855.5,2812.5,0.41,3375,0.49,-787.5,-0.11,84150,84.15
411,Entry long,2001-09-27 20:00,S1 Trend,1539.5,9,13855.5,2812.5,0.41,3375,0.49,-787.5,-0.11,84150,84.15
412,Exit long,2001-09-28 21:00,EOD,1568.25,10,15600,4125,0.53,4375,0.56,-2375,-0.30,88275,88.28
412,Entry long,2001-09-28 15:30,S1 Trend,1560,10,15600,4125,0.53,4375,0.56,-2375,-0.30,88275,88.28
413,Exit long,2001-10-01 15:30,S1 Trail,1553.75,16,24988,-6400,-0.51,0,0.00,-6400,-0.51,81875,81.88
413,Entry long,2001-10-01 15:00,S1 Trend,1561.75,16,24988,-6400,-0.51,0,0.00,-6400,-0.51,81875,81.88
414,Exit long,2001-10-01 21:00,EOD,1566,11,17201.25,1237.5,0.14,1237.5,0.14,-2337.5,-0.27,83112.5,83.11
414,Entry long,2001-10-01 19:00,S1 Trend,1563.75,11,17201.25,1237.5,0.14,1237.5,0.14,-2337.5,-0.27,83112.5,83.11
415,Exit long,2001-10-02 19:00,S1 Trail,1565,15,23512.5,-1875,-0.16,4500,0.38,-2250,-0.19,81237.5,81.24
415,Entry long,2001-10-02 15:00,S1 Trend,1567.5,15,23512.5,-1875,-0.16,4500,0.38,-2250,-0.19,81237.5,81.24
416,Exit long,2001-10-03 21:00,EOD,1599.25,10,15752.5,12000,1.52,13875,1.76,-250,-0.03,93237.5,93.24
416,Entry long,2001-10-03 15:30,S1 Trend,1575.25,10,15752.5,12000,1.52,13875,1.76,-250,-0.03,93237.5,93.24
417,Exit long,2001-10-04 20:30,S1 Trail,1597,7,11271.75,-4637.5,-0.82,525,0.09,-4637.5,-0.82,88600,88.60
417,Entry long,2001-10-04 16:30,S1 Trend,1610.25,7,11271.75,-4637.5,-0.82,525,0.09,-4637.5,-0.82,88600,88.60
418,Exit long,2001-10-05 21:00,EOD,1596.25,7,11179,-262.5,-0.05,1225,0.22,-1575,-0.28,88337.5,88.34
418,Entry long,2001-10-05 20:00,S1 Trend,1597,7,11179,-262.5,-0.05,1225,0.22,-1575,-0.28,88337.5,88.34
419,Exit long,2001-10-08 19:30,S1 Trail,1585,11,17492.75,-2887.5,-0.33,3712.5,0.42,-4125,-0.47,85450,85.45
419,Entry long,2001-10-08 15:00,S1 Trend,1590.25,11,17492.75,-2887.5,-0.33,3712.5,0.42,-4125,-0.47,85450,85.45
420,Exit long,2001-10-10 21:00,EOD,1608.25,12,19068,11550,1.21,12300,1.29,-300,-0.03,97000,97.00
420,Entry long,2001-10-10 15:00,S1 Trend,1589,12,19068,11550,1.21,12300,1.29,-300,-0.03,97000,97.00
421,Exit long,2001-10-11 19:30,S1 Trail,1617,13,21095.75,-3737.5,-0.35,2762.5,0.26,-3737.5,-0.35,93262.5,93.26
421,Entry long,2001-10-11 15:00,S1 Trend,1622.75,13,21095.75,-3737.5,-0.35,2762.5,0.26,-3737.5,-0.35,93262.5,93.26
422,Exit long,2001-10-15 21:00,EOD,1616.75,10,16150,875,0.11,1500,0.19,-1750,-0.22,94137.5,94.14
422,Entry long,2001-10-15 19:00,S1 Trend,1615,10,16150,875,0.11,1500,0.19,-1750,-0.22,94137.5,94.14
423,Exit long,2001-10-16 15:30,S1 Trail,1619.25,15,24393.75,-5250,-0.43,1125,0.09,-5250,-0.43,88887.5,88.89
423,Entry long,2001-10-16 15:00,S1 Trend,1626.25,15,24393.75,-5250,-0.43,1125,0.09,-5250,-0.43,88887.5,88.89
424,Exit short,2001-10-18 21:00,EOD,1595.25,9,14357.25,0,0.00,2362.5,0.33,-1462.5,-0.20,88887.5,88.89
424,Entry short,2001-10-18 18:00,S3 Hedge,1595.25,9,14357.25,0,0.00,2362.5,0.33,-1462.5,-0.20,88887.5,88.89
425,Exit long,2001-10-22 21:00,EOD,1615.5,16,25656,9600,0.75,11200,0.87,-2600,-0.20,98487.5,98.49
425,Entry long,2001-10-22 15:00,S1 Trend,1603.5,16,25656,9600,0.75,11200,0.87,-2600,-0.20,98487.5,98.49
426,Exit long,2001-10-23 21:00,EOD,1611.75,10,16140,-1125,-0.14,875,0.11,-4125,-0.51,97362.5,97.36
426,Entry long,2001-10-23 18:00,S2 VWAP,1614,10,16140,-1125,-0.14,875,0.11,-4125,-0.51,97362.5,97.36
427,Exit long,2001-10-25 21:00,EOD,1625.25,8,12916,4300,0.67,4500,0.70,-700,-0.11,101662.5,101.66
427,Entry long,2001-10-25 19:30,S1 Trend,1614.5,8,12916,4300,0.67,4500,0.70,-700,-0.11,101662.5,101.66
428,Exit long,2001-10-26 21:00,EOD,1630,15,24307.5,7125,0.59,12187.5,1.00,-562.5,-0.05,108787.5,108.79
428,Entry long,2001-10-26 15:00,S1 Trend,1620.5,15,24307.5,7125,0.59,12187.5,1.00,-562.5,-0.05,108787.5,108.79
429,Exit long,2001-10-29 16:00,S1 Trail,1613,19,30789.5,-7125,-0.46,712.5,0.05,-7125,-0.46,101662.5,101.66
429,Entry long,2001-10-29 15:00,S1 Trend,1620.5,19,30789.5,-7125,-0.46,712.5,0.05,-7125,-0.46,101662.5,101.66
430,Exit short,2001-10-30 15:30,S3 Scalp,1580.75,16,25436,7200,0.57,7200,0.57,-200,-0.02,108862.5,108.86
430,Entry short,2001-10-30 15:00,S3 Hedge,1589.75,16,25436,7200,0.57,7200,0.57,-200,-0.02,108862.5,108.86
431,Exit long,2001-10-31 17:30,S1 Trail,1587,11,17580.75,-6187.5,-0.70,137.5,0.02,-6187.5,-0.70,102675,102.68
431,Entry long,2001-10-31 15:30,S1 Trend,1598.25,11,17580.75,-6187.5,-0.70,137.5,0.02,-6187.5,-0.70,102675,102.68
432,Exit long,2001-11-01 19:30,S1 Climax,1609.25,2,3194.5,1200,0.75,1200,0.75,-500,-0.31,103875,103.88
432,Entry long,2001-11-01 16:00,S1 Trend,1597.25,2,3194.5,1200,0.75,1200,0.75,-500,-0.31,103875,103.88
433,Exit long,2001-11-01 21:00,EOD,1608.5,7,11180.75,3937.5,0.70,5162.5,0.92,-1750,-0.31,107812.5,107.81
433,Entry long,2001-11-01 16:00,S1 Trend,1597.25,7,11180.75,3937.5,0.70,5162.5,0.92,-1750,-0.31,107812.5,107.81
434,Exit long,2001-11-02 21:00,EOD,1612.75,11,17712.75,1375,0.16,2887.5,0.33,-1375,-0.16,109187.5,109.19
434,Entry long,2001-11-02 16:30,S1 Trend,1610.25,11,17712.75,1375,0.16,2887.5,0.33,-1375,-0.16,109187.5,109.19
435,Exit long,2001-11-05 15:30,S1 Climax,1632,5,8140,1000,0.25,1062.5,0.26,-812.5,-0.20,110187.5,110.19
435,Entry long,2001-11-05 15:00,S1 Trend,1628,5,8140,1000,0.25,1062.5,0.26,-812.5,-0.20,110187.5,110.19
436,Exit long,2001-11-05 16:30,S1 Trail,1624,12,19536,-2400,-0.25,2700,0.28,-2400,-0.25,107787.5,107.79
436,Entry long,2001-11-05 15:00,S1 Trend,1628,12,19536,-2400,-0.25,2700,0.28,-2400,-0.25,107787.5,107.79
437,Exit long,2001-11-06 15:30,S2 FairVal,1626.5,25,40656.25,312.5,0.02,1875,0.09,-2500,-0.12,108100,108.10
437,Entry long,2001-11-06 15:00,S2 VWAP,1626.25,25,40656.25,312.5,0.02,1875,0.09,-2500,-0.12,108100,108.10
438,Exit long,2001-11-06 21:00,EOD,1643.25,15,24450,9937.5,0.81,11812.5,0.97,-5437.5,-0.44,118037.5,118.04
438,Entry long,2001-11-06 19:30,S1 Trend,1630,15,24450,9937.5,0.81,11812.5,0.97,-5437.5,-0.44,118037.5,118.04
439,Exit long,2001-11-07 19:30,S1 Trail,1641,16,26276,-1000,-0.08,8000,0.61,-3000,-0.23,117037.5,117.04
439,Entry long,2001-11-07 15:00,S1 Trend,1642.25,16,26276,-1000,-0.08,8000,0.61,-3000,-0.23,117037.5,117.04
440,Exit long,2001-11-08 19:00,S1 Trail,1651.25,14,23180.5,-3150,-0.27,4200,0.36,-3150,-0.27,113887.5,113.89
440,Entry long,2001-11-08 15:30,S1 Trend,1655.75,14,23180.5,-3150,-0.27,4200,0.36,-3150,-0.27,113887.5,113.89
441,Exit long,2001-11-13 21:00,EOD,1664.75,16,26452,9200,0.70,9400,0.71,-400,-0.03,123087.5,123.09
441,Entry long,2001-11-13 15:00,S1 Trend,1653.25,16,26452,9200,0.70,9400,0.71,-400,-0.03,123087.5,123.09
442,Exit long,2001-11-19 16:30,S1 Trail,1667.25,18,30091.5,-4050,-0.27,3150,0.21,-4050,-0.27,119037.5,119.04
442,Entry long,2001-11-19 15:30,S1 Trend,1671.75,18,30091.5,-4050,-0.27,3150,0.21,-4050,-0.27,119037.5,119.04
443,Exit long,2001-11-20 20:00,S1 Trail,1669.25,18,30118.5,-3600,-0.24,4275,0.28,-4050,-0.27,115437.5,115.44
443,Entry long,2001-11-20 15:30,S1 Trend,1673.25,18,30118.5,-3600,-0.24,4275,0.28,-4050,-0.27,115437.5,115.44
444,Exit long,2001-11-26 01:00,S1 Climax,1679.75,5,8347.5,2562.5,0.61,2562.5,0.61,-250,-0.06,118000,118.00
444,Entry long,2001-11-23 16:30,S1 Trend,1669.5,5,8347.5,2562.5,0.61,2562.5,0.61,-250,-0.06,118000,118.00
445,Exit long,2001-11-26 09:00,S1 Trail,1677.75,13,21703.5,5362.5,0.49,8612.5,0.79,-650,-0.06,123362.5,123.36
445,Entry long,2001-11-23 16:30,S1 Trend,1669.5,13,21703.5,5362.5,0.49,8612.5,0.79,-650,-0.06,123362.5,123.36
446,Exit long,2001-11-26 21:00,EOD,1682.25,15,25170,3187.5,0.25,3937.5,0.31,-187.5,-0.01,126550,126.55
446,Entry long,2001-11-26 19:30,S1 Trend,1678,15,25170,3187.5,0.25,3937.5,0.31,-187.5,-0.01,126550,126.55
447,Exit long,2001-11-27 20:00,S1 Trail,1677.25,13,21836.75,-1625,-0.15,6012.5,0.55,-1625,-0.15,124925,124.93
447,Entry long,2001-11-27 18:30,S1 Trend,1679.75,13,21836.75,-1625,-0.15,6012.5,0.55,-1625,-0.15,124925,124.93
448,Exit long,2001-11-30 21:00,EOD,1662.5,16,26672,-3600,-0.27,1200,0.09,-4000,-0.30,121325,121.32
448,Entry long,2001-11-30 20:00,S1 Trend,1667,16,26672,-3600,-0.27,1200,0.09,-4000,-0.30,121325,121.32
449,Exit long,2001-12-04 21:00,EOD,1669.5,15,24990,2625,0.21,2625,0.21,-1500,-0.12,123950,123.95
449,Entry long,2001-12-04 20:00,S1 Trend,1666,15,24990,2625,0.21,2625,0.21,-1500,-0.12,123950,123.95
450,Exit long,2001-12-05 16:00,S1 Climax,1686.25,5,8430,62.5,0.01,250,0.06,-500,-0.12,124012.5,124.01
450,Entry long,2001-12-05 15:30,S1 Trend,1686,5,8430,62.5,0.01,250,0.06,-500,-0.12,124012.5,124.01
451,Exit long,2001-12-05 16:30,S1 Climax,1688.25,3,5058,337.5,0.13,712.5,0.28,-300,-0.12,124350,124.35
451,Entry long,2001-12-05 15:30,S1 Trend,1686,3,5058,337.5,0.13,712.5,0.28,-300,-0.12,124350,124.35
452,Exit long,2001-12-05 17:00,S1 Climax,1688.5,3,5058,375,0.15,712.5,0.28,-300,-0.12,124725,124.73
452,Entry long,2001-12-05 15:30,S1 Trend,1686,3,5058,375,0.15,712.5,0.28,-300,-0.12,124725,124.73
453,Exit long,2001-12-05 17:30,S1 Climax,1693.5,2,3372,750,0.44,775,0.46,-200,-0.12,125475,125.48
453,Entry long,2001-12-05 15:30,S1 Trend,1686,2,3372,750,0.44,775,0.46,-200,-0.12,125475,125.48
454,Exit long,2001-12-05 20:00,S1 Climax,1694,1,1686,400,0.47,462.5,0.55,-100,-0.12,125875,125.88
454,Entry long,2001-12-05 15:30,S1 Trend,1686,1,1686,400,0.47,462.5,0.55,-100,-0.12,125875,125.88
455,Exit long,2001-12-05 20:30,S1 Climax,1698.5,1,1686,625,0.74,675,0.80,-100,-0.12,126500,126.50
455,Entry long,2001-12-05 15:30,S1 Trend,1686,1,1686,625,0.74,675,0.80,-100,-0.12,126500,126.50
456,Exit long,2001-12-05 21:00,EOD,1696.5,3,5058,1575,0.62,2025,0.80,-300,-0.12,128075,128.08
456,Entry long,2001-12-05 15:30,S1 Trend,1686,3,5058,1575,0.62,2025,0.80,-300,-0.12,128075,128.08
457,Exit long,2001-12-06 19:00,S1 Trail,1689.5,16,27132,-5000,-0.37,2400,0.18,-5000,-0.37,123075,123.08
457,Entry long,2001-12-06 17:30,S1 Trend,1695.75,16,27132,-5000,-0.37,2400,0.18,-5000,-0.37,123075,123.08
458,Exit long,2001-12-17 21:00,EOD,1658,19,31449.75,2612.5,0.17,6650,0.42,-950,-0.06,125687.5,125.69
458,Entry long,2001-12-17 15:30,S1 Trend,1655.25,19,31449.75,2612.5,0.17,6650,0.42,-950,-0.06,125687.5,125.69
459,Exit long,2001-12-19 21:00,EOD,1672.5,19,31763.25,712.5,0.04,4512.5,0.28,-2850,-0.18,126400,126.40
459,Entry long,2001-12-19 16:30,S1 Trend,1671.75,19,31763.25,712.5,0.04,4512.5,0.28,-2850,-0.18,126400,126.40
460,Exit long,2001-12-20 16:30,S2 FairVal,1671.25,22,36723.5,2200,0.12,2200,0.12,-2200,-0.12,128600,128.60
460,Entry long,2001-12-20 16:00,S2 VWAP,1669.25,22,36723.5,2200,0.12,2200,0.12,-2200,-0.12,128600,128.60
461,Exit long,2001-12-28 18:30,S2 FairVal,1685,23,38714.75,2012.5,0.10,2300,0.12,-287.5,-0.01,130612.5,130.61
461,Entry long,2001-12-28 17:30,S2 VWAP,1683.25,23,38714.75,2012.5,0.10,2300,0.12,-287.5,-0.01,130612.5,130.61
462,Exit long,2001-12-31 16:30,S2 FairVal,1681,28,47061,350,0.01,350,0.01,-3150,-0.13,130962.5,130.96
462,Entry long,2001-12-31 16:00,S2 VWAP,1680.75,28,47061,350,0.01,350,0.01,-3150,-0.13,130962.5,130.96
463,Exit long,2002-01-03 21:00,EOD,1688,20,33615,7250,0.43,7750,0.46,-2250,-0.13,138212.5,138.21
463,Entry long,2002-01-03 15:30,S1 Trend,1680.75,20,33615,7250,0.43,7750,0.46,-2250,-0.13,138212.5,138.21
464,Exit long,2002-01-07 21:00,EOD,1688.25,17,28742.75,-2125,-0.15,2762.5,0.19,-4250,-0.30,136087.5,136.09
464,Entry long,2002-01-07 17:30,S2 VWAP,1690.75,17,28742.75,-2125,-0.15,2762.5,0.19,-4250,-0.30,136087.5,136.09
465,Exit long,2002-01-09 18:30,S1 Trail,1690.75,21,35610.75,-5250,-0.29,2100,0.12,-5250,-0.29,130837.5,130.84
465,Entry long,2002-01-09 16:00,S1 Trend,1695.75,21,35610.75,-5250,-0.29,2100,0.12,-5250,-0.29,130837.5,130.84
466,Exit long,2002-01-10 21:00,EOD,1679.25,16,26928,-3000,-0.22,200,0.01,-4600,-0.34,127837.5,127.84
466,Entry long,2002-01-10 20:00,S1 Trend,1683,16,26928,-3000,-0.22,200,0.01,-4600,-0.34,127837.5,127.84
467,Exit short,2002-01-11 20:00,S3 Scalp,1674,16,26712,-3600,-0.27,800,0.06,-3600,-0.27,124237.5,124.24
467,Entry short,2002-01-11 19:30,S3 Hedge,1669.5,16,26712,-3600,-0.27,800,0.06,-3600,-0.27,124237.5,124.24
468,Exit short,2002-01-14 20:00,S3 Scalp,1667.25,22,36597,-4125,-0.23,3300,0.18,-4125,-0.23,120112.5,120.11
468,Entry short,2002-01-14 16:00,S3 Hedge,1663.5,22,36597,-4125,-0.23,3300,0.18,-4125,-0.23,120112.5,120.11
469,Exit long,2002-01-23 21:00,EOD,1650.75,17,28058.5,212.5,0.02,3612.5,0.26,-1700,-0.12,120325,120.32
469,Entry long,2002-01-23 18:30,S1 Trend,1650.5,17,28058.5,212.5,0.02,3612.5,0.26,-1700,-0.12,120325,120.32
470,Exit long,2002-01-25 21:00,EOD,1655,18,29844,-2700,-0.18,2700,0.18,-3600,-0.24,117625,117.63
470,Entry long,2002-01-25 17:30,S1 Trend,1658,18,29844,-2700,-0.18,2700,0.18,-3600,-0.24,117625,117.63
471,Exit short,2002-01-30 16:00,S3 Scalp,1619.5,14,22603,-3500,-0.31,350,0.03,-3500,-0.31,114125,114.13
471,Entry short,2002-01-30 15:30,S3 Hedge,1614.5,14,22603,-3500,-0.31,350,0.03,-3500,-0.31,114125,114.13
472,Exit short,2002-01-30 18:00,S3 Scalp,1613.25,10,16065,-3375,-0.42,1875,0.23,-3375,-0.42,110750,110.75
472,Entry short,2002-01-30 17:00,S3 Hedge,1606.5,10,16065,-3375,-0.42,1875,0.23,-3375,-0.42,110750,110.75
473,Exit long,2002-01-31 21:00,EOD,1650.75,15,24615,7312.5,0.59,7875,0.64,-1687.5,-0.14,118062.5,118.06
473,Entry long,2002-01-31 17:30,S1 Trend,1641,15,24615,7312.5,0.59,7875,0.64,-1687.5,-0.14,118062.5,118.06
474,Exit short,2002-02-01 21:00,EOD,1645.25,18,29619,225,0.02,4500,0.30,-900,-0.06,118287.5,118.29
474,Entry short,2002-02-01 16:00,S3 Hedge,1645.5,18,29619,225,0.02,4500,0.30,-900,-0.06,118287.5,118.29
475,Exit short,2002-02-05 15:30,S3 Scalp,1616.25,20,32245,-4000,-0.25,8000,0.50,-4000,-0.25,114287.5,114.29
475,Entry short,2002-02-05 15:00,S3 Hedge,1612.25,20,32245,-4000,-0.25,8000,0.50,-4000,-0.25,114287.5,114.29
476,Exit long,2002-02-11 20:30,S1 Climax,1633,5,8126.25,1937.5,0.48,2062.5,0.51,0,0.00,116225,116.23
476,Entry long,2002-02-11 17:00,S1 Trend,1625.25,5,8126.25,1937.5,0.48,2062.5,0.51,0,0.00,116225,116.23
477,Exit long,2002-02-11 21:00,EOD,1634,13,21128.25,5687.5,0.54,6012.5,0.57,0,0.00,121912.5,121.91
477,Entry long,2002-02-11 17:00,S1 Trend,1625.25,13,21128.25,5687.5,0.54,6012.5,0.57,0,0.00,121912.5,121.91
478,Exit long,2002-02-12 20:30,S1 Trail,1627.5,19,30989,-3325,-0.21,4037.5,0.26,-3325,-0.21,118587.5,118.59
478,Entry long,2002-02-12 18:00,S1 Trend,1631,19,30989,-3325,-0.21,4037.5,0.26,-3325,-0.21,118587.5,118.59
479,Exit long,2002-02-14 19:00,S1 Trail,1640.25,18,29614.5,-4500,-0.30,2025,0.14,-4500,-0.30,114087.5,114.09
479,Entry long,2002-02-14 16:00,S1 Trend,1645.25,18,29614.5,-4500,-0.30,2025,0.14,-4500,-0.30,114087.5,114.09
480,Exit short,2002-02-19 20:30,S3 Scalp,1604.25,21,33899.25,10500,0.62,10500,0.62,-1312.5,-0.08,124587.5,124.59
480,Entry short,2002-02-19 15:30,S3 Hedge,1614.25,21,33899.25,10500,0.62,10500,0.62,-1312.5,-0.08,124587.5,124.59
481,Exit long,2002-02-20 21:00,EOD,1621,11,17814.5,825,0.09,1100,0.12,-2887.5,-0.32,125412.5,125.41
481,Entry long,2002-02-20 20:00,S1 Trend,1619.5,11,17814.5,825,0.09,1100,0.12,-2887.5,-0.32,125412.5,125.41
482,Exit long,2002-02-21 20:00,S1 Trail,1614,15,24318.75,-5437.5,-0.45,1312.5,0.11,-5437.5,-0.45,119975,119.98
482,Entry long,2002-02-21 18:00,S1 Trend,1621.25,15,24318.75,-5437.5,-0.45,1312.5,0.11,-5437.5,-0.45,119975,119.98
483,Exit long,2002-02-22 21:00,EOD,1611.5,11,17754,-1375,-0.15,1650,0.19,-3575,-0.40,118600,118.60
483,Entry long,2002-02-22 20:00,S1 Trend,1614,11,17754,-1375,-0.15,1650,0.19,-3575,-0.40,118600,118.60
484,Exit long,2002-02-25 20:00,S1 Climax,1631.5,6,9721.5,3375,0.69,3525,0.73,-525,-0.11,121975,121.98
484,Entry long,2002-02-25 15:00,S1 Trend,1620.25,6,9721.5,3375,0.69,3525,0.73,-525,-0.11,121975,121.98
485,Exit long,2002-02-25 20:30,S1 Climax,1633.25,4,6481,2600,0.80,3050,0.94,-350,-0.11,124575,124.57
485,Entry long,2002-02-25 15:00,S1 Trend,1620.25,4,6481,2600,0.80,3050,0.94,-350,-0.11,124575,124.57
486,Exit long,2002-02-25 21:00,EOD,1632.25,10,16202.5,6000,0.74,7625,0.94,-875,-0.11,130575,130.57
486,Entry long,2002-02-25 15:00,S1 Trend,1620.25,10,16202.5,6000,0.74,7625,0.94,-875,-0.11,130575,130.57
487,Exit short,2002-02-26 17:30,S3 Scalp,1630.5,17,27637.75,-4037.5,-0.29,637.5,0.05,-4887.5,-0.35,126537.5,126.54
487,Entry short,2002-02-26 15:30,S3 Hedge,1625.75,17,27637.75,-4037.5,-0.29,637.5,0.05,-4887.5,-0.35,126537.5,126.54
488,Exit long,2002-02-27 18:30,S1 Trail,1637.75,18,29583,-5175,-0.35,2025,0.14,-5175,-0.35,121362.5,121.36
488,Entry long,2002-02-27 16:00,S1 Trend,1643.5,18,29583,-5175,-0.35,2025,0.14,-5175,-0.35,121362.5,121.36
489,Exit short,2002-02-27 21:00,EOD,1633.25,13,21216,-812.5,-0.08,5362.5,0.51,-975,-0.09,120550,120.55
489,Entry short,2002-02-27 19:30,S3 Hedge,1632,13,21216,-812.5,-0.08,5362.5,0.51,-975,-0.09,120550,120.55
490,Exit long,2002-02-28 16:00,S1 Trail,1636.25,20,32875,-7500,-0.46,500,0.03,-7500,-0.46,113050,113.05
490,Entry long,2002-02-28 15:30,S1 Trend,1643.75,20,32875,-7500,-0.46,500,0.03,-7500,-0.46,113050,113.05
491,Exit long,2002-03-01 16:30,S1 Climax,1646.75,5,8208.75,1250,0.30,1750,0.43,-250,-0.06,114300,114.30
491,Entry long,2002-03-01 16:00,S1 Trend,1641.75,5,8208.75,1250,0.30,1750,0.43,-250,-0.06,114300,114.30
492,Exit long,2002-03-01 21:00,EOD,1654.25,14,22984.5,8750,0.76,8750,0.76,-700,-0.06,123050,123.05
492,Entry long,2002-03-01 16:00,S1 Trend,1641.75,14,22984.5,8750,0.76,8750,0.76,-700,-0.06,123050,123.05
493,Exit long,2002-03-04 18:00,S1 Climax,1671.25,5,8330,1312.5,0.32,1625,0.39,-250,-0.06,124362.5,124.36
493,Entry long,2002-03-04 15:30,S1 Trend,1666,5,8330,1312.5,0.32,1625,0.39,-250,-0.06,124362.5,124.36
494,Exit long,2002-03-04 21:00,EOD,1676,14,23324,7000,0.60,7525,0.65,-700,-0.06,131362.5,131.36
494,Entry long,2002-03-04 15:30,S1 Trend,1666,14,23324,7000,0.60,7525,0.65,-700,-0.06,131362.5,131.36
495,Exit long,2002-03-05 20:00,S1 Trail,1667,18,30082.5,-3825,-0.25,4275,0.28,-3825,-0.25,127537.5,127.54
495,Entry long,2002-03-05 15:30,S1 Trend,1671.25,18,30082.5,-3825,-0.25,4275,0.28,-3825,-0.25,127537.5,127.54
496,Exit long,2002-03-06 20:30,S1 Climax,1687,6,10069.5,2625,0.52,3000,0.60,-1200,-0.24,130162.5,130.16
496,Entry long,2002-03-06 16:00,S1 Trend,1678.25,6,10069.5,2625,0.52,3000,0.60,-1200,-0.24,130162.5,130.16
497,Exit long,2002-03-06 21:00,EOD,1685.75,14,23495.5,5250,0.45,7000,0.60,-2800,-0.24,135412.5,135.41
497,Entry long,2002-03-06 16:00,S1 Trend,1678.25,14,23495.5,5250,0.45,7000,0.60,-2800,-0.24,135412.5,135.41
498,Exit long,2002-03-08 16:00,S1 Trail,1687,20,33870,-6500,-0.38,1250,0.07,-6500,-0.38,128912.5,128.91
498,Entry long,2002-03-08 15:30,S1 Trend,1693.5,20,33870,-6500,-0.38,1250,0.07,-6500,-0.38,128912.5,128.91
499,Exit long,2002-03-11 21:00,EOD,1689.5,19,32119.5,-950,-0.06,4750,0.30,-1187.5,-0.07,127962.5,127.96
499,Entry long,2002-03-11 19:30,S1 Trend,1690.5,19,32119.5,-950,-0.06,4750,0.30,-1187.5,-0.07,127962.5,127.96
500,Exit long,2002-03-12 21:00,EOD,1688,19,31977,4750,0.30,4750,0.30,-2850,-0.18,132712.5,132.71
500,Entry long,2002-03-12 17:00,S1 Trend,1683,19,31977,4750,0.30,4750,0.30,-2850,-0.18,132712.5,132.71
501,Exit long,2002-03-15 21:00,EOD,1688.25,18,30325.5,3150,0.21,4050,0.27,-1350,-0.09,135862.5,135.86
501,Entry long,2002-03-15 16:00,S1 Trend,1684.75,18,30325.5,3150,0.21,4050,0.27,-1350,-0.09,135862.5,135.86
502,Exit long,2002-03-18 20:00,S2 FairVal,1687,18,30316.5,2475,0.16,2475,0.16,-3375,-0.22,138337.5,138.34
502,Entry long,2002-03-18 17:30,S2 VWAP,1684.25,18,30316.5,2475,0.16,2475,0.16,-3375,-0.22,138337.5,138.34
503,Exit long,2002-03-26 19:00,S1 Trail,1659.75,18,30019.5,-7200,-0.48,225,0.01,-7200,-0.48,131137.5,131.14
503,Entry long,2002-03-26 15:30,S1 Trend,1667.75,18,30019.5,-7200,-0.48,225,0.01,-7200,-0.48,131137.5,131.14
504,Exit long,2002-03-27 19:00,S1 Trail,1661.75,20,33370,-6750,-0.40,250,0.01,-6750,-0.40,124387.5,124.39
504,Entry long,2002-03-27 17:00,S1 Trend,1668.5,20,33370,-6750,-0.40,250,0.01,-6750,-0.40,124387.5,124.39
505,Exit long,2002-04-01 22:00,EOD,1666.5,19,31616,2375,0.15,5225,0.33,-1900,-0.12,126762.5,126.76
505,Entry long,2002-04-01 20:00,S1 Trend,1664,19,31616,2375,0.15,5225,0.33,-1900,-0.12,126762.5,126.76
506,Exit short,2002-04-02 19:30,S3 Scalp,1661,19,31487.75,-3562.5,-0.23,712.5,0.05,-3562.5,-0.23,123200,123.20
506,Entry short,2002-04-02 18:00,S3 Hedge,1657.25,19,31487.75,-3562.5,-0.23,712.5,0.05,-3562.5,-0.23,123200,123.20
507,Exit short,2002-04-09 19:30,S3 Scalp,1643.5,19,31155.25,-3562.5,-0.23,712.5,0.05,-3562.5,-0.23,119637.5,119.64
507,Entry short,2002-04-09 19:00,S3 Hedge,1639.75,19,31155.25,-3562.5,-0.23,712.5,0.05,-3562.5,-0.23,119637.5,119.64
508,Exit short,2002-04-11 21:00,EOD,1625,16,26084,4200,0.32,6200,0.48,-2400,-0.18,123837.5,123.84
508,Entry short,2002-04-11 18:30,S3 Hedge,1630.25,16,26084,4200,0.32,6200,0.48,-2400,-0.18,123837.5,123.84
509,Exit long,2002-04-16 18:30,S1 Climax,1644.25,6,9861,225,0.05,375,0.08,-150,-0.03,124062.5,124.06
509,Entry long,2002-04-16 18:00,S1 Trend,1643.5,6,9861,225,0.05,375,0.08,-150,-0.03,124062.5,124.06
510,Exit long,2002-04-16 19:00,S1 Climax,1646,4,6574,500,0.15,700,0.21,-100,-0.03,124562.5,124.56
510,Entry long,2002-04-16 18:00,S1 Trend,1643.5,4,6574,500,0.15,700,0.21,-100,-0.03,124562.5,124.56
511,Exit long,2002-04-16 19:30,S1 Climax,1645.75,3,4930.5,337.5,0.14,562.5,0.23,-75,-0.03,124900,124.90
511,Entry long,2002-04-16 18:00,S1 Trend,1643.5,3,4930.5,337.5,0.14,562.5,0.23,-75,-0.03,124900,124.90
512,Exit long,2002-04-16 20:00,S1 Climax,1647.5,2,3287,400,0.24,500,0.30,-50,-0.03,125300,125.30
512,Entry long,2002-04-16 18:00,S1 Trend,1643.5,2,3287,400,0.24,500,0.30,-50,-0.03,125300,125.30
513,Exit long,2002-04-16 20:30,S1 Climax,1649,1,1643.5,275,0.33,350,0.43,-25,-0.03,125575,125.57
513,Entry long,2002-04-16 18:00,S1 Trend,1643.5,1,1643.5,275,0.33,350,0.43,-25,-0.03,125575,125.57
514,Exit long,2002-04-16 21:00,EOD,1648.5,4,6574,1000,0.30,1400,0.43,-100,-0.03,126575,126.57
514,Entry long,2002-04-16 18:00,S1 Trend,1643.5,4,6574,1000,0.30,1400,0.43,-100,-0.03,126575,126.57
515,Exit short,2002-04-17 15:30,S3 Scalp,1652.25,28,46179,-4200,-0.18,3150,0.14,-4550,-0.20,122375,122.37
515,Entry short,2002-04-17 15:00,S3 Hedge,1649.25,28,46179,-4200,-0.18,3150,0.14,-4550,-0.20,122375,122.37
516,Exit long,2002-04-17 19:00,S2 FairVal,1644.5,19,31335.75,-4512.5,-0.29,712.5,0.05,-4512.5,-0.29,117862.5,117.86
516,Entry long,2002-04-17 18:00,S2 VWAP,1649.25,19,31335.75,-4512.5,-0.29,712.5,0.05,-4512.5,-0.29,117862.5,117.86
517,Exit short,2002-04-17 21:00,EOD,1647.75,17,27956.5,-2762.5,-0.20,1062.5,0.08,-2975,-0.21,115100,115.10
517,Entry short,2002-04-17 19:30,S3 Hedge,1644.5,17,27956.5,-2762.5,-0.20,1062.5,0.08,-2975,-0.21,115100,115.10
518,Exit short,2002-04-22 21:00,EOD,1629,20,32615,1750,0.11,5250,0.32,-1500,-0.09,116850,116.85
518,Entry short,2002-04-22 17:00,S3 Hedge,1630.75,20,32615,1750,0.11,5250,0.32,-1500,-0.09,116850,116.85
519,Exit short,2002-04-29 21:00,EOD,1585.75,14,22207.5,350,0.03,2275,0.20,-1925,-0.17,117200,117.20
519,Entry short,2002-04-29 20:00,S3 Hedge,1586.25,14,22207.5,350,0.03,2275,0.20,-1925,-0.17,117200,117.20
520,Exit long,2002-04-30 21:00,EOD,1595.75,14,22414,-3675,-0.33,1225,0.11,-4375,-0.39,113525,113.53
520,Entry long,2002-04-30 17:00,S1 Trend,1601,14,22414,-3675,-0.33,1225,0.11,-4375,-0.39,113525,113.53
521,Exit long,2002-05-01 21:00,EOD,1606.5,13,20790.25,4712.5,0.45,6175,0.59,-487.5,-0.05,118237.5,118.24
521,Entry long,2002-05-01 19:00,S1 Trend,1599.25,13,20790.25,4712.5,0.45,6175,0.59,-487.5,-0.05,118237.5,118.24
522,Exit long,2002-05-02 19:30,S1 Trail,1601.25,18,28917,-4725,-0.33,2250,0.16,-4725,-0.33,113512.5,113.51
522,Entry long,2002-05-02 15:30,S1 Trend,1606.5,18,28917,-4725,-0.33,2250,0.16,-4725,-0.33,113512.5,113.51
523,Exit short,2002-05-06 20:00,S3 Scalp,1580.75,16,25416,6200,0.49,6200,0.49,-400,-0.03,119712.5,119.71
523,Entry short,2002-05-06 18:30,S3 Hedge,1588.5,16,25416,6200,0.49,6200,0.49,-400,-0.03,119712.5,119.71
524,Exit long,2002-05-08 15:30,S1 Climax,1590.75,5,7946.25,375,0.09,1000,0.25,-62.5,-0.02,120087.5,120.09
524,Entry long,2002-05-08 15:00,S1 Trend,1589.25,5,7946.25,375,0.09,1000,0.25,-62.5,-0.02,120087.5,120.09
525,Exit long,2002-05-08 16:00,S1 Climax,1594.5,4,6357,1050,0.33,1400,0.44,-50,-0.02,121137.5,121.14
525,Entry long,2002-05-08 15:00,S1 Trend,1589.25,4,6357,1050,0.33,1400,0.44,-50,-0.02,121137.5,121.14
526,Exit long,2002-05-08 16:30,S1 Climax,1600.75,3,4767.75,1725,0.72,1912.5,0.80,-37.5,-0.02,122862.5,122.86
526,Entry long,2002-05-08 15:00,S1 Trend,1589.25,3,4767.75,1725,0.72,1912.5,0.80,-37.5,-0.02,122862.5,122.86
527,Exit long,2002-05-08 17:00,S1 Climax,1601.25,2,3178.5,1200,0.76,1425,0.90,-25,-0.02,124062.5,124.06
527,Entry long,2002-05-08 15:00,S1 Trend,1589.25,2,3178.5,1200,0.76,1425,0.90,-25,-0.02,124062.5,124.06
528,Exit long,2002-05-08 17:30,S1 Climax,1603.25,1,1589.25,700,0.88,812.5,1.02,-12.5,-0.02,124762.5,124.76
528,Entry long,2002-05-08 15:00,S1 Trend,1589.25,1,1589.25,700,0.88,812.5,1.02,-12.5,-0.02,124762.5,124.76
529,Exit long,2002-05-08 18:00,S1 Climax,1603,1,1589.25,687.5,0.87,825,1.04,-12.5,-0.02,125450,125.45
529,Entry long,2002-05-08 15:00,S1 Trend,1589.25,1,1589.25,687.5,0.87,825,1.04,-12.5,-0.02,125450,125.45
530,Exit long,2002-05-08 18:30,S1 Climax,1603.25,1,1589.25,700,0.88,825,1.04,-12.5,-0.02,126150,126.15
530,Entry long,2002-05-08 15:00,S1 Trend,1589.25,1,1589.25,700,0.88,825,1.04,-12.5,-0.02,126150,126.15
531,Exit long,2002-05-08 19:00,S1 Climax,1603.5,1,1589.25,712.5,0.90,825,1.04,-12.5,-0.02,126862.5,126.86
531,Entry long,2002-05-08 15:00,S1 Trend,1589.25,1,1589.25,712.5,0.90,825,1.04,-12.5,-0.02,126862.5,126.86
532,Exit long,2002-05-08 19:30,S1 Climax,1603.25,1,1589.25,700,0.88,825,1.04,-12.5,-0.02,127562.5,127.56
532,Entry long,2002-05-08 15:00,S1 Trend,1589.25,1,1589.25,700,0.88,825,1.04,-12.5,-0.02,127562.5,127.56
533,Exit long,2002-05-08 20:30,S1 Climax,1608,4,6423,450,0.14,450,0.14,-250,-0.08,128012.5,128.01
533,Entry long,2002-05-08 20:00,S1 Trend,1605.75,4,6423,450,0.14,450,0.14,-250,-0.08,128012.5,128.01
534,Exit long,2002-05-08 21:00,EOD,1608,10,16057.5,1125,0.14,1875,0.23,-625,-0.08,129137.5,129.14
534,Entry long,2002-05-08 20:00,S1 Trend,1605.75,10,16057.5,1125,0.14,1875,0.23,-625,-0.08,129137.5,129.14
535,Exit short,2002-05-10 21:00,EOD,1574.5,14,22088.5,2275,0.21,3325,0.30,-525,-0.05,131412.5,131.41
535,Entry short,2002-05-10 20:00,S3 Hedge,1577.75,14,22088.5,2275,0.21,3325,0.30,-525,-0.05,131412.5,131.41
536,Exit long,2002-05-13 17:00,S1 Climax,1590.75,5,7937.5,812.5,0.20,1062.5,0.27,-125,-0.03,132225,132.23
536,Entry long,2002-05-13 16:30,S1 Trend,1587.5,5,7937.5,812.5,0.20,1062.5,0.27,-125,-0.03,132225,132.23
537,Exit long,2002-05-13 21:00,EOD,1594,14,22225,4550,0.41,5425,0.49,-350,-0.03,136775,136.78
537,Entry long,2002-05-13 16:30,S1 Trend,1587.5,14,22225,4550,0.41,5425,0.49,-350,-0.03,136775,136.78
538,Exit long,2002-05-14 21:00,EOD,1616.75,17,27421,3187.5,0.23,4462.5,0.33,-3187.5,-0.23,139962.5,139.96
538,Entry long,2002-05-14 17:30,S1 Trend,1613,17,27421,3187.5,0.23,4462.5,0.33,-3187.5,-0.23,139962.5,139.96
539,Exit long,2002-05-15 19:30,S1 Trail,1615.5,20,32330,-1000,-0.06,8250,0.51,-5000,-0.31,138962.5,138.96
539,Entry long,2002-05-15 16:30,S1 Trend,1616.5,20,32330,-1000,-0.06,8250,0.51,-5000,-0.31,138962.5,138.96
540,Exit long,2002-05-16 21:00,EOD,1619.25,18,29115,1575,0.11,2025,0.14,-5400,-0.37,140537.5,140.54
540,Entry long,2002-05-16 16:00,S1 Trend,1617.5,18,29115,1575,0.11,2025,0.14,-5400,-0.37,140537.5,140.54
541,Exit long,2002-05-17 21:00,EOD,1626.25,21,34077.75,3675,0.22,4462.5,0.26,-6562.5,-0.39,144212.5,144.21
541,Entry long,2002-05-17 15:30,S1 Trend,1622.75,21,34077.75,3675,0.22,4462.5,0.26,-6562.5,-0.39,144212.5,144.21
542,Exit short,2002-05-22 17:30,S3 Scalp,1600.75,17,27140.5,-3612.5,-0.27,425,0.03,-3612.5,-0.27,140600,140.60
542,Entry short,2002-05-22 17:00,S3 Hedge,1596.5,17,27140.5,-3612.5,-0.27,425,0.03,-3612.5,-0.27,140600,140.60
543,Exit long,2002-05-23 21:00,EOD,1617,14,22561,3850,0.34,4025,0.36,-175,-0.02,144450,144.45
543,Entry long,2002-05-23 20:00,S1 Trend,1611.5,14,22561,3850,0.34,4025,0.36,-175,-0.02,144450,144.45
544,Exit short,2002-05-24 21:00,EOD,1603.25,18,28894.5,1800,0.12,3150,0.22,-2250,-0.16,146250,146.25
544,Entry short,2002-05-24 19:00,S3 Hedge,1605.25,18,28894.5,1800,0.12,3150,0.22,-2250,-0.16,146250,146.25
545,Exit short,2002-05-29 16:30,S3 Scalp,1592.25,24,38136,-3900,-0.20,1500,0.08,-3900,-0.20,142350,142.35
545,Entry short,2002-05-29 15:30,S3 Hedge,1589,24,38136,-3900,-0.20,1500,0.08,-3900,-0.20,142350,142.35
546,Exit long,2002-05-31 19:30,S1 Trail,1592.5,20,31885,-1750,-0.11,6000,0.38,-2500,-0.16,140600,140.60
546,Entry long,2002-05-31 15:30,S1 Trend,1594.25,20,31885,-1750,-0.11,6000,0.38,-2500,-0.16,140600,140.60
547,Exit long,2002-06-10 20:30,S1 Trail,1548.75,16,24900,-6000,-0.48,2000,0.16,-6000,-0.48,134600,134.60
547,Entry long,2002-06-10 18:00,S1 Trend,1556.25,16,24900,-6000,-0.48,2000,0.16,-6000,-0.48,134600,134.60
548,Exit long,2002-06-17 16:00,S1 Climax,1546.75,5,7683.75,2500,0.65,2812.5,0.73,-125,-0.03,137100,137.10
548,Entry long,2002-06-17 15:00,S1 Trend,1536.75,5,7683.75,2500,0.65,2812.5,0.73,-125,-0.03,137100,137.10
549,Exit long,2002-06-17 16:30,S1 Climax,1550,3,4610.25,1987.5,0.86,2025,0.88,-75,-0.03,139087.5,139.09
549,Entry long,2002-06-17 15:00,S1 Trend,1536.75,3,4610.25,1987.5,0.86,2025,0.88,-75,-0.03,139087.5,139.09
550,Exit long,2002-06-17 17:00,S1 Climax,1550,3,4610.25,1987.5,0.86,2325,1.01,-75,-0.03,141075,141.07
550,Entry long,2002-06-17 15:00,S1 Trend,1536.75,3,4610.25,1987.5,0.86,2325,1.01,-75,-0.03,141075,141.07
551,Exit long,2002-06-17 21:00,EOD,1555.75,7,10757.25,6650,1.24,6912.5,1.29,-175,-0.03,147725,147.73
551,Entry long,2002-06-17 15:00,S1 Trend,1536.75,7,10757.25,6650,1.24,6912.5,1.29,-175,-0.03,147725,147.73
552,Exit long,2002-06-18 21:00,EOD,1556.5,22,34204.5,1925,0.11,7425,0.43,-2475,-0.14,149650,149.65
552,Entry long,2002-06-18 15:00,S1 Trend,1554.75,22,34204.5,1925,0.11,7425,0.43,-2475,-0.14,149650,149.65
553,Exit long,2002-06-19 17:30,S1 Trail,1548.5,20,30990,-1000,-0.06,8500,0.55,-3250,-0.21,148650,148.65
553,Entry long,2002-06-19 15:00,S1 Trend,1549.5,20,30990,-1000,-0.06,8500,0.55,-3250,-0.21,148650,148.65
554,Exit long,2002-06-25 17:30,S1 Trail,1516.5,17,25895.25,-5737.5,-0.44,2337.5,0.18,-5737.5,-0.44,142912.5,142.91
554,Entry long,2002-06-25 15:30,S1 Trend,1523.25,17,25895.25,-5737.5,-0.44,2337.5,0.18,-5737.5,-0.44,142912.5,142.91
555,Exit long,2002-06-27 21:00,EOD,1511.25,9,13542.75,2925,0.43,2925,0.43,-3037.5,-0.45,145837.5,145.84
555,Entry long,2002-06-27 19:30,S1 Trend,1504.75,9,13542.75,2925,0.43,2925,0.43,-3037.5,-0.45,145837.5,145.84
556,Exit long,2002-06-28 20:00,S1 Trail,1510.5,15,22687.5,-1500,-0.13,7125,0.63,-1500,-0.13,144337.5,144.34
556,Entry long,2002-06-28 15:00,S1 Trend,1512.5,15,22687.5,-1500,-0.13,7125,0.63,-1500,-0.13,144337.5,144.34
557,Exit short,2002-07-03 19:30,S3 Scalp,1466.25,11,16046.25,-4125,-0.51,2887.5,0.36,-4125,-0.51,140212.5,140.21
557,Entry short,2002-07-03 16:00,S3 Hedge,1458.75,11,16046.25,-4125,-0.51,2887.5,0.36,-4125,-0.51,140212.5,140.21
558,Exit long,2002-07-05 16:00,S1 Climax,1498,5,7442.5,2375,0.64,3187.5,0.86,0,0.00,142587.5,142.59
558,Entry long,2002-07-05 15:00,S1 Trend,1488.5,5,7442.5,2375,0.64,3187.5,0.86,0,0.00,142587.5,142.59
559,Exit long,2002-07-05 16:30,S1 Climax,1501.5,3,4465.5,1950,0.87,2025,0.91,0,0.00,144537.5,144.54
559,Entry long,2002-07-05 15:00,S1 Trend,1488.5,3,4465.5,1950,0.87,2025,0.91,0,0.00,144537.5,144.54
560,Exit long,2002-07-05 17:00,S1 Climax,1501.75,2,2977,1325,0.89,1625,1.09,0,0.00,145862.5,145.86
560,Entry long,2002-07-05 15:00,S1 Trend,1488.5,2,2977,1325,0.89,1625,1.09,0,0.00,145862.5,145.86
561,Exit long,2002-07-05 17:30,S1 Climax,1503.25,2,2977,1475,0.99,1625,1.09,0,0.00,147337.5,147.34
561,Entry long,2002-07-05 15:00,S1 Trend,1488.5,2,2977,1475,0.99,1625,1.09,0,0.00,147337.5,147.34
562,Exit long,2002-07-05 18:00,S1 Climax,1510.25,1,1488.5,1087.5,1.46,1087.5,1.46,0,0.00,148425,148.43
562,Entry long,2002-07-05 15:00,S1 Trend,1488.5,1,1488.5,1087.5,1.46,1087.5,1.46,0,0.00,148425,148.43
563,Exit long,2002-07-05 19:00,S1 Climax,1509.75,1,1488.5,1062.5,1.43,1162.5,1.56,0,0.00,149487.5,149.49
563,Entry long,2002-07-05 15:00,S1 Trend,1488.5,1,1488.5,1062.5,1.43,1162.5,1.56,0,0.00,149487.5,149.49
564,Exit long,2002-07-05 20:00,S1 Climax,1509.75,1,1488.5,1062.5,1.43,1162.5,1.56,0,0.00,150550,150.55
564,Entry long,2002-07-05 15:00,S1 Trend,1488.5,1,1488.5,1062.5,1.43,1162.5,1.56,0,0.00,150550,150.55
565,Exit long,2002-07-07 23:30,S1 Climax,1509.25,1,1488.5,1037.5,1.39,1162.5,1.56,0,0.00,151587.5,151.59
565,Entry long,2002-07-05 15:00,S1 Trend,1488.5,1,1488.5,1037.5,1.39,1162.5,1.56,0,0.00,151587.5,151.59
566,Exit long,2002-07-08 00:00,S1 Climax,1512.25,1,1488.5,1187.5,1.60,1250,1.68,0,0.00,152775,152.78
566,Entry long,2002-07-05 15:00,S1 Trend,1488.5,1,1488.5,1187.5,1.60,1250,1.68,0,0.00,152775,152.78
567,Exit long,2002-07-08 16:30,S1 Trail,1496.75,15,22545,-4687.5,-0.42,3187.5,0.28,-4687.5,-0.42,148087.5,148.09
567,Entry long,2002-07-08 15:00,S1 Trend,1503,15,22545,-4687.5,-0.42,3187.5,0.28,-4687.5,-0.42,148087.5,148.09
568,Exit long,2002-07-09 18:30,S1 Trail,1485.75,14,20958,-7875,-0.75,175,0.02,-7875,-0.75,140212.5,140.21
568,Entry long,2002-07-09 16:30,S1 Trend,1497,14,20958,-7875,-0.75,175,0.02,-7875,-0.75,140212.5,140.21
569,Exit short,2002-07-11 18:00,S3 Scalp,1431.25,8,11378,-3600,-0.63,800,0.14,-4400,-0.77,136612.5,136.61
569,Entry short,2002-07-11 17:30,S3 Hedge,1422.25,8,11378,-3600,-0.63,800,0.14,-4400,-0.77,136612.5,136.61
570,Exit short,2002-07-15 20:00,S3 Scalp,1411,8,11216,-3600,-0.64,3000,0.53,-3600,-0.64,133012.5,133.01
570,Entry short,2002-07-15 19:30,S3 Hedge,1402,8,11216,-3600,-0.64,3000,0.53,-3600,-0.64,133012.5,133.01
571,Exit long,2002-07-17 16:00,S1 Trail,1429.5,9,12966.75,-5062.5,-0.78,1687.5,0.26,-5062.5,-0.78,127950,127.95
571,Entry long,2002-07-17 15:00,S1 Trend,1440.75,9,12966.75,-5062.5,-0.78,1687.5,0.26,-5062.5,-0.78,127950,127.95
572,Exit short,2002-07-22 18:30,S3 Scalp,1358.5,6,8082,-3450,-0.85,5250,1.30,-3450,-0.85,124500,124.50
572,Entry short,2002-07-22 16:30,S3 Hedge,1347,6,8082,-3450,-0.85,5250,1.30,-3450,-0.85,124500,124.50
573,Exit short,2002-07-23 21:00,EOD,1315.5,6,7933.5,2025,0.51,2775,0.70,-3450,-0.87,126525,126.53
573,Entry short,2002-07-23 18:30,S3 Hedge,1322.25,6,7933.5,2025,0.51,2775,0.70,-3450,-0.87,126525,126.53
574,Exit long,2002-07-24 21:00,EOD,1363.5,4,5367,4350,1.62,4500,1.68,-450,-0.17,130875,130.88
574,Entry long,2002-07-24 20:00,S1 Trend,1341.75,4,5367,4350,1.62,4500,1.68,-450,-0.17,130875,130.88
575,Exit long,2002-07-25 17:30,S1 Trail,1351.25,7,9595.25,-6825,-1.42,262.5,0.05,-6825,-1.42,124050,124.05
575,Entry long,2002-07-25 15:30,S1 Trend,1370.75,7,9595.25,-6825,-1.42,262.5,0.05,-6825,-1.42,124050,124.05
576,Exit long,2002-07-26 21:00,EOD,1372,9,12296.25,2587.5,0.42,2700,0.44,-5850,-0.95,126637.5,126.64
576,Entry long,2002-07-26 15:00,S1 Trend,1366.25,9,12296.25,2587.5,0.42,2700,0.44,-5850,-0.95,126637.5,126.64
577,Exit long,2002-07-29 15:30,S1 Climax,1400.5,4,5555,2350,0.85,2400,0.86,0,0.00,128987.5,128.99
577,Entry long,2002-07-29 15:00,S1 Trend,1388.75,4,5555,2350,0.85,2400,0.86,0,0.00,128987.5,128.99
578,Exit long,2002-07-29 16:00,S1 Climax,1400.25,3,4166.25,1725,0.83,2250,1.08,0,0.00,130712.5,130.71
578,Entry long,2002-07-29 15:00,S1 Trend,1388.75,3,4166.25,1725,0.83,2250,1.08,0,0.00,130712.5,130.71
579,Exit long,2002-07-29 16:30,S1 Climax,1399.25,2,2777.5,1050,0.76,1500,1.08,0,0.00,131762.5,131.76
579,Entry long,2002-07-29 15:00,S1 Trend,1388.75,2,2777.5,1050,0.76,1500,1.08,0,0.00,131762.5,131.76
580,Exit long,2002-07-29 17:00,S1 Climax,1404.75,1,1388.75,800,1.15,862.5,1.24,0,0.00,132562.5,132.56
580,Entry long,2002-07-29 15:00,S1 Trend,1388.75,1,1388.75,800,1.15,862.5,1.24,0,0.00,132562.5,132.56
581,Exit long,2002-07-29 18:00,S1 Climax,1405.25,1,1388.75,825,1.19,912.5,1.31,0,0.00,133387.5,133.39
581,Entry long,2002-07-29 15:00,S1 Trend,1388.75,1,1388.75,825,1.19,912.5,1.31,0,0.00,133387.5,133.39
582,Exit long,2002-07-29 19:30,S1 Climax,1408.5,1,1388.75,987.5,1.42,1062.5,1.53,0,0.00,134375,134.38
582,Entry long,2002-07-29 15:00,S1 Trend,1388.75,1,1388.75,987.5,1.42,1062.5,1.53,0,0.00,134375,134.38
583,Exit long,2002-07-29 20:30,S1 Climax,1412.5,1,1388.75,1187.5,1.71,1325,1.91,0,0.00,135562.5,135.56
583,Entry long,2002-07-29 15:00,S1 Trend,1388.75,1,1388.75,1187.5,1.71,1325,1.91,0,0.00,135562.5,135.56
584,Exit long,2002-07-29 21:00,EOD,1418.5,1,1388.75,1487.5,2.14,1500,2.16,0,0.00,137050,137.05
584,Entry long,2002-07-29 15:00,S1 Trend,1388.75,1,1388.75,1487.5,2.14,1500,2.16,0,0.00,137050,137.05
585,Exit long,2002-07-30 16:00,S1 Trail,1404.25,19,26752,-3562.5,-0.27,5225,0.39,-5462.5,-0.41,133487.5,133.49
585,Entry long,2002-07-30 15:00,S1 Trend,1408,19,26752,-3562.5,-0.27,5225,0.39,-5462.5,-0.41,133487.5,133.49
586,Exit long,2002-07-30 19:30,S1 Trail,1414.75,12,17001,-1200,-0.14,7350,0.86,-1200,-0.14,132287.5,132.29
586,Entry long,2002-07-30 17:30,S1 Trend,1416.75,12,17001,-1200,-0.14,7350,0.86,-1200,-0.14,132287.5,132.29
587,Exit long,2002-08-01 15:30,S1 Trail,1414.75,17,24263.25,-10625,-0.88,212.5,0.02,-14875,-1.23,121662.5,121.66
587,Entry long,2002-08-01 15:00,S1 Trend,1427.25,17,24263.25,-10625,-0.88,212.5,0.02,-14875,-1.23,121662.5,121.66
588,Exit short,2002-08-02 17:00,S3 Scalp,1379.25,10,13930,6875,0.99,6875,0.99,-250,-0.04,128537.5,128.54
588,Entry short,2002-08-02 16:00,S3 Hedge,1393,10,13930,6875,0.99,6875,0.99,-250,-0.04,128537.5,128.54
589,Exit short,2002-08-02 21:00,EOD,1380.75,9,12431.25,225,0.04,4500,0.72,-2362.5,-0.38,128762.5,128.76
589,Entry short,2002-08-02 17:30,S3 Hedge,1381.25,9,12431.25,225,0.04,4500,0.72,-2362.5,-0.38,128762.5,128.76
590,Exit short,2002-08-05 20:00,S3 Scalp,1355.5,12,16437,8550,1.04,8550,1.04,-1050,-0.13,137312.5,137.31
590,Entry short,2002-08-05 16:00,S3 Hedge,1369.75,12,16437,8550,1.04,8550,1.04,-1050,-0.13,137312.5,137.31
591,Exit long,2002-08-06 17:00,S1 Climax,1386.5,2,2767.5,275,0.20,525,0.38,-225,-0.16,137587.5,137.59
591,Entry long,2002-08-06 15:30,S1 Trend,1383.75,2,2767.5,275,0.20,525,0.38,-225,-0.16,137587.5,137.59
592,Exit long,2002-08-06 17:30,S1 Climax,1388.75,2,2767.5,500,0.36,675,0.49,-225,-0.16,138087.5,138.09
592,Entry long,2002-08-06 15:30,S1 Trend,1383.75,2,2767.5,500,0.36,675,0.49,-225,-0.16,138087.5,138.09
593,Exit long,2002-08-06 18:00,S1 Climax,1388.5,1,1383.75,237.5,0.34,437.5,0.63,-112.5,-0.16,138325,138.33
593,Entry long,2002-08-06 15:30,S1 Trend,1383.75,1,1383.75,237.5,0.34,437.5,0.63,-112.5,-0.16,138325,138.33
594,Exit long,2002-08-06 20:00,S1 Climax,1392.5,1,1383.75,437.5,0.63,475,0.69,-112.5,-0.16,138762.5,138.76
594,Entry long,2002-08-06 15:30,S1 Trend,1383.75,1,1383.75,437.5,0.63,475,0.69,-112.5,-0.16,138762.5,138.76
595,Exit long,2002-08-06 20:30,S1 Trail,1378.5,3,4151.25,-787.5,-0.38,1500,0.72,-787.5,-0.38,137975,137.98
595,Entry long,2002-08-06 15:30,S1 Trend,1383.75,3,4151.25,-787.5,-0.38,1500,0.72,-787.5,-0.38,137975,137.98
596,Exit long,2002-08-07 18:30,S1 Trail,1373.75,10,13837.5,-5000,-0.72,2125,0.31,-5000,-0.72,132975,132.98
596,Entry long,2002-08-07 15:00,S1 Trend,1383.75,10,13837.5,-5000,-0.72,2125,0.31,-5000,-0.72,132975,132.98
597,Exit short,2002-08-07 19:30,S3 Scalp,1383.5,9,12384,-3375,-0.55,1687.5,0.27,-3375,-0.55,129600,129.60
597,Entry short,2002-08-07 19:00,S3 Hedge,1376,9,12384,-3375,-0.55,1687.5,0.27,-3375,-0.55,129600,129.60
598,Exit long,2002-08-08 21:00,EOD,1424.5,8,11302,4700,0.83,5100,0.90,-1000,-0.18,134300,134.30
598,Entry long,2002-08-08 18:30,S1 Trend,1412.75,8,11302,4700,0.83,5100,0.90,-1000,-0.18,134300,134.30
599,Exit long,2002-08-09 21:00,EOD,1427.5,11,15625.5,3850,0.49,7150,0.92,-1650,-0.21,138150,138.15
599,Entry long,2002-08-09 16:00,S1 Trend,1420.5,11,15625.5,3850,0.49,7150,0.92,-1650,-0.21,138150,138.15
600,Exit long,2002-08-12 21:00,EOD,1421.25,12,17067,-600,-0.07,2850,0.33,-1800,-0.21,137550,137.55
600,Entry long,2002-08-12 20:00,S1 Trend,1422.25,12,17067,-600,-0.07,2850,0.33,-1800,-0.21,137550,137.55
601,Exit long,2002-08-13 19:00,S1 Trail,1421.5,18,25533,2700,0.21,11250,0.88,-1125,-0.09,140250,140.25
601,Entry long,2002-08-13 15:00,S1 Trend,1418.5,18,25533,2700,0.21,11250,0.88,-1125,-0.09,140250,140.25
602,Exit long,2002-08-14 21:00,EOD,1438.25,9,12717,11362.5,1.79,12150,1.91,-225,-0.04,151612.5,151.61
602,Entry long,2002-08-14 19:00,S1 Trend,1413,9,12717,11362.5,1.79,12150,1.91,-225,-0.04,151612.5,151.61
603,Exit long,2002-08-15 18:00,S1 Trail,1440.25,16,23028,800,0.07,12200,1.06,-2400,-0.21,152412.5,152.41
603,Entry long,2002-08-15 15:00,S1 Trend,1439.25,16,23028,800,0.07,12200,1.06,-2400,-0.21,152412.5,152.41
604,Exit long,2002-08-16 21:00,EOD,1446.25,15,21705,-562.5,-0.05,5812.5,0.54,-1500,-0.14,151850,151.85
604,Entry long,2002-08-16 16:00,S1 Trend,1447,15,21705,-562.5,-0.05,5812.5,0.54,-1500,-0.14,151850,151.85
605,Exit long,2002-08-19 19:00,S1 Climax,1467,4,5824,2200,0.76,2350,0.81,-50,-0.02,154050,154.05
605,Entry long,2002-08-19 15:30,S1 Trend,1456,4,5824,2200,0.76,2350,0.81,-50,-0.02,154050,154.05
606,Exit long,2002-08-19 21:00,EOD,1469,12,17472,7800,0.89,9150,1.05,-150,-0.02,161850,161.85
606,Entry long,2002-08-19 15:30,S1 Trend,1456,12,17472,7800,0.89,9150,1.05,-150,-0.02,161850,161.85
607,Exit long,2002-08-21 15:30,S1 Trail,1454,21,30717.75,-9187.5,-0.60,262.5,0.02,-9712.5,-0.63,152662.5,152.66
607,Entry long,2002-08-21 15:00,S1 Trend,1462.75,21,30717.75,-9187.5,-0.60,262.5,0.02,-9712.5,-0.63,152662.5,152.66
608,Exit long,2002-08-21 21:00,EOD,1468.25,12,17592,1350,0.15,1950,0.22,-6000,-0.68,154012.5,154.01
608,Entry long,2002-08-21 19:30,S1 Trend,1466,12,17592,1350,0.15,1950,0.22,-6000,-0.68,154012.5,154.01
609,Exit long,2002-08-22 21:00,EOD,1481.75,13,19223.75,1950,0.20,3900,0.41,-5525,-0.57,155962.5,155.96
609,Entry long,2002-08-22 15:30,S1 Trend,1478.75,13,19223.75,1950,0.20,3900,0.41,-5525,-0.57,155962.5,155.96
610,Exit long,2002-08-27 15:30,S1 Trail,1459.75,17,24994.25,-8925,-0.71,850,0.07,-11475,-0.92,147037.5,147.04
610,Entry long,2002-08-27 15:00,S1 Trend,1470.25,17,24994.25,-8925,-0.71,850,0.07,-11475,-0.92,147037.5,147.04
611,Exit short,2002-08-28 21:00,EOD,1436.25,17,24437.5,1062.5,0.09,4887.5,0.40,-3825,-0.31,148100,148.10
611,Entry short,2002-08-28 17:00,S3 Hedge,1437.5,17,24437.5,1062.5,0.09,4887.5,0.40,-3825,-0.31,148100,148.10
612,Exit long,2002-08-30 20:30,S1 Trail,1437.25,14,20223,-5075,-0.50,2100,0.21,-5075,-0.50,143025,143.03
612,Entry long,2002-08-30 18:00,S1 Trend,1444.5,14,20223,-5075,-0.50,2100,0.21,-5075,-0.50,143025,143.03
613,Exit short,2002-09-03 15:30,S3 Scalp,1404.25,19,26856.5,8787.5,0.65,9500,0.71,-712.5,-0.05,151812.5,151.81
613,Entry short,2002-09-03 15:00,S3 Hedge,1413.5,19,26856.5,8787.5,0.65,9500,0.71,-712.5,-0.05,151812.5,151.81
614,Exit short,2002-09-04 18:00,S3 Scalp,1401.25,13,18138.25,-3900,-0.43,325,0.04,-3900,-0.43,147912.5,147.91
614,Entry short,2002-09-04 17:30,S3 Hedge,1395.25,13,18138.25,-3900,-0.43,325,0.04,-3900,-0.43,147912.5,147.91
615,Exit long,2002-09-06 21:00,EOD,1411.75,15,21168.75,375,0.04,5625,0.53,-3750,-0.35,148287.5,148.29
615,Entry long,2002-09-06 15:00,S1 Trend,1411.25,15,21168.75,375,0.04,5625,0.53,-3750,-0.35,148287.5,148.29
616,Exit long,2002-09-09 21:00,EOD,1420.75,16,22596,6800,0.60,11600,1.03,-800,-0.07,155087.5,155.09
616,Entry long,2002-09-09 18:00,S1 Trend,1412.25,16,22596,6800,0.60,11600,1.03,-800,-0.07,155087.5,155.09
617,Exit long,2002-09-10 17:00,S1 Trail,1421,19,27103.5,-5225,-0.39,2375,0.18,-5225,-0.39,149862.5,149.86
617,Entry long,2002-09-10 15:30,S1 Trend,1426.5,19,27103.5,-5225,-0.39,2375,0.18,-5225,-0.39,149862.5,149.86
618,Exit long,2002-09-10 20:30,S2 FairVal,1425.75,15,21378.75,375,0.04,2250,0.21,-562.5,-0.05,150237.5,150.24
618,Entry long,2002-09-10 20:00,S2 VWAP,1425.25,15,21378.75,375,0.04,2250,0.21,-562.5,-0.05,150237.5,150.24
619,Exit long,2002-09-11 18:00,S1 Trail,1432,18,25893,-5850,-0.45,2025,0.16,-5850,-0.45,144387.5,144.39
619,Entry long,2002-09-11 17:30,S1 Trend,1438.5,18,25893,-5850,-0.45,2025,0.16,-5850,-0.45,144387.5,144.39
620,Exit short,2002-09-12 21:00,EOD,1405.75,14,19677,-175,-0.02,1750,0.18,-1575,-0.16,144212.5,144.21
620,Entry short,2002-09-12 20:00,S3 Hedge,1405.5,14,19677,-175,-0.02,1750,0.18,-1575,-0.16,144212.5,144.21
621,Exit long,2002-09-25 21:00,EOD,1356.5,10,13547.5,875,0.13,4250,0.63,-750,-0.11,145087.5,145.09
621,Entry long,2002-09-25 18:30,S1 Trend,1354.75,10,13547.5,875,0.13,4250,0.63,-750,-0.11,145087.5,145.09
622,Exit long,2002-09-26 18:00,S1 Trail,1362,12,16416,-3600,-0.44,4350,0.53,-3600,-0.44,141487.5,141.49
622,Entry long,2002-09-26 15:30,S1 Trend,1368,12,16416,-3600,-0.44,4350,0.53,-3600,-0.44,141487.5,141.49
623,Exit long,2002-10-01 21:00,EOD,1366.5,10,13442.5,11125,1.66,11250,1.67,-500,-0.07,152612.5,152.61
623,Entry long,2002-10-01 18:00,S1 Trend,1344.25,10,13442.5,11125,1.66,11250,1.67,-500,-0.07,152612.5,152.61
624,Exit long,2002-10-02 19:00,S1 Trail,1356.25,12,16392,-5850,-0.71,1650,0.20,-5850,-0.71,146762.5,146.76
624,Entry long,2002-10-02 18:00,S1 Trend,1366,12,16392,-5850,-0.71,1650,0.20,-5850,-0.71,146762.5,146.76
625,Exit long,2002-10-03 16:00,S1 Trail,1339.25,10,13540,-7375,-1.09,375,0.06,-7375,-1.09,139387.5,139.39
625,Entry long,2002-10-03 15:30,S1 Trend,1354,10,13540,-7375,-1.09,375,0.06,-7375,-1.09,139387.5,139.39
626,Exit long,2002-10-08 21:00,EOD,1316.5,7,9255.75,-2012.5,-0.43,2100,0.45,-3150,-0.68,137375,137.38
626,Entry long,2002-10-08 19:30,S1 Trend,1322.25,7,9255.75,-2012.5,-0.43,2100,0.45,-3150,-0.68,137375,137.38
627,Exit short,2002-10-09 18:30,S3 Scalp,1304.25,9,11664,-3712.5,-0.64,450,0.08,-3712.5,-0.64,133662.5,133.66
627,Entry short,2002-10-09 17:30,S3 Hedge,1296,9,11664,-3712.5,-0.64,450,0.08,-3712.5,-0.64,133662.5,133.66
628,Exit long,2002-10-10 21:00,EOD,1322,7,9199.75,2712.5,0.59,3937.5,0.86,-3500,-0.76,136375,136.38
628,Entry long,2002-10-10 16:00,S1 Trend,1314.25,7,9199.75,2712.5,0.59,3937.5,0.86,-3500,-0.76,136375,136.38
629,Exit long,2002-10-11 16:00,S1 Climax,1350.25,3,4040.25,525,0.26,750,0.37,-562.5,-0.28,136900,136.90
629,Entry long,2002-10-11 15:00,S1 Trend,1346.75,3,4040.25,525,0.26,750,0.37,-562.5,-0.28,136900,136.90
630,Exit long,2002-10-11 19:00,S1 Climax,1360,2,2693.5,1325,0.98,1550,1.15,-375,-0.28,138225,138.23
630,Entry long,2002-10-11 15:00,S1 Trend,1346.75,2,2693.5,1325,0.98,1550,1.15,-375,-0.28,138225,138.23
631,Exit long,2002-10-11 20:00,S1 Trail,1348.25,7,9427.25,525,0.11,5425,1.15,-1312.5,-0.28,138750,138.75
631,Entry long,2002-10-11 15:00,S1 Trend,1346.75,7,9427.25,525,0.11,5425,1.15,-1312.5,-0.28,138750,138.75
632,Exit long,2002-10-14 21:00,EOD,1360,15,20328.75,3562.5,0.35,6000,0.59,-3375,-0.33,142312.5,142.31
632,Entry long,2002-10-14 15:00,S1 Trend,1355.25,15,20328.75,3562.5,0.35,6000,0.59,-3375,-0.33,142312.5,142.31
633,Exit long,2002-10-15 15:30,S1 Climax,1387,4,5552,-200,-0.07,750,0.27,-700,-0.25,142112.5,142.11
633,Entry long,2002-10-15 15:00,S1 Trend,1388,4,5552,-200,-0.07,750,0.27,-700,-0.25,142112.5,142.11
634,Exit long,2002-10-15 16:00,S1 Climax,1388,3,4164,0,0.00,562.5,0.27,-525,-0.25,142112.5,142.11
634,Entry long,2002-10-15 15:00,S1 Trend,1388,3,4164,0,0.00,562.5,0.27,-525,-0.25,142112.5,142.11
635,Exit long,2002-10-15 16:30,S1 Climax,1389.25,2,2776,125,0.09,425,0.31,-350,-0.25,142237.5,142.24
635,Entry long,2002-10-15 15:00,S1 Trend,1388,2,2776,125,0.09,425,0.31,-350,-0.25,142237.5,142.24
636,Exit long,2002-10-15 17:00,S1 Climax,1390.5,1,1388,125,0.18,212.5,0.31,-175,-0.25,142362.5,142.36
636,Entry long,2002-10-15 15:00,S1 Trend,1388,1,1388,125,0.18,212.5,0.31,-175,-0.25,142362.5,142.36
637,Exit long,2002-10-15 17:30,S1 Climax,1390.5,1,1388,125,0.18,225,0.32,-175,-0.25,142487.5,142.49
637,Entry long,2002-10-15 15:00,S1 Trend,1388,1,1388,125,0.18,225,0.32,-175,-0.25,142487.5,142.49
638,Exit long,2002-10-15 18:00,S1 Climax,1393.75,1,1388,287.5,0.41,312.5,0.45,-175,-0.25,142775,142.78
638,Entry long,2002-10-15 15:00,S1 Trend,1388,1,1388,287.5,0.41,312.5,0.45,-175,-0.25,142775,142.78
639,Exit long,2002-10-15 18:30,S1 Climax,1393.75,1,1388,287.5,0.41,412.5,0.59,-175,-0.25,143062.5,143.06
639,Entry long,2002-10-15 15:00,S1 Trend,1388,1,1388,287.5,0.41,412.5,0.59,-175,-0.25,143062.5,143.06
640,Exit long,2002-10-15 19:00,S1 Climax,1392.25,1,1388,212.5,0.31,412.5,0.59,-175,-0.25,143275,143.28
640,Entry long,2002-10-15 15:00,S1 Trend,1388,1,1388,212.5,0.31,412.5,0.59,-175,-0.25,143275,143.28
641,Exit long,2002-10-15 19:30,S1 Climax,1392.5,1,1388,225,0.32,412.5,0.59,-175,-0.25,143500,143.50
641,Entry long,2002-10-15 15:00,S1 Trend,1388,1,1388,225,0.32,412.5,0.59,-175,-0.25,143500,143.50
642,Exit long,2002-10-15 21:00,EOD,1400,12,16695,5250,0.63,5400,0.65,-750,-0.09,148750,148.75
642,Entry long,2002-10-15 20:00,S1 Trend,1391.25,12,16695,5250,0.63,5400,0.65,-750,-0.09,148750,148.75
643,Exit long,2002-10-17 21:00,EOD,1396.75,12,16788,-1350,-0.16,1500,0.18,-3450,-0.41,147400,147.40
643,Entry long,2002-10-17 15:00,S1 Trend,1399,12,16788,-1350,-0.16,1500,0.18,-3450,-0.41,147400,147.40
644,Exit long,2002-10-18 21:00,EOD,1401.5,10,14020,-250,-0.04,750,0.11,-3750,-0.53,147150,147.15
644,Entry long,2002-10-18 16:30,S1 Trend,1402,10,14020,-250,-0.04,750,0.11,-3750,-0.53,147150,147.15
645,Exit long,2002-10-21 21:00,EOD,1417.75,15,21037.5,11437.5,1.09,13125,1.25,-375,-0.04,158587.5,158.59
645,Entry long,2002-10-21 16:30,S1 Trend,1402.5,15,21037.5,11437.5,1.09,13125,1.25,-375,-0.04,158587.5,158.59
646,Exit long,2002-10-22 17:30,S1 Trail,1405,17,24016.75,-6587.5,-0.55,1700,0.14,-6587.5,-0.55,152000,152.00
646,Entry long,2002-10-22 16:00,S1 Trend,1412.75,17,24016.75,-6587.5,-0.55,1700,0.14,-6587.5,-0.55,152000,152.00
647,Exit long,2002-10-22 20:30,S2 FairVal,1407,13,18235.75,2762.5,0.30,2762.5,0.30,-1137.5,-0.12,154762.5,154.76
647,Entry long,2002-10-22 19:30,S2 VWAP,1402.75,13,18235.75,2762.5,0.30,2762.5,0.30,-1137.5,-0.12,154762.5,154.76
648,Exit long,2002-10-23 15:30,S1 Trail,1396,16,22512,-8800,-0.78,400,0.04,-9400,-0.84,145962.5,145.96
648,Entry long,2002-10-23 15:00,S1 Trend,1407,16,22512,-8800,-0.78,400,0.04,-9400,-0.84,145962.5,145.96
649,Exit long,2002-10-23 21:00,EOD,1414.25,9,12678.75,2475,0.39,2587.5,0.41,-1687.5,-0.27,148437.5,148.44
649,Entry long,2002-10-23 20:00,S1 Trend,1408.75,9,12678.75,2475,0.39,2587.5,0.41,-1687.5,-0.27,148437.5,148.44
650,Exit long,2002-10-24 18:30,S1 Trail,1410,15,21311.25,-8062.5,-0.76,562.5,0.05,-8062.5,-0.76,140375,140.38
650,Entry long,2002-10-24 15:00,S1 Trend,1420.75,15,21311.25,-8062.5,-0.76,562.5,0.05,-8062.5,-0.76,140375,140.38
651,Exit long,2002-10-25 21:00,EOD,1415,11,15455,5500,0.71,6187.5,0.80,-2062.5,-0.27,145875,145.88
651,Entry long,2002-10-25 17:30,S1 Trend,1405,11,15455,5500,0.71,6187.5,0.80,-2062.5,-0.27,145875,145.88
652,Exit long,2002-10-30 19:00,S1 Trail,1403.25,15,21101.25,-2625,-0.25,5437.5,0.52,-2625,-0.25,143250,143.25
652,Entry long,2002-10-30 16:00,S1 Trend,1406.75,15,21101.25,-2625,-0.25,5437.5,0.52,-2625,-0.25,143250,143.25
653,Exit long,2002-10-31 15:30,S1 Trail,1406,16,22504,-400,-0.04,8400,0.75,-1400,-0.12,142850,142.85
653,Entry long,2002-10-31 15:00,S1 Trend,1406.5,16,22504,-400,-0.04,8400,0.75,-1400,-0.12,142850,142.85
654,Exit long,2002-11-01 21:00,EOD,1419.75,13,18278,8937.5,0.98,10562.5,1.16,0,0.00,151787.5,151.79
654,Entry long,2002-11-01 16:00,S1 Trend,1406,13,18278,8937.5,0.98,10562.5,1.16,0,0.00,151787.5,151.79
655,Exit long,2002-11-04 15:30,S1 Climax,1436,7,10020.5,1575,0.31,2100,0.42,-87.5,-0.02,153362.5,153.36
655,Entry long,2002-11-04 15:00,S1 Trend,1431.5,7,10020.5,1575,0.31,2100,0.42,-87.5,-0.02,153362.5,153.36
656,Exit long,2002-11-04 16:00,S1 Climax,1436.75,5,7157.5,1312.5,0.37,2062.5,0.58,-62.5,-0.02,154675,154.68
656,Entry long,2002-11-04 15:00,S1 Trend,1431.5,5,7157.5,1312.5,0.37,2062.5,0.58,-62.5,-0.02,154675,154.68
657,Exit long,2002-11-04 16:30,S1 Climax,1438.25,3,4294.5,1012.5,0.47,1237.5,0.58,-37.5,-0.02,155687.5,155.69
657,Entry long,2002-11-04 15:00,S1 Trend,1431.5,3,4294.5,1012.5,0.47,1237.5,0.58,-37.5,-0.02,155687.5,155.69
658,Exit long,2002-11-04 17:00,S1 Climax,1438.5,3,4294.5,1050,0.49,1425,0.66,-37.5,-0.02,156737.5,156.74
658,Entry long,2002-11-04 15:00,S1 Trend,1431.5,3,4294.5,1050,0.49,1425,0.66,-37.5,-0.02,156737.5,156.74
659,Exit long,2002-11-04 17:30,S1 Climax,1441.25,2,2863,975,0.68,1100,0.77,-25,-0.02,157712.5,157.71
659,Entry long,2002-11-04 15:00,S1 Trend,1431.5,2,2863,975,0.68,1100,0.77,-25,-0.02,157712.5,157.71
660,Exit long,2002-11-04 18:00,S1 Climax,1441,1,1431.5,475,0.66,587.5,0.82,-12.5,-0.02,158187.5,158.19
660,Entry long,2002-11-04 15:00,S1 Trend,1431.5,1,1431.5,475,0.66,587.5,0.82,-12.5,-0.02,158187.5,158.19
661,Exit long,2002-11-04 18:30,S1 Climax,1440.75,1,1431.5,462.5,0.65,587.5,0.82,-12.5,-0.02,158650,158.65
661,Entry long,2002-11-04 15:00,S1 Trend,1431.5,1,1431.5,462.5,0.65,587.5,0.82,-12.5,-0.02,158650,158.65
662,Exit long,2002-11-04 19:00,S1 Trail,1435,3,4294.5,525,0.24,1762.5,0.82,-37.5,-0.02,159175,159.18
662,Entry long,2002-11-04 15:00,S1 Trend,1431.5,3,4294.5,525,0.24,1762.5,0.82,-37.5,-0.02,159175,159.18
663,Exit long,2002-11-05 21:00,EOD,1433.5,18,25708.5,4725,0.37,5175,0.40,-4275,-0.33,163900,163.90
663,Entry long,2002-11-05 15:30,S1 Trend,1428.25,18,25708.5,4725,0.37,5175,0.40,-4275,-0.33,163900,163.90
664,Exit long,2002-11-06 21:00,EOD,1441.5,13,18629,5525,0.59,7150,0.77,-7637.5,-0.82,169425,169.43
664,Entry long,2002-11-06 19:30,S1 Trend,1433,13,18629,5525,0.59,7150,0.77,-7637.5,-0.82,169425,169.43
665,Exit long,2002-11-12 20:00,S1 Trail,1403,18,25398,-7200,-0.57,1575,0.12,-7200,-0.57,162225,162.23
665,Entry long,2002-11-12 19:30,S1 Trend,1411,18,25398,-7200,-0.57,1575,0.12,-7200,-0.57,162225,162.23
666,Exit long,2002-11-13 19:30,S1 Trail,1398.25,13,18320.25,-7150,-0.78,650,0.07,-7150,-0.78,155075,155.08
666,Entry long,2002-11-13 17:00,S1 Trend,1409.25,13,18320.25,-7150,-0.78,650,0.07,-7150,-0.78,155075,155.08
667,Exit long,2002-11-14 21:00,EOD,1422.75,15,21228.75,5625,0.53,5625,0.53,-2812.5,-0.26,160700,160.70
667,Entry long,2002-11-14 15:30,S1 Trend,1415.25,15,21228.75,5625,0.53,5625,0.53,-2812.5,-0.26,160700,160.70
668,Exit long,2002-11-15 21:00,EOD,1427.25,13,18521.75,1625,0.18,2600,0.28,-975,-0.11,162325,162.33
668,Entry long,2002-11-15 19:30,S1 Trend,1424.75,13,18521.75,1625,0.18,2600,0.28,-975,-0.11,162325,162.33
669,Exit long,2002-11-19 20:00,S1 Trail,1414,16,22728,-5200,-0.46,2800,0.25,-5200,-0.46,157125,157.13
669,Entry long,2002-11-19 18:00,S1 Trend,1420.5,16,22728,-5200,-0.46,2800,0.25,-5200,-0.46,157125,157.13
670,Exit long,2002-11-20 21:00,EOD,1432.75,21,29835.75,12600,0.84,13650,0.92,-2362.5,-0.16,169725,169.73
670,Entry long,2002-11-20 15:30,S1 Trend,1420.75,21,29835.75,12600,0.84,13650,0.92,-2362.5,-0.16,169725,169.73
671,Exit long,2002-11-21 21:00,EOD,1452.75,19,27393.25,10450,0.76,12112.5,0.88,-1900,-0.14,180175,180.18
671,Entry long,2002-11-21 15:00,S1 Trend,1441.75,19,27393.25,10450,0.76,12112.5,0.88,-1900,-0.14,180175,180.18
672,Exit long,2002-11-22 21:00,EOD,1449.25,26,37687,-325,-0.02,8125,0.43,-4875,-0.26,179850,179.85
672,Entry long,2002-11-22 15:30,S1 Trend,1449.5,26,37687,-325,-0.02,8125,0.43,-4875,-0.26,179850,179.85
673,Exit long,2002-11-25 15:30,S2 FairVal,1454.5,29,42100.75,3987.5,0.19,4712.5,0.22,-1450,-0.07,183837.5,183.84
673,Entry long,2002-11-25 15:00,S2 VWAP,1451.75,29,42100.75,3987.5,0.19,4712.5,0.22,-1450,-0.07,183837.5,183.84
674,Exit long,2002-11-25 16:30,S1 Trail,1444,25,36281.25,-9062.5,-0.50,312.5,0.02,-9062.5,-0.50,174775,174.77
674,Entry long,2002-11-25 16:00,S1 Trend,1451.25,25,36281.25,-9062.5,-0.50,312.5,0.02,-9062.5,-0.50,174775,174.77
675,Exit long,2002-11-27 16:00,S1 Climax,1452,6,8706,300,0.07,675,0.16,-375,-0.09,175075,175.08
675,Entry long,2002-11-27 15:30,S1 Trend,1451,6,8706,300,0.07,675,0.16,-375,-0.09,175075,175.08
676,Exit long,2002-11-27 16:30,S1 Climax,1453.5,4,5804,500,0.17,750,0.26,-250,-0.09,175575,175.58
676,Entry long,2002-11-27 15:30,S1 Trend,1451,4,5804,500,0.17,750,0.26,-250,-0.09,175575,175.58
677,Exit long,2002-11-27 17:00,S1 Climax,1454,3,4353,450,0.21,675,0.31,-187.5,-0.09,176025,176.03
677,Entry long,2002-11-27 15:30,S1 Trend,1451,3,4353,450,0.21,675,0.31,-187.5,-0.09,176025,176.03
678,Exit long,2002-11-27 17:30,S1 Climax,1456.25,2,2902,525,0.36,625,0.43,-125,-0.09,176550,176.55
678,Entry long,2002-11-27 15:30,S1 Trend,1451,2,2902,525,0.36,625,0.43,-125,-0.09,176550,176.55
679,Exit long,2002-11-27 18:00,S1 Climax,1455.25,2,2902,425,0.29,625,0.43,-125,-0.09,176975,176.98
679,Entry long,2002-11-27 15:30,S1 Trend,1451,2,2902,425,0.29,625,0.43,-125,-0.09,176975,176.98
680,Exit long,2002-11-27 18:30,S1 Climax,1456.5,1,1451,275,0.38,312.5,0.43,-62.5,-0.09,177250,177.25
680,Entry long,2002-11-27 15:30,S1 Trend,1451,1,1451,275,0.38,312.5,0.43,-62.5,-0.09,177250,177.25
681,Exit long,2002-11-27 19:00,S1 Climax,1456.5,1,1451,275,0.38,337.5,0.47,-62.5,-0.09,177525,177.53
681,Entry long,2002-11-27 15:30,S1 Trend,1451,1,1451,275,0.38,337.5,0.47,-62.5,-0.09,177525,177.53
682,Exit long,2002-11-27 19:30,S1 Climax,1457.25,1,1451,312.5,0.43,375,0.52,-62.5,-0.09,177837.5,177.84
682,Entry long,2002-11-27 15:30,S1 Trend,1451,1,1451,312.5,0.43,375,0.52,-62.5,-0.09,177837.5,177.84
683,Exit long,2002-11-27 20:00,S1 Climax,1457,1,1451,300,0.41,375,0.52,-62.5,-0.09,178137.5,178.14
683,Entry long,2002-11-27 15:30,S1 Trend,1451,1,1451,300,0.41,375,0.52,-62.5,-0.09,178137.5,178.14
684,Exit long,2002-11-27 21:00,EOD,1456.5,1,1451,275,0.38,412.5,0.57,-62.5,-0.09,178412.5,178.41
684,Entry long,2002-11-27 15:30,S1 Trend,1451,1,1451,275,0.38,412.5,0.57,-62.5,-0.09,178412.5,178.41
685,Exit long,2002-12-02 15:30,S1 Trail,1461.5,25,36825,-14375,-0.78,625,0.03,-14375,-0.78,164037.5,164.04
685,Entry long,2002-12-02 15:00,S1 Trend,1473,25,36825,-14375,-0.78,625,0.03,-14375,-0.78,164037.5,164.04
686,Exit long,2002-12-11 19:00,S1 Trail,1420.5,21,29872.5,-2100,-0.14,6300,0.42,-2100,-0.14,161937.5,161.94
686,Entry long,2002-12-11 16:00,S1 Trend,1422.5,21,29872.5,-2100,-0.14,6300,0.42,-2100,-0.14,161937.5,161.94
687,Exit long,2002-12-12 16:30,S1 Trail,1416.75,17,24225,-7012.5,-0.58,637.5,0.05,-7012.5,-0.58,154925,154.93
687,Entry long,2002-12-12 16:00,S1 Trend,1425,17,24225,-7012.5,-0.58,637.5,0.05,-7012.5,-0.58,154925,154.93
688,Exit long,2002-12-16 16:30,S1 Climax,1421,8,11330,1900,0.34,2200,0.39,0,0.00,156825,156.82
688,Entry long,2002-12-16 15:30,S1 Trend,1416.25,8,11330,1900,0.34,2200,0.39,0,0.00,156825,156.82
689,Exit long,2002-12-16 17:00,S1 Climax,1424.75,5,7081.25,2125,0.60,2125,0.60,0,0.00,158950,158.95
689,Entry long,2002-12-16 15:30,S1 Trend,1416.25,5,7081.25,2125,0.60,2125,0.60,0,0.00,158950,158.95
690,Exit long,2002-12-16 17:30,S1 Climax,1424.75,4,5665,1700,0.60,1850,0.65,0,0.00,160650,160.65
690,Entry long,2002-12-16 15:30,S1 Trend,1416.25,4,5665,1700,0.60,1850,0.65,0,0.00,160650,160.65
691,Exit long,2002-12-16 21:00,EOD,1429,10,14162.5,6375,0.90,6375,0.90,0,0.00,167025,167.03
691,Entry long,2002-12-16 15:30,S1 Trend,1416.25,10,14162.5,6375,0.90,6375,0.90,0,0.00,167025,167.03
692,Exit short,2002-12-17 21:00,EOD,1421,21,29867.25,1312.5,0.09,2887.5,0.19,-3675,-0.25,168337.5,168.34
692,Entry short,2002-12-17 16:00,S3 Hedge,1422.25,21,29867.25,1312.5,0.09,2887.5,0.19,-3675,-0.25,168337.5,168.34
693,Exit long,2002-12-19 15:30,S1 Trail,1409.25,17,24055,-4887.5,-0.41,3612.5,0.30,-4887.5,-0.41,163450,163.45
693,Entry long,2002-12-19 15:00,S1 Trend,1415,17,24055,-4887.5,-0.41,3612.5,0.30,-4887.5,-0.41,163450,163.45
694,Exit long,2002-12-20 21:00,EOD,1413,20,28295,-1750,-0.12,1500,0.11,-5500,-0.39,161700,161.70
694,Entry long,2002-12-20 17:30,S1 Trend,1414.75,20,28295,-1750,-0.12,1500,0.11,-5500,-0.39,161700,161.70
695,Exit long,2002-12-23 18:30,S1 Trail,1413.75,24,33930,0,0.00,8700,0.51,-300,-0.02,161700,161.70
695,Entry long,2002-12-23 15:30,S1 Trend,1413.75,24,33930,0,0.00,8700,0.51,-300,-0.02,161700,161.70
696,Exit long,2002-12-26 19:00,S1 Trail,1415,24,34002,-2100,-0.12,6600,0.39,-2100,-0.12,159600,159.60
696,Entry long,2002-12-26 15:00,S1 Trend,1416.75,24,34002,-2100,-0.12,6600,0.39,-2100,-0.12,159600,159.60
697,Exit short,2002-12-27 21:00,EOD,1392.75,23,32096.5,3162.5,0.20,4887.5,0.30,-862.5,-0.05,162762.5,162.76
697,Entry short,2002-12-27 19:00,S3 Hedge,1395.5,23,32096.5,3162.5,0.20,4887.5,0.30,-862.5,-0.05,162762.5,162.76
698,Exit long,2003-01-02 21:00,EOD,1427,15,21037.5,18375,1.75,18937.5,1.80,-562.5,-0.05,181137.5,181.14
698,Entry long,2003-01-02 15:00,S1 Trend,1402.5,15,21037.5,18375,1.75,18937.5,1.80,-562.5,-0.05,181137.5,181.14
699,Exit long,2003-01-03 21:00,EOD,1426.75,25,35606.25,3125,0.18,4375,0.25,-4375,-0.25,184262.5,184.26
699,Entry long,2003-01-03 15:30,S1 Trend,1424.25,25,35606.25,3125,0.18,4375,0.25,-4375,-0.25,184262.5,184.26
700,Exit long,2003-01-06 18:30,S1 Climax,1446.25,6,8605.5,3600,0.84,3900,0.91,-1050,-0.24,187862.5,187.86
700,Entry long,2003-01-06 15:00,S1 Trend,1434.25,6,8605.5,3600,0.84,3900,0.91,-1050,-0.24,187862.5,187.86
701,Exit long,2003-01-06 20:00,S1 Climax,1449.75,5,7171.25,3875,1.08,4062.5,1.13,-875,-0.24,191737.5,191.74
701,Entry long,2003-01-06 15:00,S1 Trend,1434.25,5,7171.25,3875,1.08,4062.5,1.13,-875,-0.24,191737.5,191.74
702,Exit long,2003-01-06 20:30,S1 Climax,1450,3,4302.75,2362.5,1.10,2437.5,1.13,-525,-0.24,194100,194.10
702,Entry long,2003-01-06 15:00,S1 Trend,1434.25,3,4302.75,2362.5,1.10,2437.5,1.13,-525,-0.24,194100,194.10
703,Exit long,2003-01-06 21:00,EOD,1447.25,9,12908.25,5850,0.91,7312.5,1.13,-1575,-0.24,199950,199.95
703,Entry long,2003-01-06 15:00,S1 Trend,1434.25,9,12908.25,5850,0.91,7312.5,1.13,-1575,-0.24,199950,199.95
704,Exit long,2003-01-07 20:30,S1 Trail,1439.75,26,37511.5,-3900,-0.21,8775,0.47,-6500,-0.35,196050,196.05
704,Entry long,2003-01-07 15:30,S1 Trend,1442.75,26,37511.5,-3900,-0.21,8775,0.47,-6500,-0.35,196050,196.05
705,Exit long,2003-01-09 15:30,S1 Climax,1443,9,12948.75,1912.5,0.30,2137.5,0.33,-112.5,-0.02,197962.5,197.96
705,Entry long,2003-01-09 15:00,S1 Trend,1438.75,9,12948.75,1912.5,0.30,2137.5,0.33,-112.5,-0.02,197962.5,197.96
706,Exit long,2003-01-09 16:00,S1 Climax,1445,6,8632.5,1875,0.43,2100,0.49,-75,-0.02,199837.5,199.84
706,Entry long,2003-01-09 15:00,S1 Trend,1438.75,6,8632.5,1875,0.43,2100,0.49,-75,-0.02,199837.5,199.84
707,Exit long,2003-01-09 16:30,S1 Climax,1445.25,4,5755,1300,0.45,1500,0.52,-50,-0.02,201137.5,201.14
707,Entry long,2003-01-09 15:00,S1 Trend,1438.75,4,5755,1300,0.45,1500,0.52,-50,-0.02,201137.5,201.14
708,Exit long,2003-01-09 17:00,S1 Climax,1445.25,3,4316.25,975,0.45,1125,0.52,-37.5,-0.02,202112.5,202.11
708,Entry long,2003-01-09 15:00,S1 Trend,1438.75,3,4316.25,975,0.45,1125,0.52,-37.5,-0.02,202112.5,202.11
709,Exit long,2003-01-09 18:30,S1 Trail,1439.25,9,12948.75,225,0.03,3375,0.52,-112.5,-0.02,202337.5,202.34
709,Entry long,2003-01-09 15:00,S1 Trend,1438.75,9,12948.75,225,0.03,3375,0.52,-112.5,-0.02,202337.5,202.34
710,Exit long,2003-01-10 21:00,EOD,1445.5,17,24582,-425,-0.03,2125,0.17,-4887.5,-0.40,201912.5,201.91
710,Entry long,2003-01-10 16:30,S1 Trend,1446,17,24582,-425,-0.03,2125,0.17,-4887.5,-0.40,201912.5,201.91
711,Exit long,2003-01-14 21:00,EOD,1450,20,28920,4000,0.28,4250,0.29,-1250,-0.09,205912.5,205.91
711,Entry long,2003-01-14 19:30,S1 Trend,1446,20,28920,4000,0.28,4250,0.29,-1250,-0.09,205912.5,205.91
712,Exit long,2003-01-16 15:30,S1 Trail,1438,30,43305,-8250,-0.38,1875,0.09,-8250,-0.38,197662.5,197.66
712,Entry long,2003-01-16 15:00,S1 Trend,1443.5,30,43305,-8250,-0.38,1875,0.09,-8250,-0.38,197662.5,197.66
713,Exit short,2003-01-27 17:30,S3 Scalp,1369.75,13,17719,-4387.5,-0.50,1137.5,0.13,-4387.5,-0.50,193275,193.28
713,Entry short,2003-01-27 17:00,S3 Hedge,1363,13,17719,-4387.5,-0.50,1137.5,0.13,-4387.5,-0.50,193275,193.28
714,Exit long,2003-01-29 21:00,EOD,1382.5,14,19278,3850,0.40,6825,0.71,-2100,-0.22,197125,197.13
714,Entry long,2003-01-29 18:00,S1 Trend,1377,14,19278,3850,0.40,6825,0.71,-2100,-0.22,197125,197.13
715,Exit long,2003-01-31 21:00,EOD,1373,14,19215,350,0.04,2975,0.31,-4200,-0.44,197475,197.48
715,Entry long,2003-01-31 17:30,S1 Trend,1372.5,14,19215,350,0.04,2975,0.31,-4200,-0.44,197475,197.48
716,Exit long,2003-02-03 15:30,S2 FairVal,1382.25,27,37145.25,8775,0.47,9112.5,0.49,-675,-0.04,206250,206.25
716,Entry long,2003-02-03 15:00,S2 VWAP,1375.75,27,37145.25,8775,0.47,9112.5,0.49,-675,-0.04,206250,206.25
717,Exit long,2003-02-03 21:00,EOD,1377.5,23,31751.5,-3450,-0.22,2587.5,0.16,-6612.5,-0.42,202800,202.80
717,Entry long,2003-02-03 16:00,S1 Trend,1380.5,23,31751.5,-3450,-0.22,2587.5,0.16,-6612.5,-0.42,202800,202.80
718,Exit short,2003-02-04 17:30,S3 Scalp,1363,21,28533.75,-4462.5,-0.31,525,0.04,-4462.5,-0.31,198337.5,198.34
718,Entry short,2003-02-04 16:30,S3 Hedge,1358.75,21,28533.75,-4462.5,-0.31,525,0.04,-4462.5,-0.31,198337.5,198.34
719,Exit long,2003-02-05 19:00,S1 Trail,1369,18,24700.5,-2925,-0.24,6975,0.56,-3825,-0.31,195412.5,195.41
719,Entry long,2003-02-05 16:00,S1 Trend,1372.25,18,24700.5,-2925,-0.24,6975,0.56,-3825,-0.31,195412.5,195.41
720,Exit short,2003-02-12 20:30,S3 Scalp,1336.25,26,34950.5,10400,0.60,10400,0.60,-2600,-0.15,205812.5,205.81
720,Entry short,2003-02-12 15:30,S3 Hedge,1344.25,26,34950.5,10400,0.60,10400,0.60,-2600,-0.15,205812.5,205.81
721,Exit short,2003-02-13 20:00,S3 Scalp,1329.5,21,27825,-4725,-0.34,787.5,0.06,-4725,-0.34,201087.5,201.09
721,Entry short,2003-02-13 18:00,S3 Hedge,1325,21,27825,-4725,-0.34,787.5,0.06,-4725,-0.34,201087.5,201.09
722,Exit long,2003-02-14 16:30,S1 Trail,1337,20,26920,-9000,-0.67,1250,0.09,-9000,-0.67,192087.5,192.09
722,Entry long,2003-02-14 16:00,S1 Trend,1346,20,26920,-9000,-0.67,1250,0.09,-9000,-0.67,192087.5,192.09
723,Exit long,2003-02-18 20:00,S1 Trail,1364.5,30,40965,-1500,-0.07,9375,0.46,-1500,-0.07,190587.5,190.59
723,Entry long,2003-02-18 15:00,S1 Trend,1365.5,30,40965,-1500,-0.07,9375,0.46,-1500,-0.07,190587.5,190.59
724,Exit short,2003-02-19 20:30,S3 Scalp,1362,25,33943.75,-5312.5,-0.31,1250,0.07,-5625,-0.33,185275,185.27
724,Entry short,2003-02-19 20:00,S3 Hedge,1357.75,25,33943.75,-5312.5,-0.31,1250,0.07,-5625,-0.33,185275,185.27
725,Exit long,2003-02-21 21:00,EOD,1367.5,19,25949.25,1662.5,0.13,5225,0.40,-2375,-0.18,186937.5,186.94
725,Entry long,2003-02-21 17:00,S1 Trend,1365.75,19,25949.25,1662.5,0.13,5225,0.40,-2375,-0.18,186937.5,186.94
726,Exit short,2003-02-25 18:00,S3 Scalp,1344.25,25,33500,-5312.5,-0.32,2812.5,0.17,-7500,-0.45,181625,181.63
726,Entry short,2003-02-25 15:30,S3 Hedge,1340,25,33500,-5312.5,-0.32,2812.5,0.17,-7500,-0.45,181625,181.63
727,Exit long,2003-02-26 16:00,S1 Trail,1350,22,29881.5,-9075,-0.61,275,0.02,-9075,-0.61,172550,172.55
727,Entry long,2003-02-26 15:30,S1 Trend,1358.25,22,29881.5,-9075,-0.61,275,0.02,-9075,-0.61,172550,172.55
728,Exit long,2003-02-27 19:30,S1 Trail,1352,17,23094.5,-5525,-0.48,2762.5,0.24,-5525,-0.48,167025,167.03
728,Entry long,2003-02-27 16:00,S1 Trend,1358.5,17,23094.5,-5525,-0.48,2762.5,0.24,-5525,-0.48,167025,167.03
729,Exit long,2003-02-28 17:30,S1 Trail,1359,25,34031.25,-2812.5,-0.17,5937.5,0.35,-2812.5,-0.17,164212.5,164.21
729,Entry long,2003-02-28 15:00,S1 Trend,1361.25,25,34031.25,-2812.5,-0.17,5937.5,0.35,-2812.5,-0.17,164212.5,164.21
730,Exit long,2003-03-03 15:30,S1 Trail,1365,29,39744.5,-7975,-0.40,2175,0.11,-9425,-0.47,156237.5,156.24
730,Entry long,2003-03-03 15:00,S1 Trend,1370.5,29,39744.5,-7975,-0.40,2175,0.11,-9425,-0.47,156237.5,156.24
731,Exit short,2003-03-03 20:00,S3 Scalp,1352,19,25844.75,7837.5,0.61,7837.5,0.61,-3325,-0.26,164075,164.08
731,Entry short,2003-03-03 16:00,S3 Hedge,1360.25,19,25844.75,7837.5,0.61,7837.5,0.61,-3325,-0.26,164075,164.08
732,Exit short,2003-03-10 18:30,S3 Scalp,1333.75,21,27930,-3937.5,-0.28,525,0.04,-3937.5,-0.28,160137.5,160.14
732,Entry short,2003-03-10 18:00,S3 Hedge,1330,21,27930,-3937.5,-0.28,525,0.04,-3937.5,-0.28,160137.5,160.14
733,Exit short,2003-03-10 21:00,EOD,1325.5,20,26585,3750,0.28,4750,0.36,-3000,-0.23,163887.5,163.89
733,Entry short,2003-03-10 19:30,S3 Hedge,1329.25,20,26585,3750,0.28,4750,0.36,-3000,-0.23,163887.5,163.89
734,Exit long,2003-03-13 20:30,S1 Climax,1347,5,6661.25,3687.5,1.11,4000,1.20,-937.5,-0.28,167575,167.58
734,Entry long,2003-03-13 15:00,S1 Trend,1332.25,5,6661.25,3687.5,1.11,4000,1.20,-937.5,-0.28,167575,167.58
735,Exit long,2003-03-13 21:00,EOD,1352,14,18651.5,13825,1.48,13825,1.48,-2625,-0.28,181400,181.40
735,Entry long,2003-03-13 15:00,S1 Trend,1332.25,14,18651.5,13825,1.48,13825,1.48,-2625,-0.28,181400,181.40
736,Exit short,2003-03-14 15:30,S3 Scalp,1354,18,24268.5,-5175,-0.43,225,0.02,-10125,-0.83,176225,176.23
736,Entry short,2003-03-14 15:00,S3 Hedge,1348.25,18,24268.5,-5175,-0.43,225,0.02,-10125,-0.83,176225,176.23
737,Exit long,2003-03-17 16:00,S1 Climax,1370.25,2,2716,1225,0.90,1975,1.45,-600,-0.44,177450,177.45
737,Entry long,2003-03-17 15:00,S1 Trend,1358,2,2716,1225,0.90,1975,1.45,-600,-0.44,177450,177.45
738,Exit long,2003-03-17 16:30,S1 Climax,1371,1,1358,650,0.96,987.5,1.45,-300,-0.44,178100,178.10
738,Entry long,2003-03-17 15:00,S1 Trend,1358,1,1358,650,0.96,987.5,1.45,-300,-0.44,178100,178.10
739,Exit long,2003-03-17 17:00,S1 Climax,1372.25,1,1358,712.5,1.05,987.5,1.45,-300,-0.44,178812.5,178.81
739,Entry long,2003-03-17 15:00,S1 Trend,1358,1,1358,712.5,1.05,987.5,1.45,-300,-0.44,178812.5,178.81
740,Exit long,2003-03-17 17:30,S1 Climax,1375.5,1,1358,875,1.29,987.5,1.45,-300,-0.44,179687.5,179.69
740,Entry long,2003-03-17 15:00,S1 Trend,1358,1,1358,875,1.29,987.5,1.45,-300,-0.44,179687.5,179.69
741,Exit long,2003-03-17 18:00,S1 Climax,1375,1,1358,850,1.25,987.5,1.45,-300,-0.44,180537.5,180.54
741,Entry long,2003-03-17 15:00,S1 Trend,1358,1,1358,850,1.25,987.5,1.45,-300,-0.44,180537.5,180.54
742,Exit long,2003-03-17 18:30,S1 Climax,1372.75,1,1358,737.5,1.09,987.5,1.45,-300,-0.44,181275,181.28
742,Entry long,2003-03-17 15:00,S1 Trend,1358,1,1358,737.5,1.09,987.5,1.45,-300,-0.44,181275,181.28
743,Exit long,2003-03-19 21:00,EOD,1393.25,15,20865,1687.5,0.16,2625,0.25,-2812.5,-0.27,182962.5,182.96
743,Entry long,2003-03-19 20:00,S1 Trend,1391,15,20865,1687.5,0.16,2625,0.25,-2812.5,-0.27,182962.5,182.96
744,Exit long,2003-03-20 21:00,EOD,1395,11,15345,0,0.00,2337.5,0.30,-2475,-0.32,182962.5,182.96
744,Entry long,2003-03-20 18:30,S1 Trend,1395,11,15345,0,0.00,2337.5,0.30,-2475,-0.32,182962.5,182.96
745,Exit long,2003-03-21 21:00,EOD,1414.5,14,19757.5,2275,0.23,3150,0.32,-4900,-0.50,185237.5,185.24
745,Entry long,2003-03-21 18:00,S1 Trend,1411.25,14,19757.5,2275,0.23,3150,0.32,-4900,-0.50,185237.5,185.24
746,Exit long,2003-03-25 20:00,S1 Trail,1388.75,16,22288,-3400,-0.31,5000,0.45,-3400,-0.31,181837.5,181.84
746,Entry long,2003-03-25 16:30,S1 Trend,1393,16,22288,-3400,-0.31,5000,0.45,-3400,-0.31,181837.5,181.84
747,Exit long,2003-03-26 20:00,S2 FairVal,1395,16,22280,2000,0.18,2400,0.22,-2000,-0.18,183837.5,183.84
747,Entry long,2003-03-26 19:30,S2 VWAP,1392.5,16,22280,2000,0.18,2400,0.22,-2000,-0.18,183837.5,183.84
748,Exit long,2003-03-27 21:00,EOD,1388,20,27765,-250,-0.02,5250,0.38,-2750,-0.20,183587.5,183.59
748,Entry long,2003-03-27 18:00,S1 Trend,1388.25,20,27765,-250,-0.02,5250,0.38,-2750,-0.20,183587.5,183.59
749,Exit long,2003-03-28 19:00,S1 Trail,1381,21,29153.25,-7612.5,-0.52,1050,0.07,-7612.5,-0.52,175975,175.98
749,Entry long,2003-03-28 16:30,S1 Trend,1388.25,21,29153.25,-7612.5,-0.52,1050,0.07,-7612.5,-0.52,175975,175.98
750,Exit short,2003-03-31 16:30,S3 Scalp,1367.5,26,35457.5,-4875,-0.27,4875,0.27,-4875,-0.27,171100,171.10
750,Entry short,2003-03-31 16:00,S3 Hedge,1363.75,26,35457.5,-4875,-0.27,4875,0.27,-4875,-0.27,171100,171.10
751,Exit long,2003-04-01 22:00,EOD,1377.75,14,19295.5,-350,-0.04,1575,0.16,-4025,-0.42,170750,170.75
751,Entry long,2003-04-01 19:00,S1 Trend,1378.25,14,19295.5,-350,-0.04,1575,0.16,-4025,-0.42,170750,170.75
752,Exit long,2003-04-02 17:00,S1 Climax,1398.75,6,8364,1425,0.34,1875,0.45,-225,-0.05,172175,172.18
752,Entry long,2003-04-02 16:00,S1 Trend,1394,6,8364,1425,0.34,1875,0.45,-225,-0.05,172175,172.18
753,Exit long,2003-04-02 17:30,S1 Climax,1399.5,4,5576,1100,0.39,1650,0.59,-150,-0.05,173275,173.28
753,Entry long,2003-04-02 16:00,S1 Trend,1394,4,5576,1100,0.39,1650,0.59,-150,-0.05,173275,173.28
754,Exit long,2003-04-02 18:00,S1 Climax,1400,3,4182,900,0.43,1237.5,0.59,-112.5,-0.05,174175,174.18
754,Entry long,2003-04-02 16:00,S1 Trend,1394,3,4182,900,0.43,1237.5,0.59,-112.5,-0.05,174175,174.18
755,Exit long,2003-04-02 18:30,S1 Climax,1401.25,2,2788,725,0.52,925,0.66,-75,-0.05,174900,174.90
755,Entry long,2003-04-02 16:00,S1 Trend,1394,2,2788,725,0.52,925,0.66,-75,-0.05,174900,174.90
756,Exit long,2003-04-02 22:00,EOD,1400.5,7,9758,2275,0.47,3587.5,0.74,-262.5,-0.05,177175,177.18
756,Entry long,2003-04-02 16:00,S1 Trend,1394,7,9758,2275,0.47,3587.5,0.74,-262.5,-0.05,177175,177.18
757,Exit long,2003-04-07 19:00,S1 Trail,1412,17,24178.25,-8712.5,-0.72,425,0.04,-8712.5,-0.72,168462.5,168.46
757,Entry long,2003-04-07 15:30,S1 Trend,1422.25,17,24178.25,-8712.5,-0.72,425,0.04,-8712.5,-0.72,168462.5,168.46
758,Exit long,2003-04-09 16:00,S1 Trail,1397.25,17,23863.75,-5525,-0.46,2975,0.25,-5525,-0.46,162937.5,162.94
758,Entry long,2003-04-09 15:30,S1 Trend,1403.75,17,23863.75,-5525,-0.46,2975,0.25,-5525,-0.46,162937.5,162.94
759,Exit long,2003-04-11 15:30,S1 Trail,1391.5,23,32194.25,-9487.5,-0.59,287.5,0.02,-11500,-0.71,153450,153.45
759,Entry long,2003-04-11 15:00,S1 Trend,1399.75,23,32194.25,-9487.5,-0.59,287.5,0.02,-11500,-0.71,153450,153.45
760,Exit long,2003-04-14 21:00,EOD,1404.5,22,30690,10450,0.68,11000,0.72,-275,-0.02,163900,163.90
760,Entry long,2003-04-14 16:30,S1 Trend,1395,22,30690,10450,0.68,11000,0.72,-275,-0.02,163900,163.90
761,Exit long,2003-04-17 21:00,EOD,1412.75,21,29568,4987.5,0.34,5775,0.39,-1050,-0.07,168887.5,168.89
761,Entry long,2003-04-17 17:30,S1 Trend,1408,21,29568,4987.5,0.34,5775,0.39,-1050,-0.07,168887.5,168.89
762,Exit long,2003-04-21 17:00,S2 FairVal,1413.5,24,33852,3600,0.21,3600,0.21,-300,-0.02,172487.5,172.49
762,Entry long,2003-04-21 16:30,S2 VWAP,1410.5,24,33852,3600,0.21,3600,0.21,-300,-0.02,172487.5,172.49
763,Exit long,2003-04-22 21:00,EOD,1431.25,22,31218,13475,0.86,14300,0.92,-5500,-0.35,185962.5,185.96
763,Entry long,2003-04-22 16:00,S1 Trend,1419,22,31218,13475,0.86,14300,0.92,-5500,-0.35,185962.5,185.96
764,Exit long,2003-04-23 19:00,S1 Trail,1431.75,25,35818.75,-1250,-0.07,8125,0.45,-2812.5,-0.16,184712.5,184.71
764,Entry long,2003-04-23 16:00,S1 Trend,1432.75,25,35818.75,-1250,-0.07,8125,0.45,-2812.5,-0.16,184712.5,184.71
765,Exit long,2003-04-24 21:00,EOD,1430.25,19,27260.25,-4275,-0.31,1900,0.14,-5225,-0.38,180437.5,180.44
765,Entry long,2003-04-24 20:00,S1 Trend,1434.75,19,27260.25,-4275,-0.31,1900,0.14,-5225,-0.38,180437.5,180.44
766,Exit long,2003-04-28 16:00,S1 Climax,1433.25,8,11400,3300,0.58,3400,0.60,-200,-0.04,183737.5,183.74
766,Entry long,2003-04-28 15:00,S1 Trend,1425,8,11400,3300,0.58,3400,0.60,-200,-0.04,183737.5,183.74
767,Exit long,2003-04-28 16:30,S1 Climax,1433.25,6,8550,2475,0.58,3075,0.72,-150,-0.04,186212.5,186.21
767,Entry long,2003-04-28 15:00,S1 Trend,1425,6,8550,2475,0.58,3075,0.72,-150,-0.04,186212.5,186.21
768,Exit long,2003-04-28 21:00,EOD,1434.75,14,19950,6825,0.68,9100,0.91,-350,-0.04,193037.5,193.04
768,Entry long,2003-04-28 15:00,S1 Trend,1425,14,19950,6825,0.68,9100,0.91,-350,-0.04,193037.5,193.04
769,Exit long,2003-04-29 16:00,S1 Trail,1431,27,38812.5,-8775,-0.45,2025,0.10,-10462.5,-0.54,184262.5,184.26
769,Entry long,2003-04-29 15:30,S1 Trend,1437.5,27,38812.5,-8775,-0.45,2025,0.10,-10462.5,-0.54,184262.5,184.26
770,Exit long,2003-04-29 17:00,S2 FairVal,1435.5,21,30082.5,3150,0.21,3675,0.24,-525,-0.03,187412.5,187.41
770,Entry long,2003-04-29 16:30,S2 VWAP,1432.5,21,30082.5,3150,0.21,3675,0.24,-525,-0.03,187412.5,187.41
771,Exit long,2003-04-30 21:00,EOD,1434,29,41644,-2900,-0.14,7975,0.38,-8700,-0.42,184512.5,184.51
771,Entry long,2003-04-30 15:00,S1 Trend,1436,29,41644,-2900,-0.14,7975,0.38,-8700,-0.42,184512.5,184.51
772,Exit long,2003-05-02 21:00,EOD,1449.5,21,30208.5,11550,0.76,12337.5,0.82,-2100,-0.14,196062.5,196.06
772,Entry long,2003-05-02 15:00,S1 Trend,1438.5,21,30208.5,11550,0.76,12337.5,0.82,-2100,-0.14,196062.5,196.06
773,Exit long,2003-05-05 16:00,S1 Trail,1445.25,29,42093.5,-9062.5,-0.43,1812.5,0.09,-10512.5,-0.50,187000,187.00
773,Entry long,2003-05-05 15:30,S1 Trend,1451.5,29,42093.5,-9062.5,-0.43,1812.5,0.09,-10512.5,-0.50,187000,187.00
774,Exit long,2003-05-05 17:00,S2 FairVal,1448.5,22,31779,4400,0.28,4400,0.28,-550,-0.03,191400,191.40
774,Entry long,2003-05-05 16:30,S2 VWAP,1444.5,22,31779,4400,0.28,4400,0.28,-550,-0.03,191400,191.40
775,Exit long,2003-05-06 20:00,S1 Trail,1451.25,28,40726,-4550,-0.22,7000,0.34,-4550,-0.22,186850,186.85
775,Entry long,2003-05-06 17:00,S1 Trend,1454.5,28,40726,-4550,-0.22,7000,0.34,-4550,-0.22,186850,186.85
776,Exit long,2003-05-09 21:00,EOD,1452.75,30,43417.5,8250,0.38,9375,0.43,-1125,-0.05,195100,195.10
776,Entry long,2003-05-09 16:00,S1 Trend,1447.25,30,43417.5,8250,0.38,9375,0.43,-1125,-0.05,195100,195.10
777,Exit long,2003-05-12 18:00,S1 Climax,1463.75,9,13092.75,4050,0.62,4612.5,0.70,-787.5,-0.12,199150,199.15
777,Entry long,2003-05-12 15:30,S1 Trend,1454.75,9,13092.75,4050,0.62,4612.5,0.70,-787.5,-0.12,199150,199.15
778,Exit long,2003-05-12 21:00,EOD,1465,22,32004.5,11275,0.70,13200,0.82,-1925,-0.12,210425,210.43
778,Entry long,2003-05-12 15:30,S1 Trend,1454.75,22,32004.5,11275,0.70,13200,0.82,-1925,-0.12,210425,210.43
779,Exit long,2003-05-13 19:00,S1 Trail,1460.5,32,46792,-2800,-0.12,8000,0.34,-2800,-0.12,207625,207.63
779,Entry long,2003-05-13 16:30,S1 Trend,1462.25,32,46792,-2800,-0.12,8000,0.34,-2800,-0.12,207625,207.63
780,Exit long,2003-05-15 15:30,S1 Trail,1462,32,46944,-8000,-0.34,2800,0.12,-8000,-0.34,199625,199.63
780,Entry long,2003-05-15 15:00,S1 Trend,1467,32,46944,-8000,-0.34,2800,0.12,-8000,-0.34,199625,199.63
781,Exit short,2003-05-20 20:30,S3 Scalp,1438,19,27231.75,-4512.5,-0.33,1900,0.14,-4512.5,-0.33,195112.5,195.11
781,Entry short,2003-05-20 20:00,S3 Hedge,1433.25,19,27231.75,-4512.5,-0.33,1900,0.14,-4512.5,-0.33,195112.5,195.11
782,Exit long,2003-05-23 21:00,EOD,1452.75,30,43612.5,-1500,-0.07,2250,0.10,-3000,-0.14,193612.5,193.61
782,Entry long,2003-05-23 16:30,S1 Trend,1453.75,30,43612.5,-1500,-0.07,2250,0.10,-3000,-0.14,193612.5,193.61
783,Exit long,2003-05-27 16:00,S1 Climax,1464,8,11684,1400,0.24,1400,0.24,-100,-0.02,195012.5,195.01
783,Entry long,2003-05-27 15:30,S1 Trend,1460.5,8,11684,1400,0.24,1400,0.24,-100,-0.02,195012.5,195.01
784,Exit long,2003-05-27 16:30,S1 Climax,1463.75,6,8763,975,0.22,1500,0.34,-75,-0.02,195987.5,195.99
784,Entry long,2003-05-27 15:30,S1 Trend,1460.5,6,8763,975,0.22,1500,0.34,-75,-0.02,195987.5,195.99
785,Exit long,2003-05-27 17:30,S1 Climax,1466.5,4,5842,1200,0.41,1400,0.48,-50,-0.02,197187.5,197.19
785,Entry long,2003-05-27 15:30,S1 Trend,1460.5,4,5842,1200,0.41,1400,0.48,-50,-0.02,197187.5,197.19
786,Exit long,2003-05-27 20:30,S1 Climax,1471.25,3,4381.5,1612.5,0.74,1687.5,0.77,-37.5,-0.02,198800,198.80
786,Entry long,2003-05-27 15:30,S1 Trend,1460.5,3,4381.5,1612.5,0.74,1687.5,0.77,-37.5,-0.02,198800,198.80
787,Exit long,2003-05-27 21:00,EOD,1471.5,7,10223.5,3850,0.75,4462.5,0.87,-87.5,-0.02,202650,202.65
787,Entry long,2003-05-27 15:30,S1 Trend,1460.5,7,10223.5,3850,0.75,4462.5,0.87,-87.5,-0.02,202650,202.65
788,Exit long,2003-05-28 18:00,S1 Trail,1471.75,26,38454,-9425,-0.49,0,0.00,-9425,-0.49,193225,193.23
788,Entry long,2003-05-28 17:00,S1 Trend,1479,26,38454,-9425,-0.49,0,0.00,-9425,-0.49,193225,193.23
789,Exit long,2003-05-28 20:30,S2 FairVal,1475.5,22,32395,3300,0.20,3575,0.22,-275,-0.02,196525,196.53
789,Entry long,2003-05-28 20:00,S2 VWAP,1472.5,22,32395,3300,0.20,3575,0.22,-275,-0.02,196525,196.53
790,Exit long,2003-05-29 17:30,S1 Trail,1475.5,28,41475,-8050,-0.39,1400,0.07,-8050,-0.39,188475,188.48
790,Entry long,2003-05-29 15:30,S1 Trend,1481.25,28,41475,-8050,-0.39,1400,0.07,-8050,-0.39,188475,188.48
791,Exit long,2003-05-29 20:00,S2 FairVal,1466.5,19,27977.5,-5700,-0.41,1425,0.10,-5700,-0.41,182775,182.78
791,Entry long,2003-05-29 19:30,S2 VWAP,1472.5,19,27977.5,-5700,-0.41,1425,0.10,-5700,-0.41,182775,182.78
792,Exit long,2003-05-30 16:00,S1 Climax,1482.75,7,10370.5,437.5,0.08,1312.5,0.25,-175,-0.03,183212.5,183.21
792,Entry long,2003-05-30 15:30,S1 Trend,1481.5,7,10370.5,437.5,0.08,1312.5,0.25,-175,-0.03,183212.5,183.21
793,Exit long,2003-05-30 21:00,EOD,1484.25,19,28148.5,2612.5,0.19,4275,0.30,-2137.5,-0.15,185825,185.83
793,Entry long,2003-05-30 15:30,S1 Trend,1481.5,19,28148.5,2612.5,0.19,4275,0.30,-2137.5,-0.15,185825,185.83
794,Exit long,2003-06-02 19:30,S1 Trail,1492.25,27,40311,-1012.5,-0.05,8775,0.44,-2025,-0.10,184812.5,184.81
794,Entry long,2003-06-02 15:30,S1 Trend,1493,27,40311,-1012.5,-0.05,8775,0.44,-2025,-0.10,184812.5,184.81
795,Exit long,2003-06-03 18:00,S1 Trail,1485.5,29,43173.75,-4712.5,-0.22,6525,0.30,-4712.5,-0.22,180100,180.10
795,Entry long,2003-06-03 15:00,S1 Trend,1488.75,29,43173.75,-4712.5,-0.22,6525,0.30,-4712.5,-0.22,180100,180.10
796,Exit long,2003-06-04 21:00,EOD,1506.25,27,40527,7087.5,0.35,9450,0.47,-2700,-0.13,187187.5,187.19
796,Entry long,2003-06-04 15:30,S1 Trend,1501,27,40527,7087.5,0.35,9450,0.47,-2700,-0.13,187187.5,187.19
797,Exit long,2003-06-05 21:00,EOD,1510,23,34557.5,8625,0.50,8912.5,0.52,-1437.5,-0.08,195812.5,195.81
797,Entry long,2003-06-05 16:00,S1 Trend,1502.5,23,34557.5,8625,0.50,8912.5,0.52,-1437.5,-0.08,195812.5,195.81
798,Exit long,2003-06-06 16:00,S1 Trail,1521.5,28,42721,-5950,-0.28,3850,0.18,-5950,-0.28,189862.5,189.86
798,Entry long,2003-06-06 15:00,S1 Trend,1525.75,28,42721,-5950,-0.28,3850,0.18,-5950,-0.28,189862.5,189.86
799,Exit long,2003-06-06 20:30,S2 FairVal,1506.25,17,25738,-6587.5,-0.51,3612.5,0.28,-6587.5,-0.51,183275,183.28
799,Entry long,2003-06-06 18:30,S2 VWAP,1514,17,25738,-6587.5,-0.51,3612.5,0.28,-6587.5,-0.51,183275,183.28
800,Exit long,2003-06-11 21:00,EOD,1517.75,27,40749.75,11475,0.56,11812.5,0.58,-5400,-0.27,194750,194.75
800,Entry long,2003-06-11 16:00,S1 Trend,1509.25,27,40749.75,11475,0.56,11812.5,0.58,-5400,-0.27,194750,194.75
801,Exit long,2003-06-16 16:30,S1 Climax,1524.5,8,12190,300,0.05,900,0.15,-100,-0.02,195050,195.05
801,Entry long,2003-06-16 16:00,S1 Trend,1523.75,8,12190,300,0.05,900,0.15,-100,-0.02,195050,195.05
802,Exit long,2003-06-16 17:00,S1 Climax,1524.75,6,9142.5,300,0.07,750,0.16,-75,-0.02,195350,195.35
802,Entry long,2003-06-16 16:00,S1 Trend,1523.75,6,9142.5,300,0.07,750,0.16,-75,-0.02,195350,195.35
803,Exit long,2003-06-16 17:30,S1 Climax,1524.75,4,6095,200,0.07,600,0.20,-50,-0.02,195550,195.55
803,Entry long,2003-06-16 16:00,S1 Trend,1523.75,4,6095,200,0.07,600,0.20,-50,-0.02,195550,195.55
804,Exit long,2003-06-16 20:00,S1 Climax,1527,3,4571.25,487.5,0.21,600,0.26,-150,-0.07,196037.5,196.04
804,Entry long,2003-06-16 16:00,S1 Trend,1523.75,3,4571.25,487.5,0.21,600,0.26,-150,-0.07,196037.5,196.04
805,Exit long,2003-06-16 21:00,EOD,1530.75,7,10666.25,2450,0.46,2450,0.46,-350,-0.07,198487.5,198.49
805,Entry long,2003-06-16 16:00,S1 Trend,1523.75,7,10666.25,2450,0.46,2450,0.46,-350,-0.07,198487.5,198.49
806,Exit long,2003-06-17 21:00,EOD,1531.25,20,30680,-2750,-0.18,2000,0.13,-3750,-0.24,195737.5,195.74
806,Entry long,2003-06-17 20:00,S1 Trend,1534,20,30680,-2750,-0.18,2000,0.13,-3750,-0.24,195737.5,195.74
807,Exit long,2003-06-18 19:30,S1 Trail,1528,24,36810,-6900,-0.37,2400,0.13,-6900,-0.37,188837.5,188.84
807,Entry long,2003-06-18 16:30,S1 Trend,1533.75,24,36810,-6900,-0.37,2400,0.13,-6900,-0.37,188837.5,188.84
808,Exit long,2003-06-26 21:00,EOD,1506.25,22,33071.5,3300,0.20,4675,0.28,-2750,-0.17,192137.5,192.14
808,Entry long,2003-06-26 17:00,S1 Trend,1503.25,22,33071.5,3300,0.20,4675,0.28,-2750,-0.17,192137.5,192.14
809,Exit long,2003-06-27 18:30,S1 Trail,1501.5,29,43695.75,-7612.5,-0.35,1812.5,0.08,-7612.5,-0.35,184525,184.53
809,Entry long,2003-06-27 16:30,S1 Trend,1506.75,29,43695.75,-7612.5,-0.35,1812.5,0.08,-7612.5,-0.35,184525,184.53
810,Exit long,2003-07-01 21:00,EOD,1502.5,17,25495.75,2337.5,0.18,3400,0.27,-637.5,-0.05,186862.5,186.86
810,Entry long,2003-07-01 20:00,S1 Trend,1499.75,17,25495.75,2337.5,0.18,3400,0.27,-637.5,-0.05,186862.5,186.86
811,Exit long,2003-07-02 21:00,EOD,1513.5,26,39143,10400,0.53,11050,0.56,-975,-0.05,197262.5,197.26
811,Entry long,2003-07-02 15:30,S1 Trend,1505.5,26,39143,10400,0.53,11050,0.56,-975,-0.05,197262.5,197.26
812,Exit long,2003-07-07 15:30,S1 Climax,1524.75,7,10571.75,5075,0.96,5337.5,1.01,-5075,-0.96,202337.5,202.34
812,Entry long,2003-07-03 15:30,S1 Trend,1510.25,7,10571.75,5075,0.96,5337.5,1.01,-5075,-0.96,202337.5,202.34
813,Exit long,2003-07-07 21:00,EOD,1524.75,19,28694.75,13775,0.96,15200,1.06,-13775,-0.96,216112.5,216.11
813,Entry long,2003-07-03 15:30,S1 Trend,1510.25,19,28694.75,13775,0.96,15200,1.06,-13775,-0.96,216112.5,216.11
814,Exit long,2003-07-08 21:00,EOD,1527.75,31,47282.75,3875,0.16,6975,0.30,-5425,-0.23,219987.5,219.99
814,Entry long,2003-07-08 16:00,S1 Trend,1525.25,31,47282.75,3875,0.16,6975,0.30,-5425,-0.23,219987.5,219.99
815,Exit long,2003-07-09 17:00,S2 FairVal,1518,25,38081.25,-6562.5,-0.34,1250,0.07,-6562.5,-0.34,213425,213.43
815,Entry long,2003-07-09 16:30,S2 VWAP,1523.25,25,38081.25,-6562.5,-0.34,1250,0.07,-6562.5,-0.34,213425,213.43
816,Exit long,2003-07-09 19:00,S2 FairVal,1524.25,23,34965.75,4600,0.26,4600,0.26,-575,-0.03,218025,218.03
816,Entry long,2003-07-09 17:30,S2 VWAP,1520.25,23,34965.75,4600,0.26,4600,0.26,-575,-0.03,218025,218.03
817,Exit long,2003-07-11 19:30,S1 Trail,1514,32,48504,-2800,-0.12,9200,0.38,-5200,-0.21,215225,215.23
817,Entry long,2003-07-11 15:00,S1 Trend,1515.75,32,48504,-2800,-0.12,9200,0.38,-5200,-0.21,215225,215.23
818,Exit long,2003-07-14 20:00,S1 Trail,1528.5,30,46020,-8250,-0.36,1500,0.07,-8250,-0.36,206975,206.98
818,Entry long,2003-07-14 16:30,S1 Trend,1534,30,46020,-8250,-0.36,1500,0.07,-8250,-0.36,206975,206.98
819,Exit short,2003-07-17 21:00,EOD,1501.25,20,29995,-1500,-0.10,1750,0.12,-4250,-0.28,205475,205.48
819,Entry short,2003-07-17 18:00,S3 Hedge,1499.75,20,29995,-1500,-0.10,1750,0.12,-4250,-0.28,205475,205.48
820,Exit long,2003-07-18 21:00,EOD,1512.25,24,36252,2100,0.12,4800,0.26,-900,-0.05,207575,207.58
820,Entry long,2003-07-18 19:30,S1 Trend,1510.5,24,36252,2100,0.12,4800,0.26,-900,-0.05,207575,207.58
821,Exit long,2003-07-22 18:30,S1 Trail,1502,21,31694.25,-7612.5,-0.48,1575,0.10,-7612.5,-0.48,199962.5,199.96
821,Entry long,2003-07-22 17:00,S1 Trend,1509.25,21,31694.25,-7612.5,-0.48,1575,0.10,-7612.5,-0.48,199962.5,199.96
822,Exit long,2003-07-24 19:00,S1 Trail,1510.75,25,37925,-7812.5,-0.41,1875,0.10,-7812.5,-0.41,192150,192.15
822,Entry long,2003-07-24 15:30,S1 Trend,1517,25,37925,-7812.5,-0.41,1875,0.10,-7812.5,-0.41,192150,192.15
823,Exit short,2003-07-25 16:30,S3 Scalp,1503.25,22,32978,-4675,-0.28,825,0.05,-4950,-0.30,187475,187.48
823,Entry short,2003-07-25 16:00,S3 Hedge,1499,22,32978,-4675,-0.28,825,0.05,-4950,-0.30,187475,187.48
824,Exit long,2003-07-25 21:00,EOD,1518.5,19,28685.25,8312.5,0.58,8787.5,0.61,-1187.5,-0.08,195787.5,195.79
824,Entry long,2003-07-25 18:30,S1 Trend,1509.75,19,28685.25,8312.5,0.58,8787.5,0.61,-1187.5,-0.08,195787.5,195.79
825,Exit long,2003-07-31 20:00,S1 Trail,1515.5,23,34833.5,1150,0.07,12362.5,0.71,-8050,-0.46,196937.5,196.94
825,Entry long,2003-07-31 15:00,S1 Trend,1514.5,23,34833.5,1150,0.07,12362.5,0.71,-8050,-0.46,196937.5,196.94
826,Exit long,2003-08-06 20:30,S1 Trail,1486.75,19,28419.25,-8550,-0.60,237.5,0.02,-8550,-0.60,188387.5,188.39
826,Entry long,2003-08-06 19:30,S1 Trend,1495.75,19,28419.25,-8550,-0.60,237.5,0.02,-8550,-0.60,188387.5,188.39
827,Exit long,2003-08-07 21:00,EOD,1494.5,22,32840.5,1925,0.12,3300,0.20,-3575,-0.22,190312.5,190.31
827,Entry long,2003-08-07 17:00,S1 Trend,1492.75,22,32840.5,1925,0.12,3300,0.20,-3575,-0.22,190312.5,190.31
828,Exit long,2003-08-11 18:30,S2 FairVal,1500.75,25,37425,4687.5,0.25,4687.5,0.25,-625,-0.03,195000,195.00
828,Entry long,2003-08-11 18:00,S2 VWAP,1497,25,37425,4687.5,0.25,4687.5,0.25,-625,-0.03,195000,195.00
829,Exit long,2003-08-12 21:00,EOD,1510.75,26,39175.5,5200,0.27,5850,0.30,-2925,-0.15,200200,200.20
829,Entry long,2003-08-12 20:00,S1 Trend,1506.75,26,39175.5,5200,0.27,5850,0.30,-2925,-0.15,200200,200.20
830,Exit long,2003-08-13 18:00,S2 FairVal,1507.5,30,45172.5,2625,0.12,2625,0.12,-4125,-0.18,202825,202.83
830,Entry long,2003-08-13 16:30,S2 VWAP,1505.75,30,45172.5,2625,0.12,2625,0.12,-4125,-0.18,202825,202.83
831,Exit long,2003-08-14 21:00,EOD,1511.25,28,42273,2100,0.10,4550,0.22,-2800,-0.13,204925,204.93
831,Entry long,2003-08-14 16:30,S1 Trend,1509.75,28,42273,2100,0.10,4550,0.22,-2800,-0.13,204925,204.93
832,Exit long,2003-08-15 21:00,EOD,1511,28,42350,-2100,-0.10,350,0.02,-7000,-0.33,202825,202.83
832,Entry long,2003-08-15 16:00,S1 Trend,1512.5,28,42350,-2100,-0.10,350,0.02,-7000,-0.33,202825,202.83
833,Exit long,2003-08-20 15:30,S2 FairVal,1519.75,42,63787.5,2100,0.07,2625,0.08,-3675,-0.12,204925,204.93
833,Entry long,2003-08-20 15:00,S2 VWAP,1518.75,42,63787.5,2100,0.07,2625,0.08,-3675,-0.12,204925,204.93
834,Exit long,2003-09-02 15:30,S2 FairVal,1528,48,73584,-12000,-0.33,2400,0.07,-17400,-0.47,192925,192.93
834,Entry long,2003-09-02 15:00,S2 VWAP,1533,48,73584,-12000,-0.33,2400,0.07,-17400,-0.47,192925,192.93
835,Exit long,2003-09-02 21:00,EOD,1543.25,24,36828,10500,0.57,11400,0.62,-3600,-0.20,203425,203.43
835,Entry long,2003-09-02 17:30,S1 Trend,1534.5,24,36828,10500,0.57,11400,0.62,-3600,-0.20,203425,203.43
836,Exit long,2003-09-03 21:00,EOD,1547,28,43295,1050,0.05,6650,0.31,-3150,-0.15,204475,204.48
836,Entry long,2003-09-03 16:30,S1 Trend,1546.25,28,43295,1050,0.05,6650,0.31,-3150,-0.15,204475,204.48
837,Exit long,2003-09-04 16:30,S2 FairVal,1547.5,31,47879.5,4650,0.19,4650,0.19,-1550,-0.06,209125,209.13
837,Entry long,2003-09-04 16:00,S2 VWAP,1544.5,31,47879.5,4650,0.19,4650,0.19,-1550,-0.06,209125,209.13
838,Exit long,2003-09-11 21:00,EOD,1537.75,29,44703.5,-5437.5,-0.24,1450,0.06,-6162.5,-0.28,203687.5,203.69
838,Entry long,2003-09-11 19:30,S1 Trend,1541.5,29,44703.5,-5437.5,-0.24,1450,0.06,-6162.5,-0.28,203687.5,203.69
839,Exit long,2003-09-12 21:00,EOD,1540,25,38475,1250,0.06,2812.5,0.15,-625,-0.03,204937.5,204.94
839,Entry long,2003-09-12 20:00,S1 Trend,1539,25,38475,1250,0.06,2812.5,0.15,-625,-0.03,204937.5,204.94
840,Exit long,2003-09-17 17:00,S2 FairVal,1551.25,37,57350,2312.5,0.08,2775,0.10,-462.5,-0.02,207250,207.25
840,Entry long,2003-09-17 16:30,S2 VWAP,1550,37,57350,2312.5,0.08,2775,0.10,-462.5,-0.02,207250,207.25
841,Exit long,2003-09-23 21:00,EOD,1550,28,43372,1400,0.06,3850,0.18,-350,-0.02,208650,208.65
841,Entry long,2003-09-23 20:00,S1 Trend,1549,28,43372,1400,0.06,3850,0.18,-350,-0.02,208650,208.65
842,Exit long,2003-09-29 21:00,EOD,1527,27,41215.5,675,0.03,3037.5,0.15,-4050,-0.20,209325,209.33
842,Entry long,2003-09-29 17:30,S1 Trend,1526.5,27,41215.5,675,0.03,3037.5,0.15,-4050,-0.20,209325,209.33
843,Exit long,2003-10-01 21:00,EOD,1538.5,26,39734.5,13325,0.67,14625,0.74,-975,-0.05,222650,222.65
843,Entry long,2003-10-01 17:00,S1 Trend,1528.25,26,39734.5,13325,0.67,14625,0.74,-975,-0.05,222650,222.65
844,Exit long,2003-10-02 18:00,S2 FairVal,1539.5,29,44573,3625,0.16,3625,0.16,-1450,-0.07,226275,226.28
844,Entry long,2003-10-02 17:30,S2 VWAP,1537,29,44573,3625,0.16,3625,0.16,-1450,-0.07,226275,226.28
845,Exit long,2003-10-03 20:00,S1 Trail,1553.25,30,46710,-5625,-0.24,6375,0.27,-6375,-0.27,220650,220.65
845,Entry long,2003-10-03 15:00,S1 Trend,1557,30,46710,-5625,-0.24,6375,0.27,-6375,-0.27,220650,220.65
846,Exit long,2003-10-07 21:00,EOD,1560.25,24,37374,3600,0.19,4500,0.24,-900,-0.05,224250,224.25
846,Entry long,2003-10-07 20:00,S1 Trend,1557.25,24,37374,3600,0.19,4500,0.24,-900,-0.05,224250,224.25
847,Exit long,2003-10-09 19:00,S1 Trail,1563.75,30,47070,-7875,-0.33,1500,0.06,-7875,-0.33,216375,216.37
847,Entry long,2003-10-09 17:00,S1 Trend,1569,30,47070,-7875,-0.33,1500,0.06,-7875,-0.33,216375,216.37
848,Exit long,2003-10-13 21:00,EOD,1567.25,35,54810,2187.5,0.08,3062.5,0.11,-3937.5,-0.14,218562.5,218.56
848,Entry long,2003-10-13 19:00,S2 VWAP,1566,35,54810,2187.5,0.08,3062.5,0.11,-3937.5,-0.14,218562.5,218.56
849,Exit long,2003-10-14 21:00,EOD,1571.5,29,45493.75,3987.5,0.18,3987.5,0.18,-1450,-0.06,222550,222.55
849,Entry long,2003-10-14 19:00,S1 Trend,1568.75,29,45493.75,3987.5,0.18,3987.5,0.18,-1450,-0.06,222550,222.55
850,Exit long,2003-10-16 19:30,S1 Trail,1568.5,30,47137.5,-4125,-0.18,6375,0.27,-4125,-0.18,218425,218.43
850,Entry long,2003-10-16 17:30,S1 Trend,1571.25,30,47137.5,-4125,-0.18,6375,0.27,-4125,-0.18,218425,218.43
851,Exit short,2003-10-22 21:00,EOD,1552,31,48135.25,1162.5,0.05,4650,0.19,-2712.5,-0.11,219587.5,219.59
851,Entry short,2003-10-22 18:30,S3 Hedge,1552.75,31,48135.25,1162.5,0.05,4650,0.19,-2712.5,-0.11,219587.5,219.59
852,Exit long,2003-10-28 21:00,EOD,1568.5,30,46890,8250,0.35,8250,0.35,-1125,-0.05,227837.5,227.84
852,Entry long,2003-10-28 20:00,S1 Trend,1563,30,46890,8250,0.35,8250,0.35,-1125,-0.05,227837.5,227.84
853,Exit long,2003-11-06 21:00,EOD,1580.25,30,47280,6375,0.27,8250,0.35,-3000,-0.13,234212.5,234.21
853,Entry long,2003-11-06 19:30,S1 Trend,1576,30,47280,6375,0.27,8250,0.35,-3000,-0.13,234212.5,234.21
854,Exit long,2003-11-14 17:00,S2 FairVal,1581.25,33,52131.75,2475,0.09,2475,0.09,-412.5,-0.02,236687.5,236.69
854,Entry long,2003-11-14 16:30,S2 VWAP,1579.75,33,52131.75,2475,0.09,2475,0.09,-412.5,-0.02,236687.5,236.69
855,Exit short,2003-11-17 20:30,S3 Scalp,1567,37,57831,-7400,-0.26,10175,0.35,-7400,-0.26,229287.5,229.29
855,Entry short,2003-11-17 15:30,S3 Hedge,1563,37,57831,-7400,-0.26,10175,0.35,-7400,-0.26,229287.5,229.29
856,Exit long,2003-11-19 21:00,EOD,1565.75,30,46995,-1125,-0.05,750,0.03,-3750,-0.16,228162.5,228.16
856,Entry long,2003-11-19 19:30,S1 Trend,1566.5,30,46995,-1125,-0.05,750,0.03,-3750,-0.16,228162.5,228.16
857,Exit long,2003-11-20 20:00,S1 Trail,1561,24,37542,-3900,-0.21,6300,0.34,-3900,-0.21,224262.5,224.26
857,Entry long,2003-11-20 16:00,S1 Trend,1564.25,24,37542,-3900,-0.21,6300,0.34,-3900,-0.21,224262.5,224.26
858,Exit long,2003-12-02 20:30,S2 FairVal,1590.75,35,55632.5,2187.5,0.08,2187.5,0.08,-437.5,-0.02,226450,226.45
858,Entry long,2003-12-02 20:00,S2 VWAP,1589.5,35,55632.5,2187.5,0.08,2187.5,0.08,-437.5,-0.02,226450,226.45
859,Exit long,2003-12-19 20:00,S2 FairVal,1611,31,49863.5,3875,0.16,3875,0.16,-2712.5,-0.11,230325,230.33
859,Entry long,2003-12-19 18:30,S2 VWAP,1608.5,31,49863.5,3875,0.16,3875,0.16,-2712.5,-0.11,230325,230.33
860,Exit long,2003-12-31 18:00,S2 FairVal,1633,51,83219.25,3187.5,0.08,3187.5,0.08,-1912.5,-0.05,233512.5,233.51
860,Entry long,2003-12-31 17:00,S2 VWAP,1631.75,51,83219.25,3187.5,0.08,3187.5,0.08,-1912.5,-0.05,233512.5,233.51
861,Exit long,2003-12-31 20:30,S2 FairVal,1634.5,44,71797,6050,0.17,8250,0.23,-550,-0.02,239562.5,239.56
861,Entry long,2003-12-31 20:00,S2 VWAP,1631.75,44,71797,6050,0.17,8250,0.23,-550,-0.02,239562.5,239.56
862,Exit long,2004-01-02 19:00,S1 Trail,1635.25,29,47567.25,-7250,-0.30,3262.5,0.14,-7250,-0.30,232312.5,232.31
862,Entry long,2004-01-02 15:30,S1 Trend,1640.25,29,47567.25,-7250,-0.30,3262.5,0.14,-7250,-0.30,232312.5,232.31
863,Exit long,2004-01-15 20:00,S1 Trail,1653.5,26,43101.5,-5525,-0.26,4225,0.20,-5525,-0.26,226787.5,226.79
863,Entry long,2004-01-15 18:00,S1 Trend,1657.75,26,43101.5,-5525,-0.26,4225,0.20,-5525,-0.26,226787.5,226.79
864,Exit long,2004-01-21 21:00,EOD,1670.75,29,48466.25,-725,-0.03,2900,0.12,-4350,-0.18,226062.5,226.06
864,Entry long,2004-01-21 19:30,S1 Trend,1671.25,29,48466.25,-725,-0.03,2900,0.12,-4350,-0.18,226062.5,226.06
865,Exit long,2004-01-22 17:30,S2 FairVal,1670.25,38,63403,3325,0.10,5225,0.16,-475,-0.01,229387.5,229.39
865,Entry long,2004-01-22 17:00,S2 VWAP,1668.5,38,63403,3325,0.10,5225,0.16,-475,-0.01,229387.5,229.39
866,Exit long,2004-01-27 18:00,S2 FairVal,1670,45,75296.25,-7312.5,-0.19,0,0.00,-7312.5,-0.19,222075,222.08
866,Entry long,2004-01-27 17:00,S2 VWAP,1673.25,45,75296.25,-7312.5,-0.19,0,0.00,-7312.5,-0.19,222075,222.08
867,Exit long,2004-02-02 20:30,S1 Trail,1658.75,26,43290,-8125,-0.38,1625,0.08,-8125,-0.38,213950,213.95
867,Entry long,2004-02-02 18:00,S1 Trend,1665,26,43290,-8125,-0.38,1625,0.08,-8125,-0.38,213950,213.95
868,Exit long,2004-02-03 21:00,EOD,1659.5,28,46466,0,0.00,2100,0.09,-5600,-0.24,213950,213.95
868,Entry long,2004-02-03 17:30,S1 Trend,1659.5,28,46466,0,0.00,2100,0.09,-5600,-0.24,213950,213.95
869,Exit long,2004-02-06 20:30,S1 Climax,1664.25,8,13312,100,0.02,900,0.14,-200,-0.03,214050,214.05
869,Entry long,2004-02-06 20:00,S1 Trend,1664,8,13312,100,0.02,900,0.14,-200,-0.03,214050,214.05
870,Exit long,2004-02-06 21:00,EOD,1666,20,33280,2000,0.12,2250,0.14,-500,-0.03,216050,216.05
870,Entry long,2004-02-06 20:00,S1 Trend,1664,20,33280,2000,0.12,2250,0.14,-500,-0.03,216050,216.05
871,Exit long,2004-02-11 21:00,EOD,1681.25,28,47054,1050,0.04,3850,0.16,-2100,-0.09,217100,217.10
871,Entry long,2004-02-11 19:00,S1 Trend,1680.5,28,47054,1050,0.04,3850,0.16,-2100,-0.09,217100,217.10
872,Exit long,2004-02-12 21:00,EOD,1676,37,62049,-1850,-0.06,3237.5,0.10,-3700,-0.12,215250,215.25
872,Entry long,2004-02-12 18:30,S2 VWAP,1677,37,62049,-1850,-0.06,3237.5,0.10,-3700,-0.12,215250,215.25
873,Exit long,2004-03-05 21:00,EOD,1681.5,27,45474.75,-3712.5,-0.16,1687.5,0.07,-11475,-0.50,211537.5,211.54
873,Entry long,2004-03-05 16:00,S1 Trend,1684.25,27,45474.75,-3712.5,-0.16,1687.5,0.07,-11475,-0.50,211537.5,211.54
874,Exit short,2004-03-09 21:00,EOD,1665.5,25,41575,-3125,-0.15,2812.5,0.14,-4062.5,-0.20,208412.5,208.41
874,Entry short,2004-03-09 19:30,S3 Hedge,1663,25,41575,-3125,-0.15,2812.5,0.14,-4062.5,-0.20,208412.5,208.41
875,Exit short,2004-03-16 20:30,S3 Scalp,1632.75,22,35816,-5225,-0.29,1375,0.08,-6600,-0.37,203187.5,203.19
875,Entry short,2004-03-16 20:00,S3 Hedge,1628,22,35816,-5225,-0.29,1375,0.08,-6600,-0.37,203187.5,203.19
876,Exit short,2004-03-18 17:30,S3 Scalp,1643.5,32,52488,-5200,-0.20,4800,0.18,-5200,-0.20,197987.5,197.99
876,Entry short,2004-03-18 16:30,S3 Hedge,1640.25,32,52488,-5200,-0.20,4800,0.18,-5200,-0.20,197987.5,197.99
877,Exit long,2004-03-18 18:30,S2 FairVal,1646.75,24,39420,5100,0.26,11700,0.59,-600,-0.03,203087.5,203.09
877,Entry long,2004-03-18 18:00,S2 VWAP,1642.5,24,39420,5100,0.26,11700,0.59,-600,-0.03,203087.5,203.09
878,Exit short,2004-03-22 21:00,EOD,1619.5,26,42159,2600,0.12,10725,0.51,-5200,-0.25,205687.5,205.69
878,Entry short,2004-03-22 15:00,S3 Hedge,1621.5,26,42159,2600,0.12,10725,0.51,-5200,-0.25,205687.5,205.69
879,Exit long,2004-03-25 19:00,S1 Climax,1631.75,8,13050,200,0.03,200,0.03,-600,-0.09,205887.5,205.89
879,Entry long,2004-03-25 18:30,S1 Trend,1631.25,8,13050,200,0.03,200,0.03,-600,-0.09,205887.5,205.89
880,Exit long,2004-03-25 19:30,S1 Climax,1632,6,9787.5,225,0.05,525,0.11,-450,-0.09,206112.5,206.11
880,Entry long,2004-03-25 18:30,S1 Trend,1631.25,6,9787.5,225,0.05,525,0.11,-450,-0.09,206112.5,206.11
881,Exit long,2004-03-25 20:30,S1 Climax,1634,4,6525,550,0.17,650,0.20,-300,-0.09,206662.5,206.66
881,Entry long,2004-03-25 18:30,S1 Trend,1631.25,4,6525,550,0.17,650,0.20,-300,-0.09,206662.5,206.66
882,Exit long,2004-03-25 21:00,EOD,1633,10,16312.5,875,0.11,1875,0.23,-750,-0.09,207537.5,207.54
882,Entry long,2004-03-25 18:30,S1 Trend,1631.25,10,16312.5,875,0.11,1875,0.23,-750,-0.09,207537.5,207.54
883,Exit long,2004-03-31 22:00,EOD,1650.25,27,44678.25,-6075,-0.27,337.5,0.02,-6750,-0.30,201462.5,201.46
883,Entry long,2004-03-31 21:00,S1 Trend,1654.75,27,44678.25,-6075,-0.27,337.5,0.02,-6750,-0.30,201462.5,201.46
884,Exit long,2004-04-16 21:00,EOD,1658.5,27,44745.75,1687.5,0.08,6075,0.27,-1012.5,-0.05,203150,203.15
884,Entry long,2004-04-16 16:30,S1 Trend,1657.25,27,44745.75,1687.5,0.08,6075,0.27,-1012.5,-0.05,203150,203.15
885,Exit long,2004-04-20 19:30,S2 FairVal,1655.25,35,58056.25,-6125,-0.21,3937.5,0.14,-6125,-0.21,197025,197.03
885,Entry long,2004-04-20 17:30,S2 VWAP,1658.75,35,58056.25,-6125,-0.21,3937.5,0.14,-6125,-0.21,197025,197.03
886,Exit long,2004-04-22 21:00,EOD,1665.25,26,42913,19175,0.89,22425,1.05,-325,-0.02,216200,216.20
886,Entry long,2004-04-22 16:00,S1 Trend,1650.5,26,42913,19175,0.89,22425,1.05,-325,-0.02,216200,216.20
887,Exit long,2004-04-26 16:30,S2 FairVal,1665,37,61521.75,4162.5,0.14,4162.5,0.14,-462.5,-0.02,220362.5,220.36
887,Entry long,2004-04-26 16:00,S2 VWAP,1662.75,37,61521.75,4162.5,0.14,4162.5,0.14,-462.5,-0.02,220362.5,220.36
888,Exit short,2004-04-28 21:00,EOD,1646.75,33,54540.75,9900,0.36,11550,0.42,-2062.5,-0.08,230262.5,230.26
888,Entry short,2004-04-28 16:00,S3 Hedge,1652.75,33,54540.75,9900,0.36,11550,0.42,-2062.5,-0.08,230262.5,230.26
889,Exit long,2004-05-04 20:00,S1 Trail,1644.5,29,47661.5,1450,0.06,14137.5,0.59,-1812.5,-0.08,231712.5,231.71
889,Entry long,2004-05-04 19:30,S1 Trend,1643.5,29,47661.5,1450,0.06,14137.5,0.59,-1812.5,-0.08,231712.5,231.71
890,Exit long,2004-05-05 21:00,EOD,1646.5,27,44502.75,-2362.5,-0.11,2700,0.12,-3037.5,-0.14,229350,229.35
890,Entry long,2004-05-05 19:30,S1 Trend,1648.25,27,44502.75,-2362.5,-0.11,2700,0.12,-3037.5,-0.14,229350,229.35
891,Exit short,2004-05-06 20:30,S3 Scalp,1639.75,33,53979.75,-6600,-0.24,8662.5,0.32,-6600,-0.24,222750,222.75
891,Entry short,2004-05-06 16:00,S3 Hedge,1635.75,33,53979.75,-6600,-0.24,8662.5,0.32,-6600,-0.24,222750,222.75
892,Exit short,2004-05-10 17:00,S3 Scalp,1610.75,19,30504.5,-4987.5,-0.33,1662.5,0.11,-4987.5,-0.33,217762.5,217.76
892,Entry short,2004-05-10 16:30,S3 Hedge,1605.5,19,30504.5,-4987.5,-0.33,1662.5,0.11,-4987.5,-0.33,217762.5,217.76
893,Exit long,2004-05-13 18:30,S1 Trail,1619.5,26,42165.5,-2925,-0.14,8450,0.40,-3575,-0.17,214837.5,214.84
893,Entry long,2004-05-13 15:30,S1 Trend,1621.75,26,42165.5,-2925,-0.14,8450,0.40,-3575,-0.17,214837.5,214.84
894,Exit long,2004-05-14 21:00,EOD,1620.5,17,27612.25,-3187.5,-0.23,2975,0.22,-4250,-0.31,211650,211.65
894,Entry long,2004-05-14 18:30,S1 Trend,1624.25,17,27612.25,-3187.5,-0.23,2975,0.22,-4250,-0.31,211650,211.65
895,Exit long,2004-05-18 21:00,EOD,1617,28,45304,-1400,-0.06,2100,0.09,-3850,-0.17,210250,210.25
895,Entry long,2004-05-18 16:00,S1 Trend,1618,28,45304,-1400,-0.06,2100,0.09,-3850,-0.17,210250,210.25
896,Exit long,2004-05-21 18:30,S1 Trail,1618.75,29,47067,-6162.5,-0.26,3625,0.15,-6162.5,-0.26,204087.5,204.09
896,Entry long,2004-05-21 16:30,S1 Trend,1623,29,47067,-6162.5,-0.26,3625,0.15,-6162.5,-0.26,204087.5,204.09
897,Exit long,2004-05-25 20:30,S1 Climax,1636.75,8,13004,4500,0.69,5000,0.77,0,0.00,208587.5,208.59
897,Entry long,2004-05-25 17:30,S1 Trend,1625.5,8,13004,4500,0.69,5000,0.77,0,0.00,208587.5,208.59
898,Exit long,2004-05-25 21:00,EOD,1639,20,32510,13500,0.83,14000,0.86,0,0.00,222087.5,222.09
898,Entry long,2004-05-25 17:30,S1 Trend,1625.5,20,32510,13500,0.83,14000,0.86,0,0.00,222087.5,222.09
899,Exit long,2004-05-27 19:30,S2 FairVal,1645.5,30,49237.5,6375,0.26,6375,0.26,-750,-0.03,228462.5,228.46
899,Entry long,2004-05-27 18:30,S2 VWAP,1641.25,30,49237.5,6375,0.26,6375,0.26,-750,-0.03,228462.5,228.46
900,Exit long,2004-06-25 19:00,S2 FairVal,1664.25,42,70035,-6825,-0.19,1575,0.04,-6825,-0.19,221637.5,221.64
900,Entry long,2004-06-25 18:00,S2 VWAP,1667.5,42,70035,-6825,-0.19,1575,0.04,-6825,-0.19,221637.5,221.64
901,Exit short,2004-07-06 21:00,EOD,1641.5,41,67352.75,2562.5,0.08,9225,0.27,-4612.5,-0.14,224200,224.20
901,Entry short,2004-07-06 16:30,S3 Hedge,1642.75,41,67352.75,2562.5,0.08,9225,0.27,-4612.5,-0.14,224200,224.20
902,Exit long,2004-07-12 21:00,EOD,1639.75,30,49177.5,750,0.03,2625,0.11,-1125,-0.05,224950,224.95
902,Entry long,2004-07-12 20:00,S1 Trend,1639.25,30,49177.5,750,0.03,2625,0.11,-1125,-0.05,224950,224.95
903,Exit long,2004-07-15 20:30,S1 Trail,1631.5,30,49140,-9750,-0.40,375,0.02,-9750,-0.40,215200,215.20
903,Entry long,2004-07-15 18:30,S1 Trend,1638,30,49140,-9750,-0.40,375,0.02,-9750,-0.40,215200,215.20
904,Exit long,2004-07-20 21:00,EOD,1634,29,47270,5800,0.25,5800,0.25,0,0.00,221000,221.00
904,Entry long,2004-07-20 20:00,S1 Trend,1630,29,47270,5800,0.25,5800,0.25,0,0.00,221000,221.00
905,Exit short,2004-07-21 18:00,S3 Scalp,1632.25,43,70412.5,11287.5,0.32,11287.5,0.32,-1075,-0.03,232287.5,232.29
905,Entry short,2004-07-21 16:30,S3 Hedge,1637.5,43,70412.5,11287.5,0.32,11287.5,0.32,-1075,-0.03,232287.5,232.29
906,Exit short,2004-07-21 20:00,S3 Scalp,1626,36,58761,11250,0.38,11250,0.38,-1800,-0.06,243537.5,243.54
906,Entry short,2004-07-21 18:30,S3 Hedge,1632.25,36,58761,11250,0.38,11250,0.38,-1800,-0.06,243537.5,243.54
907,Exit short,2004-07-22 17:00,S3 Scalp,1615.25,30,48345,-5625,-0.23,4125,0.17,-5625,-0.23,237912.5,237.91
907,Entry short,2004-07-22 16:30,S3 Hedge,1611.5,30,48345,-5625,-0.23,4125,0.17,-5625,-0.23,237912.5,237.91
908,Exit long,2004-07-27 21:00,EOD,1619.75,30,48517.5,3750,0.15,6750,0.28,-1125,-0.05,241662.5,241.66
908,Entry long,2004-07-27 19:30,S1 Trend,1617.25,30,48517.5,3750,0.15,6750,0.28,-1125,-0.05,241662.5,241.66
909,Exit long,2004-08-04 21:00,EOD,1623,30,48772.5,-4125,-0.17,3375,0.14,-4125,-0.17,237537.5,237.54
909,Entry long,2004-08-04 19:30,S1 Trend,1625.75,30,48772.5,-4125,-0.17,3375,0.14,-4125,-0.17,237537.5,237.54
910,Exit short,2004-08-05 21:00,EOD,1605.5,28,45052,4900,0.22,6650,0.30,-4200,-0.19,242437.5,242.44
910,Entry short,2004-08-05 20:00,S3 Hedge,1609,28,45052,4900,0.22,6650,0.30,-4200,-0.19,242437.5,242.44
911,Exit short,2004-08-06 21:00,EOD,1588.5,21,33421.5,3150,0.19,5250,0.31,-262.5,-0.02,245587.5,245.59
911,Entry short,2004-08-06 20:00,S3 Hedge,1591.5,21,33421.5,3150,0.19,5250,0.31,-262.5,-0.02,245587.5,245.59
912,Exit long,2004-08-11 21:00,EOD,1600.75,27,43220.25,0,0.00,3037.5,0.14,-2025,-0.09,245587.5,245.59
912,Entry long,2004-08-11 20:00,S1 Trend,1600.75,27,43220.25,0,0.00,3037.5,0.14,-2025,-0.09,245587.5,245.59
913,Exit long,2004-08-16 18:00,S1 Climax,1602.75,9,14422.5,112.5,0.02,337.5,0.05,-562.5,-0.08,245700,245.70
913,Entry long,2004-08-16 16:30,S1 Trend,1602.5,9,14422.5,112.5,0.02,337.5,0.05,-562.5,-0.08,245700,245.70
914,Exit long,2004-08-16 18:30,S1 Climax,1603,6,9615,150,0.03,600,0.12,-375,-0.08,245850,245.85
914,Entry long,2004-08-16 16:30,S1 Trend,1602.5,6,9615,150,0.03,600,0.12,-375,-0.08,245850,245.85
915,Exit long,2004-08-16 19:00,S1 Climax,1603.75,5,8012.5,312.5,0.08,500,0.12,-312.5,-0.08,246162.5,246.16
915,Entry long,2004-08-16 16:30,S1 Trend,1602.5,5,8012.5,312.5,0.08,500,0.12,-312.5,-0.08,246162.5,246.16
916,Exit long,2004-08-16 19:30,S1 Climax,1605.75,3,4807.5,487.5,0.20,600,0.25,-187.5,-0.08,246650,246.65
916,Entry long,2004-08-16 16:30,S1 Trend,1602.5,3,4807.5,487.5,0.20,600,0.25,-187.5,-0.08,246650,246.65
917,Exit long,2004-08-16 20:00,S1 Climax,1605.25,2,3205,275,0.17,400,0.25,-125,-0.08,246925,246.93
917,Entry long,2004-08-16 16:30,S1 Trend,1602.5,2,3205,275,0.17,400,0.25,-125,-0.08,246925,246.93
918,Exit long,2004-08-16 21:00,EOD,1605.25,7,11217.5,962.5,0.17,1400,0.25,-437.5,-0.08,247887.5,247.89
918,Entry long,2004-08-16 16:30,S1 Trend,1602.5,7,11217.5,962.5,0.17,1400,0.25,-437.5,-0.08,247887.5,247.89
919,Exit long,2004-08-18 20:00,S1 Climax,1618.25,9,14557.5,337.5,0.05,450,0.06,-562.5,-0.08,248225,248.23
919,Entry long,2004-08-18 19:30,S1 Trend,1617.5,9,14557.5,337.5,0.05,450,0.06,-562.5,-0.08,248225,248.23
920,Exit long,2004-08-18 20:30,S1 Climax,1618.75,6,9705,375,0.08,375,0.08,-375,-0.08,248600,248.60
920,Entry long,2004-08-18 19:30,S1 Trend,1617.5,6,9705,375,0.08,375,0.08,-375,-0.08,248600,248.60
921,Exit long,2004-08-18 21:00,EOD,1620.75,16,25880,2600,0.20,2800,0.22,-1000,-0.08,251200,251.20
921,Entry long,2004-08-18 19:30,S1 Trend,1617.5,16,25880,2600,0.20,2800,0.22,-1000,-0.08,251200,251.20
922,Exit long,2004-08-19 20:30,S2 FairVal,1616.5,34,54842,5950,0.22,5950,0.22,-2550,-0.09,257150,257.15
922,Entry long,2004-08-19 20:00,S2 VWAP,1613,34,54842,5950,0.22,5950,0.22,-2550,-0.09,257150,257.15
923,Exit long,2004-09-08 19:00,S2 FairVal,1645.75,41,67455.25,1025,0.03,2562.5,0.08,-1537.5,-0.05,258175,258.18
923,Entry long,2004-09-08 18:30,S2 VWAP,1645.25,41,67455.25,1025,0.03,2562.5,0.08,-1537.5,-0.05,258175,258.18
924,Exit short,2004-09-23 15:30,S3 Scalp,1638.25,56,91616,-6300,-0.14,3500,0.08,-8400,-0.18,251875,251.87
924,Entry short,2004-09-23 15:00,S3 Hedge,1636,56,91616,-6300,-0.14,3500,0.08,-8400,-0.18,251875,251.87
925,Exit short,2004-09-23 19:00,S3 Scalp,1637,37,60458,-5550,-0.18,925,0.03,-5550,-0.18,246325,246.33
925,Entry short,2004-09-23 18:00,S3 Hedge,1634,37,60458,-5550,-0.18,925,0.03,-5550,-0.18,246325,246.33
926,Exit short,2004-09-30 18:30,S3 Scalp,1638,49,80151.75,-5512.5,-0.14,2450,0.06,-5512.5,-0.14,240812.5,240.81
926,Entry short,2004-09-30 17:00,S3 Hedge,1635.75,49,80151.75,-5512.5,-0.14,2450,0.06,-5512.5,-0.14,240812.5,240.81
927,Exit long,2004-10-04 19:00,S2 FairVal,1664,42,69825,3150,0.09,3150,0.09,-525,-0.02,243962.5,243.96
927,Entry long,2004-10-04 18:30,S2 VWAP,1662.5,42,69825,3150,0.09,3150,0.09,-525,-0.02,243962.5,243.96
928,Exit short,2004-10-14 19:00,S3 Scalp,1629.75,37,60541.25,12025,0.40,12025,0.40,-462.5,-0.02,255987.5,255.99
928,Entry short,2004-10-14 16:30,S3 Hedge,1636.25,37,60541.25,12025,0.40,12025,0.40,-462.5,-0.02,255987.5,255.99
929,Exit long,2004-10-15 21:00,EOD,1633.25,31,50770.25,-6975,-0.27,775,0.03,-8912.5,-0.35,249012.5,249.01
929,Entry long,2004-10-15 19:00,S1 Trend,1637.75,31,50770.25,-6975,-0.27,775,0.03,-8912.5,-0.35,249012.5,249.01
930,Exit long,2004-10-18 21:00,EOD,1639.5,31,50801.25,1162.5,0.05,2325,0.09,-5037.5,-0.20,250175,250.18
930,Entry long,2004-10-18 17:30,S1 Trend,1638.75,31,50801.25,1162.5,0.05,2325,0.09,-5037.5,-0.20,250175,250.18
931,Exit short,2004-10-19 18:30,S3 Scalp,1633,48,78660,13800,0.35,13800,0.35,-1200,-0.03,263975,263.97
931,Entry short,2004-10-19 16:00,S3 Hedge,1638.75,48,78660,13800,0.35,13800,0.35,-1200,-0.03,263975,263.97
932,Exit short,2004-10-19 21:00,EOD,1629,34,55522,6800,0.24,8500,0.31,-1275,-0.05,270775,270.77
932,Entry short,2004-10-19 19:00,S3 Hedge,1633,34,55522,6800,0.24,8500,0.31,-1275,-0.05,270775,270.77
933,Exit short,2004-10-20 16:00,S3 Scalp,1625.5,47,76269.25,-6462.5,-0.17,8812.5,0.23,-6462.5,-0.17,264312.5,264.31
933,Entry short,2004-10-20 15:30,S3 Hedge,1622.75,47,76269.25,-6462.5,-0.17,8812.5,0.23,-6462.5,-0.17,264312.5,264.31
934,Exit long,2004-10-21 17:30,S1 Trail,1627.25,33,53889,-9487.5,-0.35,1650,0.06,-9487.5,-0.35,254825,254.83
934,Entry long,2004-10-21 16:00,S1 Trend,1633,33,53889,-9487.5,-0.35,1650,0.06,-9487.5,-0.35,254825,254.83
935,Exit long,2004-10-26 21:00,EOD,1635.75,33,53806.5,8662.5,0.32,8662.5,0.32,-2475,-0.09,263487.5,263.49
935,Entry long,2004-10-26 18:30,S1 Trend,1630.5,33,53806.5,8662.5,0.32,8662.5,0.32,-2475,-0.09,263487.5,263.49
936,Exit long,2004-10-27 19:00,S1 Climax,1647.25,9,14823,112.5,0.02,337.5,0.05,-562.5,-0.08,263600,263.60
936,Entry long,2004-10-27 18:30,S1 Trend,1647,9,14823,112.5,0.02,337.5,0.05,-562.5,-0.08,263600,263.60
937,Exit long,2004-10-27 19:30,S1 Climax,1648.75,6,9882,525,0.11,825,0.17,-375,-0.08,264125,264.13
937,Entry long,2004-10-27 18:30,S1 Trend,1647,6,9882,525,0.11,825,0.17,-375,-0.08,264125,264.13
938,Exit long,2004-10-27 20:00,S1 Climax,1649.75,5,8235,687.5,0.17,812.5,0.20,-312.5,-0.08,264812.5,264.81
938,Entry long,2004-10-27 18:30,S1 Trend,1647,5,8235,687.5,0.17,812.5,0.20,-312.5,-0.08,264812.5,264.81
939,Exit long,2004-10-27 20:30,S1 Climax,1650.5,3,4941,525,0.21,712.5,0.29,-187.5,-0.08,265337.5,265.34
939,Entry long,2004-10-27 18:30,S1 Trend,1647,3,4941,525,0.21,712.5,0.29,-187.5,-0.08,265337.5,265.34
940,Exit long,2004-10-27 21:00,EOD,1650.75,9,14823,1687.5,0.23,2250,0.30,-562.5,-0.08,267025,267.02
940,Entry long,2004-10-27 18:30,S1 Trend,1647,9,14823,1687.5,0.23,2250,0.30,-562.5,-0.08,267025,267.02
941,Exit long,2004-10-28 21:00,EOD,1652.75,33,54499.5,2062.5,0.08,8250,0.30,-4125,-0.15,269087.5,269.09
941,Entry long,2004-10-28 16:30,S1 Trend,1651.5,33,54499.5,2062.5,0.08,8250,0.30,-4125,-0.15,269087.5,269.09
942,Exit long,2004-10-29 18:00,S2 FairVal,1653,39,64418.25,2437.5,0.08,2437.5,0.08,-3900,-0.12,271525,271.53
942,Entry long,2004-10-29 16:30,S2 VWAP,1651.75,39,64418.25,2437.5,0.08,2437.5,0.08,-3900,-0.12,271525,271.53
943,Exit long,2004-11-01 19:30,S2 FairVal,1655.75,40,66180,2500,0.08,2500,0.08,-3500,-0.11,274025,274.03
943,Entry long,2004-11-01 19:00,S2 VWAP,1654.5,40,66180,2500,0.08,2500,0.08,-3500,-0.11,274025,274.03
944,Exit long,2004-11-03 20:00,S1 Trail,1665.25,29,48473.5,-9062.5,-0.37,3262.5,0.13,-9062.5,-0.37,264962.5,264.96
944,Entry long,2004-11-03 15:00,S1 Trend,1671.5,29,48473.5,-9062.5,-0.37,3262.5,0.13,-9062.5,-0.37,264962.5,264.96
945,Exit long,2004-11-04 19:00,S1 Climax,1683.75,9,15138,787.5,0.10,1012.5,0.13,-225,-0.03,265750,265.75
945,Entry long,2004-11-04 18:30,S1 Trend,1682,9,15138,787.5,0.10,1012.5,0.13,-225,-0.03,265750,265.75
946,Exit long,2004-11-04 20:30,S1 Climax,1684.25,6,10092,675,0.13,1350,0.27,-150,-0.03,266425,266.43
946,Entry long,2004-11-04 18:30,S1 Trend,1682,6,10092,675,0.13,1350,0.27,-150,-0.03,266425,266.43
947,Exit long,2004-11-04 21:00,EOD,1686,17,28594,3400,0.24,4462.5,0.31,-425,-0.03,269825,269.83
947,Entry long,2004-11-04 18:30,S1 Trend,1682,17,28594,3400,0.24,4462.5,0.31,-425,-0.03,269825,269.83
948,Exit long,2004-11-05 16:30,S1 Trail,1685.5,32,54184,-12400,-0.46,0,0.00,-12400,-0.46,257425,257.43
948,Entry long,2004-11-05 16:00,S1 Trend,1693.25,32,54184,-12400,-0.46,0,0.00,-12400,-0.46,257425,257.43
949,Exit long,2004-12-03 21:00,EOD,1716.75,29,49778.5,362.5,0.01,5437.5,0.22,-5075,-0.20,257787.5,257.79
949,Entry long,2004-12-03 15:30,S1 Trend,1716.5,29,49778.5,362.5,0.01,5437.5,0.22,-5075,-0.20,257787.5,257.79
950,Exit long,2004-12-09 21:00,EOD,1715.25,31,53056.5,5812.5,0.22,8137.5,0.31,-6200,-0.23,263600,263.60
950,Entry long,2004-12-09 18:30,S1 Trend,1711.5,31,53056.5,5812.5,0.22,8137.5,0.31,-6200,-0.23,263600,263.60
951,Exit long,2004-12-15 18:00,S2 FairVal,1728.25,44,75966,3850,0.10,3850,0.10,-550,-0.01,267450,267.45
951,Entry long,2004-12-15 17:00,S2 VWAP,1726.5,44,75966,3850,0.10,3850,0.10,-550,-0.01,267450,267.45
952,Exit long,2004-12-27 20:30,S2 FairVal,1730.5,51,88434,-8925,-0.20,2550,0.06,-8925,-0.20,258525,258.52
952,Entry long,2004-12-27 17:30,S2 VWAP,1734,51,88434,-8925,-0.20,2550,0.06,-8925,-0.20,258525,258.52
953,Exit long,2004-12-31 19:00,S2 FairVal,1739.25,77,133883.75,1925,0.03,2887.5,0.04,0,0.00,260450,260.45
953,Entry long,2004-12-31 18:30,S2 VWAP,1738.75,77,133883.75,1925,0.03,2887.5,0.04,0,0.00,260450,260.45
954,Exit long,2005-01-07 21:00,EOD,1711,25,42887.5,-5625,-0.26,1250,0.06,-6875,-0.32,254825,254.83
954,Entry long,2005-01-07 18:00,S1 Trend,1715.5,25,42887.5,-5625,-0.26,1250,0.06,-6875,-0.32,254825,254.83
955,Exit short,2005-01-20 15:30,S3 Scalp,1703.75,60,102090,-6750,-0.13,2250,0.04,-13500,-0.26,248075,248.08
955,Entry short,2005-01-20 15:00,S3 Hedge,1701.5,60,102090,-6750,-0.13,2250,0.04,-13500,-0.26,248075,248.08
956,Exit long,2005-02-07 20:00,S2 FairVal,1725.75,48,82776,3000,0.07,3000,0.07,-600,-0.01,251075,251.08
956,Entry long,2005-02-07 19:30,S2 VWAP,1724.5,48,82776,3000,0.07,3000,0.07,-600,-0.01,251075,251.08
957,Exit short,2005-03-16 21:00,EOD,1711,30,51300,-1500,-0.06,2625,0.10,-3000,-0.12,249575,249.58
957,Entry short,2005-03-16 20:00,S3 Hedge,1710,30,51300,-1500,-0.06,2625,0.10,-3000,-0.12,249575,249.58
958,Exit long,2005-03-31 19:30,S2 FairVal,1704.25,35,59631.25,875,0.03,875,0.03,-2187.5,-0.07,250450,250.45
958,Entry long,2005-03-31 19:00,S2 VWAP,1703.75,35,59631.25,875,0.03,875,0.03,-2187.5,-0.07,250450,250.45
959,Exit short,2005-04-01 22:00,EOD,1694.5,26,44200,7150,0.32,11375,0.51,-3575,-0.16,257600,257.60
959,Entry short,2005-04-01 17:00,S3 Hedge,1700,26,44200,7150,0.32,11375,0.51,-3575,-0.16,257600,257.60
960,Exit long,2005-04-04 21:00,EOD,1698,30,50955,-750,-0.03,3375,0.13,-1875,-0.07,256850,256.85
960,Entry long,2005-04-04 20:00,S1 Trend,1698.5,30,50955,-750,-0.03,3375,0.13,-1875,-0.07,256850,256.85
961,Exit long,2005-04-08 16:30,S2 FairVal,1710.75,61,104294.75,3050,0.06,3812.5,0.07,-3050,-0.06,259900,259.90
961,Entry long,2005-04-08 16:00,S2 VWAP,1709.75,61,104294.75,3050,0.06,3812.5,0.07,-3050,-0.06,259900,259.90
962,Exit short,2005-04-08 21:00,EOD,1702.75,40,68210,5000,0.15,6000,0.18,-3500,-0.10,264900,264.90
962,Entry short,2005-04-08 19:30,S3 Hedge,1705.25,40,68210,5000,0.15,6000,0.18,-3500,-0.10,264900,264.90
963,Exit long,2005-04-12 21:00,EOD,1708.75,26,44427.5,0,0.00,4225,0.19,-975,-0.04,264900,264.90
963,Entry long,2005-04-12 20:00,S1 Trend,1708.75,26,44427.5,0,0.00,4225,0.19,-975,-0.04,264900,264.90
964,Exit short,2005-04-15 18:30,S3 Scalp,1675.75,24,40098,-6000,-0.30,300,0.01,-6300,-0.31,258900,258.90
964,Entry short,2005-04-15 18:00,S3 Hedge,1670.75,24,40098,-6000,-0.30,300,0.01,-6300,-0.31,258900,258.90
965,Exit long,2005-04-19 21:00,EOD,1673.25,31,51925,-2712.5,-0.10,1162.5,0.04,-5425,-0.21,256187.5,256.19
965,Entry long,2005-04-19 19:00,S1 Trend,1675,31,51925,-2712.5,-0.10,1162.5,0.04,-5425,-0.21,256187.5,256.19
966,Exit short,2005-04-20 21:00,EOD,1658,24,39984,9600,0.48,11700,0.59,-1500,-0.08,265787.5,265.79
966,Entry short,2005-04-20 18:00,S3 Hedge,1666,24,39984,9600,0.48,11700,0.59,-1500,-0.08,265787.5,265.79
967,Exit long,2005-04-21 21:00,EOD,1680.25,28,46809,11900,0.51,12250,0.52,-2450,-0.10,277687.5,277.69
967,Entry long,2005-04-21 17:30,S1 Trend,1671.75,28,46809,11900,0.51,12250,0.52,-2450,-0.10,277687.5,277.69
968,Exit short,2005-04-26 21:00,EOD,1672,33,55324.5,7425,0.27,7425,0.27,-3300,-0.12,285112.5,285.11
968,Entry short,2005-04-26 19:30,S3 Hedge,1676.5,33,55324.5,7425,0.27,7425,0.27,-3300,-0.12,285112.5,285.11
969,Exit long,2005-04-27 21:00,EOD,1676.25,32,53616,1200,0.04,7600,0.28,-2400,-0.09,286312.5,286.31
969,Entry long,2005-04-27 17:30,S1 Trend,1675.5,32,53616,1200,0.04,7600,0.28,-2400,-0.09,286312.5,286.31
970,Exit long,2005-04-29 21:00,EOD,1676.5,23,38479,4025,0.21,5175,0.27,-2300,-0.12,290337.5,290.34
970,Entry long,2005-04-29 20:00,S1 Trend,1673,23,38479,4025,0.21,5175,0.27,-2300,-0.12,290337.5,290.34
971,Exit long,2005-05-02 20:30,S2 FairVal,1680.25,37,62086,4162.5,0.13,4625,0.15,-1387.5,-0.04,294500,294.50
971,Entry long,2005-05-02 20:00,S2 VWAP,1678,37,62086,4162.5,0.13,4625,0.15,-1387.5,-0.04,294500,294.50
972,Exit long,2005-05-04 21:00,EOD,1695,33,55860.75,3712.5,0.13,6187.5,0.22,-1237.5,-0.04,298212.5,298.21
972,Entry long,2005-05-04 19:00,S1 Trend,1692.75,33,55860.75,3712.5,0.13,6187.5,0.22,-1237.5,-0.04,298212.5,298.21
973,Exit long,2005-05-05 20:00,S2 FairVal,1692.25,30,50677.5,4500,0.18,4500,0.18,-3000,-0.12,302712.5,302.71
973,Entry long,2005-05-05 18:30,S2 VWAP,1689.25,30,50677.5,4500,0.18,4500,0.18,-3000,-0.12,302712.5,302.71
974,Exit long,2005-05-06 19:00,S2 FairVal,1695.5,37,62631.75,5087.5,0.16,5087.5,0.16,-3700,-0.12,307800,307.80
974,Entry long,2005-05-06 17:30,S2 VWAP,1692.75,37,62631.75,5087.5,0.16,5087.5,0.16,-3700,-0.12,307800,307.80
975,Exit short,2005-05-10 17:30,S3 Scalp,1689.75,47,79289,-6462.5,-0.16,1762.5,0.04,-6462.5,-0.16,301337.5,301.34
975,Entry short,2005-05-10 17:00,S3 Hedge,1687,47,79289,-6462.5,-0.16,1762.5,0.04,-6462.5,-0.16,301337.5,301.34
976,Exit short,2005-05-10 21:00,EOD,1685.5,32,53912,-1200,-0.04,4000,0.15,-2400,-0.09,300137.5,300.14
976,Entry short,2005-05-10 20:00,S3 Hedge,1684.75,32,53912,-1200,-0.04,4000,0.15,-2400,-0.09,300137.5,300.14
977,Exit short,2005-05-11 18:00,S3 Scalp,1686,36,60552,-7200,-0.24,9450,0.31,-7200,-0.24,292937.5,292.94
977,Entry short,2005-05-11 16:00,S3 Hedge,1682,36,60552,-7200,-0.24,9450,0.31,-7200,-0.24,292937.5,292.94
978,Exit long,2005-05-11 21:00,EOD,1690.5,25,42250,625,0.03,2812.5,0.13,-2500,-0.12,293562.5,293.56
978,Entry long,2005-05-11 19:30,S1 Trend,1690,25,42250,625,0.03,2812.5,0.13,-2500,-0.12,293562.5,293.56
979,Exit short,2005-05-13 15:30,S3 Scalp,1679.75,47,78807.25,-7050,-0.18,6462.5,0.16,-7050,-0.18,286512.5,286.51
979,Entry short,2005-05-13 15:00,S3 Hedge,1676.75,47,78807.25,-7050,-0.18,6462.5,0.16,-7050,-0.18,286512.5,286.51
980,Exit long,2005-05-16 21:00,EOD,1686,35,58887.5,6125,0.21,6562.5,0.22,-2187.5,-0.07,292637.5,292.64
980,Entry long,2005-05-16 19:30,S1 Trend,1682.5,35,58887.5,6125,0.21,6562.5,0.22,-2187.5,-0.07,292637.5,292.64
981,Exit short,2005-05-17 16:00,S3 Scalp,1682.75,49,82332.25,-6125,-0.15,1837.5,0.04,-6125,-0.15,286512.5,286.51
981,Entry short,2005-05-17 15:30,S3 Hedge,1680.25,49,82332.25,-6125,-0.15,1837.5,0.04,-6125,-0.15,286512.5,286.51
982,Exit long,2005-05-17 21:00,EOD,1693.75,30,50730,4125,0.16,6000,0.24,-1875,-0.07,290637.5,290.64
982,Entry long,2005-05-17 20:00,S1 Trend,1691,30,50730,4125,0.16,6000,0.24,-1875,-0.07,290637.5,290.64
983,Exit long,2005-05-20 17:30,S2 FairVal,1708,47,80217.25,2937.5,0.07,3525,0.09,-1762.5,-0.04,293575,293.58
983,Entry long,2005-05-20 17:00,S2 VWAP,1706.75,47,80217.25,2937.5,0.07,3525,0.09,-1762.5,-0.04,293575,293.58
984,Exit long,2005-06-03 15:30,S2 FairVal,1720.25,57,98239.5,-9262.5,-0.19,0,0.00,-12112.5,-0.25,284312.5,284.31
984,Entry long,2005-06-03 15:00,S2 VWAP,1723.5,57,98239.5,-9262.5,-0.19,0,0.00,-12112.5,-0.25,284312.5,284.31
985,Exit long,2005-06-14 15:30,S2 FairVal,1721.5,56,96474,-3500,-0.07,3500,0.07,-7700,-0.16,280812.5,280.81
985,Entry long,2005-06-14 15:00,S2 VWAP,1722.75,56,96474,-3500,-0.07,3500,0.07,-7700,-0.16,280812.5,280.81
986,Exit long,2005-06-14 21:00,EOD,1723.75,33,56850.75,1650,0.06,2062.5,0.07,-2887.5,-0.10,282462.5,282.46
986,Entry long,2005-06-14 19:30,S1 Trend,1722.75,33,56850.75,1650,0.06,2062.5,0.07,-2887.5,-0.10,282462.5,282.46
987,Exit short,2005-06-24 16:00,S3 Scalp,1717.25,57,97755,-6412.5,-0.13,712.5,0.01,-7837.5,-0.16,276050,276.05
987,Entry short,2005-06-24 15:30,S3 Hedge,1715,57,97755,-6412.5,-0.13,712.5,0.01,-7837.5,-0.16,276050,276.05
988,Exit short,2005-06-24 21:00,EOD,1709.75,40,68510,6000,0.18,6500,0.19,-2500,-0.07,282050,282.05
988,Entry short,2005-06-24 19:00,S3 Hedge,1712.75,40,68510,6000,0.18,6500,0.19,-2500,-0.07,282050,282.05
989,Exit short,2005-06-27 20:00,S3 Scalp,1709.75,41,69976.75,-6150,-0.18,1025,0.03,-6150,-0.18,275900,275.90
989,Entry short,2005-06-27 19:00,S3 Hedge,1706.75,41,69976.75,-6150,-0.18,1025,0.03,-6150,-0.18,275900,275.90
990,Exit long,2005-06-29 20:30,S2 FairVal,1719.25,50,85925,1875,0.04,3750,0.09,-5625,-0.13,277775,277.78
990,Entry long,2005-06-29 19:30,S2 VWAP,1718.5,50,85925,1875,0.04,3750,0.09,-5625,-0.13,277775,277.78
991,Exit long,2005-07-13 17:00,S2 FairVal,1739.25,47,81780,-1762.5,-0.04,1175,0.03,-2937.5,-0.07,276012.5,276.01
991,Entry long,2005-07-13 16:30,S2 VWAP,1740,47,81780,-1762.5,-0.04,1175,0.03,-2937.5,-0.07,276012.5,276.01
992,Exit long,2005-07-14 18:00,S2 FairVal,1746,38,66281.5,3325,0.10,3325,0.10,-1900,-0.06,279337.5,279.34
992,Entry long,2005-07-14 17:30,S2 VWAP,1744.25,38,66281.5,3325,0.10,3325,0.10,-1900,-0.06,279337.5,279.34
993,Exit long,2005-07-14 20:30,S2 FairVal,1745.5,36,62748,4500,0.14,4950,0.16,-450,-0.01,283837.5,283.84
993,Entry long,2005-07-14 20:00,S2 VWAP,1743,36,62748,4500,0.14,4950,0.16,-450,-0.01,283837.5,283.84
994,Exit short,2005-08-08 21:00,EOD,1738.5,55,95851.25,11687.5,0.24,13062.5,0.27,-5500,-0.11,295525,295.52
994,Entry short,2005-08-08 16:00,S3 Hedge,1742.75,55,95851.25,11687.5,0.24,13062.5,0.27,-5500,-0.11,295525,295.52
995,Exit long,2005-08-29 21:00,EOD,1727.5,34,58726.5,425,0.01,3825,0.13,-2975,-0.10,295950,295.95
995,Entry long,2005-08-29 19:00,S1 Trend,1727.25,34,58726.5,425,0.01,3825,0.13,-2975,-0.10,295950,295.95
996,Exit long,2005-08-31 21:00,EOD,1735,30,51772.5,13875,0.54,14625,0.56,-6375,-0.25,309825,309.83
996,Entry long,2005-08-31 16:30,S1 Trend,1725.75,30,51772.5,13875,0.54,14625,0.56,-6375,-0.25,309825,309.83
997,Exit short,2005-09-01 16:00,S3 Scalp,1735,45,77940,-6750,-0.17,3937.5,0.10,-6750,-0.17,303075,303.08
997,Entry short,2005-09-01 15:30,S3 Hedge,1732,45,77940,-6750,-0.17,3937.5,0.10,-6750,-0.17,303075,303.08
998,Exit long,2005-09-01 19:00,S1 Trail,1732.75,31,53955.5,-12012.5,-0.45,0,0.00,-12012.5,-0.45,291062.5,291.06
998,Entry long,2005-09-01 17:00,S1 Trend,1740.5,31,53955.5,-12012.5,-0.45,0,0.00,-12012.5,-0.45,291062.5,291.06
999,Exit long,2005-09-12 20:00,S2 FairVal,1755.5,53,93001.75,1987.5,0.04,2650,0.06,-1325,-0.03,293050,293.05
999,Entry long,2005-09-12 19:30,S2 VWAP,1754.75,53,93001.75,1987.5,0.04,2650,0.06,-1325,-0.03,293050,293.05
1000,Exit short,2005-09-21 21:00,EOD,1722.75,40,69080,8500,0.25,9000,0.26,-5000,-0.14,301550,301.55
1000,Entry short,2005-09-21 17:00,S3 Hedge,1727,40,69080,8500,0.25,9000,0.26,-5000,-0.14,301550,301.55
1001,Exit short,2005-09-26 15:30,S3 Scalp,1734.25,59,102143.75,-8850,-0.17,2950,0.06,-14012.5,-0.27,292700,292.70
1001,Entry short,2005-09-26 15:00,S3 Hedge,1731.25,59,102143.75,-8850,-0.17,2950,0.06,-14012.5,-0.27,292700,292.70
1002,Exit short,2005-09-26 21:00,EOD,1728.5,37,64000.75,2312.5,0.07,10175,0.32,-1387.5,-0.04,295012.5,295.01
1002,Entry short,2005-09-26 18:30,S3 Hedge,1729.75,37,64000.75,2312.5,0.07,10175,0.32,-1387.5,-0.04,295012.5,295.01
1003,Exit short,2005-09-27 19:30,S3 Scalp,1729.75,56,96698,-8400,-0.17,9100,0.19,-8400,-0.17,286612.5,286.61
1003,Entry short,2005-09-27 15:30,S3 Hedge,1726.75,56,96698,-8400,-0.17,9100,0.19,-8400,-0.17,286612.5,286.61
1004,Exit short,2005-09-28 19:00,S3 Scalp,1730.25,43,74282.5,-5912.5,-0.16,5375,0.14,-5912.5,-0.16,280700,280.70
1004,Entry short,2005-09-28 17:30,S3 Hedge,1727.5,43,74282.5,-5912.5,-0.16,5375,0.14,-5912.5,-0.16,280700,280.70
1005,Exit long,2005-09-29 21:00,EOD,1741,31,53699.75,13562.5,0.51,15112.5,0.56,-3875,-0.14,294262.5,294.26
1005,Entry long,2005-09-29 17:00,S1 Trend,1732.25,31,53699.75,13562.5,0.51,15112.5,0.56,-3875,-0.14,294262.5,294.26
1006,Exit long,2005-10-03 18:30,S2 FairVal,1741,43,74841.5,1075,0.03,1075,0.03,-5912.5,-0.16,295337.5,295.34
1006,Entry long,2005-10-03 16:30,S2 VWAP,1740.5,43,74841.5,1075,0.03,1075,0.03,-5912.5,-0.16,295337.5,295.34
1007,Exit short,2005-10-05 17:00,S3 Scalp,1714.25,53,91186.5,16562.5,0.36,16562.5,0.36,-6625,-0.15,311900,311.90
1007,Entry short,2005-10-05 15:30,S3 Hedge,1720.5,53,91186.5,16562.5,0.36,16562.5,0.36,-6625,-0.15,311900,311.90
1008,Exit short,2005-10-11 18:00,S3 Scalp,1700.25,37,62779.75,-6475,-0.21,0,0.00,-6475,-0.21,305425,305.43
1008,Entry short,2005-10-11 17:30,S3 Hedge,1696.75,37,62779.75,-6475,-0.21,0,0.00,-6475,-0.21,305425,305.43
1009,Exit long,2005-10-14 21:00,EOD,1698.25,31,52452,9687.5,0.37,10850,0.41,-3100,-0.12,315112.5,315.11
1009,Entry long,2005-10-14 16:30,S1 Trend,1692,31,52452,9687.5,0.37,10850,0.41,-3100,-0.12,315112.5,315.11
1010,Exit long,2005-10-19 21:00,EOD,1706.5,26,44122,12350,0.56,12675,0.57,-650,-0.03,327462.5,327.46
1010,Entry long,2005-10-19 19:30,S1 Trend,1697,26,44122,12350,0.56,12675,0.57,-650,-0.03,327462.5,327.46
1011,Exit short,2005-10-20 19:00,S3 Scalp,1696.5,53,90298.75,19212.5,0.43,19212.5,0.43,-6625,-0.15,346675,346.68
1011,Entry short,2005-10-20 15:30,S3 Hedge,1703.75,53,90298.75,19212.5,0.43,19212.5,0.43,-6625,-0.15,346675,346.68
1012,Exit long,2005-10-21 21:00,EOD,1690,25,42387.5,-6875,-0.32,1875,0.09,-8125,-0.38,339800,339.80
1012,Entry long,2005-10-21 19:00,S1 Trend,1695.5,25,42387.5,-6875,-0.32,1875,0.09,-8125,-0.38,339800,339.80
1013,Exit long,2005-10-24 21:00,EOD,1710.5,38,64628.5,18525,0.57,18525,0.57,-475,-0.01,358325,358.33
1013,Entry long,2005-10-24 17:00,S1 Trend,1700.75,38,64628.5,18525,0.57,18525,0.57,-475,-0.01,358325,358.33
1014,Exit long,2005-10-25 18:30,S2 FairVal,1701.5,41,69946,-9225,-0.26,512.5,0.01,-9225,-0.26,349100,349.10
1014,Entry long,2005-10-25 17:30,S2 VWAP,1706,41,69946,-9225,-0.26,512.5,0.01,-9225,-0.26,349100,349.10
1015,Exit long,2005-10-25 20:30,S2 FairVal,1705.75,35,59613.75,4375,0.15,4375,0.15,-5687.5,-0.19,353475,353.48
1015,Entry long,2005-10-25 20:00,S2 VWAP,1703.25,35,59613.75,4375,0.15,4375,0.15,-5687.5,-0.19,353475,353.48
1016,Exit long,2005-10-26 18:00,S1 Trail,1707,39,66729,-7800,-0.23,7312.5,0.22,-7800,-0.23,345675,345.68
1016,Entry long,2005-10-26 15:30,S1 Trend,1711,39,66729,-7800,-0.23,7312.5,0.22,-7800,-0.23,345675,345.68
1017,Exit long,2005-10-28 21:00,EOD,1708,35,59508.75,13562.5,0.46,14875,0.50,-3937.5,-0.13,359237.5,359.24
1017,Entry long,2005-10-28 17:00,S1 Trend,1700.25,35,59508.75,13562.5,0.46,14875,0.50,-3937.5,-0.13,359237.5,359.24
1018,Exit long,2005-11-03 20:00,S1 Trail,1726,40,69300,-13000,-0.38,1500,0.04,-13000,-0.38,346237.5,346.24
1018,Entry long,2005-11-03 18:00,S1 Trend,1732.5,40,69300,-13000,-0.38,1500,0.04,-13000,-0.38,346237.5,346.24
1019,Exit long,2005-11-04 17:30,S2 FairVal,1728.5,45,77670,5625,0.14,5625,0.14,-2812.5,-0.07,351862.5,351.86
1019,Entry long,2005-11-04 16:30,S2 VWAP,1726,45,77670,5625,0.14,5625,0.14,-2812.5,-0.07,351862.5,351.86
1020,Exit long,2005-11-10 20:00,S1 Climax,1742.25,10,17387.5,1750,0.20,2125,0.24,-250,-0.03,353612.5,353.61
1020,Entry long,2005-11-10 19:00,S1 Trend,1738.75,10,17387.5,1750,0.20,2125,0.24,-250,-0.03,353612.5,353.61
1021,Exit long,2005-11-10 21:00,EOD,1741,25,43468.75,2812.5,0.13,5312.5,0.24,-625,-0.03,356425,356.43
1021,Entry long,2005-11-10 19:00,S1 Trend,1738.75,25,43468.75,2812.5,0.13,5312.5,0.24,-625,-0.03,356425,356.43
1022,Exit long,2005-11-14 19:30,S2 FairVal,1744.5,59,102955,-1475,-0.03,737.5,0.01,-6637.5,-0.13,354950,354.95
1022,Entry long,2005-11-14 19:00,S2 VWAP,1745,59,102955,-1475,-0.03,737.5,0.01,-6637.5,-0.13,354950,354.95
1023,Exit long,2005-12-23 17:00,S2 FairVal,1775,82,145447.5,5125,0.07,7175,0.10,0,0.00,360075,360.08
1023,Entry long,2005-12-23 16:30,S2 VWAP,1773.75,82,145447.5,5125,0.07,7175,0.10,0,0.00,360075,360.08
1024,Exit long,2006-01-03 21:00,EOD,1775,34,59984.5,18275,0.61,21250,0.71,-425,-0.01,378350,378.35
1024,Entry long,2006-01-03 19:30,S1 Trend,1764.25,34,59984.5,18275,0.61,21250,0.71,-425,-0.01,378350,378.35
1025,Exit long,2006-01-05 17:00,S2 FairVal,1780,54,96025.5,4725,0.10,6075,0.13,-675,-0.01,383075,383.08
1025,Entry long,2006-01-05 16:30,S2 VWAP,1778.25,54,96025.5,4725,0.10,6075,0.13,-675,-0.01,383075,383.08
1026,Exit long,2006-01-05 20:30,S2 FairVal,1778.5,46,81753.5,2875,0.07,2875,0.07,-1725,-0.04,385950,385.95
1026,Entry long,2006-01-05 20:00,S2 VWAP,1777.25,46,81753.5,2875,0.07,2875,0.07,-1725,-0.04,385950,385.95
1027,Exit short,2006-02-07 16:00,S3 Scalp,1765.25,61,107512.5,-8387.5,-0.16,9150,0.17,-8387.5,-0.16,377562.5,377.56
1027,Entry short,2006-02-07 15:30,S3 Hedge,1762.5,61,107512.5,-8387.5,-0.16,9150,0.17,-8387.5,-0.16,377562.5,377.56
1028,Exit short,2006-02-07 21:00,EOD,1756.75,40,70330,3000,0.09,6000,0.17,-5000,-0.14,380562.5,380.56
1028,Entry short,2006-02-07 18:30,S3 Hedge,1758.25,40,70330,3000,0.09,6000,0.17,-5000,-0.14,380562.5,380.56
1029,Exit long,2006-02-10 21:00,EOD,1769,34,60112,1700,0.06,7225,0.24,0,0.00,382262.5,382.26
1029,Entry long,2006-02-10 20:00,S1 Trend,1768,34,60112,1700,0.06,7225,0.24,0,0.00,382262.5,382.26
1030,Exit long,2006-02-14 15:30,S2 FairVal,1767,65,114887.5,-1625,-0.03,4062.5,0.07,-7312.5,-0.13,380637.5,380.64
1030,Entry long,2006-02-14 15:00,S2 VWAP,1767.5,65,114887.5,-1625,-0.03,4062.5,0.07,-7312.5,-0.13,380637.5,380.64
1031,Exit long,2006-02-14 21:00,EOD,1777.25,41,72795.5,3587.5,0.10,10762.5,0.30,-5125,-0.14,384225,384.23
1031,Entry long,2006-02-14 17:00,S1 Trend,1775.5,41,72795.5,3587.5,0.10,10762.5,0.30,-5125,-0.14,384225,384.23
1032,Exit long,2006-02-15 17:30,S2 FairVal,1773.5,46,81788,-10350,-0.25,575,0.01,-10350,-0.25,373875,373.88
1032,Entry long,2006-02-15 17:00,S2 VWAP,1778,46,81788,-10350,-0.25,575,0.01,-10350,-0.25,373875,373.88
1033,Exit long,2006-02-15 19:00,S2 FairVal,1779.25,40,71070,5000,0.14,6500,0.18,-2000,-0.06,378875,378.88
1033,Entry long,2006-02-15 18:30,S2 VWAP,1776.75,40,71070,5000,0.14,6500,0.18,-2000,-0.06,378875,378.88
1034,Exit long,2006-02-17 16:30,S2 FairVal,1788,69,123285.75,4312.5,0.07,9487.5,0.15,-3450,-0.06,383187.5,383.19
1034,Entry long,2006-02-17 16:00,S2 VWAP,1786.75,69,123285.75,4312.5,0.07,9487.5,0.15,-3450,-0.06,383187.5,383.19
1035,Exit long,2006-03-03 20:00,S1 Trail,1790,38,68115,-4750,-0.14,10925,0.32,-4750,-0.14,378437.5,378.44
1035,Entry long,2006-03-03 17:30,S1 Trend,1792.5,38,68115,-4750,-0.14,10925,0.32,-4750,-0.14,378437.5,378.44
1036,Exit short,2006-03-07 18:30,S3 Scalp,1775.25,46,81512,-7475,-0.18,2300,0.06,-7475,-0.18,370962.5,370.96
1036,Entry short,2006-03-07 18:00,S3 Hedge,1772,46,81512,-7475,-0.18,2300,0.06,-7475,-0.18,370962.5,370.96
1037,Exit long,2006-03-08 21:00,EOD,1778.5,35,62291.25,-2187.5,-0.07,2187.5,0.07,-2625,-0.08,368775,368.78
1037,Entry long,2006-03-08 20:00,S1 Trend,1779.75,35,62291.25,-2187.5,-0.07,2187.5,0.07,-2625,-0.08,368775,368.78
1038,Exit long,2006-03-13 19:30,S2 FairVal,1785,60,107025,3750,0.07,6000,0.11,0,0.00,372525,372.53
1038,Entry long,2006-03-13 19:00,S2 VWAP,1783.75,60,107025,3750,0.07,6000,0.11,0,0.00,372525,372.53
1039,Exit long,2006-03-15 17:00,S2 FairVal,1796.5,66,118552.5,825,0.01,825,0.01,-6600,-0.11,373350,373.35
1039,Entry long,2006-03-15 16:30,S2 VWAP,1796.25,66,118552.5,825,0.01,825,0.01,-6600,-0.11,373350,373.35
1040,Exit long,2006-04-04 21:00,EOD,1803.25,38,68495,1425,0.04,5225,0.15,-1900,-0.06,374775,374.78
1040,Entry long,2006-04-04 20:00,S1 Trend,1802.5,38,68495,1425,0.04,5225,0.15,-1900,-0.06,374775,374.78
1041,Exit long,2006-04-18 20:30,S1 Climax,1803.25,11,19780.75,2750,0.28,3575,0.36,-1237.5,-0.13,377525,377.53
1041,Entry long,2006-04-18 19:30,S1 Trend,1798.25,11,19780.75,2750,0.28,3575,0.36,-1237.5,-0.13,377525,377.53
1042,Exit long,2006-04-18 21:00,EOD,1803,26,46754.5,6175,0.26,8775,0.38,-2925,-0.13,383700,383.70
1042,Entry long,2006-04-18 19:30,S1 Trend,1798.25,26,46754.5,6175,0.26,8775,0.38,-2925,-0.13,383700,383.70
1043,Exit long,2006-04-27 21:00,EOD,1804,31,56009.25,-4262.5,-0.15,5037.5,0.18,-5812.5,-0.21,379437.5,379.44
1043,Entry long,2006-04-27 16:30,S1 Trend,1806.75,31,56009.25,-4262.5,-0.15,5037.5,0.18,-5812.5,-0.21,379437.5,379.44
1044,Exit long,2006-05-01 18:30,S2 FairVal,1808,55,99398.75,2062.5,0.04,2750,0.06,-2062.5,-0.04,381500,381.50
1044,Entry long,2006-05-01 18:00,S2 VWAP,1807.25,55,99398.75,2062.5,0.04,2750,0.06,-2062.5,-0.04,381500,381.50
1045,Exit long,2006-05-08 17:30,S2 FairVal,1818,69,125355.75,4312.5,0.07,4312.5,0.07,-862.5,-0.01,385812.5,385.81
1045,Entry long,2006-05-08 17:00,S2 VWAP,1816.75,69,125355.75,4312.5,0.07,4312.5,0.07,-862.5,-0.01,385812.5,385.81
1046,Exit long,2006-05-10 20:30,S2 FairVal,1815.5,49,89045.25,-4287.5,-0.10,4287.5,0.10,-6737.5,-0.15,381525,381.53
1046,Entry long,2006-05-10 20:00,S2 VWAP,1817.25,49,89045.25,-4287.5,-0.10,4287.5,0.10,-6737.5,-0.15,381525,381.53
1047,Exit short,2006-05-11 21:00,EOD,1799,36,64737,-1350,-0.04,3600,0.11,-3600,-0.11,380175,380.18
1047,Entry short,2006-05-11 20:00,S3 Hedge,1798.25,36,64737,-1350,-0.04,3600,0.11,-3600,-0.11,380175,380.18
1048,Exit short,2006-05-12 19:00,S3 Scalp,1791.5,35,62553.75,-7437.5,-0.24,3062.5,0.10,-7437.5,-0.24,372737.5,372.74
1048,Entry short,2006-05-12 18:00,S3 Hedge,1787.25,35,62553.75,-7437.5,-0.24,3062.5,0.10,-7437.5,-0.24,372737.5,372.74
1049,Exit short,2006-05-17 21:00,EOD,1761.75,22,38753,-275,-0.01,275,0.01,-6600,-0.34,372462.5,372.46
1049,Entry short,2006-05-17 20:00,S3 Hedge,1761.5,22,38753,-275,-0.01,275,0.01,-6600,-0.34,372462.5,372.46
1050,Exit long,2006-05-23 19:30,S1 Trail,1756.5,41,72283,-13325,-0.37,2050,0.06,-13325,-0.37,359137.5,359.14
1050,Entry long,2006-05-23 16:00,S1 Trend,1763,41,72283,-13325,-0.37,2050,0.06,-13325,-0.37,359137.5,359.14
1051,Exit long,2006-05-24 16:30,S1 Trail,1745.25,26,45591,-10725,-0.47,3250,0.14,-10725,-0.47,348412.5,348.41
1051,Entry long,2006-05-24 15:30,S1 Trend,1753.5,26,45591,-10725,-0.47,3250,0.14,-10725,-0.47,348412.5,348.41
1052,Exit long,2006-05-25 21:00,EOD,1764.5,31,54606.5,4650,0.17,5037.5,0.18,-6975,-0.26,353062.5,353.06
1052,Entry long,2006-05-25 17:00,S1 Trend,1761.5,31,54606.5,4650,0.17,5037.5,0.18,-6975,-0.26,353062.5,353.06
1053,Exit short,2006-05-30 20:30,S3 Scalp,1750.5,43,75604.75,16662.5,0.44,16662.5,0.44,-6987.5,-0.18,369725,369.73
1053,Entry short,2006-05-30 16:30,S3 Hedge,1758.25,43,75604.75,16662.5,0.44,16662.5,0.44,-6987.5,-0.18,369725,369.73
1054,Exit long,2006-06-01 21:00,EOD,1775.5,39,68864.25,19012.5,0.55,21450,0.62,-487.5,-0.01,388737.5,388.74
1054,Entry long,2006-06-01 16:00,S1 Trend,1765.75,39,68864.25,19012.5,0.55,21450,0.62,-487.5,-0.01,388737.5,388.74
1055,Exit short,2006-06-02 18:00,S3 Scalp,1775.75,33,58451.25,-7425,-0.25,1650,0.06,-7425,-0.25,381312.5,381.31
1055,Entry short,2006-06-02 17:00,S3 Hedge,1771.25,33,58451.25,-7425,-0.25,1650,0.06,-7425,-0.25,381312.5,381.31
1056,Exit long,2006-06-05 19:00,S2 FairVal,1768,57,100989.75,-10687.5,-0.21,2137.5,0.04,-10687.5,-0.21,370625,370.63
1056,Entry long,2006-06-05 18:00,S2 VWAP,1771.75,57,100989.75,-10687.5,-0.21,2137.5,0.04,-10687.5,-0.21,370625,370.63
1057,Exit short,2006-06-06 17:30,S3 Scalp,1753.75,33,57708.75,-8250,-0.29,7425,0.26,-8250,-0.29,362375,362.38
1057,Entry short,2006-06-06 16:30,S3 Hedge,1748.75,33,57708.75,-8250,-0.29,7425,0.26,-8250,-0.29,362375,362.38
1058,Exit long,2006-06-07 19:00,S1 Trail,1754.75,34,59882.5,-11050,-0.37,2550,0.09,-11050,-0.37,351325,351.33
1058,Entry long,2006-06-07 17:00,S1 Trend,1761.25,34,59882.5,-11050,-0.37,2550,0.09,-11050,-0.37,351325,351.33
1059,Exit short,2006-06-08 19:00,S3 Scalp,1739.25,23,39841.75,-8050,-0.40,9200,0.46,-8050,-0.40,343275,343.28
1059,Entry short,2006-06-08 16:30,S3 Hedge,1732.25,23,39841.75,-8050,-0.40,9200,0.46,-8050,-0.40,343275,343.28
1060,Exit long,2006-06-09 16:30,S1 Trail,1744.75,38,66519,-10925,-0.33,4275,0.13,-10925,-0.33,332350,332.35
1060,Entry long,2006-06-09 15:00,S1 Trend,1750.5,38,66519,-10925,-0.33,4275,0.13,-10925,-0.33,332350,332.35
1061,Exit short,2006-06-13 20:30,S3 Scalp,1723.25,18,30879,-6975,-0.45,3375,0.22,-6975,-0.45,325375,325.38
1061,Entry short,2006-06-13 20:00,S3 Hedge,1715.5,18,30879,-6975,-0.45,3375,0.22,-6975,-0.45,325375,325.38
1062,Exit long,2006-06-15 20:00,S1 Climax,1741.5,10,17317.5,4875,0.56,5500,0.64,-1875,-0.22,330250,330.25
1062,Entry long,2006-06-15 16:00,S1 Trend,1731.75,10,17317.5,4875,0.56,5500,0.64,-1875,-0.22,330250,330.25
1063,Exit long,2006-06-15 20:30,S1 Climax,1742.25,7,12122.25,3675,0.61,4200,0.69,-1312.5,-0.22,333925,333.92
1063,Entry long,2006-06-15 16:00,S1 Trend,1731.75,7,12122.25,3675,0.61,4200,0.69,-1312.5,-0.22,333925,333.92
1064,Exit long,2006-06-15 21:00,EOD,1745.25,19,32903.25,12825,0.78,16625,1.01,-3562.5,-0.22,346750,346.75
1064,Entry long,2006-06-15 16:00,S1 Trend,1731.75,19,32903.25,12825,0.78,16625,1.01,-3562.5,-0.22,346750,346.75
1065,Exit short,2006-06-16 20:00,S3 Scalp,1744,48,83508,-10200,-0.24,10800,0.26,-10200,-0.24,336550,336.55
1065,Entry short,2006-06-16 15:30,S3 Hedge,1739.75,48,83508,-10200,-0.24,10800,0.26,-10200,-0.24,336550,336.55
1066,Exit long,2006-06-20 18:30,S1 Trail,1730.75,35,60777.5,-10062.5,-0.33,3500,0.12,-10062.5,-0.33,326487.5,326.49
1066,Entry long,2006-06-20 16:30,S1 Trend,1736.5,35,60777.5,-10062.5,-0.33,3500,0.12,-10062.5,-0.33,326487.5,326.49
1067,Exit long,2006-06-21 21:00,EOD,1741,37,64222.75,9712.5,0.30,20812.5,0.65,0,0.00,336200,336.20
1067,Entry long,2006-06-21 16:00,S1 Trend,1735.75,37,64222.75,9712.5,0.30,20812.5,0.65,0,0.00,336200,336.20
1068,Exit long,2006-06-23 20:00,S1 Trail,1732.75,31,53947.75,-11625,-0.43,1937.5,0.07,-11625,-0.43,324575,324.58
1068,Entry long,2006-06-23 17:30,S1 Trend,1740.25,31,53947.75,-11625,-0.43,1937.5,0.07,-11625,-0.43,324575,324.58
1069,Exit long,2006-06-29 20:00,S1 Climax,1756,9,15756.75,2362.5,0.30,3375,0.43,-787.5,-0.10,326937.5,326.94
1069,Entry long,2006-06-29 19:30,S1 Trend,1750.75,9,15756.75,2362.5,0.30,3375,0.43,-787.5,-0.10,326937.5,326.94
1070,Exit long,2006-06-29 20:30,S1 Climax,1759.25,6,10504.5,2550,0.49,2625,0.50,-525,-0.10,329487.5,329.49
1070,Entry long,2006-06-29 19:30,S1 Trend,1750.75,6,10504.5,2550,0.49,2625,0.50,-525,-0.10,329487.5,329.49
1071,Exit long,2006-06-29 21:00,EOD,1760.75,16,28012,8000,0.57,8200,0.59,-1400,-0.10,337487.5,337.49
1071,Entry long,2006-06-29 19:30,S1 Trend,1750.75,16,28012,8000,0.57,8200,0.59,-1400,-0.10,337487.5,337.49
1072,Exit short,2006-07-12 21:00,EOD,1745.5,34,59296,-2550,-0.09,1700,0.06,-7225,-0.24,334937.5,334.94
1072,Entry short,2006-07-12 20:00,S3 Hedge,1744,34,59296,-2550,-0.09,1700,0.06,-7225,-0.24,334937.5,334.94
1073,Exit short,2006-07-13 15:30,S3 Scalp,1739,43,74637.25,-6987.5,-0.19,2687.5,0.07,-6987.5,-0.19,327950,327.95
1073,Entry short,2006-07-13 15:00,S3 Hedge,1735.75,43,74637.25,-6987.5,-0.19,2687.5,0.07,-6987.5,-0.19,327950,327.95
1074,Exit short,2006-07-13 21:00,EOD,1727.5,27,46764,6075,0.26,7087.5,0.30,-3375,-0.14,334025,334.03
1074,Entry short,2006-07-13 19:00,S3 Hedge,1732,27,46764,6075,0.26,7087.5,0.30,-3375,-0.14,334025,334.03
1075,Exit long,2006-07-19 16:00,S1 Climax,1741,10,17315,4750,0.55,5750,0.66,-250,-0.03,338775,338.78
1075,Entry long,2006-07-19 15:00,S1 Trend,1731.5,10,17315,4750,0.55,5750,0.66,-250,-0.03,338775,338.78
1076,Exit long,2006-07-19 16:30,S1 Climax,1740.5,7,12120.5,3150,0.52,4025,0.66,-175,-0.03,341925,341.93
1076,Entry long,2006-07-19 15:00,S1 Trend,1731.5,7,12120.5,3150,0.52,4025,0.66,-175,-0.03,341925,341.93
1077,Exit long,2006-07-19 18:30,S1 Climax,1744,5,8657.5,3125,0.72,3500,0.81,-125,-0.03,345050,345.05
1077,Entry long,2006-07-19 15:00,S1 Trend,1731.5,5,8657.5,3125,0.72,3500,0.81,-125,-0.03,345050,345.05
1078,Exit long,2006-07-19 20:00,S1 Climax,1746.25,4,6926,2950,0.85,3200,0.92,-100,-0.03,348000,348.00
1078,Entry long,2006-07-19 15:00,S1 Trend,1731.5,4,6926,2950,0.85,3200,0.92,-100,-0.03,348000,348.00
1079,Exit long,2006-07-19 20:30,S1 Climax,1746.25,3,5194.5,2212.5,0.85,2400,0.92,-75,-0.03,350212.5,350.21
1079,Entry long,2006-07-19 15:00,S1 Trend,1731.5,3,5194.5,2212.5,0.85,2400,0.92,-75,-0.03,350212.5,350.21
1080,Exit long,2006-07-19 21:00,EOD,1744.75,7,12120.5,4637.5,0.77,5600,0.92,-175,-0.03,354850,354.85
1080,Entry long,2006-07-19 15:00,S1 Trend,1731.5,7,12120.5,4637.5,0.77,5600,0.92,-175,-0.03,354850,354.85
1081,Exit short,2006-07-20 21:00,EOD,1734,36,62568,7200,0.23,7650,0.24,-5850,-0.19,362050,362.05
1081,Entry short,2006-07-20 19:30,S3 Hedge,1738,36,62568,7200,0.23,7650,0.24,-5850,-0.19,362050,362.05
1082,Exit long,2006-07-24 16:30,S1 Climax,1741.5,11,19145.5,550,0.06,962.5,0.10,-550,-0.06,362600,362.60
1082,Entry long,2006-07-24 16:00,S1 Trend,1740.5,11,19145.5,550,0.06,962.5,0.10,-550,-0.06,362600,362.60
1083,Exit long,2006-07-24 17:00,S1 Climax,1743.5,8,13924,1200,0.17,1800,0.26,-400,-0.06,363800,363.80
1083,Entry long,2006-07-24 16:00,S1 Trend,1740.5,8,13924,1200,0.17,1800,0.26,-400,-0.06,363800,363.80
1084,Exit long,2006-07-24 21:00,EOD,1745.5,19,33069.5,4750,0.29,6650,0.40,-1187.5,-0.07,368550,368.55
1084,Entry long,2006-07-24 16:00,S1 Trend,1740.5,19,33069.5,4750,0.29,6650,0.40,-1187.5,-0.07,368550,368.55
1085,Exit long,2006-07-25 15:30,S2 FairVal,1748,67,116898.25,10887.5,0.19,23450,0.40,0,0.00,379437.5,379.44
1085,Entry long,2006-07-25 15:00,S2 VWAP,1744.75,67,116898.25,10887.5,0.19,23450,0.40,0,0.00,379437.5,379.44
1086,Exit long,2006-07-25 17:30,S2 FairVal,1745.5,42,73258.5,2625,0.07,2625,0.07,-6825,-0.19,382062.5,382.06
1086,Entry long,2006-07-25 16:30,S2 VWAP,1744.25,42,73258.5,2625,0.07,2625,0.07,-6825,-0.19,382062.5,382.06
1087,Exit long,2006-07-26 16:30,S2 FairVal,1748.75,49,85603,4287.5,0.10,8575,0.20,-1837.5,-0.04,386350,386.35
1087,Entry long,2006-07-26 16:00,S2 VWAP,1747,49,85603,4287.5,0.10,8575,0.20,-1837.5,-0.04,386350,386.35
1088,Exit long,2006-07-26 21:00,EOD,1752.25,40,70180,-4500,-0.13,7500,0.21,-6500,-0.19,381850,381.85
1088,Entry long,2006-07-26 19:00,S1 Trend,1754.5,40,70180,-4500,-0.13,7500,0.21,-6500,-0.19,381850,381.85
1089,Exit long,2006-07-27 21:00,EOD,1747,37,64740.75,-5087.5,-0.16,1387.5,0.04,-8325,-0.26,376762.5,376.76
1089,Entry long,2006-07-27 20:00,S2 VWAP,1749.75,37,64740.75,-5087.5,-0.16,1387.5,0.04,-8325,-0.26,376762.5,376.76
1090,Exit long,2006-07-28 21:00,EOD,1761.25,39,68698.5,-487.5,-0.01,5850,0.17,-5362.5,-0.16,376275,376.28
1090,Entry long,2006-07-28 16:30,S1 Trend,1761.5,39,68698.5,-487.5,-0.01,5850,0.17,-5362.5,-0.16,376275,376.28
1091,Exit long,2006-08-03 21:00,EOD,1763,40,70600,-4000,-0.11,5000,0.14,-5000,-0.14,372275,372.28
1091,Entry long,2006-08-03 19:30,S1 Trend,1765,40,70600,-4000,-0.11,5000,0.14,-5000,-0.14,372275,372.28
1092,Exit short,2006-08-11 19:00,S3 Scalp,1748.25,46,80270,-7475,-0.19,575,0.01,-7475,-0.19,364800,364.80
1092,Entry short,2006-08-11 18:30,S3 Hedge,1745,46,80270,-7475,-0.19,575,0.01,-7475,-0.19,364800,364.80
1093,Exit long,2006-08-15 21:00,EOD,1767,38,67070,3800,0.11,7600,0.23,-950,-0.03,368600,368.60
1093,Entry long,2006-08-15 19:30,S1 Trend,1765,38,67070,3800,0.11,7600,0.23,-950,-0.03,368600,368.60
1094,Exit short,2006-09-07 16:30,S3 Scalp,1776,63,111730.5,-7875,-0.14,6300,0.11,-7875,-0.14,360725,360.73
1094,Entry short,2006-09-07 15:30,S3 Hedge,1773.5,63,111730.5,-7875,-0.14,6300,0.11,-7875,-0.14,360725,360.73
1095,Exit long,2006-09-25 21:00,EOD,1804,39,70209.75,7312.5,0.21,14137.5,0.40,-1950,-0.06,368037.5,368.04
1095,Entry long,2006-09-25 18:30,S1 Trend,1800.25,39,70209.75,7312.5,0.21,14137.5,0.40,-1950,-0.06,368037.5,368.04
1096,Exit long,2006-09-26 21:00,EOD,1813.75,38,68837,4275,0.12,6175,0.18,-5225,-0.15,372312.5,372.31
1096,Entry long,2006-09-26 19:00,S1 Trend,1811.5,38,68837,4275,0.12,6175,0.18,-5225,-0.15,372312.5,372.31
1097,Exit long,2006-11-08 21:00,EOD,1857.25,37,68644.25,3700,0.11,10175,0.30,-2775,-0.08,376012.5,376.01
1097,Entry long,2006-11-08 19:00,S1 Trend,1855.25,37,68644.25,3700,0.11,10175,0.30,-2775,-0.08,376012.5,376.01
1098,Exit long,2006-11-09 16:30,S2 FairVal,1858.25,53,98487.25,0,0.00,3312.5,0.07,-5300,-0.11,376012.5,376.01
1098,Entry long,2006-11-09 16:00,S2 VWAP,1858.25,53,98487.25,0,0.00,3312.5,0.07,-5300,-0.11,376012.5,376.01
1099,Exit long,2006-11-09 19:30,S2 FairVal,1850.25,44,81609,-9900,-0.24,2200,0.05,-9900,-0.24,366112.5,366.11
1099,Entry long,2006-11-09 19:00,S2 VWAP,1854.75,44,81609,-9900,-0.24,2200,0.05,-9900,-0.24,366112.5,366.11
1100,Exit long,2006-11-14 21:00,EOD,1864.75,34,63384.5,850,0.03,4250,0.13,-1275,-0.04,366962.5,366.96
1100,Entry long,2006-11-14 20:00,S1 Trend,1864.25,34,63384.5,850,0.03,4250,0.13,-1275,-0.04,366962.5,366.96
1101,Exit long,2006-11-30 21:00,EOD,1870.25,32,59992,-7200,-0.24,2400,0.08,-7600,-0.25,359762.5,359.76
1101,Entry long,2006-11-30 20:00,S1 Trend,1874.75,32,59992,-7200,-0.24,2400,0.08,-7600,-0.25,359762.5,359.76
1102,Exit long,2006-12-07 18:00,S2 FairVal,1882.75,50,94087.5,2500,0.05,2500,0.05,-4375,-0.09,362262.5,362.26
1102,Entry long,2006-12-07 17:00,S2 VWAP,1881.75,50,94087.5,2500,0.05,2500,0.05,-4375,-0.09,362262.5,362.26
1103,Exit long,2006-12-18 19:30,S2 FairVal,1889.75,59,111701.75,-10325,-0.18,5900,0.11,-10325,-0.18,351937.5,351.94
1103,Entry long,2006-12-18 18:00,S2 VWAP,1893.25,59,111701.75,-10325,-0.18,5900,0.11,-10325,-0.18,351937.5,351.94
1104,Exit long,2006-12-19 21:00,EOD,1893,36,68049,4950,0.15,9900,0.29,-450,-0.01,356887.5,356.89
1104,Entry long,2006-12-19 19:30,S1 Trend,1890.25,36,68049,4950,0.15,9900,0.29,-450,-0.01,356887.5,356.89
1105,Exit long,2006-12-20 21:00,EOD,1889.75,59,111598.5,-5162.5,-0.09,2950,0.05,-5162.5,-0.09,351725,351.73
1105,Entry long,2006-12-20 19:30,S2 VWAP,1891.5,59,111598.5,-5162.5,-0.09,2950,0.05,-5162.5,-0.09,351725,351.73
1106,Exit short,2007-01-09 15:30,S3 Scalp,1879.5,62,116358.5,-8525,-0.15,6200,0.11,-9300,-0.16,343200,343.20
1106,Entry short,2007-01-09 15:00,S3 Hedge,1876.75,62,116358.5,-8525,-0.15,6200,0.11,-9300,-0.16,343200,343.20
1107,Exit short,2007-01-09 19:00,S3 Scalp,1877.25,42,78676.5,-8400,-0.21,8400,0.21,-8400,-0.21,334800,334.80
1107,Entry short,2007-01-09 16:30,S3 Hedge,1873.25,42,78676.5,-8400,-0.21,8400,0.21,-8400,-0.21,334800,334.80
1108,Exit long,2007-01-10 21:00,EOD,1878.5,33,61924.5,3300,0.11,5362.5,0.17,-1650,-0.05,338100,338.10
1108,Entry long,2007-01-10 19:00,S1 Trend,1876.5,33,61924.5,3300,0.11,5362.5,0.17,-1650,-0.05,338100,338.10
1109,Exit short,2007-01-25 21:00,EOD,1885,41,77305.5,1025,0.03,5637.5,0.15,-3587.5,-0.09,339125,339.13
1109,Entry short,2007-01-25 19:30,S3 Hedge,1885.5,41,77305.5,1025,0.03,5637.5,0.15,-3587.5,-0.09,339125,339.13
1110,Exit short,2007-01-26 21:00,EOD,1883.25,52,97942,650,0.01,16250,0.33,-5850,-0.12,339775,339.78
1110,Entry short,2007-01-26 15:00,S3 Hedge,1883.5,52,97942,650,0.01,16250,0.33,-5850,-0.12,339775,339.78
1111,Exit long,2007-02-06 18:00,S2 FairVal,1906.25,69,131462.25,3450,0.05,3450,0.05,-8625,-0.13,343225,343.23
1111,Entry long,2007-02-06 16:30,S2 VWAP,1905.25,69,131462.25,3450,0.05,3450,0.05,-8625,-0.13,343225,343.23
1112,Exit short,2007-02-12 21:00,EOD,1892.75,48,90804,-2400,-0.05,3600,0.08,-4200,-0.09,340825,340.83
1112,Entry short,2007-02-12 19:00,S3 Hedge,1891.75,48,90804,-2400,-0.05,3600,0.08,-4200,-0.09,340825,340.83
1113,Exit long,2007-02-15 17:00,S2 FairVal,1915,64,122528,1600,0.03,2400,0.04,-2400,-0.04,342425,342.42
1113,Entry long,2007-02-15 16:30,S2 VWAP,1914.5,64,122528,1600,0.03,2400,0.04,-2400,-0.04,342425,342.42
1114,Exit short,2007-02-27 17:00,S3 Scalp,1883.5,42,79432.5,16275,0.41,16275,0.41,-6300,-0.16,358700,358.70
1114,Entry short,2007-02-27 15:00,S3 Hedge,1891.25,42,79432.5,16275,0.41,16275,0.41,-6300,-0.16,358700,358.70
1115,Exit short,2007-02-27 19:00,S3 Scalp,1875.5,33,62180.25,14437.5,0.46,14437.5,0.46,-2475,-0.08,373137.5,373.14
1115,Entry short,2007-02-27 17:30,S3 Hedge,1884.25,33,62180.25,14437.5,0.46,14437.5,0.46,-2475,-0.08,373137.5,373.14
1116,Exit short,2007-02-27 20:00,S3 Scalp,1851.5,25,46643.75,17812.5,0.76,17812.5,0.76,-5000,-0.21,390950,390.95
1116,Entry short,2007-02-27 19:30,S3 Hedge,1865.75,25,46643.75,17812.5,0.76,17812.5,0.76,-5000,-0.21,390950,390.95
1117,Exit long,2007-03-06 21:00,EOD,1851.25,29,53541.25,7250,0.27,12325,0.46,-2537.5,-0.09,398200,398.20
1117,Entry long,2007-03-06 18:00,S1 Trend,1846.25,29,53541.25,7250,0.27,12325,0.46,-2537.5,-0.09,398200,398.20
1118,Exit long,2007-03-07 20:30,S1 Trail,1849.5,38,70442.5,-8075,-0.23,7600,0.22,-8075,-0.23,390125,390.13
1118,Entry long,2007-03-07 18:30,S1 Trend,1853.75,38,70442.5,-8075,-0.23,7600,0.22,-8075,-0.23,390125,390.13
1119,Exit long,2007-03-09 20:30,S2 FairVal,1860.5,32,59424,5600,0.19,5600,0.19,-1600,-0.05,395725,395.73
1119,Entry long,2007-03-09 20:00,S2 VWAP,1857,32,59424,5600,0.19,5600,0.19,-1600,-0.05,395725,395.73
1120,Exit long,2007-03-12 20:00,EOD,1862.75,40,74580,-3500,-0.09,0,0.00,-9000,-0.24,392225,392.23
1120,Entry long,2007-03-12 19:00,S1 Trend,1864.5,40,74580,-3500,-0.09,0,0.00,-9000,-0.24,392225,392.23
1121,Exit long,2007-03-15 20:00,EOD,1847,34,62832,-1700,-0.05,4250,0.14,-11050,-0.35,390525,390.53
1121,Entry long,2007-03-15 15:00,S1 Trend,1848,34,62832,-1700,-0.05,4250,0.14,-11050,-0.35,390525,390.53
1122,Exit long,2007-03-16 15:30,S1 Trail,1843.5,33,61066.5,-11550,-0.38,3300,0.11,-11550,-0.38,378975,378.98
1122,Entry long,2007-03-16 14:00,S1 Trend,1850.5,33,61066.5,-11550,-0.38,3300,0.11,-11550,-0.38,378975,378.98
1123,Exit long,2007-03-21 20:00,EOD,1889.5,31,58590,-775,-0.03,3875,0.13,-8912.5,-0.30,378200,378.20
1123,Entry long,2007-03-21 19:00,S1 Trend,1890,31,58590,-775,-0.03,3875,0.13,-8912.5,-0.30,378200,378.20
1124,Exit short,2007-03-30 19:30,S3 Scalp,1876,34,63605.5,-8925,-0.28,17000,0.53,-8925,-0.28,369275,369.28
1124,Entry short,2007-03-30 16:30,S3 Hedge,1870.75,34,63605.5,-8925,-0.28,17000,0.53,-8925,-0.28,369275,369.28
1125,Exit long,2007-04-09 16:00,S2 FairVal,1898.25,95,180357.5,-1187.5,-0.01,2375,0.03,-15437.5,-0.17,368087.5,368.09
1125,Entry long,2007-04-09 15:00,S2 VWAP,1898.5,95,180357.5,-1187.5,-0.01,2375,0.03,-15437.5,-0.17,368087.5,368.09
1126,Exit long,2007-04-23 21:00,EOD,1931.5,50,96612.5,-1875,-0.04,3125,0.06,-3750,-0.08,366212.5,366.21
1126,Entry long,2007-04-23 20:00,S2 VWAP,1932.25,50,96612.5,-1875,-0.04,3125,0.06,-3750,-0.08,366212.5,366.21
1127,Exit long,2007-04-24 21:00,EOD,1930.75,34,65705,-2975,-0.09,850,0.03,-5950,-0.18,363237.5,363.24
1127,Entry long,2007-04-24 19:30,S1 Trend,1932.5,34,65705,-2975,-0.09,850,0.03,-5950,-0.18,363237.5,363.24
1128,Exit long,2007-05-09 21:00,EOD,1960,36,70542,900,0.03,4050,0.11,-2700,-0.08,364137.5,364.14
1128,Entry long,2007-05-09 20:00,S1 Trend,1959.5,36,70542,900,0.03,4050,0.11,-2700,-0.08,364137.5,364.14
1129,Exit long,2007-05-15 19:00,S1 Trail,1953.5,35,68600,-11375,-0.33,4375,0.13,-11375,-0.33,352762.5,352.76
1129,Entry long,2007-05-15 15:30,S1 Trend,1960,35,68600,-11375,-0.33,4375,0.13,-11375,-0.33,352762.5,352.76
1130,Exit long,2007-05-16 21:00,EOD,1961,34,66470,10200,0.31,10625,0.32,-425,-0.01,362962.5,362.96
1130,Entry long,2007-05-16 19:00,S1 Trend,1955,34,66470,10200,0.31,10625,0.32,-425,-0.01,362962.5,362.96
1131,Exit long,2007-05-22 18:00,S2 FairVal,1973.5,54,106407,8100,0.15,9450,0.18,-675,-0.01,371062.5,371.06
1131,Entry long,2007-05-22 17:30,S2 VWAP,1970.5,54,106407,8100,0.15,9450,0.18,-675,-0.01,371062.5,371.06
1132,Exit long,2007-05-23 21:00,EOD,1967.25,36,70983,-8100,-0.23,1350,0.04,-8550,-0.24,362962.5,362.96
1132,Entry long,2007-05-23 20:00,S2 VWAP,1971.75,36,70983,-8100,-0.23,1350,0.04,-8550,-0.24,362962.5,362.96
1133,Exit long,2007-05-29 18:30,S2 FairVal,1957.5,47,92214,-10575,-0.23,2937.5,0.06,-10575,-0.23,352387.5,352.39
1133,Entry long,2007-05-29 18:00,S2 VWAP,1962,47,92214,-10575,-0.23,2937.5,0.06,-10575,-0.23,352387.5,352.39
1134,Exit long,2007-05-30 21:00,EOD,1975.75,32,62984,12000,0.38,12400,0.39,-2000,-0.06,364387.5,364.39
1134,Entry long,2007-05-30 19:30,S1 Trend,1968.25,32,62984,12000,0.38,12400,0.39,-2000,-0.06,364387.5,364.39
1135,Exit long,2007-05-31 17:30,S2 FairVal,1978.5,48,94872,4800,0.10,6000,0.13,-2400,-0.05,369187.5,369.19
1135,Entry long,2007-05-31 17:00,S2 VWAP,1976.5,48,94872,4800,0.10,6000,0.13,-2400,-0.05,369187.5,369.19
1136,Exit long,2007-05-31 19:30,S2 FairVal,1977.25,40,79020,3500,0.09,6000,0.15,0,0.00,372687.5,372.69
1136,Entry long,2007-05-31 19:00,S2 VWAP,1975.5,40,79020,3500,0.09,6000,0.15,0,0.00,372687.5,372.69
1137,Exit short,2007-06-07 17:30,S3 Scalp,1944.25,32,62528,15600,0.50,15600,0.50,-400,-0.01,388287.5,388.29
1137,Entry short,2007-06-07 16:00,S3 Hedge,1954,32,62528,15600,0.50,15600,0.50,-400,-0.01,388287.5,388.29
1138,Exit long,2007-06-11 21:00,EOD,1952.75,36,70371,-3600,-0.10,8550,0.24,-5850,-0.17,384687.5,384.69
1138,Entry long,2007-06-11 17:00,S1 Trend,1954.75,36,70371,-3600,-0.10,8550,0.24,-5850,-0.17,384687.5,384.69
1139,Exit long,2007-06-12 19:30,S1 Trail,1944.5,29,56615.25,-11237.5,-0.40,3987.5,0.14,-11237.5,-0.40,373450,373.45
1139,Entry long,2007-06-12 19:00,S1 Trend,1952.25,29,56615.25,-11237.5,-0.40,3987.5,0.14,-11237.5,-0.40,373450,373.45
1140,Exit long,2007-06-13 21:00,EOD,1958.75,28,54523,16100,0.59,16100,0.59,-9450,-0.35,389550,389.55
1140,Entry long,2007-06-13 15:30,S1 Trend,1947.25,28,54523,16100,0.59,16100,0.59,-9450,-0.35,389550,389.55
1141,Exit short,2007-06-21 15:30,S3 Scalp,1955.75,33,64259.25,-14025,-0.44,2062.5,0.06,-18150,-0.56,375525,375.53
1141,Entry short,2007-06-21 15:00,S3 Hedge,1947.25,33,64259.25,-14025,-0.44,2062.5,0.06,-18150,-0.56,375525,375.53
1142,Exit short,2007-06-22 17:00,S3 Scalp,1945.25,36,70353,16200,0.46,16200,0.46,-6300,-0.18,391725,391.73
1142,Entry short,2007-06-22 15:30,S3 Hedge,1954.25,36,70353,16200,0.46,16200,0.46,-6300,-0.18,391725,391.73
1143,Exit long,2007-06-27 21:00,EOD,1947.5,25,48512.5,8750,0.36,9062.5,0.37,-1562.5,-0.06,400475,400.48
1143,Entry long,2007-06-27 19:30,S1 Trend,1940.5,25,48512.5,8750,0.36,9062.5,0.37,-1562.5,-0.06,400475,400.48
1144,Exit long,2007-06-28 21:00,EOD,1945.75,35,68302.5,-10062.5,-0.29,4812.5,0.14,-10937.5,-0.32,390412.5,390.41
1144,Entry long,2007-06-28 19:30,S1 Trend,1951.5,35,68302.5,-10062.5,-0.29,4812.5,0.14,-10937.5,-0.32,390412.5,390.41
1145,Exit long,2007-06-29 17:00,S1 Trail,1947,36,70371,-13950,-0.40,450,0.01,-13950,-0.40,376462.5,376.46
1145,Entry long,2007-06-29 15:30,S1 Trend,1954.75,36,70371,-13950,-0.40,450,0.01,-13950,-0.40,376462.5,376.46
1146,Exit long,2007-07-02 21:00,EOD,1959.5,36,70434,5400,0.15,5850,0.17,-3600,-0.10,381862.5,381.86
1146,Entry long,2007-07-02 19:00,S1 Trend,1956.5,36,70434,5400,0.15,5850,0.17,-3600,-0.10,381862.5,381.86
1147,Exit long,2007-07-03 17:30,S2 FairVal,1964,59,115787.5,4425,0.08,5162.5,0.09,0,0.00,386287.5,386.29
1147,Entry long,2007-07-03 17:00,S2 VWAP,1962.5,59,115787.5,4425,0.08,5162.5,0.09,0,0.00,386287.5,386.29
1148,Exit long,2007-07-06 21:00,EOD,1969.75,37,72825.25,2775,0.08,6937.5,0.19,-462.5,-0.01,389062.5,389.06
1148,Entry long,2007-07-06 19:30,S1 Trend,1968.25,37,72825.25,2775,0.08,6937.5,0.19,-462.5,-0.01,389062.5,389.06
1149,Exit long,2007-07-09 17:00,S2 FairVal,1969.5,50,98487.5,-625,-0.01,625,0.01,-3750,-0.08,388437.5,388.44
1149,Entry long,2007-07-09 16:30,S2 VWAP,1969.75,50,98487.5,-625,-0.01,625,0.01,-3750,-0.08,388437.5,388.44
1150,Exit short,2007-07-10 21:00,EOD,1948.25,31,60605,10462.5,0.35,10850,0.36,-4262.5,-0.14,398900,398.90
1150,Entry short,2007-07-10 19:00,S3 Hedge,1955,31,60605,10462.5,0.35,10850,0.36,-4262.5,-0.14,398900,398.90
1151,Exit long,2007-07-12 20:30,S1 Climax,1980.75,11,21749.75,1925,0.18,1925,0.18,-412.5,-0.04,400825,400.83
1151,Entry long,2007-07-12 20:00,S1 Trend,1977.25,11,21749.75,1925,0.18,1925,0.18,-412.5,-0.04,400825,400.83
1152,Exit long,2007-07-12 21:00,EOD,1986.75,27,53385.75,12825,0.48,13162.5,0.49,-1012.5,-0.04,413650,413.65
1152,Entry long,2007-07-12 20:00,S1 Trend,1977.25,27,53385.75,12825,0.48,13162.5,0.49,-1012.5,-0.04,413650,413.65
1153,Exit long,2007-07-17 21:00,EOD,1987,38,75724.5,-10925,-0.29,475,0.01,-10925,-0.29,402725,402.73
1153,Entry long,2007-07-17 20:00,S1 Trend,1992.75,38,75724.5,-10925,-0.29,475,0.01,-10925,-0.29,402725,402.73
1154,Exit long,2007-07-23 19:00,S1 Trail,1976.25,38,75306.5,-10450,-0.28,4750,0.13,-10450,-0.28,392275,392.28
1154,Entry long,2007-07-23 16:00,S1 Trend,1981.75,38,75306.5,-10450,-0.28,4750,0.13,-10450,-0.28,392275,392.28
1155,Exit short,2007-07-24 20:30,S3 Scalp,1944.5,25,48925,15625,0.64,15625,0.64,0,0.00,407900,407.90
1155,Entry short,2007-07-24 20:00,S3 Hedge,1957,25,48925,15625,0.64,15625,0.64,0,0.00,407900,407.90
1156,Exit short,2007-07-26 19:00,S3 Scalp,1905.25,18,34659,18225,1.05,18225,1.05,-3600,-0.21,426125,426.13
1156,Entry short,2007-07-26 16:30,S3 Hedge,1925.5,18,34659,18225,1.05,18225,1.05,-3600,-0.21,426125,426.13
1157,Exit short,2007-07-26 20:00,S3 Scalp,1917.25,14,26677,-8225,-0.62,4550,0.34,-8225,-0.62,417900,417.90
1157,Entry short,2007-07-26 19:30,S3 Hedge,1905.5,14,26677,-8225,-0.62,4550,0.34,-8225,-0.62,417900,417.90
1158,Exit long,2007-08-02 21:00,EOD,1906.5,24,45744,600,0.03,6000,0.26,-14400,-0.63,418500,418.50
1158,Entry long,2007-08-02 15:00,S1 Trend,1906,24,45744,600,0.03,6000,0.26,-14400,-0.63,418500,418.50
1159,Exit long,2007-08-07 19:00,S1 Trail,1898.75,32,60720,2000,0.07,20800,0.69,-4800,-0.16,420500,420.50
1159,Entry long,2007-08-07 15:30,S1 Trend,1897.5,32,60720,2000,0.07,20800,0.69,-4800,-0.16,420500,420.50
1160,Exit long,2007-08-07 21:00,EOD,1909.75,21,39768.75,16800,0.84,30450,1.53,-5250,-0.26,437300,437.30
1160,Entry long,2007-08-07 19:30,S1 Trend,1893.75,21,39768.75,16800,0.84,30450,1.53,-5250,-0.26,437300,437.30
1161,Exit long,2007-08-08 17:00,S1 Trail,1921.25,41,78740.5,1537.5,0.04,21012.5,0.53,-2050,-0.05,438837.5,438.84
1161,Entry long,2007-08-08 15:00,S1 Trend,1920.5,41,78740.5,1537.5,0.04,21012.5,0.53,-2050,-0.05,438837.5,438.84
1162,Exit long,2007-08-08 19:30,S1 Climax,1936.5,8,15460,1600,0.21,2400,0.31,-1000,-0.13,440437.5,440.44
1162,Entry long,2007-08-08 19:00,S1 Trend,1932.5,8,15460,1600,0.21,2400,0.31,-1000,-0.13,440437.5,440.44
1163,Exit long,2007-08-08 20:00,S1 Trail,1926.25,20,38650,-6250,-0.32,6000,0.31,-6250,-0.32,434187.5,434.19
1163,Entry long,2007-08-08 19:00,S1 Trend,1932.5,20,38650,-6250,-0.32,6000,0.31,-6250,-0.32,434187.5,434.19
1164,Exit short,2007-08-09 21:00,EOD,1887.75,15,28425,5437.5,0.38,5625,0.40,-6000,-0.42,439625,439.63
1164,Entry short,2007-08-09 20:00,S3 Hedge,1895,15,28425,5437.5,0.38,5625,0.40,-6000,-0.42,439625,439.63
1165,Exit long,2007-08-13 18:00,S1 Trail,1887.25,29,54918.75,-9425,-0.34,9787.5,0.36,-9425,-0.34,430200,430.20
1165,Entry long,2007-08-13 15:00,S1 Trend,1893.75,29,54918.75,-9425,-0.34,9787.5,0.36,-9425,-0.34,430200,430.20
1166,Exit short,2007-08-16 16:00,S3 Scalp,1829,18,32751,-8550,-0.52,1125,0.07,-9900,-0.60,421650,421.65
1166,Entry short,2007-08-16 15:30,S3 Hedge,1819.5,18,32751,-8550,-0.52,1125,0.07,-9900,-0.60,421650,421.65
1167,Exit short,2007-08-20 20:00,S3 Scalp,1878,21,39264.75,-8662.5,-0.44,7612.5,0.39,-8662.5,-0.44,412987.5,412.99
1167,Entry short,2007-08-20 17:00,S3 Hedge,1869.75,21,39264.75,-8662.5,-0.44,7612.5,0.39,-8662.5,-0.44,412987.5,412.99
1168,Exit long,2007-08-21 21:00,EOD,1879,19,35824.5,-6175,-0.34,2375,0.13,-9975,-0.56,406812.5,406.81
1168,Entry long,2007-08-21 17:00,S1 Trend,1885.5,19,35824.5,-6175,-0.34,2375,0.13,-9975,-0.56,406812.5,406.81
1169,Exit long,2007-08-22 17:30,S1 Trail,1885.5,36,68103,-11250,-0.33,4950,0.15,-11250,-0.33,395562.5,395.56
1169,Entry long,2007-08-22 15:00,S1 Trend,1891.75,36,68103,-11250,-0.33,4950,0.15,-11250,-0.33,395562.5,395.56
1170,Exit long,2007-08-22 19:30,S2 FairVal,1889.5,26,49153,-1300,-0.05,650,0.03,-8450,-0.34,394262.5,394.26
1170,Entry long,2007-08-22 19:00,S2 VWAP,1890.5,26,49153,-1300,-0.05,650,0.03,-8450,-0.34,394262.5,394.26
1171,Exit long,2007-08-22 20:30,S2 FairVal,1892.5,24,45336,4200,0.19,6300,0.28,-1800,-0.08,398462.5,398.46
1171,Entry long,2007-08-22 20:00,S2 VWAP,1889,24,45336,4200,0.19,6300,0.28,-1800,-0.08,398462.5,398.46
1172,Exit short,2007-08-23 17:30,S3 Scalp,1885,30,56910,18000,0.63,18000,0.63,-3375,-0.12,416462.5,416.46
1172,Entry short,2007-08-23 15:00,S3 Hedge,1897,30,56910,18000,0.63,18000,0.63,-3375,-0.12,416462.5,416.46
1173,Exit short,2007-08-23 18:30,S3 Scalp,1892.5,24,45270,-7500,-0.33,1200,0.05,-7500,-0.33,408962.5,408.96
1173,Entry short,2007-08-23 18:00,S3 Hedge,1886.25,24,45270,-7500,-0.33,1200,0.05,-7500,-0.33,408962.5,408.96
1174,Exit long,2007-08-24 20:00,S1 Climax,1908.5,10,18967.5,5875,0.62,6000,0.63,-1750,-0.18,414837.5,414.84
1174,Entry long,2007-08-24 15:30,S1 Trend,1896.75,10,18967.5,5875,0.62,6000,0.63,-1750,-0.18,414837.5,414.84
1175,Exit long,2007-08-24 21:00,EOD,1910.75,25,47418.75,17500,0.74,18750,0.79,-4375,-0.18,432337.5,432.34
1175,Entry long,2007-08-24 15:30,S1 Trend,1896.75,25,47418.75,17500,0.74,18750,0.79,-4375,-0.18,432337.5,432.34
1176,Exit short,2007-08-27 18:00,S3 Scalp,1904.5,46,87434.5,-8625,-0.20,3450,0.08,-8625,-0.20,423712.5,423.71
1176,Entry short,2007-08-27 16:30,S3 Hedge,1900.75,46,87434.5,-8625,-0.20,3450,0.08,-8625,-0.20,423712.5,423.71
1177,Exit short,2007-08-28 16:30,S3 Scalp,1878.25,47,88665.5,19387.5,0.44,19387.5,0.44,-4112.5,-0.09,443100,443.10
1177,Entry short,2007-08-28 15:00,S3 Hedge,1886.5,47,88665.5,19387.5,0.44,19387.5,0.44,-4112.5,-0.09,443100,443.10
1178,Exit short,2007-08-28 20:30,S3 Scalp,1868,37,69513.75,19887.5,0.57,19887.5,0.57,-7400,-0.21,462987.5,462.99
1178,Entry short,2007-08-28 17:00,S3 Hedge,1878.75,37,69513.75,19887.5,0.57,19887.5,0.57,-7400,-0.21,462987.5,462.99
1179,Exit long,2007-08-30 17:00,S1 Trail,1887,30,56730,-6000,-0.21,12750,0.45,-6000,-0.21,456987.5,456.99
1179,Entry long,2007-08-30 15:30,S1 Trend,1891,30,56730,-6000,-0.21,12750,0.45,-6000,-0.21,456987.5,456.99
1180,Exit long,2007-08-31 21:00,EOD,1901.75,29,55136.25,725,0.03,16675,0.60,-7975,-0.29,457712.5,457.71
1180,Entry long,2007-08-31 15:30,S1 Trend,1901.25,29,55136.25,725,0.03,16675,0.60,-7975,-0.29,457712.5,457.71
1181,Exit long,2007-09-04 18:30,S1 Climax,1917.25,13,24820.25,5200,0.42,6175,0.50,-812.5,-0.07,462912.5,462.91
1181,Entry long,2007-09-04 15:00,S1 Trend,1909.25,13,24820.25,5200,0.42,6175,0.50,-812.5,-0.07,462912.5,462.91
1182,Exit long,2007-09-04 19:00,S1 Climax,1917.5,9,17183.25,3712.5,0.43,4275,0.50,-562.5,-0.07,466625,466.63
1182,Entry long,2007-09-04 15:00,S1 Trend,1909.25,9,17183.25,3712.5,0.43,4275,0.50,-562.5,-0.07,466625,466.63
1183,Exit long,2007-09-04 19:30,S1 Climax,1918.5,6,11455.5,2775,0.48,3150,0.55,-375,-0.07,469400,469.40
1183,Entry long,2007-09-04 15:00,S1 Trend,1909.25,6,11455.5,2775,0.48,3150,0.55,-375,-0.07,469400,469.40
1184,Exit long,2007-09-04 20:00,S1 Climax,1921.75,4,7637,2500,0.65,2550,0.67,-250,-0.07,471900,471.90
1184,Entry long,2007-09-04 15:00,S1 Trend,1909.25,4,7637,2500,0.65,2550,0.67,-250,-0.07,471900,471.90
1185,Exit long,2007-09-04 20:30,S1 Climax,1926.25,3,5727.75,2550,0.89,2587.5,0.90,-187.5,-0.07,474450,474.45
1185,Entry long,2007-09-04 15:00,S1 Trend,1909.25,3,5727.75,2550,0.89,2587.5,0.90,-187.5,-0.07,474450,474.45
1186,Exit long,2007-09-04 21:00,EOD,1919.75,9,17183.25,4725,0.55,8100,0.94,-562.5,-0.07,479175,479.18
1186,Entry long,2007-09-04 15:00,S1 Trend,1909.25,9,17183.25,4725,0.55,8100,0.94,-562.5,-0.07,479175,479.18
1187,Exit long,2007-09-06 21:00,EOD,1909,30,57240,1500,0.05,6750,0.24,-6000,-0.21,480675,480.68
1187,Entry long,2007-09-06 17:00,S1 Trend,1908,30,57240,1500,0.05,6750,0.24,-6000,-0.21,480675,480.68
1188,Exit long,2007-09-11 21:00,EOD,1901.5,43,81334.5,21500,0.53,23650,0.58,-5912.5,-0.15,502175,502.18
1188,Entry long,2007-09-11 15:00,S1 Trend,1891.5,43,81334.5,21500,0.53,23650,0.58,-5912.5,-0.15,502175,502.18
1189,Exit long,2007-09-12 21:00,EOD,1901,45,85590,-2250,-0.05,16312.5,0.38,-6750,-0.16,499925,499.93
1189,Entry long,2007-09-12 15:30,S1 Trend,1902,45,85590,-2250,-0.05,16312.5,0.38,-6750,-0.16,499925,499.93
1190,Exit long,2007-09-13 20:30,S1 Trail,1910.5,46,87906,-1150,-0.03,18400,0.42,-1150,-0.03,498775,498.78
1190,Entry long,2007-09-13 15:30,S1 Trend,1911,46,87906,-1150,-0.03,18400,0.42,-1150,-0.03,498775,498.78
1191,Exit long,2007-09-14 21:00,EOD,1913,42,80209.5,6825,0.17,11025,0.27,-5775,-0.14,505600,505.60
1191,Entry long,2007-09-14 15:30,S1 Trend,1909.75,42,80209.5,6825,0.17,11025,0.27,-5775,-0.14,505600,505.60
1192,Exit long,2007-09-18 19:30,S1 Climax,1930.25,12,22989,8700,0.76,14700,1.28,-2700,-0.23,514300,514.30
1192,Entry long,2007-09-18 16:00,S1 Trend,1915.75,12,22989,8700,0.76,14700,1.28,-2700,-0.23,514300,514.30
1193,Exit long,2007-09-18 20:00,S1 Climax,1937.75,8,15326,8800,1.15,10400,1.36,-1800,-0.23,523100,523.10
1193,Entry long,2007-09-18 16:00,S1 Trend,1915.75,8,15326,8800,1.15,10400,1.36,-1800,-0.23,523100,523.10
1194,Exit long,2007-09-18 20:30,S1 Climax,1944.75,6,11494.5,8700,1.51,8775,1.53,-1350,-0.23,531800,531.80
1194,Entry long,2007-09-18 16:00,S1 Trend,1915.75,6,11494.5,8700,1.51,8775,1.53,-1350,-0.23,531800,531.80
1195,Exit long,2007-09-18 21:00,EOD,1948.5,15,28736.25,24562.5,1.71,25312.5,1.76,-3375,-0.23,556362.5,556.36
1195,Entry long,2007-09-18 16:00,S1 Trend,1915.75,15,28736.25,24562.5,1.71,25312.5,1.76,-3375,-0.23,556362.5,556.36
1196,Exit long,2007-09-19 16:30,S1 Climax,1964.5,13,25493,2275,0.18,4062.5,0.32,-975,-0.08,558637.5,558.64
1196,Entry long,2007-09-19 15:00,S1 Trend,1961,13,25493,2275,0.18,4062.5,0.32,-975,-0.08,558637.5,558.64
1197,Exit long,2007-09-19 18:00,S1 Trail,1957.75,31,60791,-5037.5,-0.17,9687.5,0.32,-5037.5,-0.17,553600,553.60
1197,Entry long,2007-09-19 15:00,S1 Trend,1961,31,60791,-5037.5,-0.17,9687.5,0.32,-5037.5,-0.17,553600,553.60
1198,Exit long,2007-09-20 19:30,S1 Trail,1947.5,46,89895.5,-15525,-0.35,5175,0.12,-15525,-0.35,538075,538.08
1198,Entry long,2007-09-20 15:30,S1 Trend,1954.25,46,89895.5,-15525,-0.35,5175,0.12,-15525,-0.35,538075,538.08
1199,Exit long,2007-09-26 20:00,S2 FairVal,1950.5,46,89631,4600,0.10,4600,0.10,-2875,-0.06,542675,542.68
1199,Entry long,2007-09-26 19:30,S2 VWAP,1948.5,46,89631,4600,0.10,4600,0.10,-2875,-0.06,542675,542.68
1200,Exit long,2007-10-01 17:30,S1 Climax,1969.75,15,29437.5,5437.5,0.37,6187.5,0.42,-562.5,-0.04,548112.5,548.11
1200,Entry long,2007-10-01 15:30,S1 Trend,1962.5,15,29437.5,5437.5,0.37,6187.5,0.42,-562.5,-0.04,548112.5,548.11
1201,Exit long,2007-10-01 20:00,S1 Climax,1974.5,10,19625,6000,0.61,6500,0.66,-375,-0.04,554112.5,554.11
1201,Entry long,2007-10-01 15:30,S1 Trend,1962.5,10,19625,6000,0.61,6500,0.66,-375,-0.04,554112.5,554.11
1202,Exit long,2007-10-01 21:00,EOD,1974,25,49062.5,14375,0.59,17187.5,0.70,-937.5,-0.04,568487.5,568.49
1202,Entry long,2007-10-01 15:30,S1 Trend,1962.5,25,49062.5,14375,0.59,17187.5,0.70,-937.5,-0.04,568487.5,568.49
1203,Exit long,2007-10-05 20:00,S1 Climax,1987.75,15,29805,562.5,0.04,1125,0.08,-750,-0.05,569050,569.05
1203,Entry long,2007-10-05 19:30,S1 Trend,1987,15,29805,562.5,0.04,1125,0.08,-750,-0.05,569050,569.05
1204,Exit long,2007-10-05 21:00,EOD,1983.5,35,69545,-6125,-0.18,3062.5,0.09,-8312.5,-0.24,562925,562.92
1204,Entry long,2007-10-05 19:30,S1 Trend,1987,35,69545,-6125,-0.18,3062.5,0.09,-8312.5,-0.24,562925,562.92
1205,Exit long,2007-10-12 21:00,EOD,1986.75,50,99262.5,3750,0.08,8750,0.18,-7500,-0.15,566675,566.68
1205,Entry long,2007-10-12 15:30,S1 Trend,1985.25,50,99262.5,3750,0.08,8750,0.18,-7500,-0.15,566675,566.68
1206,Exit short,2007-10-19 21:00,EOD,1923.25,28,54103,12600,0.47,14000,0.52,-3500,-0.13,579275,579.28
1206,Entry short,2007-10-19 20:00,S3 Hedge,1932.25,28,54103,12600,0.47,14000,0.52,-3500,-0.13,579275,579.28
1207,Exit long,2007-10-24 15:30,S1 Trail,1926,48,92892,-22200,-0.48,600,0.01,-22200,-0.48,557075,557.08
1207,Entry long,2007-10-24 15:00,S1 Trend,1935.25,48,92892,-22200,-0.48,600,0.01,-22200,-0.48,557075,557.08
1208,Exit long,2007-10-25 17:00,S1 Trail,1930.75,33,64110.75,-19800,-0.62,412.5,0.01,-19800,-0.62,537275,537.28
1208,Entry long,2007-10-25 15:30,S1 Trend,1942.75,33,64110.75,-19800,-0.62,412.5,0.01,-19800,-0.62,537275,537.28
1209,Exit long,2007-10-26 21:00,EOD,1956.75,34,66249,14025,0.42,14875,0.45,-12750,-0.38,551300,551.30
1209,Entry long,2007-10-26 15:00,S1 Trend,1948.5,34,66249,14025,0.42,14875,0.45,-12750,-0.38,551300,551.30
1210,Exit long,2007-10-29 16:00,S2 FairVal,1961.5,51,99998.25,1912.5,0.04,3187.5,0.06,-4462.5,-0.09,553212.5,553.21
1210,Entry long,2007-10-29 15:30,S2 VWAP,1960.75,51,99998.25,1912.5,0.04,3187.5,0.06,-4462.5,-0.09,553212.5,553.21
1211,Exit long,2007-10-30 19:30,S1 Trail,1950.75,51,99807,-15937.5,-0.32,4462.5,0.09,-15937.5,-0.32,537275,537.28
1211,Entry long,2007-10-30 18:30,S1 Trend,1957,51,99807,-15937.5,-0.32,4462.5,0.09,-15937.5,-0.32,537275,537.28
1212,Exit long,2007-10-31 20:00,EOD,1969.5,29,57144.5,-1450,-0.05,1812.5,0.06,-13050,-0.46,535825,535.83
1212,Entry long,2007-10-31 19:00,S1 Trend,1970.5,29,57144.5,-1450,-0.05,1812.5,0.06,-13050,-0.46,535825,535.83
1213,Exit short,2007-11-06 16:30,S3 Scalp,1926.5,41,78791.75,-9737.5,-0.25,2050,0.05,-9737.5,-0.25,526087.5,526.09
1213,Entry short,2007-11-06 16:00,S3 Hedge,1921.75,41,78791.75,-9737.5,-0.25,2050,0.05,-9737.5,-0.25,526087.5,526.09
1214,Exit long,2007-11-06 21:00,EOD,1941.25,35,67550,19687.5,0.58,19687.5,0.58,-3062.5,-0.09,545775,545.78
1214,Entry long,2007-11-06 19:00,S1 Trend,1930,35,67550,19687.5,0.58,19687.5,0.58,-3062.5,-0.09,545775,545.78
1215,Exit short,2007-11-07 20:30,S3 Scalp,1894.75,26,49770.5,25350,1.02,25350,1.02,-4550,-0.18,571125,571.13
1215,Entry short,2007-11-07 18:00,S3 Hedge,1914.25,26,49770.5,25350,1.02,25350,1.02,-4550,-0.18,571125,571.13
1216,Exit long,2007-11-13 21:00,EOD,1900,36,67581,40950,1.21,43650,1.29,-10350,-0.31,612075,612.08
1216,Entry long,2007-11-13 15:30,S1 Trend,1877.25,36,67581,40950,1.21,43650,1.29,-10350,-0.31,612075,612.08
1217,Exit long,2007-11-20 17:00,S1 Trail,1856.75,29,54215.5,-18487.5,-0.68,3262.5,0.12,-18487.5,-0.68,593587.5,593.59
1217,Entry long,2007-11-20 16:00,S1 Trend,1869.5,29,54215.5,-18487.5,-0.68,3262.5,0.12,-18487.5,-0.68,593587.5,593.59
1218,Exit short,2007-11-21 17:00,S3 Scalp,1844.5,28,51429,-10850,-0.42,4900,0.19,-10850,-0.42,582737.5,582.74
1218,Entry short,2007-11-21 16:00,S3 Hedge,1836.75,28,51429,-10850,-0.42,4900,0.19,-10850,-0.42,582737.5,582.74
1219,Exit long,2007-11-26 01:00,S1 Climax,1862.75,14,25858,11025,0.85,11200,0.87,-525,-0.04,593762.5,593.76
1219,Entry long,2007-11-23 15:30,S1 Trend,1847,14,25858,11025,0.85,11200,0.87,-525,-0.04,593762.5,593.76
1220,Exit long,2007-11-26 02:00,S1 Climax,1864.75,10,18470,8875,0.96,9125,0.99,-375,-0.04,602637.5,602.64
1220,Entry long,2007-11-23 15:30,S1 Trend,1847,10,18470,8875,0.96,9125,0.99,-375,-0.04,602637.5,602.64
1221,Exit long,2007-11-26 02:30,S1 Climax,1864.75,7,12929,6212.5,0.96,6737.5,1.04,-262.5,-0.04,608850,608.85
1221,Entry long,2007-11-23 15:30,S1 Trend,1847,7,12929,6212.5,0.96,6737.5,1.04,-262.5,-0.04,608850,608.85
1222,Exit long,2007-11-26 03:00,S1 Climax,1864.75,5,9235,4437.5,0.96,4812.5,1.04,-187.5,-0.04,613287.5,613.29
1222,Entry long,2007-11-23 15:30,S1 Trend,1847,5,9235,4437.5,0.96,4812.5,1.04,-187.5,-0.04,613287.5,613.29
1223,Exit long,2007-11-26 03:30,S1 Climax,1865,3,5541,2700,0.97,2887.5,1.04,-112.5,-0.04,615987.5,615.99
1223,Entry long,2007-11-23 15:30,S1 Trend,1847,3,5541,2700,0.97,2887.5,1.04,-112.5,-0.04,615987.5,615.99
1224,Exit long,2007-11-26 04:00,S1 Climax,1865.75,2,3694,1875,1.02,1925,1.04,-75,-0.04,617862.5,617.86
1224,Entry long,2007-11-23 15:30,S1 Trend,1847,2,3694,1875,1.02,1925,1.04,-75,-0.04,617862.5,617.86
1225,Exit long,2007-11-26 04:30,S1 Climax,1868.5,2,3694,2150,1.16,2250,1.22,-75,-0.04,620012.5,620.01
1225,Entry long,2007-11-23 15:30,S1 Trend,1847,2,3694,2150,1.16,2250,1.22,-75,-0.04,620012.5,620.01
1226,Exit long,2007-11-26 05:00,S1 Climax,1869,1,1847,1100,1.19,1125,1.22,-37.5,-0.04,621112.5,621.11
1226,Entry long,2007-11-23 15:30,S1 Trend,1847,1,1847,1100,1.19,1125,1.22,-37.5,-0.04,621112.5,621.11
1227,Exit long,2007-11-26 05:30,S1 Climax,1868.5,1,1847,1075,1.16,1125,1.22,-37.5,-0.04,622187.5,622.19
1227,Entry long,2007-11-23 15:30,S1 Trend,1847,1,1847,1075,1.16,1125,1.22,-37.5,-0.04,622187.5,622.19
1228,Exit long,2007-11-26 12:00,S1 Trail,1861.75,3,5541,2212.5,0.80,3375,1.22,-112.5,-0.04,624400,624.40
1228,Entry long,2007-11-23 15:30,S1 Trend,1847,3,5541,2212.5,0.80,3375,1.22,-112.5,-0.04,624400,624.40
1229,Exit short,2007-11-26 17:30,S3 Scalp,1856.75,35,64750,-11812.5,-0.36,4375,0.14,-11812.5,-0.36,612587.5,612.59
1229,Entry short,2007-11-26 16:00,S3 Hedge,1850,35,64750,-11812.5,-0.36,4375,0.14,-11812.5,-0.36,612587.5,612.59
1230,Exit short,2007-11-26 20:30,S3 Scalp,1827,28,51611,22750,0.88,22750,0.88,0,0.00,635337.5,635.34
1230,Entry short,2007-11-26 20:00,S3 Hedge,1843.25,28,51611,22750,0.88,22750,0.88,0,0.00,635337.5,635.34
1231,Exit long,2007-11-28 16:00,S1 Climax,1874.25,9,16800.75,3375,0.40,4500,0.54,-1800,-0.21,638712.5,638.71
1231,Entry long,2007-11-28 15:00,S1 Trend,1866.75,9,16800.75,3375,0.40,4500,0.54,-1800,-0.21,638712.5,638.71
1232,Exit long,2007-11-28 17:00,S1 Climax,1874.25,7,13067.25,2625,0.40,3500,0.54,-1400,-0.21,641337.5,641.34
1232,Entry long,2007-11-28 15:00,S1 Trend,1866.75,7,13067.25,2625,0.40,3500,0.54,-1400,-0.21,641337.5,641.34
1233,Exit long,2007-11-28 17:30,S1 Climax,1876.75,5,9333.75,2500,0.54,2750,0.59,-1000,-0.21,643837.5,643.84
1233,Entry long,2007-11-28 15:00,S1 Trend,1866.75,5,9333.75,2500,0.54,2750,0.59,-1000,-0.21,643837.5,643.84
1234,Exit long,2007-11-28 18:30,S1 Climax,1879.75,3,5600.25,1950,0.70,2062.5,0.74,-600,-0.21,645787.5,645.79
1234,Entry long,2007-11-28 15:00,S1 Trend,1866.75,3,5600.25,1950,0.70,2062.5,0.74,-600,-0.21,645787.5,645.79
1235,Exit long,2007-11-28 19:00,S1 Climax,1883,2,3733.5,1625,0.87,1800,0.96,-400,-0.21,647412.5,647.41
1235,Entry long,2007-11-28 15:00,S1 Trend,1866.75,2,3733.5,1625,0.87,1800,0.96,-400,-0.21,647412.5,647.41
1236,Exit long,2007-11-28 19:30,S1 Climax,1884,2,3733.5,1725,0.92,2025,1.08,-400,-0.21,649137.5,649.14
1236,Entry long,2007-11-28 15:00,S1 Trend,1866.75,2,3733.5,1725,0.92,2025,1.08,-400,-0.21,649137.5,649.14
1237,Exit long,2007-11-28 20:00,S1 Climax,1884.25,1,1866.75,875,0.94,1012.5,1.08,-200,-0.21,650012.5,650.01
1237,Entry long,2007-11-28 15:00,S1 Trend,1866.75,1,1866.75,875,0.94,1012.5,1.08,-200,-0.21,650012.5,650.01
1238,Exit long,2007-11-28 20:30,S1 Climax,1888.75,1,1866.75,1100,1.18,1175,1.26,-200,-0.21,651112.5,651.11
1238,Entry long,2007-11-28 15:00,S1 Trend,1866.75,1,1866.75,1100,1.18,1175,1.26,-200,-0.21,651112.5,651.11
1239,Exit long,2007-11-28 21:00,EOD,1888,3,5600.25,3187.5,1.14,3525,1.26,-600,-0.21,654300,654.30
1239,Entry long,2007-11-28 15:00,S1 Trend,1866.75,3,5600.25,3187.5,1.14,3525,1.26,-600,-0.21,654300,654.30
1240,Exit long,2007-11-29 18:30,S1 Trail,1879.5,37,69763.5,-11100,-0.32,12487.5,0.36,-11100,-0.32,643200,643.20
1240,Entry long,2007-11-29 16:30,S1 Trend,1885.5,37,69763.5,-11100,-0.32,12487.5,0.36,-11100,-0.32,643200,643.20
1241,Exit long,2007-11-30 16:00,S1 Trail,1894.25,39,74236.5,-18037.5,-0.49,5362.5,0.14,-18037.5,-0.49,625162.5,625.16
1241,Entry long,2007-11-30 15:00,S1 Trend,1903.5,39,74236.5,-18037.5,-0.49,5362.5,0.14,-18037.5,-0.49,625162.5,625.16
1242,Exit long,2007-12-05 17:00,S1 Climax,1903,15,28417.5,6375,0.45,7125,0.50,-937.5,-0.07,631537.5,631.54
1242,Entry long,2007-12-05 15:30,S1 Trend,1894.5,15,28417.5,6375,0.45,7125,0.50,-937.5,-0.07,631537.5,631.54
1243,Exit long,2007-12-05 19:00,S1 Trail,1894.5,38,71991,0,0.00,18525,0.51,-2375,-0.07,631537.5,631.54
1243,Entry long,2007-12-05 15:30,S1 Trend,1894.5,38,71991,0,0.00,18525,0.51,-2375,-0.07,631537.5,631.54
1244,Exit long,2007-12-06 21:00,EOD,1924.75,42,80178,33075,0.83,35700,0.89,-2625,-0.07,664612.5,664.61
1244,Entry long,2007-12-06 17:30,S1 Trend,1909,42,80178,33075,0.83,35700,0.89,-2625,-0.07,664612.5,664.61
1245,Exit long,2007-12-10 21:00,EOD,1934,53,102369.5,6625,0.13,11925,0.23,-9275,-0.18,671237.5,671.24
1245,Entry long,2007-12-10 15:30,S1 Trend,1931.5,53,102369.5,6625,0.13,11925,0.23,-9275,-0.18,671237.5,671.24
1246,Exit long,2007-12-11 19:30,S1 Trail,1915,58,112476.5,-70325,-1.25,8700,0.15,-85550,-1.52,600912.5,600.91
1246,Entry long,2007-12-11 19:00,S1 Trend,1939.25,58,112476.5,-70325,-1.25,8700,0.15,-85550,-1.52,600912.5,600.91
1247,Exit short,2007-12-17 21:00,EOD,1861.75,35,65467.5,15312.5,0.47,17062.5,0.52,-2625,-0.08,616225,616.23
1247,Entry short,2007-12-17 18:30,S3 Hedge,1870.5,35,65467.5,15312.5,0.47,17062.5,0.52,-2625,-0.08,616225,616.23
1248,Exit long,2007-12-19 16:00,S1 Trail,1868.5,36,67536,-13500,-0.40,8100,0.24,-13500,-0.40,602725,602.73
1248,Entry long,2007-12-19 15:30,S1 Trend,1876,36,67536,-13500,-0.40,8100,0.24,-13500,-0.40,602725,602.73
1249,Exit long,2007-12-21 21:00,EOD,1901.75,51,96479.25,25500,0.53,28687.5,0.59,-637.5,-0.01,628225,628.23
1249,Entry long,2007-12-21 15:00,S1 Trend,1891.75,51,96479.25,25500,0.53,28687.5,0.59,-637.5,-0.01,628225,628.23
1250,Exit long,2007-12-26 21:00,EOD,1913,57,108927,5700,0.10,12825,0.24,-2137.5,-0.04,633925,633.92
1250,Entry long,2007-12-26 18:30,S1 Trend,1911,57,108927,5700,0.10,12825,0.24,-2137.5,-0.04,633925,633.92
1251,Exit short,2008-01-04 21:00,EOD,1822.75,30,54817.5,6750,0.25,6750,0.25,-6750,-0.25,640675,640.67
1251,Entry short,2008-01-04 19:30,S3 Hedge,1827.25,30,54817.5,6750,0.25,6750,0.25,-6750,-0.25,640675,640.67
1252,Exit long,2008-01-10 21:00,EOD,1831.25,25,45637.5,7187.5,0.31,19687.5,0.86,-16250,-0.71,647862.5,647.86
1252,Entry long,2008-01-10 17:30,S1 Trend,1825.5,25,45637.5,7187.5,0.31,19687.5,0.86,-16250,-0.71,647862.5,647.86
1253,Exit long,2008-01-11 18:00,S1 Trail,1814.25,32,58336,-14000,-0.48,8800,0.30,-14000,-0.48,633862.5,633.86
1253,Entry long,2008-01-11 16:00,S1 Trend,1823,32,58336,-14000,-0.48,8800,0.30,-14000,-0.48,633862.5,633.86
1254,Exit long,2008-01-14 21:00,EOD,1827,35,63778.75,8312.5,0.26,12687.5,0.40,-9187.5,-0.29,642175,642.18
1254,Entry long,2008-01-14 16:30,S1 Trend,1822.25,35,63778.75,8312.5,0.26,12687.5,0.40,-9187.5,-0.29,642175,642.18
1255,Exit long,2008-01-22 21:00,EOD,1718.25,10,17152.5,1500,0.17,7375,0.86,-4375,-0.51,643675,643.67
1255,Entry long,2008-01-22 16:30,S1 Trend,1715.25,10,17152.5,1500,0.17,7375,0.86,-4375,-0.51,643675,643.67
1256,Exit long,2008-01-24 21:00,EOD,1757.75,18,31459.5,9000,0.57,13050,0.83,-4275,-0.27,652675,652.67
1256,Entry long,2008-01-24 15:30,S1 Trend,1747.75,18,31459.5,9000,0.57,13050,0.83,-4275,-0.27,652675,652.67
1257,Exit long,2008-01-25 15:30,S1 Trail,1756,33,58368.75,-21037.5,-0.72,2062.5,0.07,-21037.5,-0.72,631637.5,631.64
1257,Entry long,2008-01-25 15:00,S1 Trend,1768.75,33,58368.75,-21037.5,-0.72,2062.5,0.07,-21037.5,-0.72,631637.5,631.64
1258,Exit long,2008-01-25 18:30,S2 FairVal,1741.5,28,49098,-16800,-0.68,11550,0.47,-16800,-0.68,614837.5,614.84
1258,Entry long,2008-01-25 16:30,S2 VWAP,1753.5,28,49098,-16800,-0.68,11550,0.47,-16800,-0.68,614837.5,614.84
1259,Exit long,2008-01-28 21:00,EOD,1761.25,23,40048.75,23000,1.15,23000,1.15,-3162.5,-0.16,637837.5,637.84
1259,Entry long,2008-01-28 15:30,S1 Trend,1741.25,23,40048.75,23000,1.15,23000,1.15,-3162.5,-0.16,637837.5,637.84
1260,Exit long,2008-01-30 20:30,S1 Trail,1773,29,51649,-11600,-0.45,16675,0.65,-14500,-0.56,626237.5,626.24
1260,Entry long,2008-01-30 19:30,S1 Trend,1781,29,51649,-11600,-0.45,16675,0.65,-14500,-0.56,626237.5,626.24
1261,Exit long,2008-01-31 21:00,EOD,1779.5,23,40439.75,24437.5,1.21,39100,1.93,-4887.5,-0.24,650675,650.68
1261,Entry long,2008-01-31 16:00,S1 Trend,1758.25,23,40439.75,24437.5,1.21,39100,1.93,-4887.5,-0.24,650675,650.68
1262,Exit short,2008-02-05 21:00,EOD,1743.25,26,45519.5,9750,0.43,10725,0.47,-8775,-0.39,660425,660.43
1262,Entry short,2008-02-05 19:00,S3 Hedge,1750.75,26,45519.5,9750,0.43,10725,0.47,-8775,-0.39,660425,660.43
1263,Exit long,2008-02-07 20:00,S1 Trail,1731.75,22,38505.5,-20350,-1.06,3575,0.19,-20350,-1.06,640075,640.08
1263,Entry long,2008-02-07 19:00,S1 Trend,1750.25,22,38505.5,-20350,-1.06,3575,0.19,-20350,-1.06,640075,640.08
1264,Exit long,2008-02-11 21:00,EOD,1744,29,50576,0,0.00,5075,0.20,-6525,-0.26,640075,640.08
1264,Entry long,2008-02-11 18:00,S1 Trend,1744,29,50576,0,0.00,5075,0.20,-6525,-0.26,640075,640.08
1265,Exit long,2008-02-12 16:00,S1 Climax,1767,11,19321.5,5775,0.60,6187.5,0.64,-137.5,-0.01,645850,645.85
1265,Entry long,2008-02-12 15:00,S1 Trend,1756.5,11,19321.5,5775,0.60,6187.5,0.64,-137.5,-0.01,645850,645.85
1266,Exit long,2008-02-12 20:00,S1 Trail,1755.25,26,45669,-1625,-0.07,15600,0.68,-1625,-0.07,644225,644.22
1266,Entry long,2008-02-12 15:00,S1 Trend,1756.5,26,45669,-1625,-0.07,15600,0.68,-1625,-0.07,644225,644.22
1267,Exit long,2008-02-13 21:00,EOD,1771.5,36,63441,16650,0.52,23850,0.75,-10800,-0.34,660875,660.88
1267,Entry long,2008-02-13 15:00,S1 Trend,1762.25,36,63441,16650,0.52,23850,0.75,-10800,-0.34,660875,660.88
1268,Exit short,2008-02-14 21:00,EOD,1754.25,35,61556.25,7875,0.26,11375,0.37,-8312.5,-0.27,668750,668.75
1268,Entry short,2008-02-14 18:30,S3 Hedge,1758.75,35,61556.25,7875,0.26,11375,0.37,-8312.5,-0.27,668750,668.75
1269,Exit long,2008-02-19 08:30,S1 Trail,1765,64,112928,1600,0.03,28800,0.51,0,0.00,670350,670.35
1269,Entry long,2008-02-18 15:00,S1 Trend,1764.5,64,112928,1600,0.03,28800,0.51,0,0.00,670350,670.35
1270,Exit long,2008-02-20 21:00,EOD,1765,27,47472.75,9112.5,0.38,15525,0.65,-1687.5,-0.07,679462.5,679.46
1270,Entry long,2008-02-20 19:30,S1 Trend,1758.25,27,47472.75,9112.5,0.38,15525,0.65,-1687.5,-0.07,679462.5,679.46
1271,Exit long,2008-02-21 15:30,S1 Trail,1760.25,48,84972,-24000,-0.56,1200,0.03,-24000,-0.56,655462.5,655.46
1271,Entry long,2008-02-21 15:00,S1 Trend,1770.25,48,84972,-24000,-0.56,1200,0.03,-24000,-0.56,655462.5,655.46
1272,Exit long,2008-02-21 18:00,S2 FairVal,1753.25,38,66946.5,-16150,-0.48,6650,0.20,-16150,-0.48,639312.5,639.31
1272,Entry long,2008-02-21 16:30,S2 VWAP,1761.75,38,66946.5,-16150,-0.48,6650,0.20,-16150,-0.48,639312.5,639.31
1273,Exit long,2008-02-25 18:30,S1 Trail,1756,35,61880,-21000,-0.68,875,0.03,-21000,-0.68,618312.5,618.31
1273,Entry long,2008-02-25 16:00,S1 Trend,1768,35,61880,-21000,-0.68,875,0.03,-21000,-0.68,618312.5,618.31
1274,Exit long,2008-02-25 21:00,EOD,1776.75,26,46117.5,3900,0.17,8775,0.38,-14300,-0.62,622212.5,622.21
1274,Entry long,2008-02-25 19:30,S1 Trend,1773.75,26,46117.5,3900,0.17,8775,0.38,-14300,-0.62,622212.5,622.21
1275,Exit long,2008-02-26 21:00,EOD,1786.75,35,62265,13562.5,0.44,25375,0.82,-875,-0.03,635775,635.78
1275,Entry long,2008-02-26 16:30,S1 Trend,1779,35,62265,13562.5,0.44,25375,0.82,-875,-0.03,635775,635.78
1276,Exit long,2008-02-27 19:00,S1 Trail,1780.25,32,57280,-15600,-0.54,6800,0.24,-15600,-0.54,620175,620.17
1276,Entry long,2008-02-27 16:00,S1 Trend,1790,32,57280,-15600,-0.54,6800,0.24,-15600,-0.54,620175,620.17
1277,Exit short,2008-02-29 20:30,S3 Scalp,1736,35,61232.5,23625,0.77,23625,0.77,-5250,-0.17,643800,643.80
1277,Entry short,2008-02-29 15:30,S3 Hedge,1749.5,35,61232.5,23625,0.77,23625,0.77,-5250,-0.17,643800,643.80
1278,Exit long,2008-03-05 18:00,S1 Trail,1736.25,38,66243.5,-13300,-0.40,12825,0.39,-13300,-0.40,630500,630.50
1278,Entry long,2008-03-05 15:30,S1 Trend,1743.25,38,66243.5,-13300,-0.40,12825,0.39,-13300,-0.40,630500,630.50
1279,Exit short,2008-03-05 19:30,S3 Scalp,1738.25,27,46703.25,-11475,-0.49,4387.5,0.19,-11475,-0.49,619025,619.03
1279,Entry short,2008-03-05 19:00,S3 Hedge,1729.75,27,46703.25,-11475,-0.49,4387.5,0.19,-11475,-0.49,619025,619.03
1280,Exit short,2008-03-06 21:00,EOD,1710.25,30,51607.5,15000,0.58,17625,0.68,-6000,-0.23,634025,634.03
1280,Entry short,2008-03-06 17:30,S3 Hedge,1720.25,30,51607.5,15000,0.58,17625,0.68,-6000,-0.23,634025,634.03
1281,Exit long,2008-03-11 20:00,EOD,1725.75,22,37719,12375,0.66,13200,0.70,-2475,-0.13,646400,646.40
1281,Entry long,2008-03-11 19:00,S1 Trend,1714.5,22,37719,12375,0.66,13200,0.70,-2475,-0.13,646400,646.40
1282,Exit long,2008-03-12 17:30,S1 Trail,1722.75,33,57279.75,-21450,-0.75,1237.5,0.04,-21450,-0.75,624950,624.95
1282,Entry long,2008-03-12 15:30,S1 Trend,1735.75,33,57279.75,-21450,-0.75,1237.5,0.04,-21450,-0.75,624950,624.95
1283,Exit long,2008-03-13 20:00,EOD,1720.75,21,36104.25,1575,0.09,8662.5,0.48,-3412.5,-0.19,626525,626.53
1283,Entry long,2008-03-13 17:30,S1 Trend,1719.25,21,36104.25,1575,0.09,8662.5,0.48,-3412.5,-0.19,626525,626.53
1284,Exit long,2008-03-18 15:00,S1 Climax,1713,10,17082.5,2375,0.28,2625,0.31,-875,-0.10,628900,628.90
1284,Entry long,2008-03-18 14:00,S1 Trend,1708.25,10,17082.5,2375,0.28,2625,0.31,-875,-0.10,628900,628.90
1285,Exit long,2008-03-18 15:30,S1 Climax,1715,7,11957.75,2362.5,0.40,2537.5,0.42,-612.5,-0.10,631262.5,631.26
1285,Entry long,2008-03-18 14:00,S1 Trend,1708.25,7,11957.75,2362.5,0.40,2537.5,0.42,-612.5,-0.10,631262.5,631.26
1286,Exit long,2008-03-18 17:00,S1 Climax,1717.5,5,8541.25,2312.5,0.54,2625,0.61,-437.5,-0.10,633575,633.58
1286,Entry long,2008-03-18 14:00,S1 Trend,1708.25,5,8541.25,2312.5,0.54,2625,0.61,-437.5,-0.10,633575,633.58
1287,Exit long,2008-03-18 17:30,S1 Climax,1719.5,3,5124.75,1687.5,0.66,1950,0.76,-262.5,-0.10,635262.5,635.26
1287,Entry long,2008-03-18 14:00,S1 Trend,1708.25,3,5124.75,1687.5,0.66,1950,0.76,-262.5,-0.10,635262.5,635.26
1288,Exit long,2008-03-18 18:00,S1 Climax,1719.75,2,3416.5,1150,0.67,1325,0.78,-175,-0.10,636412.5,636.41
1288,Entry long,2008-03-18 14:00,S1 Trend,1708.25,2,3416.5,1150,0.67,1325,0.78,-175,-0.10,636412.5,636.41
1289,Exit long,2008-03-18 18:00,S1 Trail,1708.75,7,11957.75,175,0.03,4637.5,0.78,-612.5,-0.10,636587.5,636.59
1289,Entry long,2008-03-18 14:00,S1 Trend,1708.25,7,11957.75,175,0.03,4637.5,0.78,-612.5,-0.10,636587.5,636.59
1290,Exit long,2008-03-18 20:00,EOD,1734.5,21,36240.75,9187.5,0.51,9712.5,0.54,-5512.5,-0.30,645775,645.78
1290,Entry long,2008-03-18 19:00,S1 Trend,1725.75,21,36240.75,9187.5,0.51,9712.5,0.54,-5512.5,-0.30,645775,645.78
1291,Exit long,2008-03-19 16:30,S1 Trail,1727.25,31,53878,-16662.5,-0.62,7362.5,0.27,-16662.5,-0.62,629112.5,629.11
1291,Entry long,2008-03-19 14:00,S1 Trend,1738,31,53878,-16662.5,-0.62,7362.5,0.27,-16662.5,-0.62,629112.5,629.11
1292,Exit long,2008-03-19 19:30,S2 FairVal,1706,22,37840,-15400,-0.81,4950,0.26,-15400,-0.81,613712.5,613.71
1292,Entry long,2008-03-19 19:00,S2 VWAP,1720,22,37840,-15400,-0.81,4950,0.26,-15400,-0.81,613712.5,613.71
1293,Exit long,2008-03-20 20:00,EOD,1734.25,28,47978,29050,1.21,31500,1.31,-5250,-0.22,642762.5,642.76
1293,Entry long,2008-03-20 14:30,S1 Trend,1713.5,28,47978,29050,1.21,31500,1.31,-5250,-0.22,642762.5,642.76
1294,Exit long,2008-03-24 16:30,S1 Climax,1760.75,12,20991,6900,0.66,7650,0.73,-150,-0.01,649662.5,649.66
1294,Entry long,2008-03-24 14:00,S1 Trend,1749.25,12,20991,6900,0.66,7650,0.73,-150,-0.01,649662.5,649.66
1295,Exit long,2008-03-24 17:00,S1 Climax,1761.75,9,15743.25,5625,0.71,7087.5,0.90,-112.5,-0.01,655287.5,655.29
1295,Entry long,2008-03-24 14:00,S1 Trend,1749.25,9,15743.25,5625,0.71,7087.5,0.90,-112.5,-0.01,655287.5,655.29
1296,Exit long,2008-03-24 17:30,S1 Climax,1762.5,6,10495.5,3975,0.76,4725,0.90,-75,-0.01,659262.5,659.26
1296,Entry long,2008-03-24 14:00,S1 Trend,1749.25,6,10495.5,3975,0.76,4725,0.90,-75,-0.01,659262.5,659.26
1297,Exit long,2008-03-24 18:00,S1 Climax,1763.5,4,6997,2850,0.81,3150,0.90,-50,-0.01,662112.5,662.11
1297,Entry long,2008-03-24 14:00,S1 Trend,1749.25,4,6997,2850,0.81,3150,0.90,-50,-0.01,662112.5,662.11
1298,Exit long,2008-03-24 19:30,S1 Trail,1752.25,11,19241.75,1650,0.17,8662.5,0.90,-137.5,-0.01,663762.5,663.76
1298,Entry long,2008-03-24 14:00,S1 Trend,1749.25,11,19241.75,1650,0.17,8662.5,0.90,-137.5,-0.01,663762.5,663.76
1299,Exit long,2008-03-25 20:00,EOD,1757.25,34,59891,-7225,-0.24,2125,0.07,-10625,-0.35,656537.5,656.54
1299,Entry long,2008-03-25 18:00,S1 Trend,1761.5,34,59891,-7225,-0.24,2125,0.07,-10625,-0.35,656537.5,656.54
1300,Exit long,2008-03-26 20:00,EOD,1745.25,36,63090,-13050,-0.41,900,0.03,-17550,-0.56,643487.5,643.49
1300,Entry long,2008-03-26 19:00,S1 Trend,1752.5,36,63090,-13050,-0.41,900,0.03,-17550,-0.56,643487.5,643.49
1301,Exit long,2008-04-01 15:30,S1 Climax,1751,12,20964,2400,0.23,4350,0.41,0,0.00,645887.5,645.89
1301,Entry long,2008-04-01 15:00,S1 Trend,1747,12,20964,2400,0.23,4350,0.41,0,0.00,645887.5,645.89
1302,Exit long,2008-04-01 16:00,S1 Climax,1757.25,9,15723,4612.5,0.59,4837.5,0.62,0,0.00,650500,650.50
1302,Entry long,2008-04-01 15:00,S1 Trend,1747,9,15723,4612.5,0.59,4837.5,0.62,0,0.00,650500,650.50
1303,Exit long,2008-04-01 16:30,S1 Climax,1755.25,6,10482,2475,0.47,3375,0.64,0,0.00,652975,652.98
1303,Entry long,2008-04-01 15:00,S1 Trend,1747,6,10482,2475,0.47,3375,0.64,0,0.00,652975,652.98
1304,Exit long,2008-04-01 17:00,S1 Climax,1758.75,4,6988,2350,0.67,2450,0.70,0,0.00,655325,655.33
1304,Entry long,2008-04-01 15:00,S1 Trend,1747,4,6988,2350,0.67,2450,0.70,0,0.00,655325,655.33
1305,Exit long,2008-04-01 17:30,S1 Climax,1763.25,3,5241,2437.5,0.93,2550,0.97,0,0.00,657762.5,657.76
1305,Entry long,2008-04-01 15:00,S1 Trend,1747,3,5241,2437.5,0.93,2550,0.97,0,0.00,657762.5,657.76
1306,Exit long,2008-04-01 18:30,S1 Climax,1765.5,2,3494,1850,1.06,1925,1.10,0,0.00,659612.5,659.61
1306,Entry long,2008-04-01 15:00,S1 Trend,1747,2,3494,1850,1.06,1925,1.10,0,0.00,659612.5,659.61
1307,Exit long,2008-04-01 21:00,EOD,1775.75,6,10482,8625,1.65,8700,1.66,0,0.00,668237.5,668.24
1307,Entry long,2008-04-01 15:00,S1 Trend,1747,6,10482,8625,1.65,8700,1.66,0,0.00,668237.5,668.24
1308,Exit long,2008-04-02 19:30,S1 Trail,1771.25,41,73072.25,-22550,-0.62,2050,0.06,-22550,-0.62,645687.5,645.69
1308,Entry long,2008-04-02 16:00,S1 Trend,1782.25,41,73072.25,-22550,-0.62,2050,0.06,-22550,-0.62,645687.5,645.69
1309,Exit long,2008-04-03 21:00,EOD,1774.25,37,65573.25,3700,0.11,16650,0.51,-3700,-0.11,649387.5,649.39
1309,Entry long,2008-04-03 17:00,S1 Trend,1772.25,37,65573.25,3700,0.11,16650,0.51,-3700,-0.11,649387.5,649.39
1310,Exit long,2008-04-07 19:00,S1 Trail,1783,49,87587.5,-11025,-0.25,12250,0.28,-11025,-0.25,638362.5,638.36
1310,Entry long,2008-04-07 17:00,S1 Trend,1787.5,49,87587.5,-11025,-0.25,12250,0.28,-11025,-0.25,638362.5,638.36
1311,Exit long,2008-04-10 20:30,S1 Trail,1761,39,68932.5,-12675,-0.37,10237.5,0.30,-12675,-0.37,625687.5,625.69
1311,Entry long,2008-04-10 16:00,S1 Trend,1767.5,39,68932.5,-12675,-0.37,10237.5,0.30,-12675,-0.37,625687.5,625.69
1312,Exit short,2008-04-11 21:00,EOD,1738,35,61075,12250,0.40,17062.5,0.56,-5687.5,-0.19,637937.5,637.94
1312,Entry short,2008-04-11 17:30,S3 Hedge,1745,35,61075,12250,0.40,17062.5,0.56,-5687.5,-0.19,637937.5,637.94
1313,Exit long,2008-04-16 21:00,EOD,1767.75,52,91143,39000,0.86,47450,1.04,-5850,-0.13,676937.5,676.94
1313,Entry long,2008-04-16 15:00,S1 Trend,1752.75,52,91143,39000,0.86,47450,1.04,-5850,-0.13,676937.5,676.94
1314,Exit long,2008-04-18 21:00,EOD,1795.75,48,85956,12000,0.28,26400,0.61,-5400,-0.13,688937.5,688.94
1314,Entry long,2008-04-18 15:00,S1 Trend,1790.75,48,85956,12000,0.28,26400,0.61,-5400,-0.13,688937.5,688.94
1315,Exit long,2008-04-23 17:30,S1 Trail,1780.5,44,78738,-19800,-0.50,3850,0.10,-19800,-0.50,669137.5,669.14
1315,Entry long,2008-04-23 16:00,S1 Trend,1789.5,44,78738,-19800,-0.50,3850,0.10,-19800,-0.50,669137.5,669.14
1316,Exit long,2008-04-24 21:00,EOD,1793.25,32,57272,5600,0.20,20800,0.73,-400,-0.01,674737.5,674.74
1316,Entry long,2008-04-24 17:00,S1 Trend,1789.75,32,57272,5600,0.20,20800,0.73,-400,-0.01,674737.5,674.74
1317,Exit long,2008-04-25 17:30,S2 FairVal,1793,37,66267,3700,0.11,3700,0.11,-4162.5,-0.13,678437.5,678.44
1317,Entry long,2008-04-25 17:00,S2 VWAP,1791,37,66267,3700,0.11,3700,0.11,-4162.5,-0.13,678437.5,678.44
1318,Exit long,2008-04-28 21:00,EOD,1801.25,51,92131.5,-13387.5,-0.29,2550,0.06,-19762.5,-0.43,665050,665.05
1318,Entry long,2008-04-28 19:00,S1 Trend,1806.5,51,92131.5,-13387.5,-0.29,2550,0.06,-19762.5,-0.43,665050,665.05
1319,Exit long,2008-04-30 19:30,S1 Trail,1799.75,55,98917.5,3437.5,0.07,33000,0.67,-4812.5,-0.10,668487.5,668.49
1319,Entry long,2008-04-30 15:00,S1 Trend,1798.5,55,98917.5,3437.5,0.07,33000,0.67,-4812.5,-0.10,668487.5,668.49
1320,Exit long,2008-05-01 18:30,S1 Climax,1811,17,30523.5,13175,0.86,15937.5,1.04,-2975,-0.19,681662.5,681.66
1320,Entry long,2008-05-01 15:30,S1 Trend,1795.5,17,30523.5,13175,0.86,15937.5,1.04,-2975,-0.19,681662.5,681.66
1321,Exit long,2008-05-01 21:00,EOD,1813.5,41,73615.5,36900,1.00,39462.5,1.07,-7175,-0.19,718562.5,718.56
1321,Entry long,2008-05-01 15:30,S1 Trend,1795.5,41,73615.5,36900,1.00,39462.5,1.07,-7175,-0.19,718562.5,718.56
1322,Exit long,2008-05-05 15:30,S1 Trail,1810.75,65,118040,-17062.5,-0.29,11375,0.19,-17062.5,-0.29,701500,701.50
1322,Entry long,2008-05-05 15:00,S1 Trend,1816,65,118040,-17062.5,-0.29,11375,0.19,-17062.5,-0.29,701500,701.50
1323,Exit long,2008-05-05 17:00,S2 FairVal,1812.5,51,92335.5,5100,0.11,7012.5,0.15,0,0.00,706600,706.60
1323,Entry long,2008-05-05 16:30,S2 VWAP,1810.5,51,92335.5,5100,0.11,7012.5,0.15,0,0.00,706600,706.60
1324,Exit long,2008-05-06 21:00,EOD,1822.25,55,99660,28187.5,0.57,37812.5,0.76,-687.5,-0.01,734787.5,734.79
1324,Entry long,2008-05-06 17:00,S1 Trend,1812,55,99660,28187.5,0.57,37812.5,0.76,-687.5,-0.01,734787.5,734.79
1325,Exit long,2008-05-12 21:00,EOD,1807.5,67,120466,31825,0.53,34337.5,0.57,-3350,-0.06,766612.5,766.61
1325,Entry long,2008-05-12 16:00,S1 Trend,1798,67,120466,31825,0.53,34337.5,0.57,-3350,-0.06,766612.5,766.61
1326,Exit long,2008-05-14 20:30,S1 Trail,1816.75,62,112685,-2325,-0.04,23250,0.41,-3875,-0.07,764287.5,764.29
1326,Entry long,2008-05-14 15:00,S1 Trend,1817.5,62,112685,-2325,-0.04,23250,0.41,-3875,-0.07,764287.5,764.29
1327,Exit long,2008-05-15 21:00,EOD,1828.25,67,121588.25,45225,0.74,47737.5,0.79,-6700,-0.11,809512.5,809.51
1327,Entry long,2008-05-15 16:30,S1 Trend,1814.75,67,121588.25,45225,0.74,47737.5,0.79,-6700,-0.11,809512.5,809.51
1328,Exit long,2008-05-19 19:00,S1 Trail,1836.25,74,136456,-28675,-0.42,925,0.01,-28675,-0.42,780837.5,780.84
1328,Entry long,2008-05-19 18:30,S1 Trend,1844,74,136456,-28675,-0.42,925,0.01,-28675,-0.42,780837.5,780.84
1329,Exit short,2008-05-23 21:00,EOD,1780,65,115960,13000,0.22,23562.5,0.41,-3250,-0.06,793837.5,793.84
1329,Entry short,2008-05-23 15:30,S3 Hedge,1784,65,115960,13000,0.22,23562.5,0.41,-3250,-0.06,793837.5,793.84
1330,Exit long,2008-05-27 21:00,EOD,1788.5,53,94790.5,0,0.00,7287.5,0.15,-3312.5,-0.07,793837.5,793.84
1330,Entry long,2008-05-27 20:00,S1 Trend,1788.5,53,94790.5,0,0.00,7287.5,0.15,-3312.5,-0.07,793837.5,793.84
1331,Exit long,2008-05-29 21:00,EOD,1801.75,62,111414,14725,0.26,41850,0.75,-16275,-0.29,808562.5,808.56
1331,Entry long,2008-05-29 15:30,S1 Trend,1797,62,111414,14725,0.26,41850,0.75,-16275,-0.29,808562.5,808.56
1332,Exit short,2008-06-02 17:30,S3 Scalp,1785.5,87,156034.5,34800,0.45,34800,0.45,-8700,-0.11,843362.5,843.36
1332,Entry short,2008-06-02 15:00,S3 Hedge,1793.5,87,156034.5,34800,0.45,34800,0.45,-8700,-0.11,843362.5,843.36
1333,Exit short,2008-06-02 19:00,S3 Scalp,1786.25,62,110453,-14725,-0.27,1550,0.03,-14725,-0.27,828637.5,828.64
1333,Entry short,2008-06-02 18:00,S3 Hedge,1781.5,62,110453,-14725,-0.27,1550,0.03,-14725,-0.27,828637.5,828.64
1334,Exit long,2008-06-04 19:00,S1 Trail,1781.25,54,96552,-18225,-0.38,10800,0.22,-18225,-0.38,810412.5,810.41
1334,Entry long,2008-06-04 16:00,S1 Trend,1788,54,96552,-18225,-0.38,10800,0.22,-18225,-0.38,810412.5,810.41
1335,Exit long,2008-06-05 21:00,EOD,1807,50,89775,28750,0.64,33125,0.74,-5000,-0.11,839162.5,839.16
1335,Entry long,2008-06-05 15:30,S1 Trend,1795.5,50,89775,28750,0.64,33125,0.74,-5000,-0.11,839162.5,839.16
1336,Exit short,2008-06-06 21:00,EOD,1763.5,38,67440.5,21375,0.63,22325,0.66,-9975,-0.30,860537.5,860.54
1336,Entry short,2008-06-06 19:30,S3 Hedge,1774.75,38,67440.5,21375,0.63,22325,0.66,-9975,-0.30,860537.5,860.54
1337,Exit long,2008-06-13 21:00,EOD,1763.75,45,79211.25,7875,0.20,8437.5,0.21,-27562.5,-0.70,868412.5,868.41
1337,Entry long,2008-06-13 15:30,S1 Trend,1760.25,45,79211.25,7875,0.20,8437.5,0.21,-27562.5,-0.70,868412.5,868.41
1338,Exit long,2008-06-16 21:00,EOD,1763.5,52,91871,-8450,-0.18,4550,0.10,-11050,-0.24,859962.5,859.96
1338,Entry long,2008-06-16 18:30,S1 Trend,1766.75,52,91871,-8450,-0.18,4550,0.10,-11050,-0.24,859962.5,859.96
1339,Exit short,2008-06-17 21:00,EOD,1754,59,103795.75,15487.5,0.30,16962.5,0.33,-10325,-0.20,875450,875.45
1339,Entry short,2008-06-17 17:00,S3 Hedge,1759.25,59,103795.75,15487.5,0.30,16962.5,0.33,-10325,-0.20,875450,875.45
1340,Exit short,2008-06-18 16:30,S3 Scalp,1744.75,65,113100,-15437.5,-0.27,2437.5,0.04,-15437.5,-0.27,860012.5,860.01
1340,Entry short,2008-06-18 16:00,S3 Hedge,1740,65,113100,-15437.5,-0.27,2437.5,0.04,-15437.5,-0.27,860012.5,860.01
1341,Exit long,2008-06-19 21:00,EOD,1745.75,43,75153.25,-4300,-0.11,6987.5,0.19,-6450,-0.17,855712.5,855.71
1341,Entry long,2008-06-19 20:00,S1 Trend,1747.75,43,75153.25,-4300,-0.11,6987.5,0.19,-6450,-0.17,855712.5,855.71
1342,Exit long,2008-06-24 20:00,S1 Trail,1717,46,79465,-24150,-0.61,4025,0.10,-24150,-0.61,831562.5,831.56
1342,Entry long,2008-06-24 17:30,S1 Trend,1727.5,46,79465,-24150,-0.61,4025,0.10,-24150,-0.61,831562.5,831.56
1343,Exit long,2008-06-25 19:30,S1 Trail,1726,77,132921.25,-962.5,-0.01,36575,0.55,-9625,-0.14,830600,830.60
1343,Entry long,2008-06-25 15:00,S1 Trend,1726.25,77,132921.25,-962.5,-0.01,36575,0.55,-9625,-0.14,830600,830.60
1344,Exit short,2008-06-26 21:00,EOD,1685.5,46,78039,25300,0.65,25875,0.66,-6900,-0.18,855900,855.90
1344,Entry short,2008-06-26 17:30,S3 Hedge,1696.5,46,78039,25300,0.65,25875,0.66,-6900,-0.18,855900,855.90
1345,Exit long,2008-07-07 17:00,S1 Trail,1666,63,105572.25,-30712.5,-0.58,787.5,0.01,-30712.5,-0.58,825187.5,825.19
1345,Entry long,2008-07-07 15:00,S1 Trend,1675.75,63,105572.25,-30712.5,-0.58,787.5,0.01,-30712.5,-0.58,825187.5,825.19
1346,Exit long,2008-07-08 21:00,EOD,1676,34,56448.5,26775,0.95,28475,1.01,-14875,-0.53,851962.5,851.96
1346,Entry long,2008-07-08 17:30,S1 Trend,1660.25,34,56448.5,26775,0.95,28475,1.01,-14875,-0.53,851962.5,851.96
1347,Exit long,2008-07-09 19:30,S2 FairVal,1660,46,76751,-19550,-0.51,1725,0.04,-19550,-0.51,832412.5,832.41
1347,Entry long,2008-07-09 19:00,S2 VWAP,1668.5,46,76751,-19550,-0.51,1725,0.04,-19550,-0.51,832412.5,832.41
1348,Exit short,2008-07-11 19:00,S3 Scalp,1642.25,31,50607.5,-15112.5,-0.60,8912.5,0.35,-15112.5,-0.60,817300,817.30
1348,Entry short,2008-07-11 16:30,S3 Hedge,1632.5,31,50607.5,-15112.5,-0.60,8912.5,0.35,-15112.5,-0.60,817300,817.30
1349,Exit short,2008-07-15 16:00,S3 Scalp,1615.25,41,65928,-14862.5,-0.45,5637.5,0.17,-14862.5,-0.45,802437.5,802.44
1349,Entry short,2008-07-15 15:30,S3 Hedge,1608,41,65928,-14862.5,-0.45,5637.5,0.17,-14862.5,-0.45,802437.5,802.44
1350,Exit long,2008-07-16 21:00,EOD,1646.25,30,48907.5,24000,0.98,25875,1.06,-2625,-0.11,826437.5,826.44
1350,Entry long,2008-07-16 18:00,S1 Trend,1630.25,30,48907.5,24000,0.98,25875,1.06,-2625,-0.11,826437.5,826.44
1351,Exit long,2008-07-17 16:00,S1 Trail,1642.25,47,77679.25,-24675,-0.64,4700,0.12,-24675,-0.64,801762.5,801.76
1351,Entry long,2008-07-17 15:00,S1 Trend,1652.75,47,77679.25,-24675,-0.64,4700,0.12,-24675,-0.64,801762.5,801.76
1352,Exit long,2008-07-17 21:00,EOD,1660.5,34,56482.5,-1275,-0.05,5100,0.18,-13600,-0.48,800487.5,800.49
1352,Entry long,2008-07-17 19:00,S1 Trend,1661.25,34,56482.5,-1275,-0.05,5100,0.18,-13600,-0.48,800487.5,800.49
1353,Exit long,2008-07-18 21:00,EOD,1660.5,40,66490,-3500,-0.11,1500,0.05,-19000,-0.57,796987.5,796.99
1353,Entry long,2008-07-18 16:30,S1 Trend,1662.25,40,66490,-3500,-0.11,1500,0.05,-19000,-0.57,796987.5,796.99
1354,Exit long,2008-07-22 21:00,EOD,1678,66,109230,75900,1.39,80025,1.47,-2475,-0.05,872887.5,872.89
1354,Entry long,2008-07-22 15:00,S1 Trend,1655,66,109230,75900,1.39,80025,1.47,-2475,-0.05,872887.5,872.89
1355,Exit long,2008-07-23 16:30,S1 Trail,1682.25,61,102922.25,-15250,-0.30,16012.5,0.31,-15250,-0.30,857637.5,857.64
1355,Entry long,2008-07-23 15:30,S1 Trend,1687.25,61,102922.25,-15250,-0.30,16012.5,0.31,-15250,-0.30,857637.5,857.64
1356,Exit short,2008-07-24 21:00,EOD,1654.75,49,81462.5,18987.5,0.47,25112.5,0.62,-4900,-0.12,876625,876.63
1356,Entry short,2008-07-24 19:30,S3 Hedge,1662.5,49,81462.5,18987.5,0.47,25112.5,0.62,-4900,-0.12,876625,876.63
1357,Exit long,2008-07-29 21:00,EOD,1663.5,58,95845,31900,0.67,32625,0.68,-5075,-0.11,908525,908.53
1357,Entry long,2008-07-29 17:00,S1 Trend,1652.5,58,95845,31900,0.67,32625,0.68,-5075,-0.11,908525,908.53
1358,Exit long,2008-07-30 15:30,S1 Climax,1680,21,35138.25,7087.5,0.40,8137.5,0.46,-262.5,-0.01,915612.5,915.61
1358,Entry long,2008-07-30 15:00,S1 Trend,1673.25,21,35138.25,7087.5,0.40,8137.5,0.46,-262.5,-0.01,915612.5,915.61
1359,Exit long,2008-07-30 17:30,S1 Trail,1671.25,50,83662.5,-5000,-0.12,21250,0.51,-5000,-0.12,910612.5,910.61
1359,Entry long,2008-07-30 15:00,S1 Trend,1673.25,50,83662.5,-5000,-0.12,21250,0.51,-5000,-0.12,910612.5,910.61
1360,Exit long,2008-08-05 17:00,S1 Climax,1671.75,21,34949.25,7875,0.45,7875,0.45,-525,-0.03,918487.5,918.49
1360,Entry long,2008-08-05 15:00,S1 Trend,1664.25,21,34949.25,7875,0.45,7875,0.45,-525,-0.03,918487.5,918.49
1361,Exit long,2008-08-05 17:30,S1 Climax,1672.5,15,24963.75,6187.5,0.50,7125,0.57,-375,-0.03,924675,924.68
1361,Entry long,2008-08-05 15:00,S1 Trend,1664.25,15,24963.75,6187.5,0.50,7125,0.57,-375,-0.03,924675,924.68
1362,Exit long,2008-08-05 18:00,S1 Climax,1672.5,10,16642.5,4125,0.50,4750,0.57,-250,-0.03,928800,928.80
1362,Entry long,2008-08-05 15:00,S1 Trend,1664.25,10,16642.5,4125,0.50,4750,0.57,-250,-0.03,928800,928.80
1363,Exit long,2008-08-05 18:30,S1 Climax,1672.5,7,11649.75,2887.5,0.50,3325,0.57,-175,-0.03,931687.5,931.69
1363,Entry long,2008-08-05 15:00,S1 Trend,1664.25,7,11649.75,2887.5,0.50,3325,0.57,-175,-0.03,931687.5,931.69
1364,Exit long,2008-08-05 19:00,S1 Climax,1673,5,8321.25,2187.5,0.53,2687.5,0.65,-125,-0.03,933875,933.87
1364,Entry long,2008-08-05 15:00,S1 Trend,1664.25,5,8321.25,2187.5,0.53,2687.5,0.65,-125,-0.03,933875,933.87
1365,Exit long,2008-08-05 19:30,S1 Climax,1674.5,4,6657,2050,0.62,3050,0.92,-100,-0.03,935925,935.93
1365,Entry long,2008-08-05 15:00,S1 Trend,1664.25,4,6657,2050,0.62,3050,0.92,-100,-0.03,935925,935.93
1366,Exit long,2008-08-05 20:00,S1 Climax,1678.25,3,4992.75,2100,0.84,2437.5,0.98,-75,-0.03,938025,938.03
1366,Entry long,2008-08-05 15:00,S1 Trend,1664.25,3,4992.75,2100,0.84,2437.5,0.98,-75,-0.03,938025,938.03
1367,Exit long,2008-08-05 20:30,S1 Climax,1678.5,2,3328.5,1425,0.86,1625,0.98,-50,-0.03,939450,939.45
1367,Entry long,2008-08-05 15:00,S1 Trend,1664.25,2,3328.5,1425,0.86,1625,0.98,-50,-0.03,939450,939.45
1368,Exit long,2008-08-05 21:00,EOD,1684.5,5,8321.25,5062.5,1.22,5125,1.23,-125,-0.03,944512.5,944.51
1368,Entry long,2008-08-05 15:00,S1 Trend,1664.25,5,8321.25,5062.5,1.22,5125,1.23,-125,-0.03,944512.5,944.51
1369,Exit long,2008-08-06 21:00,EOD,1690.5,75,126225,28125,0.45,37500,0.59,-6562.5,-0.10,972637.5,972.64
1369,Entry long,2008-08-06 16:30,S1 Trend,1683,75,126225,28125,0.45,37500,0.59,-6562.5,-0.10,972637.5,972.64
1370,Exit long,2008-08-08 21:00,EOD,1696,49,82614,24500,0.59,32462.5,0.79,-7962.5,-0.19,997137.5,997.14
1370,Entry long,2008-08-08 15:30,S1 Trend,1686,49,82614,24500,0.59,32462.5,0.79,-7962.5,-0.19,997137.5,997.14
1371,Exit long,2008-08-11 17:30,S1 Climax,1711,25,42450,16250,0.77,16875,0.80,-1875,-0.09,1013387.5,1013.39
1371,Entry long,2008-08-11 15:00,S1 Trend,1698,25,42450,16250,0.77,16875,0.80,-1875,-0.09,1013387.5,1013.39
1372,Exit long,2008-08-11 18:30,S1 Climax,1712.25,18,30564,12825,0.84,12825,0.84,-1350,-0.09,1026212.5,1026.21
1372,Entry long,2008-08-11 15:00,S1 Trend,1698,18,30564,12825,0.84,12825,0.84,-1350,-0.09,1026212.5,1026.21
1373,Exit long,2008-08-11 19:30,S1 Trail,1704.75,43,73014,14512.5,0.40,36012.5,0.99,-3225,-0.09,1040725,1040.72
1373,Entry long,2008-08-11 15:00,S1 Trend,1698,43,73014,14512.5,0.40,36012.5,0.99,-3225,-0.09,1040725,1040.72
1374,Exit long,2008-08-13 20:30,S1 Trail,1682.25,54,91489.5,-32400,-0.71,4050,0.09,-32400,-0.71,1008325,1008.33
1374,Entry long,2008-08-13 20:00,S1 Trend,1694.25,54,91489.5,-32400,-0.71,4050,0.09,-32400,-0.71,1008325,1008.33
1375,Exit long,2008-08-14 21:00,EOD,1694.25,59,99872.25,4425,0.09,27287.5,0.55,-8112.5,-0.16,1012750,1012.75
1375,Entry long,2008-08-14 16:00,S1 Trend,1692.75,59,99872.25,4425,0.09,27287.5,0.55,-8112.5,-0.16,1012750,1012.75
1376,Exit long,2008-08-15 21:00,EOD,1699.75,80,136020,-2000,-0.03,11000,0.16,-34000,-0.50,1010750,1010.75
1376,Entry long,2008-08-15 15:00,S1 Trend,1700.25,80,136020,-2000,-0.03,11000,0.16,-34000,-0.50,1010750,1010.75
1377,Exit short,2008-08-19 18:30,S3 Scalp,1673,75,125081.25,-19687.5,-0.31,13125,0.21,-19687.5,-0.31,991062.5,991.06
1377,Entry short,2008-08-19 15:30,S3 Hedge,1667.75,75,125081.25,-19687.5,-0.31,13125,0.21,-19687.5,-0.31,991062.5,991.06
1378,Exit long,2008-08-21 21:00,EOD,1678.25,58,97266,3625,0.07,17400,0.36,-725,-0.01,994687.5,994.69
1378,Entry long,2008-08-21 19:30,S1 Trend,1677,58,97266,3625,0.07,17400,0.36,-725,-0.01,994687.5,994.69
1379,Exit long,2008-08-22 17:00,S1 Trail,1685.25,72,121680,-17100,-0.28,18900,0.31,-17100,-0.28,977587.5,977.59
1379,Entry long,2008-08-22 15:00,S1 Trend,1690,72,121680,-17100,-0.28,18900,0.31,-17100,-0.28,977587.5,977.59
1380,Exit long,2008-08-27 21:00,EOD,1682.25,75,125831.25,16875,0.27,32812.5,0.52,-12187.5,-0.19,994462.5,994.46
1380,Entry long,2008-08-27 15:30,S1 Trend,1677.75,75,125831.25,16875,0.27,32812.5,0.52,-12187.5,-0.19,994462.5,994.46
1381,Exit long,2008-08-28 21:00,EOD,1700.75,78,132112.5,27300,0.41,29250,0.44,-14625,-0.22,1021762.5,1021.76
1381,Entry long,2008-08-28 16:00,S1 Trend,1693.75,78,132112.5,27300,0.41,29250,0.44,-14625,-0.22,1021762.5,1021.76
1382,Exit long,2008-08-29 18:00,S2 FairVal,1691.75,83,140207.75,10375,0.15,10375,0.15,-16600,-0.24,1032137.5,1032.14
1382,Entry long,2008-08-29 16:30,S2 VWAP,1689.25,83,140207.75,10375,0.15,10375,0.15,-16600,-0.24,1032137.5,1032.14
1383,Exit long,2008-09-02 15:30,S1 Trail,1694.25,78,132678,-26325,-0.40,10725,0.16,-26325,-0.40,1005812.5,1005.81
1383,Entry long,2008-09-02 15:00,S1 Trend,1701,78,132678,-26325,-0.40,10725,0.16,-26325,-0.40,1005812.5,1005.81
1384,Exit short,2008-09-04 21:00,EOD,1637.75,49,80458,10412.5,0.26,12862.5,0.32,-12250,-0.30,1016225,1016.23
1384,Entry short,2008-09-04 19:30,S3 Hedge,1642,49,80458,10412.5,0.26,12862.5,0.32,-12250,-0.30,1016225,1016.23
1385,Exit short,2008-09-05 16:30,S3 Scalp,1628,43,69660,-17200,-0.49,4837.5,0.14,-17200,-0.49,999025,999.03
1385,Entry short,2008-09-05 16:00,S3 Hedge,1620,43,69660,-17200,-0.49,4837.5,0.14,-17200,-0.49,999025,999.03
1386,Exit short,2008-09-08 21:00,EOD,1669.75,46,76636,-8625,-0.23,41400,1.08,-16675,-0.44,990400,990.40
1386,Entry short,2008-09-08 15:00,S3 Hedge,1666,46,76636,-8625,-0.23,41400,1.08,-16675,-0.44,990400,990.40
1387,Exit short,2008-09-09 20:30,S3 Scalp,1628.25,40,65790,33000,1.00,33000,1.00,-2500,-0.08,1023400,1023.40
1387,Entry short,2008-09-09 19:00,S3 Hedge,1644.75,40,65790,33000,1.00,33000,1.00,-2500,-0.08,1023400,1023.40
1388,Exit long,2008-09-11 21:00,EOD,1652.25,35,57408.75,21000,0.73,21000,0.73,-15750,-0.55,1044400,1044.40
1388,Entry long,2008-09-11 19:30,S1 Trend,1640.25,35,57408.75,21000,0.73,21000,0.73,-15750,-0.55,1044400,1044.40
1389,Exit long,2008-09-12 21:00,EOD,1654,47,77738,0,0.00,5287.5,0.14,-30550,-0.79,1044400,1044.40
1389,Entry long,2008-09-12 16:30,S1 Trend,1654,47,77738,0,0.00,5287.5,0.14,-30550,-0.79,1044400,1044.40
1390,Exit long,2008-09-15 19:30,S1 Trail,1612,29,47422.25,-33712.5,-1.42,1087.5,0.05,-33712.5,-1.42,1010687.5,1010.69
1390,Entry long,2008-09-15 16:00,S1 Trend,1635.25,29,47422.25,-33712.5,-1.42,1087.5,0.05,-33712.5,-1.42,1010687.5,1010.69
1391,Exit long,2008-09-19 21:00,EOD,1653.75,22,36344,1925,0.11,17600,0.97,-15675,-0.86,1012612.5,1012.61
1391,Entry long,2008-09-19 15:00,S1 Trend,1652,22,36344,1925,0.11,17600,0.97,-15675,-0.86,1012612.5,1012.61
1392,Exit long,2008-09-22 18:30,S1 Trail,1623,37,60661.5,-30525,-1.01,3700,0.12,-30525,-1.01,982087.5,982.09
1392,Entry long,2008-09-22 15:00,S1 Trend,1639.5,37,60661.5,-30525,-1.01,3700,0.12,-30525,-1.01,982087.5,982.09
1393,Exit short,2008-09-23 20:00,S3 Scalp,1613,34,54451,-19550,-0.72,24650,0.91,-19550,-0.72,962537.5,962.54
1393,Entry short,2008-09-23 18:00,S3 Hedge,1601.5,34,54451,-19550,-0.72,24650,0.91,-19550,-0.72,962537.5,962.54
1394,Exit long,2008-09-25 21:00,EOD,1616.25,35,56227.5,17062.5,0.61,32375,1.15,-4375,-0.16,979600,979.60
1394,Entry long,2008-09-25 15:00,S1 Trend,1606.5,35,56227.5,17062.5,0.61,32375,1.15,-4375,-0.16,979600,979.60
1395,Exit long,2008-09-26 21:00,EOD,1619.5,36,57699,30150,1.05,33300,1.15,-16650,-0.58,1009750,1009.75
1395,Entry long,2008-09-26 16:00,S1 Trend,1602.75,36,57699,30150,1.05,33300,1.15,-16650,-0.58,1009750,1009.75
1396,Exit long,2008-10-01 21:00,EOD,1565.75,35,54897.5,-4812.5,-0.18,8312.5,0.30,-26687.5,-0.97,1004937.5,1004.94
1396,Entry long,2008-10-01 18:00,S1 Trend,1568.5,35,54897.5,-4812.5,-0.18,8312.5,0.30,-26687.5,-0.97,1004937.5,1004.94
1397,Exit long,2008-10-03 18:30,S1 Trail,1535.75,33,51166.5,-24337.5,-0.95,17737.5,0.69,-24337.5,-0.95,980600,980.60
1397,Entry long,2008-10-03 16:00,S1 Trend,1550.5,33,51166.5,-24337.5,-0.95,17737.5,0.69,-24337.5,-0.95,980600,980.60
1398,Exit short,2008-10-03 21:00,EOD,1506.25,20,30390,13250,0.87,16750,1.10,-12500,-0.82,993850,993.85
1398,Entry short,2008-10-03 19:30,S3 Hedge,1519.5,20,30390,13250,0.87,16750,1.10,-12500,-0.82,993850,993.85
1399,Exit short,2008-10-06 15:30,S3 Scalp,1442.25,27,39663,36112.5,1.82,36112.5,1.82,-3037.5,-0.15,1029962.5,1029.96
1399,Entry short,2008-10-06 15:00,S3 Hedge,1469,27,39663,36112.5,1.82,36112.5,1.82,-3037.5,-0.15,1029962.5,1029.96
1400,Exit short,2008-10-06 20:00,S3 Scalp,1437.25,19,26965.75,-17100,-1.27,9500,0.70,-17100,-1.27,1012862.5,1012.86
1400,Entry short,2008-10-06 19:30,S3 Hedge,1419.25,19,26965.75,-17100,-1.27,9500,0.70,-17100,-1.27,1012862.5,1012.86
1401,Exit long,2008-10-13 21:00,EOD,1413.25,22,29733,67925,4.57,70125,4.72,-3300,-0.22,1080787.5,1080.79
1401,Entry long,2008-10-13 15:30,S1 Trend,1351.5,22,29733,67925,4.57,70125,4.72,-3300,-0.22,1080787.5,1080.79
1402,Exit short,2008-10-14 19:30,S3 Scalp,1377.75,21,29783.25,42525,2.86,42525,2.86,-16537.5,-1.11,1123312.5,1123.31
1402,Entry short,2008-10-14 15:00,S3 Hedge,1418.25,21,29783.25,42525,2.86,42525,2.86,-16537.5,-1.11,1123312.5,1123.31
1403,Exit short,2008-10-15 20:30,S3 Scalp,1310.5,22,29601,38500,2.60,38500,2.60,-4125,-0.28,1161812.5,1161.81
1403,Entry short,2008-10-15 18:30,S3 Hedge,1345.5,22,29601,38500,2.60,38500,2.60,-4125,-0.28,1161812.5,1161.81
1404,Exit long,2008-10-17 20:00,S1 Trail,1351.25,23,30877.5,10062.5,0.65,52325,3.39,-11787.5,-0.76,1171875,1171.88
1404,Entry long,2008-10-17 15:00,S1 Trend,1342.5,23,30877.5,10062.5,0.65,52325,3.39,-11787.5,-0.76,1171875,1171.88
1405,Exit long,2008-10-20 21:00,EOD,1385.75,30,40695,43875,2.16,45750,2.25,-19875,-0.98,1215750,1215.75
1405,Entry long,2008-10-20 15:30,S1 Trend,1356.5,30,40695,43875,2.16,45750,2.25,-19875,-0.98,1215750,1215.75
1406,Exit long,2008-10-21 16:30,S1 Trail,1361.75,39,53898,-39487.5,-1.47,975,0.04,-39487.5,-1.47,1176262.5,1176.26
1406,Entry long,2008-10-21 15:30,S1 Trend,1382,39,53898,-39487.5,-1.47,975,0.04,-39487.5,-1.47,1176262.5,1176.26
1407,Exit long,2008-10-21 19:00,S2 FairVal,1370.5,30,40897.5,10875,0.53,10875,0.53,-4125,-0.20,1187137.5,1187.14
1407,Entry long,2008-10-21 18:30,S2 VWAP,1363.25,30,40897.5,10875,0.53,10875,0.53,-4125,-0.20,1187137.5,1187.14
1408,Exit short,2008-10-22 17:00,S3 Scalp,1331,32,42160,-21600,-1.02,10800,0.51,-21600,-1.02,1165537.5,1165.54
1408,Entry short,2008-10-22 15:00,S3 Hedge,1317.5,32,42160,-21600,-1.02,10800,0.51,-21600,-1.02,1165537.5,1165.54
1409,Exit short,2008-10-23 20:30,S3 Scalp,1302.25,19,24296.25,-22325,-1.84,21375,1.76,-22325,-1.84,1143212.5,1143.21
1409,Entry short,2008-10-23 18:30,S3 Hedge,1278.75,19,24296.25,-22325,-1.84,21375,1.76,-22325,-1.84,1143212.5,1143.21
1410,Exit long,2008-10-27 19:30,S1 Trail,1258.25,20,25720,-27750,-2.16,8250,0.64,-27750,-2.16,1115462.5,1115.46
1410,Entry long,2008-10-27 17:00,S1 Trend,1286,20,25720,-27750,-2.16,8250,0.64,-27750,-2.16,1115462.5,1115.46
1411,Exit long,2008-10-28 14:30,S1 Trail,1250.75,28,35784,-38150,-2.13,0,0.00,-38150,-2.13,1077312.5,1077.31
1411,Entry long,2008-10-28 14:00,S1 Trend,1278,28,35784,-38150,-2.13,0,0.00,-38150,-2.13,1077312.5,1077.31
1412,Exit long,2008-10-28 20:00,EOD,1340.5,20,25910,45000,3.47,46500,3.59,-7000,-0.54,1122312.5,1122.31
1412,Entry long,2008-10-28 19:00,S1 Trend,1295.5,20,25910,45000,3.47,46500,3.59,-7000,-0.54,1122312.5,1122.31
1413,Exit long,2008-10-29 18:30,S1 Trail,1327,25,33618.75,-22187.5,-1.32,12812.5,0.76,-22187.5,-1.32,1100125,1100.13
1413,Entry long,2008-10-29 17:00,S1 Trend,1344.75,25,33618.75,-22187.5,-1.32,12812.5,0.76,-22187.5,-1.32,1100125,1100.13
1414,Exit short,2008-10-30 20:00,EOD,1353.25,26,34931,-12675,-0.73,21450,1.23,-19175,-1.10,1087450,1087.45
1414,Entry short,2008-10-30 15:00,S3 Hedge,1343.5,26,34931,-12675,-0.73,21450,1.23,-19175,-1.10,1087450,1087.45
1415,Exit long,2008-10-31 19:30,S1 Trail,1356,34,46087,850,0.04,48875,2.12,-13600,-0.59,1088300,1088.30
1415,Entry long,2008-10-31 14:30,S1 Trend,1355.5,34,46087,850,0.04,48875,2.12,-13600,-0.59,1088300,1088.30
1416,Exit long,2008-11-04 19:30,S1 Trail,1388.25,42,58747.5,-22050,-0.75,14700,0.50,-22050,-0.75,1066250,1066.25
1416,Entry long,2008-11-04 16:00,S1 Trend,1398.75,42,58747.5,-22050,-0.75,14700,0.50,-22050,-0.75,1066250,1066.25
1417,Exit long,2008-11-05 17:00,S1 Trail,1380.25,36,50310,-31050,-1.23,4500,0.18,-31050,-1.23,1035200,1035.20
1417,Entry long,2008-11-05 15:30,S1 Trend,1397.5,36,50310,-31050,-1.23,4500,0.18,-31050,-1.23,1035200,1035.20
1418,Exit short,2008-11-06 18:00,S3 Scalp,1308.5,29,38671.5,36250,1.87,36250,1.87,-362.5,-0.02,1071450,1071.45
1418,Entry short,2008-11-06 15:30,S3 Hedge,1333.5,29,38671.5,36250,1.87,36250,1.87,-362.5,-0.02,1071450,1071.45
1419,Exit short,2008-11-11 18:30,S3 Scalp,1298.25,36,46377,-18000,-0.78,9450,0.41,-18000,-0.78,1053450,1053.45
1419,Entry short,2008-11-11 16:00,S3 Hedge,1288.25,36,46377,-18000,-0.78,9450,0.41,-18000,-0.78,1053450,1053.45
1420,Exit short,2008-11-12 21:00,EOD,1253.25,30,37890,14625,0.77,21375,1.13,-8625,-0.46,1068075,1068.08
1420,Entry short,2008-11-12 19:00,S3 Hedge,1263,30,37890,14625,0.77,21375,1.13,-8625,-0.46,1068075,1068.08
1421,Exit short,2008-11-13 18:30,S3 Scalp,1259,25,31050,-21250,-1.37,31250,2.01,-21250,-1.37,1046825,1046.83
1421,Entry short,2008-11-13 17:30,S3 Hedge,1242,25,31050,-21250,-1.37,31250,2.01,-21250,-1.37,1046825,1046.83
1422,Exit long,2008-11-14 15:30,S1 Trail,1282,32,41704,-34000,-1.63,4800,0.23,-34000,-1.63,1012825,1012.83
1422,Entry long,2008-11-14 15:00,S1 Trend,1303.25,32,41704,-34000,-1.63,4800,0.23,-34000,-1.63,1012825,1012.83
1423,Exit long,2008-11-14 20:30,S1 Trail,1283.5,20,26285,-30750,-2.34,4000,0.30,-30750,-2.34,982075,982.08
1423,Entry long,2008-11-14 20:00,S1 Trend,1314.25,20,26285,-30750,-2.34,4000,0.30,-30750,-2.34,982075,982.08
1424,Exit long,2008-11-17 20:30,S1 Trail,1255.5,25,31931.25,-27187.5,-1.70,5937.5,0.37,-27187.5,-1.70,954887.5,954.89
1424,Entry long,2008-11-17 17:30,S1 Trend,1277.25,25,31931.25,-27187.5,-1.70,5937.5,0.37,-27187.5,-1.70,954887.5,954.89
1425,Exit long,2008-11-18 18:00,S1 Trail,1241.75,26,32883.5,-29900,-1.82,2275,0.14,-29900,-1.82,924987.5,924.99
1425,Entry long,2008-11-18 15:30,S1 Trend,1264.75,26,32883.5,-29900,-1.82,2275,0.14,-29900,-1.82,924987.5,924.99
1426,Exit short,2008-11-20 15:30,S3 Scalp,1197.5,26,30810,-16250,-1.05,13650,0.89,-16250,-1.05,908737.5,908.74
1426,Entry short,2008-11-20 15:00,S3 Hedge,1185,26,30810,-16250,-1.05,13650,0.89,-16250,-1.05,908737.5,908.74
1427,Exit long,2008-11-24 21:00,EOD,1245,28,34034,41300,2.43,71400,4.20,-350,-0.02,950037.5,950.04
1427,Entry long,2008-11-24 15:00,S1 Trend,1215.5,28,34034,41300,2.43,71400,4.20,-350,-0.02,950037.5,950.04
1428,Exit long,2008-11-26 21:00,EOD,1286.75,30,37612.5,49500,2.63,50625,2.69,-8250,-0.44,999537.5,999.54
1428,Entry long,2008-11-26 15:30,S1 Trend,1253.75,30,37612.5,49500,2.63,50625,2.69,-8250,-0.44,999537.5,999.54
1429,Exit long,2008-11-28 09:30,S1 Trail,1283.75,62,79654.5,-3100,-0.08,27900,0.70,-9300,-0.23,996437.5,996.44
1429,Entry long,2008-11-27 15:30,S1 Trend,1284.75,62,79654.5,-3100,-0.08,27900,0.70,-9300,-0.23,996437.5,996.44
1430,Exit long,2008-12-01 08:30,S1 Trail,1282.5,51,65496.75,-4462.5,-0.14,34425,1.05,-9562.5,-0.29,991975,991.98
1430,Entry long,2008-11-28 15:00,S1 Trend,1284.25,51,65496.75,-4462.5,-0.14,34425,1.05,-9562.5,-0.29,991975,991.98
1431,Exit short,2008-12-01 20:30,S3 Scalp,1225.25,40,49820,40500,1.63,40500,1.63,-12000,-0.48,1032475,1032.47
1431,Entry short,2008-12-01 16:30,S3 Hedge,1245.5,40,49820,40500,1.63,40500,1.63,-12000,-0.48,1032475,1032.47
1432,Exit long,2008-12-03 18:30,S1 Trail,1242.5,31,38967,-22475,-1.15,12400,0.64,-22475,-1.15,1010000,1010.00
1432,Entry long,2008-12-03 16:00,S1 Trend,1257,31,38967,-22475,-1.15,12400,0.64,-22475,-1.15,1010000,1010.00
1433,Exit long,2008-12-05 21:00,EOD,1275.75,22,27813.5,12650,0.91,17050,1.23,-9075,-0.65,1022650,1022.65
1433,Entry long,2008-12-05 20:00,S1 Trend,1264.25,22,27813.5,12650,0.91,17050,1.23,-9075,-0.65,1022650,1022.65
1434,Exit long,2008-12-08 21:00,EOD,1307.5,38,49343,17100,0.69,39900,1.62,-10450,-0.42,1039750,1039.75
1434,Entry long,2008-12-08 15:00,S1 Trend,1298.5,38,49343,17100,0.69,39900,1.62,-10450,-0.42,1039750,1039.75
1435,Exit long,2008-12-09 18:30,S1 Trail,1297,38,49913,-31350,-1.26,5700,0.23,-31350,-1.26,1008400,1008.40
1435,Entry long,2008-12-09 16:00,S1 Trend,1313.5,38,49913,-31350,-1.26,5700,0.23,-31350,-1.26,1008400,1008.40
1436,Exit long,2008-12-09 21:00,EOD,1289,28,36295,-10150,-0.56,5950,0.33,-15750,-0.87,998250,998.25
1436,Entry long,2008-12-09 20:00,S2 VWAP,1296.25,28,36295,-10150,-0.56,5950,0.33,-15750,-0.87,998250,998.25
1437,Exit long,2008-12-10 18:30,S1 Trail,1290.5,37,48257.25,-25437.5,-1.05,8787.5,0.36,-25437.5,-1.05,972812.5,972.81
1437,Entry long,2008-12-10 17:00,S1 Trend,1304.25,37,48257.25,-25437.5,-1.05,8787.5,0.36,-25437.5,-1.05,972812.5,972.81
1438,Exit long,2008-12-10 20:30,S2 FairVal,1298.5,30,38752.5,10125,0.52,10875,0.56,-3375,-0.17,982937.5,982.94
1438,Entry long,2008-12-10 20:00,S2 VWAP,1291.75,30,38752.5,10125,0.52,10875,0.56,-3375,-0.17,982937.5,982.94
1439,Exit long,2008-12-11 19:30,S1 Trail,1287.75,41,53330.75,-26650,-1.00,9225,0.35,-26650,-1.00,956287.5,956.29
1439,Entry long,2008-12-11 15:30,S1 Trend,1300.75,41,53330.75,-26650,-1.00,9225,0.35,-26650,-1.00,956287.5,956.29
1440,Exit long,2008-12-12 21:00,EOD,1279.5,24,30684,1200,0.08,6600,0.43,-20100,-1.31,957487.5,957.49
1440,Entry long,2008-12-12 18:00,S1 Trend,1278.5,24,30684,1200,0.08,6600,0.43,-20100,-1.31,957487.5,957.49
1441,Exit long,2008-12-16 20:30,S1 Climax,1310.5,14,17941,20300,2.26,23100,2.58,-2100,-0.23,977787.5,977.79
1441,Entry long,2008-12-16 15:00,S1 Trend,1281.5,14,17941,20300,2.26,23100,2.58,-2100,-0.23,977787.5,977.79
1442,Exit long,2008-12-16 21:00,EOD,1314,35,44852.5,56875,2.54,60375,2.69,-5250,-0.23,1034662.5,1034.66
1442,Entry long,2008-12-16 15:00,S1 Trend,1281.5,35,44852.5,56875,2.54,60375,2.69,-5250,-0.23,1034662.5,1034.66
1443,Exit long,2008-12-17 21:00,EOD,1305,42,54610.5,9975,0.37,40425,1.48,-3150,-0.12,1044637.5,1044.64
1443,Entry long,2008-12-17 15:30,S1 Trend,1300.25,42,54610.5,9975,0.37,40425,1.48,-3150,-0.12,1044637.5,1044.64
1444,Exit long,2008-12-19 16:30,S1 Trail,1288.25,41,53392.25,-28700,-1.08,5125,0.19,-28700,-1.08,1015937.5,1015.94
1444,Entry long,2008-12-19 15:30,S1 Trend,1302.25,41,53392.25,-28700,-1.08,5125,0.19,-28700,-1.08,1015937.5,1015.94
1445,Exit long,2008-12-30 21:00,EOD,1287.75,76,97223,32300,0.66,38950,0.80,-11400,-0.23,1048237.5,1048.24
1445,Entry long,2008-12-30 16:30,S1 Trend,1279.25,76,97223,32300,0.66,38950,0.80,-11400,-0.23,1048237.5,1048.24
1446,Exit long,2008-12-31 21:00,EOD,1301.5,92,119301,21850,0.37,57500,0.96,-11500,-0.19,1070087.5,1070.09
1446,Entry long,2008-12-31 15:30,S1 Trend,1296.75,92,119301,21850,0.37,57500,0.96,-11500,-0.19,1070087.5,1070.09
1447,Exit long,2009-01-02 20:30,S1 Climax,1330.75,13,17088.5,10562.5,1.24,10725,1.26,-1300,-0.15,1080650,1080.65
1447,Entry long,2009-01-02 16:00,S1 Trend,1314.5,13,17088.5,10562.5,1.24,10725,1.26,-1300,-0.15,1080650,1080.65
1448,Exit long,2009-01-02 21:00,EOD,1329,32,42064,23200,1.10,31200,1.48,-3200,-0.15,1103850,1103.85
1448,Entry long,2009-01-02 16:00,S1 Trend,1314.5,32,42064,23200,1.10,31200,1.48,-3200,-0.15,1103850,1103.85
1449,Exit long,2009-01-05 20:00,S1 Trail,1320.75,56,74494,-26600,-0.71,14700,0.39,-26600,-0.71,1077250,1077.25
1449,Entry long,2009-01-05 16:00,S1 Trend,1330.25,56,74494,-26600,-0.71,14700,0.39,-26600,-0.71,1077250,1077.25
1450,Exit long,2009-01-06 15:30,S1 Trail,1328.75,78,104598,-47775,-0.91,11700,0.22,-53625,-1.03,1029475,1029.48
1450,Entry long,2009-01-06 15:00,S1 Trend,1341,78,104598,-47775,-0.91,11700,0.22,-53625,-1.03,1029475,1029.48
1451,Exit short,2009-01-12 21:00,EOD,1267,65,82452.5,4875,0.12,22750,0.55,-4062.5,-0.10,1034350,1034.35
1451,Entry short,2009-01-12 19:30,S3 Hedge,1268.5,65,82452.5,4875,0.12,22750,0.55,-4062.5,-0.10,1034350,1034.35
1452,Exit short,2009-01-20 21:00,EOD,1203.25,35,42603.75,24500,1.15,27562.5,1.29,-4812.5,-0.23,1058850,1058.85
1452,Entry short,2009-01-20 19:00,S3 Hedge,1217.25,35,42603.75,24500,1.15,27562.5,1.29,-4812.5,-0.23,1058850,1058.85
1453,Exit long,2009-01-22 21:00,EOD,1224.75,35,43137.5,-13562.5,-0.63,4375,0.20,-27125,-1.26,1045287.5,1045.29
1453,Entry long,2009-01-22 19:30,S1 Trend,1232.5,35,43137.5,-13562.5,-0.63,4375,0.20,-27125,-1.26,1045287.5,1045.29
1454,Exit long,2009-01-23 21:00,EOD,1228.5,31,38075.75,387.5,0.02,13950,0.73,-9687.5,-0.51,1045675,1045.68
1454,Entry long,2009-01-23 18:30,S1 Trend,1228.25,31,38075.75,387.5,0.02,13950,0.73,-9687.5,-0.51,1045675,1045.68
1455,Exit long,2009-01-26 18:30,S1 Trail,1235,47,58315.25,-13512.5,-0.46,23500,0.81,-13512.5,-0.46,1032162.5,1032.16
1455,Entry long,2009-01-26 15:00,S1 Trend,1240.75,47,58315.25,-13512.5,-0.46,23500,0.81,-13512.5,-0.46,1032162.5,1032.16
1456,Exit long,2009-01-27 21:00,EOD,1242.75,45,56148.75,-11250,-0.40,2250,0.08,-23625,-0.84,1020912.5,1020.91
1456,Entry long,2009-01-27 17:30,S1 Trend,1247.75,45,56148.75,-11250,-0.40,2250,0.08,-23625,-0.84,1020912.5,1020.91
1457,Exit long,2009-01-28 20:00,S1 Trail,1265,61,77134.5,1525,0.04,38887.5,1.01,-8387.5,-0.22,1022437.5,1022.44
1457,Entry long,2009-01-28 16:00,S1 Trend,1264.5,61,77134.5,1525,0.04,38887.5,1.01,-8387.5,-0.22,1022437.5,1022.44
1458,Exit short,2009-01-30 21:00,EOD,1223.5,47,57951,22325,0.77,33487.5,1.16,-14100,-0.49,1044762.5,1044.76
1458,Entry short,2009-01-30 15:30,S3 Hedge,1233,47,57951,22325,0.77,33487.5,1.16,-14100,-0.49,1044762.5,1044.76
1459,Exit long,2009-02-03 21:00,EOD,1235.25,46,56626,9775,0.35,23000,0.81,-575,-0.02,1054537.5,1054.54
1459,Entry long,2009-02-03 19:30,S1 Trend,1231,46,56626,9775,0.35,23000,0.81,-575,-0.02,1054537.5,1054.54
1460,Exit long,2009-02-04 18:00,S1 Trail,1239,63,78419.25,-18112.5,-0.46,18900,0.48,-18112.5,-0.46,1036425,1036.43
1460,Entry long,2009-02-04 15:00,S1 Trend,1244.75,63,78419.25,-18112.5,-0.46,18900,0.48,-18112.5,-0.46,1036425,1036.43
1461,Exit long,2009-02-04 21:00,EOD,1230,46,56764,-9200,-0.32,2300,0.08,-10925,-0.38,1027225,1027.22
1461,Entry long,2009-02-04 20:00,S2 VWAP,1234,46,56764,-9200,-0.32,2300,0.08,-10925,-0.38,1027225,1027.22
1462,Exit long,2009-02-05 21:00,EOD,1243.5,45,55563.75,19687.5,0.71,34875,1.26,-1687.5,-0.06,1046912.5,1046.91
1462,Entry long,2009-02-05 16:00,S1 Trend,1234.75,45,55563.75,19687.5,0.71,34875,1.26,-1687.5,-0.06,1046912.5,1046.91
1463,Exit long,2009-02-06 21:00,EOD,1266.5,50,62937.5,19375,0.62,29375,0.93,-9375,-0.30,1066287.5,1066.29
1463,Entry long,2009-02-06 15:00,S1 Trend,1258.75,50,62937.5,19375,0.62,29375,0.93,-9375,-0.30,1066287.5,1066.29
1464,Exit long,2009-02-09 19:00,S1 Trail,1262.25,73,92418,-13687.5,-0.30,30112.5,0.65,-20987.5,-0.45,1052600,1052.60
1464,Entry long,2009-02-09 15:00,S1 Trend,1266,73,92418,-13687.5,-0.30,30112.5,0.65,-20987.5,-0.45,1052600,1052.60
1465,Exit long,2009-02-10 16:00,S1 Trail,1251.75,59,74517,-33187.5,-0.89,5900,0.16,-33187.5,-0.89,1019412.5,1019.41
1465,Entry long,2009-02-10 15:00,S1 Trend,1263,59,74517,-33187.5,-0.89,5900,0.16,-33187.5,-0.89,1019412.5,1019.41
1466,Exit short,2009-02-17 20:30,S3 Scalp,1200.5,55,65615,-20625,-0.63,13750,0.42,-20625,-0.63,998787.5,998.79
1466,Entry short,2009-02-17 15:00,S3 Hedge,1193,55,65615,-20625,-0.63,13750,0.42,-20625,-0.63,998787.5,998.79
1467,Exit short,2009-02-20 19:00,S3 Scalp,1167,46,53337,-17250,-0.65,13225,0.50,-17250,-0.65,981537.5,981.54
1467,Entry short,2009-02-20 18:00,S3 Hedge,1159.5,46,53337,-17250,-0.65,13225,0.50,-17250,-0.65,981537.5,981.54
1468,Exit short,2009-02-23 21:00,EOD,1144,39,44713.5,4875,0.22,8287.5,0.37,-8775,-0.39,986412.5,986.41
1468,Entry short,2009-02-23 20:00,S3 Hedge,1146.5,39,44713.5,4875,0.22,8287.5,0.37,-8775,-0.39,986412.5,986.41
1469,Exit long,2009-02-24 21:00,EOD,1172.25,42,48951,14175,0.58,22050,0.90,-4725,-0.19,1000587.5,1000.59
1469,Entry long,2009-02-24 19:00,S1 Trend,1165.5,42,48951,14175,0.58,22050,0.90,-4725,-0.19,1000587.5,1000.59
1470,Exit long,2009-02-25 21:00,EOD,1165,39,45639.75,-10237.5,-0.45,20475,0.90,-22912.5,-1.00,990350,990.35
1470,Entry long,2009-02-25 19:00,S1 Trend,1170.25,39,45639.75,-10237.5,-0.45,20475,0.90,-22912.5,-1.00,990350,990.35
1471,Exit long,2009-02-26 18:00,S1 Trail,1164.5,45,53032.5,-31500,-1.19,1687.5,0.06,-31500,-1.19,958850,958.85
1471,Entry long,2009-02-26 16:00,S1 Trend,1178.5,45,53032.5,-31500,-1.19,1687.5,0.06,-31500,-1.19,958850,958.85
1472,Exit short,2009-03-02 21:00,EOD,1102.25,47,52275.75,23500,0.90,28787.5,1.10,-3525,-0.13,982350,982.35
1472,Entry short,2009-03-02 16:30,S3 Hedge,1112.25,47,52275.75,23500,0.90,28787.5,1.10,-3525,-0.13,982350,982.35
1473,Exit long,2009-03-04 21:00,EOD,1113.75,39,43689.75,-12675,-0.58,9262.5,0.42,-15600,-0.71,969675,969.68
1473,Entry long,2009-03-04 20:00,S1 Trend,1120.25,39,43689.75,-12675,-0.58,9262.5,0.42,-15600,-0.71,969675,969.68
1474,Exit short,2009-03-05 21:00,EOD,1083.75,39,42256.5,-487.5,-0.02,11700,0.55,-12675,-0.60,969187.5,969.19
1474,Entry short,2009-03-05 19:30,S3 Hedge,1083.5,39,42256.5,-487.5,-0.02,11700,0.55,-12675,-0.60,969187.5,969.19
1475,Exit long,2009-03-10 15:30,S1 Climax,1109.25,15,16500,6937.5,0.84,7312.5,0.89,0,0.00,976125,976.13
1475,Entry long,2009-03-10 14:00,S1 Trend,1100,15,16500,6937.5,0.84,7312.5,0.89,0,0.00,976125,976.13
1476,Exit long,2009-03-10 16:00,S1 Climax,1114,11,12100,7700,1.27,7837.5,1.30,0,0.00,983825,983.83
1476,Entry long,2009-03-10 14:00,S1 Trend,1100,11,12100,7700,1.27,7837.5,1.30,0,0.00,983825,983.83
1477,Exit long,2009-03-10 16:30,S1 Climax,1114.75,7,7700,5162.5,1.34,5862.5,1.52,0,0.00,988987.5,988.99
1477,Entry long,2009-03-10 14:00,S1 Trend,1100,7,7700,5162.5,1.34,5862.5,1.52,0,0.00,988987.5,988.99
1478,Exit long,2009-03-10 20:00,EOD,1118.25,19,20900,17337.5,1.66,18762.5,1.80,0,0.00,1006325,1006.33
1478,Entry long,2009-03-10 14:00,S1 Trend,1100,19,20900,17337.5,1.66,18762.5,1.80,0,0.00,1006325,1006.33
1479,Exit long,2009-03-11 16:30,S1 Trail,1118.5,49,55431.25,-31237.5,-1.13,3062.5,0.11,-31237.5,-1.13,975087.5,975.09
1479,Entry long,2009-03-11 14:00,S1 Trend,1131.25,49,55431.25,-31237.5,-1.13,3062.5,0.11,-31237.5,-1.13,975087.5,975.09
1480,Exit long,2009-03-12 19:30,S1 Climax,1147.75,15,16950,13312.5,1.57,14437.5,1.70,-1500,-0.18,988400,988.40
1480,Entry long,2009-03-12 14:30,S1 Trend,1130,15,16950,13312.5,1.57,14437.5,1.70,-1500,-0.18,988400,988.40
1481,Exit long,2009-03-12 20:00,EOD,1151.25,38,42940,40375,1.88,45125,2.10,-3800,-0.18,1028775,1028.78
1481,Entry long,2009-03-12 14:30,S1 Trend,1130,38,42940,40375,1.88,45125,2.10,-3800,-0.18,1028775,1028.78
1482,Exit short,2009-03-13 17:00,S3 Scalp,1153.75,57,65407.5,-17812.5,-0.54,11400,0.35,-17812.5,-0.54,1010962.5,1010.96
1482,Entry short,2009-03-13 16:00,S3 Hedge,1147.5,57,65407.5,-17812.5,-0.54,11400,0.35,-17812.5,-0.54,1010962.5,1010.96
1483,Exit long,2009-03-16 19:00,S1 Trail,1164.25,57,66732.75,-18525,-0.56,14962.5,0.45,-18525,-0.56,992437.5,992.44
1483,Entry long,2009-03-16 15:30,S1 Trend,1170.75,57,66732.75,-18525,-0.56,14962.5,0.45,-18525,-0.56,992437.5,992.44
1484,Exit long,2009-03-17 20:00,EOD,1178.5,53,61652.25,40412.5,1.31,41737.5,1.35,-3312.5,-0.11,1032850,1032.85
1484,Entry long,2009-03-17 16:30,S1 Trend,1163.25,53,61652.25,40412.5,1.31,41737.5,1.35,-3312.5,-0.11,1032850,1032.85
1485,Exit long,2009-03-18 19:00,S1 Climax,1201.75,18,21177,22725,2.15,25650,2.42,-2700,-0.25,1055575,1055.58
1485,Entry long,2009-03-18 16:30,S1 Trend,1176.5,18,21177,22725,2.15,25650,2.42,-2700,-0.25,1055575,1055.58
1486,Exit long,2009-03-18 19:00,S1 Trail,1187.5,45,52942.5,24750,0.93,64125,2.42,-6750,-0.25,1080325,1080.33
1486,Entry long,2009-03-18 16:30,S1 Trend,1176.5,45,52942.5,24750,0.93,64125,2.42,-6750,-0.25,1080325,1080.33
1487,Exit long,2009-03-23 20:00,EOD,1223.75,56,67004,76300,2.28,77000,2.30,-2100,-0.06,1156625,1156.63
1487,Entry long,2009-03-23 14:30,S1 Trend,1196.5,56,67004,76300,2.28,77000,2.30,-2100,-0.06,1156625,1156.63
1488,Exit long,2009-03-24 19:00,S1 Trail,1212.5,76,92150,0,0.00,45600,0.99,-10450,-0.23,1156625,1156.63
1488,Entry long,2009-03-24 14:30,S1 Trend,1212.5,76,92150,0,0.00,45600,0.99,-10450,-0.23,1156625,1156.63
1489,Exit long,2009-03-25 17:00,S1 Trail,1216.25,75,91425,-10312.5,-0.23,33750,0.74,-10312.5,-0.23,1146312.5,1146.31
1489,Entry long,2009-03-25 14:00,S1 Trend,1219,75,91425,-10312.5,-0.23,33750,0.74,-10312.5,-0.23,1146312.5,1146.31
1490,Exit long,2009-03-26 20:00,EOD,1232.5,65,79235,43875,1.11,48750,1.23,-11375,-0.29,1190187.5,1190.19
1490,Entry long,2009-03-26 14:00,S1 Trend,1219,65,79235,43875,1.11,48750,1.23,-11375,-0.29,1190187.5,1190.19
1491,Exit short,2009-03-30 20:30,S3 Scalp,1187.5,60,70830,-21000,-0.59,1500,0.04,-21750,-0.61,1169187.5,1169.19
1491,Entry short,2009-03-30 20:00,S3 Hedge,1180.5,60,70830,-21000,-0.59,1500,0.04,-21750,-0.61,1169187.5,1169.19
1492,Exit long,2009-03-31 20:30,S1 Trail,1200.5,73,87946.75,-15512.5,-0.35,24637.5,0.56,-15512.5,-0.35,1153675,1153.68
1492,Entry long,2009-03-31 19:00,S1 Trend,1204.75,73,87946.75,-15512.5,-0.35,24637.5,0.56,-15512.5,-0.35,1153675,1153.68
1493,Exit long,2009-04-01 21:00,EOD,1210.75,59,70711.5,36137.5,1.02,47937.5,1.36,-5162.5,-0.15,1189812.5,1189.81
1493,Entry long,2009-04-01 15:30,S1 Trend,1198.5,59,70711.5,36137.5,1.02,47937.5,1.36,-5162.5,-0.15,1189812.5,1189.81
1494,Exit long,2009-04-02 20:30,S1 Trail,1232.75,62,76322,5425,0.14,48825,1.28,-1550,-0.04,1195237.5,1195.24
1494,Entry long,2009-04-02 15:30,S1 Trend,1231,62,76322,5425,0.14,48825,1.28,-1550,-0.04,1195237.5,1195.24
1495,Exit long,2009-04-03 21:00,EOD,1242.75,60,74505,3000,0.08,4500,0.12,-24000,-0.64,1198237.5,1198.24
1495,Entry long,2009-04-03 19:30,S1 Trend,1241.75,60,74505,3000,0.08,4500,0.12,-24000,-0.64,1198237.5,1198.24
1496,Exit long,2009-04-08 20:00,S1 Trail,1216.5,63,77395.5,-37800,-0.98,787.5,0.02,-37800,-0.98,1160437.5,1160.44
1496,Entry long,2009-04-08 18:00,S1 Trend,1228.5,63,77395.5,-37800,-0.98,787.5,0.02,-37800,-0.98,1160437.5,1160.44
1497,Exit long,2009-04-09 21:00,EOD,1258.5,65,81282.5,26000,0.64,26812.5,0.66,-19500,-0.48,1186437.5,1186.44
1497,Entry long,2009-04-09 15:00,S1 Trend,1250.5,65,81282.5,26000,0.64,26812.5,0.66,-19500,-0.48,1186437.5,1186.44
1498,Exit long,2009-04-13 21:00,EOD,1258.5,104,130364,26000,0.40,63700,0.98,-29900,-0.46,1212437.5,1212.44
1498,Entry long,2009-04-13 15:30,S1 Trend,1253.5,104,130364,26000,0.40,63700,0.98,-29900,-0.46,1212437.5,1212.44
1499,Exit long,2009-04-15 21:00,EOD,1252.75,72,89838,18000,0.40,24300,0.54,-32400,-0.72,1230437.5,1230.44
1499,Entry long,2009-04-15 18:00,S1 Trend,1247.75,72,89838,18000,0.40,24300,0.54,-32400,-0.72,1230437.5,1230.44
1500,Exit long,2009-04-16 21:00,EOD,1265.5,60,75660,13500,0.36,31500,0.83,-750,-0.02,1243937.5,1243.94
1500,Entry long,2009-04-16 19:30,S1 Trend,1261,60,75660,13500,0.36,31500,0.83,-750,-0.02,1243937.5,1243.94
1501,Exit long,2009-04-17 21:00,EOD,1270.75,74,94091,-2775,-0.06,18500,0.39,-8325,-0.18,1241162.5,1241.16
1501,Entry long,2009-04-17 18:30,S1 Trend,1271.5,74,94091,-2775,-0.06,18500,0.39,-8325,-0.18,1241162.5,1241.16
1502,Exit long,2009-04-22 20:30,S1 Trail,1249.25,64,80528,-28800,-0.72,16000,0.40,-28800,-0.72,1212362.5,1212.36
1502,Entry long,2009-04-22 15:30,S1 Trend,1258.25,64,80528,-28800,-0.72,16000,0.40,-28800,-0.72,1212362.5,1212.36
1503,Exit long,2009-04-23 21:00,EOD,1253.5,60,74850,18000,0.48,21000,0.56,-18750,-0.50,1230362.5,1230.36
1503,Entry long,2009-04-23 20:00,S1 Trend,1247.5,60,74850,18000,0.48,21000,0.56,-18750,-0.50,1230362.5,1230.36
1504,Exit long,2009-04-24 19:00,S1 Trail,1259,79,99737.5,-13825,-0.28,28637.5,0.57,-19750,-0.40,1216537.5,1216.54
1504,Entry long,2009-04-24 15:00,S1 Trend,1262.5,79,99737.5,-13825,-0.28,28637.5,0.57,-19750,-0.40,1216537.5,1216.54
1505,Exit long,2009-04-24 21:00,EOD,1266.25,60,76230,-12750,-0.33,8250,0.22,-27750,-0.73,1203787.5,1203.79
1505,Entry long,2009-04-24 20:00,S1 Trend,1270.5,60,76230,-12750,-0.33,8250,0.22,-27750,-0.73,1203787.5,1203.79
1506,Exit long,2009-04-27 18:30,S1 Trail,1258,75,94631.25,-14062.5,-0.30,31875,0.67,-19687.5,-0.42,1189725,1189.72
1506,Entry long,2009-04-27 15:00,S1 Trend,1261.75,75,94631.25,-14062.5,-0.30,31875,0.67,-19687.5,-0.42,1189725,1189.72
1507,Exit long,2009-04-28 21:00,EOD,1255.5,78,97831.5,4875,0.10,45825,0.94,0,0.00,1194600,1194.60
1507,Entry long,2009-04-28 15:00,S1 Trend,1254.25,78,97831.5,4875,0.10,45825,0.94,0,0.00,1194600,1194.60
1508,Exit long,2009-04-29 20:00,S1 Trail,1272,79,100251,11850,0.24,58262.5,1.16,-7900,-0.16,1206450,1206.45
1508,Entry long,2009-04-29 15:00,S1 Trend,1269,79,100251,11850,0.24,58262.5,1.16,-7900,-0.16,1206450,1206.45
1509,Exit long,2009-04-30 21:00,EOD,1274,64,81696,-8000,-0.20,10400,0.25,-24000,-0.59,1198450,1198.45
1509,Entry long,2009-04-30 19:00,S2 VWAP,1276.5,64,81696,-8000,-0.20,10400,0.25,-24000,-0.59,1198450,1198.45
1510,Exit long,2009-05-01 20:30,S1 Trail,1272,79,101021.25,-26662.5,-0.53,12837.5,0.25,-26662.5,-0.53,1171787.5,1171.79
1510,Entry long,2009-05-01 18:30,S1 Trend,1278.75,79,101021.25,-26662.5,-0.53,12837.5,0.25,-26662.5,-0.53,1171787.5,1171.79
1511,Exit long,2009-05-04 21:00,EOD,1309.25,94,121401,83425,1.37,83425,1.37,0,0.00,1255212.5,1255.21
1511,Entry long,2009-05-04 15:00,S1 Trend,1291.5,94,121401,83425,1.37,83425,1.37,0,0.00,1255212.5,1255.21
1512,Exit long,2009-05-05 17:00,S2 FairVal,1303.5,94,122317.5,10575,0.17,15275,0.25,-1175,-0.02,1265787.5,1265.79
1512,Entry long,2009-05-05 16:30,S2 VWAP,1301.25,94,122317.5,10575,0.17,15275,0.25,-1175,-0.02,1265787.5,1265.79
1513,Exit long,2009-05-06 21:00,EOD,1321.25,78,102589.5,23400,0.46,25350,0.49,-37050,-0.72,1289187.5,1289.19
1513,Entry long,2009-05-06 15:00,S1 Trend,1315.25,78,102589.5,23400,0.46,25350,0.49,-37050,-0.72,1289187.5,1289.19
1514,Exit long,2009-05-08 21:00,EOD,1330.25,74,97994.5,22200,0.45,29600,0.60,-37000,-0.76,1311387.5,1311.39
1514,Entry long,2009-05-08 15:00,S1 Trend,1324.25,74,97994.5,22200,0.45,29600,0.60,-37000,-0.76,1311387.5,1311.39
1515,Exit long,2009-05-11 21:00,EOD,1311.75,77,101466.75,-23100,-0.46,5775,0.11,-28875,-0.57,1288287.5,1288.29
1515,Entry long,2009-05-11 16:30,S1 Trend,1317.75,77,101466.75,-23100,-0.46,5775,0.11,-28875,-0.57,1288287.5,1288.29
1516,Exit long,2009-05-18 16:00,S1 Climax,1301.5,29,37584,7975,0.42,8700,0.46,-3625,-0.19,1296262.5,1296.26
1516,Entry long,2009-05-18 15:00,S1 Trend,1296,29,37584,7975,0.42,8700,0.46,-3625,-0.19,1296262.5,1296.26
1517,Exit long,2009-05-18 16:30,S1 Climax,1301.5,20,25920,5500,0.42,6250,0.48,-2500,-0.19,1301762.5,1301.76
1517,Entry long,2009-05-18 15:00,S1 Trend,1296,20,25920,5500,0.42,6250,0.48,-2500,-0.19,1301762.5,1301.76
1518,Exit long,2009-05-18 18:00,S1 Climax,1305.75,14,18144,6825,0.75,7175,0.79,-1750,-0.19,1308587.5,1308.59
1518,Entry long,2009-05-18 15:00,S1 Trend,1296,14,18144,6825,0.75,7175,0.79,-1750,-0.19,1308587.5,1308.59
1519,Exit long,2009-05-18 21:00,EOD,1312.5,35,45360,28875,1.27,30187.5,1.33,-4375,-0.19,1337462.5,1337.46
1519,Entry long,2009-05-18 15:00,S1 Trend,1296,35,45360,28875,1.27,30187.5,1.33,-4375,-0.19,1337462.5,1337.46
1520,Exit long,2009-05-19 21:00,EOD,1311,81,106717.5,-26325,-0.49,8100,0.15,-30375,-0.57,1311137.5,1311.14
1520,Entry long,2009-05-19 20:00,S1 Trend,1317.5,81,106717.5,-26325,-0.49,8100,0.15,-30375,-0.57,1311137.5,1311.14
1521,Exit long,2009-05-20 16:30,S1 Trail,1318.75,96,127104,-25200,-0.40,19200,0.30,-25200,-0.40,1285937.5,1285.94
1521,Entry long,2009-05-20 15:00,S1 Trend,1324,96,127104,-25200,-0.40,19200,0.30,-25200,-0.40,1285937.5,1285.94
1522,Exit long,2009-05-20 20:30,S2 FairVal,1306.5,80,105200,-34000,-0.65,16000,0.30,-34000,-0.65,1251937.5,1251.94
1522,Entry long,2009-05-20 18:30,S2 VWAP,1315,80,105200,-34000,-0.65,16000,0.30,-34000,-0.65,1251937.5,1251.94
1523,Exit long,2009-05-26 19:00,S1 Climax,1313.75,20,26090,9250,0.71,9750,0.75,-250,-0.02,1261187.5,1261.19
1523,Entry long,2009-05-26 15:30,S1 Trend,1304.5,20,26090,9250,0.71,9750,0.75,-250,-0.02,1261187.5,1261.19
1524,Exit long,2009-05-26 21:00,EOD,1313.25,48,62616,21000,0.67,26400,0.84,-600,-0.02,1282187.5,1282.19
1524,Entry long,2009-05-26 15:30,S1 Trend,1304.5,48,62616,21000,0.67,26400,0.84,-600,-0.02,1282187.5,1282.19
1525,Exit long,2009-05-27 21:00,EOD,1296.5,67,87334.5,-23450,-0.54,10050,0.23,-28475,-0.65,1258737.5,1258.74
1525,Entry long,2009-05-27 20:00,S2 VWAP,1303.5,67,87334.5,-23450,-0.54,10050,0.23,-28475,-0.65,1258737.5,1258.74
1526,Exit long,2009-05-28 21:00,EOD,1309.25,91,118459.25,34125,0.58,52325,0.88,-50050,-0.85,1292862.5,1292.86
1526,Entry long,2009-05-28 15:00,S1 Trend,1301.75,91,118459.25,34125,0.58,52325,0.88,-50050,-0.85,1292862.5,1292.86
1527,Exit long,2009-06-01 17:30,S1 Climax,1348,25,33493.75,10312.5,0.62,10625,0.63,0,0.00,1303175,1303.18
1527,Entry long,2009-06-01 15:00,S1 Trend,1339.75,25,33493.75,10312.5,0.62,10625,0.63,0,0.00,1303175,1303.18
1528,Exit long,2009-06-01 21:00,EOD,1347.25,59,79045.25,22125,0.56,35400,0.90,0,0.00,1325300,1325.30
1528,Entry long,2009-06-01 15:00,S1 Trend,1339.75,59,79045.25,22125,0.56,35400,0.90,0,0.00,1325300,1325.30
1529,Exit long,2009-06-02 17:30,S1 Trail,1343.75,95,128083.75,-21375,-0.33,24937.5,0.39,-21375,-0.33,1303925,1303.93
1529,Entry long,2009-06-02 15:00,S1 Trend,1348.25,95,128083.75,-21375,-0.33,24937.5,0.39,-21375,-0.33,1303925,1303.93
1530,Exit long,2009-06-04 21:00,EOD,1345.25,88,118228,7700,0.13,13200,0.22,-4400,-0.07,1311625,1311.63
1530,Entry long,2009-06-04 18:30,S1 Trend,1343.5,88,118228,7700,0.13,13200,0.22,-4400,-0.07,1311625,1311.63
1531,Exit long,2009-06-09 21:00,EOD,1346.25,96,129024,10800,0.17,36000,0.56,-19200,-0.30,1322425,1322.43
1531,Entry long,2009-06-09 15:00,S1 Trend,1344,96,129024,10800,0.17,36000,0.56,-19200,-0.30,1322425,1322.43
1532,Exit long,2009-06-11 20:30,S1 Trail,1350.25,94,127064.5,-7050,-0.11,43475,0.68,-11750,-0.18,1315375,1315.38
1532,Entry long,2009-06-11 15:00,S1 Trend,1351.75,94,127064.5,-7050,-0.11,43475,0.68,-11750,-0.18,1315375,1315.38
1533,Exit long,2009-06-12 21:00,EOD,1350.75,97,130853,8487.5,0.13,8487.5,0.13,-15762.5,-0.24,1323862.5,1323.86
1533,Entry long,2009-06-12 20:00,S1 Trend,1349,97,130853,8487.5,0.13,8487.5,0.13,-15762.5,-0.24,1323862.5,1323.86
1534,Exit long,2009-06-18 21:00,EOD,1321,85,112433.75,-7437.5,-0.13,14875,0.26,-14875,-0.26,1316425,1316.43
1534,Entry long,2009-06-18 15:30,S1 Trend,1322.75,85,112433.75,-7437.5,-0.13,14875,0.26,-14875,-0.26,1316425,1316.43
1535,Exit long,2009-06-19 17:00,S1 Trail,1324,131,174230,-39300,-0.45,8187.5,0.09,-39300,-0.45,1277125,1277.13
1535,Entry long,2009-06-19 15:00,S1 Trend,1330,131,174230,-39300,-0.45,8187.5,0.09,-39300,-0.45,1277125,1277.13
1536,Exit short,2009-06-22 21:00,EOD,1297,92,119715,19550,0.33,21850,0.37,-11500,-0.19,1296675,1296.68
1536,Entry short,2009-06-22 17:00,S3 Hedge,1301.25,92,119715,19550,0.33,21850,0.37,-11500,-0.19,1296675,1296.68
1537,Exit long,2009-06-24 19:00,S1 Trail,1306.5,114,149169,-11400,-0.15,37050,0.50,-11400,-0.15,1285275,1285.28
1537,Entry long,2009-06-24 15:00,S1 Trend,1308.5,114,149169,-11400,-0.15,37050,0.50,-11400,-0.15,1285275,1285.28
1538,Exit long,2009-06-25 21:00,EOD,1324.5,75,98456.25,44062.5,0.90,50625,1.03,-12187.5,-0.25,1329337.5,1329.34
1538,Entry long,2009-06-25 15:30,S1 Trend,1312.75,75,98456.25,44062.5,0.90,50625,1.03,-12187.5,-0.25,1329337.5,1329.34
1539,Exit long,2009-06-29 21:00,EOD,1331.5,107,142203,13375,0.19,18725,0.26,-4012.5,-0.06,1342712.5,1342.71
1539,Entry long,2009-06-29 15:30,S1 Trend,1329,107,142203,13375,0.19,18725,0.26,-4012.5,-0.06,1342712.5,1342.71
1540,Exit long,2009-06-30 15:30,S1 Trail,1323.25,152,202616,-74100,-0.73,1900,0.02,-83600,-0.83,1268612.5,1268.61
1540,Entry long,2009-06-30 15:00,S1 Trend,1333,152,202616,-74100,-0.73,1900,0.02,-83600,-0.83,1268612.5,1268.61
1541,Exit long,2009-07-01 20:30,S1 Trail,1327.75,104,138606,-26000,-0.38,20800,0.30,-26000,-0.38,1242612.5,1242.61
1541,Entry long,2009-07-01 15:00,S1 Trend,1332.75,104,138606,-26000,-0.38,20800,0.30,-26000,-0.38,1242612.5,1242.61
1542,Exit short,2009-07-07 21:00,EOD,1284.5,95,122526.25,24937.5,0.41,28500,0.47,-1187.5,-0.02,1267550,1267.55
1542,Entry short,2009-07-07 20:00,S3 Hedge,1289.75,95,122526.25,24937.5,0.41,28500,0.47,-1187.5,-0.02,1267550,1267.55
1543,Exit long,2009-07-09 21:00,EOD,1286,86,111090.5,-24725,-0.45,4300,0.08,-27950,-0.50,1242825,1242.83
1543,Entry long,2009-07-09 19:30,S1 Trend,1291.75,86,111090.5,-24725,-0.45,4300,0.08,-27950,-0.50,1242825,1242.83
1544,Exit short,2009-07-10 17:30,S3 Scalp,1283.5,88,112530,-20900,-0.37,6600,0.12,-20900,-0.37,1221925,1221.93
1544,Entry short,2009-07-10 16:30,S3 Hedge,1278.75,88,112530,-20900,-0.37,6600,0.12,-20900,-0.37,1221925,1221.93
1545,Exit long,2009-07-13 21:00,EOD,1305.25,73,94297.75,49275,1.05,51100,1.08,-5475,-0.12,1271200,1271.20
1545,Entry long,2009-07-13 16:00,S1 Trend,1291.75,73,94297.75,49275,1.05,51100,1.08,-5475,-0.12,1271200,1271.20
1546,Exit long,2009-07-15 15:30,S1 Climax,1327,39,51675,3900,0.15,5362.5,0.21,-487.5,-0.02,1275100,1275.10
1546,Entry long,2009-07-15 15:00,S1 Trend,1325,39,51675,3900,0.15,5362.5,0.21,-487.5,-0.02,1275100,1275.10
1547,Exit long,2009-07-15 16:30,S1 Climax,1329.75,28,37100,6650,0.36,7700,0.42,-350,-0.02,1281750,1281.75
1547,Entry long,2009-07-15 15:00,S1 Trend,1325,28,37100,6650,0.36,7700,0.42,-350,-0.02,1281750,1281.75
1548,Exit long,2009-07-15 17:00,S1 Climax,1329.75,19,25175,4512.5,0.36,6412.5,0.51,-237.5,-0.02,1286262.5,1286.26
1548,Entry long,2009-07-15 15:00,S1 Trend,1325,19,25175,4512.5,0.36,6412.5,0.51,-237.5,-0.02,1286262.5,1286.26
1549,Exit long,2009-07-15 17:30,S1 Climax,1331,14,18550,4200,0.45,4725,0.51,-175,-0.02,1290462.5,1290.46
1549,Entry long,2009-07-15 15:00,S1 Trend,1325,14,18550,4200,0.45,4725,0.51,-175,-0.02,1290462.5,1290.46
1550,Exit long,2009-07-15 18:00,S1 Climax,1330.75,9,11925,2587.5,0.43,3150,0.53,-112.5,-0.02,1293050,1293.05
1550,Entry long,2009-07-15 15:00,S1 Trend,1325,9,11925,2587.5,0.43,3150,0.53,-112.5,-0.02,1293050,1293.05
1551,Exit long,2009-07-15 18:30,S1 Climax,1332.25,7,9275,2537.5,0.55,2537.5,0.55,-87.5,-0.02,1295587.5,1295.59
1551,Entry long,2009-07-15 15:00,S1 Trend,1325,7,9275,2537.5,0.55,2537.5,0.55,-87.5,-0.02,1295587.5,1295.59
1552,Exit long,2009-07-15 19:00,S1 Climax,1333,5,6625,2000,0.60,2250,0.68,-62.5,-0.02,1297587.5,1297.59
1552,Entry long,2009-07-15 15:00,S1 Trend,1325,5,6625,2000,0.60,2250,0.68,-62.5,-0.02,1297587.5,1297.59
1553,Exit long,2009-07-15 19:30,S1 Climax,1334,3,3975,1350,0.68,1537.5,0.77,-37.5,-0.02,1298937.5,1298.94
1553,Entry long,2009-07-15 15:00,S1 Trend,1325,3,3975,1350,0.68,1537.5,0.77,-37.5,-0.02,1298937.5,1298.94
1554,Exit long,2009-07-15 20:00,S1 Climax,1337.75,2,2650,1275,0.96,1300,0.98,-25,-0.02,1300212.5,1300.21
1554,Entry long,2009-07-15 15:00,S1 Trend,1325,2,2650,1275,0.96,1300,0.98,-25,-0.02,1300212.5,1300.21
1555,Exit long,2009-07-15 21:00,EOD,1337.25,7,9275,4287.5,0.92,4987.5,1.08,-87.5,-0.02,1304500,1304.50
1555,Entry long,2009-07-15 15:00,S1 Trend,1325,7,9275,4287.5,0.92,4987.5,1.08,-87.5,-0.02,1304500,1304.50
1556,Exit long,2009-07-16 21:00,EOD,1345.75,87,116775.75,15225,0.26,30450,0.52,-2175,-0.04,1319725,1319.73
1556,Entry long,2009-07-16 19:30,S1 Trend,1342.25,87,116775.75,15225,0.26,30450,0.52,-2175,-0.04,1319725,1319.73
1557,Exit long,2009-07-17 21:00,EOD,1345.5,92,123441,17250,0.28,25300,0.41,-6900,-0.11,1336975,1336.98
1557,Entry long,2009-07-17 16:00,S1 Trend,1341.75,92,123441,17250,0.28,25300,0.41,-6900,-0.11,1336975,1336.98
1558,Exit long,2009-07-20 15:30,S1 Trail,1347,140,189245,-33250,-0.35,15750,0.17,-33250,-0.35,1303725,1303.72
1558,Entry long,2009-07-20 15:00,S1 Trend,1351.75,140,189245,-33250,-0.35,15750,0.17,-33250,-0.35,1303725,1303.72
1559,Exit long,2009-07-21 20:00,S2 FairVal,1355.75,94,127064.5,18800,0.30,18800,0.30,-17625,-0.28,1322525,1322.53
1559,Entry long,2009-07-21 17:30,S2 VWAP,1351.75,94,127064.5,18800,0.30,18800,0.30,-17625,-0.28,1322525,1322.53
1560,Exit long,2009-07-22 21:00,EOD,1359.5,104,141440,-2600,-0.04,27300,0.39,-19500,-0.28,1319925,1319.93
1560,Entry long,2009-07-22 15:00,S1 Trend,1360,104,141440,-2600,-0.04,27300,0.39,-19500,-0.28,1319925,1319.93
1561,Exit long,2009-07-23 16:30,S1 Climax,1380.25,32,43784,19200,0.88,21200,0.97,-4000,-0.18,1339125,1339.13
1561,Entry long,2009-07-23 15:00,S1 Trend,1368.25,32,43784,19200,0.88,21200,0.97,-4000,-0.18,1339125,1339.13
1562,Exit long,2009-07-23 18:00,S1 Climax,1382.75,22,30101.5,15950,1.06,16225,1.08,-2750,-0.18,1355075,1355.08
1562,Entry long,2009-07-23 15:00,S1 Trend,1368.25,22,30101.5,15950,1.06,16225,1.08,-2750,-0.18,1355075,1355.08
1563,Exit long,2009-07-23 21:00,EOD,1381,53,72517.25,33787.5,0.93,44387.5,1.22,-6625,-0.18,1388862.5,1388.86
1563,Entry long,2009-07-23 15:00,S1 Trend,1368.25,53,72517.25,33787.5,0.93,44387.5,1.22,-6625,-0.18,1388862.5,1388.86
1564,Exit long,2009-07-24 21:00,EOD,1384.75,101,139556.75,15150,0.22,20200,0.29,-7575,-0.11,1404012.5,1404.01
1564,Entry long,2009-07-24 19:00,S1 Trend,1381.75,101,139556.75,15150,0.22,20200,0.29,-7575,-0.11,1404012.5,1404.01
1565,Exit long,2009-07-29 21:00,EOD,1380.75,89,122953.5,-3337.5,-0.05,3337.5,0.05,-34487.5,-0.56,1400675,1400.68
1565,Entry long,2009-07-29 15:30,S1 Trend,1381.5,89,122953.5,-3337.5,-0.05,3337.5,0.05,-34487.5,-0.56,1400675,1400.68
1566,Exit long,2009-07-30 20:30,S1 Trail,1393,98,137028.5,-25725,-0.38,20825,0.30,-25725,-0.38,1374950,1374.95
1566,Entry long,2009-07-30 15:00,S1 Trend,1398.25,98,137028.5,-25725,-0.38,20825,0.30,-25725,-0.38,1374950,1374.95
1567,Exit long,2009-08-03 21:00,EOD,1408,104,146120,15600,0.21,23400,0.32,-22100,-0.30,1390550,1390.55
1567,Entry long,2009-08-03 15:30,S1 Trend,1405,104,146120,15600,0.21,23400,0.32,-22100,-0.30,1390550,1390.55
1568,Exit long,2009-08-04 21:00,EOD,1411,147,206571.75,42262.5,0.41,53287.5,0.52,-16537.5,-0.16,1432812.5,1432.81
1568,Entry long,2009-08-04 15:00,S1 Trend,1405.25,147,206571.75,42262.5,0.41,53287.5,0.52,-16537.5,-0.16,1432812.5,1432.81
1569,Exit long,2009-08-07 21:00,EOD,1415.75,89,126335.5,-16687.5,-0.26,22250,0.35,-16687.5,-0.26,1416125,1416.13
1569,Entry long,2009-08-07 16:00,S1 Trend,1419.5,89,126335.5,-16687.5,-0.26,22250,0.35,-16687.5,-0.26,1416125,1416.13
1570,Exit long,2009-08-10 18:00,S1 Trail,1409.25,136,192440,-39100,-0.41,8500,0.09,-39100,-0.41,1377025,1377.03
1570,Entry long,2009-08-10 16:00,S1 Trend,1415,136,192440,-39100,-0.41,8500,0.09,-39100,-0.41,1377025,1377.03
1571,Exit long,2009-08-10 20:30,S2 FairVal,1412.25,122,172020,13725,0.16,13725,0.16,0,0.00,1390750,1390.75
1571,Entry long,2009-08-10 20:00,S2 VWAP,1410,122,172020,13725,0.16,13725,0.16,0,0.00,1390750,1390.75
1572,Exit long,2009-08-12 21:00,EOD,1412,102,143820,10200,0.14,49725,0.69,-5100,-0.07,1400950,1400.95
1572,Entry long,2009-08-12 15:00,S1 Trend,1410,102,143820,10200,0.14,49725,0.69,-5100,-0.07,1400950,1400.95
1573,Exit long,2009-08-19 21:00,EOD,1404.25,94,131788,10575,0.16,24675,0.37,-9400,-0.14,1411525,1411.53
1573,Entry long,2009-08-19 17:00,S1 Trend,1402,94,131788,10575,0.16,24675,0.37,-9400,-0.14,1411525,1411.53
1574,Exit long,2009-08-20 21:00,EOD,1414,110,155320,11000,0.14,23375,0.30,-12375,-0.16,1422525,1422.53
1574,Entry long,2009-08-20 16:00,S1 Trend,1412,110,155320,11000,0.14,23375,0.30,-12375,-0.16,1422525,1422.53
1575,Exit long,2009-08-21 15:30,S1 Climax,1430,38,54112,11400,0.42,18525,0.68,0,0.00,1433925,1433.93
1575,Entry long,2009-08-21 15:00,S1 Trend,1424,38,54112,11400,0.42,18525,0.68,0,0.00,1433925,1433.93
1576,Exit long,2009-08-21 16:00,S1 Climax,1430.25,27,38448,8437.5,0.44,13162.5,0.68,0,0.00,1442362.5,1442.36
1576,Entry long,2009-08-21 15:00,S1 Trend,1424,27,38448,8437.5,0.44,13162.5,0.68,0,0.00,1442362.5,1442.36
1577,Exit long,2009-08-21 16:30,S1 Climax,1431,19,27056,6650,0.49,9262.5,0.68,0,0.00,1449012.5,1449.01
1577,Entry long,2009-08-21 15:00,S1 Trend,1424,19,27056,6650,0.49,9262.5,0.68,0,0.00,1449012.5,1449.01
1578,Exit long,2009-08-21 17:00,S1 Climax,1432,13,18512,5200,0.56,6337.5,0.68,0,0.00,1454212.5,1454.21
1578,Entry long,2009-08-21 15:00,S1 Trend,1424,13,18512,5200,0.56,6337.5,0.68,0,0.00,1454212.5,1454.21
1579,Exit long,2009-08-21 17:30,S1 Climax,1431.75,9,12816,3487.5,0.54,4387.5,0.68,0,0.00,1457700,1457.70
1579,Entry long,2009-08-21 15:00,S1 Trend,1424,9,12816,3487.5,0.54,4387.5,0.68,0,0.00,1457700,1457.70
1580,Exit long,2009-08-21 18:00,S1 Climax,1431.25,6,8544,2175,0.51,2925,0.68,0,0.00,1459875,1459.88
1580,Entry long,2009-08-21 15:00,S1 Trend,1424,6,8544,2175,0.51,2925,0.68,0,0.00,1459875,1459.88
1581,Exit long,2009-08-21 18:30,S1 Climax,1431.5,5,7120,1875,0.53,2437.5,0.68,0,0.00,1461750,1461.75
1581,Entry long,2009-08-21 15:00,S1 Trend,1424,5,7120,1875,0.53,2437.5,0.68,0,0.00,1461750,1461.75
1582,Exit long,2009-08-21 20:30,S1 Climax,1434.5,3,4272,1575,0.74,1725,0.81,0,0.00,1463325,1463.33
1582,Entry long,2009-08-21 15:00,S1 Trend,1424,3,4272,1575,0.74,1725,0.81,0,0.00,1463325,1463.33
1583,Exit long,2009-08-21 21:00,EOD,1433,9,12816,4050,0.63,5175,0.81,0,0.00,1467375,1467.38
1583,Entry long,2009-08-21 15:00,S1 Trend,1424,9,12816,4050,0.63,5175,0.81,0,0.00,1467375,1467.38
1584,Exit long,2009-08-24 18:00,S1 Trail,1436,132,190047,-24750,-0.26,24750,0.26,-24750,-0.26,1442625,1442.63
1584,Entry long,2009-08-24 15:00,S1 Trend,1439.75,132,190047,-24750,-0.26,24750,0.26,-24750,-0.26,1442625,1442.63
1585,Exit long,2009-08-24 21:00,EOD,1433.5,115,164938.75,-4312.5,-0.05,10062.5,0.12,-25875,-0.31,1438312.5,1438.31
1585,Entry long,2009-08-24 19:00,S2 VWAP,1434.25,115,164938.75,-4312.5,-0.05,10062.5,0.12,-25875,-0.31,1438312.5,1438.31
1586,Exit long,2009-08-25 15:30,S1 Trail,1435.5,115,165657.5,-28750,-0.35,34500,0.42,-31625,-0.38,1409562.5,1409.56
1586,Entry long,2009-08-25 15:00,S1 Trend,1440.5,115,165657.5,-28750,-0.35,34500,0.42,-31625,-0.38,1409562.5,1409.56
1587,Exit long,2009-08-26 21:00,EOD,1435.5,94,135148.5,-10575,-0.16,12925,0.19,-32900,-0.49,1398987.5,1398.99
1587,Entry long,2009-08-26 15:30,S1 Trend,1437.75,94,135148.5,-10575,-0.16,12925,0.19,-32900,-0.49,1398987.5,1398.99
1588,Exit long,2009-08-27 21:00,EOD,1438.5,95,136467.5,9500,0.14,22562.5,0.33,0,0.00,1408487.5,1408.49
1588,Entry long,2009-08-27 19:30,S1 Trend,1436.5,95,136467.5,9500,0.14,22562.5,0.33,0,0.00,1408487.5,1408.49
1589,Exit long,2009-09-01 15:30,S1 Trail,1426.5,104,148980,-31200,-0.42,19500,0.26,-31200,-0.42,1377287.5,1377.29
1589,Entry long,2009-09-01 15:00,S1 Trend,1432.5,104,148980,-31200,-0.42,19500,0.26,-31200,-0.42,1377287.5,1377.29
1590,Exit long,2009-09-04 21:00,EOD,1424.25,93,132199.5,12787.5,0.19,15112.5,0.23,-6975,-0.11,1390075,1390.08
1590,Entry long,2009-09-04 17:30,S1 Trend,1421.5,93,132199.5,12787.5,0.19,15112.5,0.23,-6975,-0.11,1390075,1390.08
1591,Exit long,2009-09-09 19:00,S1 Trail,1437.5,135,193893.75,8437.5,0.09,57375,0.59,-1687.5,-0.02,1398512.5,1398.51
1591,Entry long,2009-09-09 15:00,S1 Trend,1436.25,135,193893.75,8437.5,0.09,57375,0.59,-1687.5,-0.02,1398512.5,1398.51
1592,Exit long,2009-09-10 21:00,EOD,1451.5,108,156033,36450,0.47,41850,0.54,-9450,-0.12,1434962.5,1434.96
1592,Entry long,2009-09-10 16:00,S1 Trend,1444.75,108,156033,36450,0.47,41850,0.54,-9450,-0.12,1434962.5,1434.96
1593,Exit long,2009-09-11 17:00,S1 Trail,1450.25,161,234375.75,-44275,-0.38,8050,0.07,-44275,-0.38,1390687.5,1390.69
1593,Entry long,2009-09-11 15:00,S1 Trend,1455.75,161,234375.75,-44275,-0.38,8050,0.07,-44275,-0.38,1390687.5,1390.69
1594,Exit long,2009-09-11 20:00,S2 FairVal,1452,117,169737.75,7312.5,0.09,7312.5,0.09,-4387.5,-0.05,1398000,1398.00
1594,Entry long,2009-09-11 19:30,S2 VWAP,1450.75,117,169737.75,7312.5,0.09,7312.5,0.09,-4387.5,-0.05,1398000,1398.00
1595,Exit long,2009-09-14 21:00,EOD,1457,142,205509.5,69225,0.67,78100,0.76,-15975,-0.16,1467225,1467.23
1595,Entry long,2009-09-14 15:00,S1 Trend,1447.25,142,205509.5,69225,0.67,78100,0.76,-15975,-0.16,1467225,1467.23
1596,Exit long,2009-09-15 21:00,EOD,1461,110,160792.5,-4125,-0.05,17875,0.22,-13750,-0.17,1463100,1463.10
1596,Entry long,2009-09-15 18:30,S1 Trend,1461.75,110,160792.5,-4125,-0.05,17875,0.22,-13750,-0.17,1463100,1463.10
1597,Exit long,2009-09-16 21:00,EOD,1476.75,136,199614,61200,0.61,62900,0.63,-10200,-0.10,1524300,1524.30
1597,Entry long,2009-09-16 16:00,S1 Trend,1467.75,136,199614,61200,0.61,62900,0.63,-10200,-0.10,1524300,1524.30
1598,Exit long,2009-09-17 17:00,S1 Trail,1475.25,127,188245.75,-44450,-0.47,14287.5,0.15,-44450,-0.47,1479850,1479.85
1598,Entry long,2009-09-17 15:00,S1 Trend,1482.25,127,188245.75,-44450,-0.47,14287.5,0.15,-44450,-0.47,1479850,1479.85
1599,Exit long,2009-09-17 20:00,S2 FairVal,1477,84,123816,12600,0.20,12600,0.20,-5250,-0.08,1492450,1492.45
1599,Entry long,2009-09-17 19:00,S2 VWAP,1474,84,123816,12600,0.20,12600,0.20,-5250,-0.08,1492450,1492.45
1600,Exit long,2009-09-21 21:00,EOD,1473.25,118,173725.5,5900,0.07,20650,0.24,-11800,-0.14,1498350,1498.35
1600,Entry long,2009-09-21 16:30,S1 Trend,1472.25,118,173725.5,5900,0.07,20650,0.24,-11800,-0.14,1498350,1498.35
1601,Exit long,2009-09-22 21:00,EOD,1479.5,151,223668.75,-13212.5,-0.12,7550,0.07,-24537.5,-0.22,1485137.5,1485.14
1601,Entry long,2009-09-22 17:30,S1 Trend,1481.25,151,223668.75,-13212.5,-0.12,7550,0.07,-24537.5,-0.22,1485137.5,1485.14
1602,Exit long,2009-09-23 20:00,S1 Trail,1480.25,130,193180,-37375,-0.39,17875,0.19,-37375,-0.39,1447762.5,1447.76
1602,Entry long,2009-09-23 19:30,S1 Trend,1486,130,193180,-37375,-0.39,17875,0.19,-37375,-0.39,1447762.5,1447.76
1603,Exit long,2009-09-28 21:00,EOD,1471.75,106,155263.5,37100,0.48,49025,0.63,-1325,-0.02,1484862.5,1484.86
1603,Entry long,2009-09-28 15:00,S1 Trend,1464.75,106,155263.5,37100,0.48,49025,0.63,-1325,-0.02,1484862.5,1484.86
1604,Exit long,2009-09-29 15:30,S1 Trail,1469,134,198018.5,-58625,-0.59,0,0.00,-61975,-0.63,1426237.5,1426.24
1604,Entry long,2009-09-29 15:00,S1 Trend,1477.75,134,198018.5,-58625,-0.59,0,0.00,-61975,-0.63,1426237.5,1426.24
1605,Exit long,2009-09-29 18:00,S2 FairVal,1472.25,99,145579.5,8662.5,0.12,8662.5,0.12,-21037.5,-0.29,1434900,1434.90
1605,Entry long,2009-09-29 16:30,S2 VWAP,1470.5,99,145579.5,8662.5,0.12,8662.5,0.12,-21037.5,-0.29,1434900,1434.90
1606,Exit short,2009-10-01 21:00,EOD,1437.75,82,118367,23575,0.40,24600,0.42,-17425,-0.29,1458475,1458.48
1606,Entry short,2009-10-01 18:30,S3 Hedge,1443.5,82,118367,23575,0.40,24600,0.42,-17425,-0.29,1458475,1458.48
1607,Exit long,2009-10-05 21:00,EOD,1448.5,101,146046,12625,0.17,27775,0.38,-8837.5,-0.12,1471100,1471.10
1607,Entry long,2009-10-05 18:00,S1 Trend,1446,101,146046,12625,0.17,27775,0.38,-8837.5,-0.12,1471100,1471.10
1608,Exit long,2009-10-06 18:30,S1 Trail,1461.25,125,182906.25,-12500,-0.14,40625,0.44,-12500,-0.14,1458600,1458.60
1608,Entry long,2009-10-06 15:00,S1 Trend,1463.25,125,182906.25,-12500,-0.14,40625,0.44,-12500,-0.14,1458600,1458.60
1609,Exit long,2009-10-07 21:00,EOD,1466.25,111,162531.75,11100,0.14,16650,0.20,-20812.5,-0.26,1469700,1469.70
1609,Entry long,2009-10-07 16:30,S1 Trend,1464.25,111,162531.75,11100,0.14,16650,0.20,-20812.5,-0.26,1469700,1469.70
1610,Exit long,2009-10-08 21:00,EOD,1474.5,120,177360,-21000,-0.24,13500,0.15,-28500,-0.32,1448700,1448.70
1610,Entry long,2009-10-08 16:30,S1 Trend,1478,120,177360,-21000,-0.24,13500,0.15,-28500,-0.32,1448700,1448.70
1611,Exit long,2009-10-09 21:00,EOD,1480.75,120,177270,21000,0.24,22500,0.25,-15000,-0.17,1469700,1469.70
1611,Entry long,2009-10-09 15:00,S1 Trend,1477.25,120,177270,21000,0.24,22500,0.25,-15000,-0.17,1469700,1469.70
1612,Exit long,2009-10-12 21:00,EOD,1485.75,152,225454,19000,0.17,19000,0.17,-1900,-0.02,1488700,1488.70
1612,Entry long,2009-10-12 20:00,S2 VWAP,1483.25,152,225454,19000,0.17,19000,0.17,-1900,-0.02,1488700,1488.70
1613,Exit long,2009-10-14 21:00,EOD,1501.75,145,217028.75,36250,0.33,43500,0.40,-7250,-0.07,1524950,1524.95
1613,Entry long,2009-10-14 18:30,S1 Trend,1496.75,145,217028.75,36250,0.33,43500,0.40,-7250,-0.07,1524950,1524.95
1614,Exit long,2009-10-15 21:00,EOD,1504.75,144,216072,30600,0.28,36000,0.33,-1800,-0.02,1555550,1555.55
1614,Entry long,2009-10-15 19:30,S1 Trend,1500.5,144,216072,30600,0.28,36000,0.33,-1800,-0.02,1555550,1555.55
1615,Exit long,2009-10-16 21:00,EOD,1497,119,178262,-5950,-0.07,19337.5,0.22,-14875,-0.17,1549600,1549.60
1615,Entry long,2009-10-16 19:00,S1 Trend,1498,119,178262,-5950,-0.07,19337.5,0.22,-14875,-0.17,1549600,1549.60
1616,Exit long,2009-10-19 21:00,EOD,1506.75,134,201603,15075,0.15,35175,0.35,-3350,-0.03,1564675,1564.68
1616,Entry long,2009-10-19 16:00,S1 Trend,1504.5,134,201603,15075,0.15,35175,0.35,-3350,-0.03,1564675,1564.68
1617,Exit long,2009-10-21 20:00,S1 Trail,1501.75,112,168644,-22400,-0.27,32200,0.38,-22400,-0.27,1542275,1542.28
1617,Entry long,2009-10-21 15:00,S1 Trend,1505.75,112,168644,-22400,-0.27,32200,0.38,-22400,-0.27,1542275,1542.28
1618,Exit long,2009-10-22 21:00,EOD,1501.5,92,137977,8050,0.12,25300,0.37,-1150,-0.02,1550325,1550.33
1618,Entry long,2009-10-22 19:30,S1 Trend,1499.75,92,137977,8050,0.12,25300,0.37,-1150,-0.02,1550325,1550.33
1619,Exit long,2009-10-26 15:00,S1 Trail,1493,117,175383,-35100,-0.40,14625,0.17,-35100,-0.40,1515225,1515.23
1619,Entry long,2009-10-26 14:00,S1 Trend,1499,117,175383,-35100,-0.40,14625,0.17,-35100,-0.40,1515225,1515.23
1620,Exit short,2009-10-28 20:00,EOD,1452.75,97,141911,49712.5,0.70,54562.5,0.77,-13337.5,-0.19,1564937.5,1564.94
1620,Entry short,2009-10-28 15:00,S3 Hedge,1463,97,141911,49712.5,0.70,54562.5,0.77,-13337.5,-0.19,1564937.5,1564.94
1621,Exit long,2009-10-29 19:00,S1 Climax,1475,32,47032,8400,0.36,8800,0.37,-800,-0.03,1573337.5,1573.34
1621,Entry long,2009-10-29 16:30,S1 Trend,1469.75,32,47032,8400,0.36,8800,0.37,-800,-0.03,1573337.5,1573.34
1622,Exit long,2009-10-29 20:00,EOD,1474.5,75,110231.25,17812.5,0.32,27187.5,0.49,-1875,-0.03,1591150,1591.15
1622,Entry long,2009-10-29 16:30,S1 Trend,1469.75,75,110231.25,17812.5,0.32,27187.5,0.49,-1875,-0.03,1591150,1591.15
1623,Exit long,2009-11-04 15:30,S1 Climax,1468.75,47,68808,11162.5,0.32,14100,0.41,-5875,-0.17,1602312.5,1602.31
1623,Entry long,2009-11-04 15:00,S1 Trend,1464,47,68808,11162.5,0.32,14100,0.41,-5875,-0.17,1602312.5,1602.31
1624,Exit long,2009-11-04 16:00,S1 Climax,1470.5,33,48312,10725,0.44,10725,0.44,-4125,-0.17,1613037.5,1613.04
1624,Entry long,2009-11-04 15:00,S1 Trend,1464,33,48312,10725,0.44,10725,0.44,-4125,-0.17,1613037.5,1613.04
1625,Exit long,2009-11-04 19:00,S1 Trail,1462.5,78,114192,-5850,-0.10,25350,0.44,-9750,-0.17,1607187.5,1607.19
1625,Entry long,2009-11-04 15:00,S1 Trend,1464,78,114192,-5850,-0.10,25350,0.44,-9750,-0.17,1607187.5,1607.19
1626,Exit long,2009-11-04 20:30,S1 Trail,1457.75,91,133679,-51187.5,-0.77,1137.5,0.02,-51187.5,-0.77,1556000,1556.00
1626,Entry long,2009-11-04 20:00,S1 Trend,1469,91,133679,-51187.5,-0.77,1137.5,0.02,-51187.5,-0.77,1556000,1556.00
1627,Exit long,2009-11-05 21:00,EOD,1476.5,116,170433,42050,0.49,44950,0.53,-8700,-0.10,1598050,1598.05
1627,Entry long,2009-11-05 15:00,S1 Trend,1469.25,116,170433,42050,0.49,44950,0.53,-8700,-0.10,1598050,1598.05
1628,Exit long,2009-11-09 20:00,S1 Climax,1501.75,45,67196.25,19125,0.57,20250,0.60,-1687.5,-0.05,1617175,1617.18
1628,Entry long,2009-11-09 15:30,S1 Trend,1493.25,45,67196.25,19125,0.57,20250,0.60,-1687.5,-0.05,1617175,1617.18
1629,Exit long,2009-11-09 21:00,EOD,1504,106,158284.5,56975,0.72,58300,0.74,-3975,-0.05,1674150,1674.15
1629,Entry long,2009-11-09 15:30,S1 Trend,1493.25,106,158284.5,56975,0.72,58300,0.74,-3975,-0.05,1674150,1674.15
1630,Exit long,2009-11-10 16:00,S1 Trail,1500.25,173,260667.75,-56225,-0.43,6487.5,0.05,-56225,-0.43,1617925,1617.93
1630,Entry long,2009-11-10 15:30,S1 Trend,1506.75,173,260667.75,-56225,-0.43,6487.5,0.05,-56225,-0.43,1617925,1617.93
1631,Exit long,2009-11-10 19:00,S2 FairVal,1502.5,127,190690.5,6350,0.07,6350,0.07,-14287.5,-0.15,1624275,1624.28
1631,Entry long,2009-11-10 18:00,S2 VWAP,1501.5,127,190690.5,6350,0.07,6350,0.07,-14287.5,-0.15,1624275,1624.28
1632,Exit long,2009-11-11 16:00,S1 Trail,1507.5,167,253005,-62625,-0.50,2087.5,0.02,-68887.5,-0.54,1561650,1561.65
1632,Entry long,2009-11-11 15:30,S1 Trend,1515,167,253005,-62625,-0.50,2087.5,0.02,-68887.5,-0.54,1561650,1561.65
1633,Exit long,2009-11-12 16:00,S1 Trail,1504.25,114,172396.5,-45600,-0.53,9975,0.12,-45600,-0.53,1516050,1516.05
1633,Entry long,2009-11-12 15:00,S1 Trend,1512.25,114,172396.5,-45600,-0.53,9975,0.12,-45600,-0.53,1516050,1516.05
1634,Exit long,2009-11-13 20:00,S1 Trail,1499.75,108,162486,-25650,-0.32,24300,0.30,-25650,-0.32,1490400,1490.40
1634,Entry long,2009-11-13 16:00,S1 Trend,1504.5,108,162486,-25650,-0.32,24300,0.30,-25650,-0.32,1490400,1490.40
1635,Exit long,2009-11-16 20:00,S1 Trail,1517,129,196015.5,-16125,-0.16,37087.5,0.38,-16125,-0.16,1474275,1474.28
1635,Entry long,2009-11-16 15:00,S1 Trend,1519.5,129,196015.5,-16125,-0.16,37087.5,0.38,-16125,-0.16,1474275,1474.28
1636,Exit long,2009-11-17 21:00,EOD,1521.5,139,211002,24325,0.23,27800,0.26,-34750,-0.33,1498600,1498.60
1636,Entry long,2009-11-17 15:00,S1 Trend,1518,139,211002,24325,0.23,27800,0.26,-34750,-0.33,1498600,1498.60
1637,Exit long,2009-11-23 15:30,S1 Climax,1523.25,42,63987,-525,-0.02,2100,0.07,-4200,-0.13,1498075,1498.08
1637,Entry long,2009-11-23 15:00,S1 Trend,1523.5,42,63987,-525,-0.02,2100,0.07,-4200,-0.13,1498075,1498.08
1638,Exit long,2009-11-23 17:30,S1 Trail,1517.5,100,152350,-30000,-0.39,5000,0.07,-30000,-0.39,1468075,1468.08
1638,Entry long,2009-11-23 15:00,S1 Trend,1523.5,100,152350,-30000,-0.39,5000,0.07,-30000,-0.39,1468075,1468.08
1639,Exit long,2009-11-24 21:00,EOD,1517.5,111,168553.5,-5550,-0.07,4162.5,0.05,-16650,-0.20,1462525,1462.53
1639,Entry long,2009-11-24 20:00,S1 Trend,1518.5,111,168553.5,-5550,-0.07,4162.5,0.05,-16650,-0.20,1462525,1462.53
1640,Exit long,2009-11-25 21:00,EOD,1522,148,225367,-5550,-0.05,1850,0.02,-12950,-0.11,1456975,1456.98
1640,Entry long,2009-11-25 20:00,S1 Trend,1522.75,148,225367,-5550,-0.05,1850,0.02,-12950,-0.11,1456975,1456.98
1641,Exit short,2009-11-26 23:00,S3 Scalp,1500.5,107,160072,-24075,-0.30,0,0.00,-24075,-0.30,1432900,1432.90
1641,Entry short,2009-11-26 16:00,S3 Hedge,1496,107,160072,-24075,-0.30,0,0.00,-24075,-0.30,1432900,1432.90
1642,Exit long,2009-11-30 08:30,S1 Trail,1501.5,67,101036,-21775,-0.43,10887.5,0.22,-22612.5,-0.45,1411125,1411.13
1642,Entry long,2009-11-27 16:00,S1 Trend,1508,67,101036,-21775,-0.43,10887.5,0.22,-22612.5,-0.45,1411125,1411.13
1643,Exit long,2009-11-30 16:30,S1 Trail,1498.25,84,126693,-42000,-0.66,5250,0.08,-42000,-0.66,1369125,1369.13
1643,Entry long,2009-11-30 15:30,S1 Trend,1508.25,84,126693,-42000,-0.66,5250,0.08,-42000,-0.66,1369125,1369.13
1644,Exit long,2009-12-01 21:00,EOD,1520.75,130,197567.5,6500,0.07,32500,0.33,-29250,-0.30,1375625,1375.63
1644,Entry long,2009-12-01 15:00,S1 Trend,1519.75,130,197567.5,6500,0.07,32500,0.33,-29250,-0.30,1375625,1375.63
1645,Exit long,2009-12-02 17:00,S1 Trail,1519.25,115,175576.25,-43125,-0.49,0,0.00,-43125,-0.49,1332500,1332.50
1645,Entry long,2009-12-02 15:30,S1 Trend,1526.75,115,175576.25,-43125,-0.49,0,0.00,-43125,-0.49,1332500,1332.50
1646,Exit long,2009-12-02 20:30,S2 FairVal,1522.25,104,158054,13000,0.16,13000,0.16,-9100,-0.12,1345500,1345.50
1646,Entry long,2009-12-02 18:00,S2 VWAP,1519.75,104,158054,13000,0.16,13000,0.16,-9100,-0.12,1345500,1345.50
1647,Exit long,2009-12-03 20:30,S1 Trail,1517.25,117,178512.75,-49725,-0.56,0,0.00,-49725,-0.56,1295775,1295.78
1647,Entry long,2009-12-03 15:00,S1 Trend,1525.75,117,178512.75,-49725,-0.56,0,0.00,-49725,-0.56,1295775,1295.78
1648,Exit long,2009-12-04 16:00,S1 Trail,1521.5,96,146880,-40800,-0.56,3600,0.05,-40800,-0.56,1254975,1254.97
1648,Entry long,2009-12-04 15:00,S1 Trend,1530,96,146880,-40800,-0.56,3600,0.05,-40800,-0.56,1254975,1254.97
1649,Exit long,2009-12-07 19:30,S1 Trail,1515.25,106,161332,-35775,-0.44,6625,0.08,-35775,-0.44,1219200,1219.20
1649,Entry long,2009-12-07 15:00,S1 Trend,1522,106,161332,-35775,-0.44,6625,0.08,-35775,-0.44,1219200,1219.20
1650,Exit long,2009-12-10 21:00,EOD,1514.5,108,163782,-10800,-0.13,10800,0.13,-21600,-0.26,1208400,1208.40
1650,Entry long,2009-12-10 15:00,S1 Trend,1516.5,108,163782,-10800,-0.13,10800,0.13,-21600,-0.26,1208400,1208.40
1651,Exit long,2009-12-11 18:00,S2 FairVal,1519.5,104,157638,19500,0.25,19500,0.25,0,0.00,1227900,1227.90
1651,Entry long,2009-12-11 17:00,S2 VWAP,1515.75,104,157638,19500,0.25,19500,0.25,0,0.00,1227900,1227.90
1652,Exit long,2009-12-14 21:00,EOD,1527,132,201531,1650,0.02,4950,0.05,-14850,-0.15,1229550,1229.55
1652,Entry long,2009-12-14 18:00,S1 Trend,1526.75,132,201531,1650,0.02,4950,0.05,-14850,-0.15,1229550,1229.55
1653,Exit short,2009-12-17 19:30,S3 Scalp,1514.25,105,158602.5,-19687.5,-0.25,1312.5,0.02,-19687.5,-0.25,1209862.5,1209.86
1653,Entry short,2009-12-17 18:00,S3 Hedge,1510.5,105,158602.5,-19687.5,-0.25,1312.5,0.02,-19687.5,-0.25,1209862.5,1209.86
1654,Exit long,2009-12-21 21:00,EOD,1527.25,122,186477,-7625,-0.08,16775,0.18,-18300,-0.20,1202237.5,1202.24
1654,Entry long,2009-12-21 15:30,S1 Trend,1528.5,122,186477,-7625,-0.08,16775,0.18,-18300,-0.20,1202237.5,1202.24
1655,Exit long,2009-12-28 20:30,S2 FairVal,1540.75,176,270820,17600,0.13,17600,0.13,-6600,-0.05,1219837.5,1219.84
1655,Entry long,2009-12-28 20:00,S2 VWAP,1538.75,176,270820,17600,0.13,17600,0.13,-6600,-0.05,1219837.5,1219.84
1656,Exit long,2010-01-07 21:00,EOD,1555.75,124,192386,26350,0.27,32550,0.34,-6200,-0.06,1246187.5,1246.19
1656,Entry long,2010-01-07 16:00,S1 Trend,1551.5,124,192386,26350,0.27,32550,0.34,-6200,-0.06,1246187.5,1246.19
1657,Exit long,2010-01-13 21:00,EOD,1560.25,120,186840,19500,0.21,37500,0.40,-4500,-0.05,1265687.5,1265.69
1657,Entry long,2010-01-13 17:30,S1 Trend,1557,120,186840,19500,0.21,37500,0.40,-4500,-0.05,1265687.5,1265.69
1658,Exit long,2010-01-19 21:00,EOD,1564.25,125,194468.75,53125,0.55,57812.5,0.59,-1562.5,-0.02,1318812.5,1318.81
1658,Entry long,2010-01-19 15:00,S1 Trend,1555.75,125,194468.75,53125,0.55,57812.5,0.59,-1562.5,-0.02,1318812.5,1318.81
1659,Exit short,2010-01-22 21:00,EOD,1505.75,71,107494,29287.5,0.54,34612.5,0.64,-7987.5,-0.15,1348100,1348.10
1659,Entry short,2010-01-22 20:00,S3 Hedge,1514,71,107494,29287.5,0.54,34612.5,0.64,-7987.5,-0.15,1348100,1348.10
1660,Exit long,2010-01-29 16:00,S1 Trail,1499.75,84,126546,-28350,-0.45,19950,0.32,-28350,-0.45,1319750,1319.75
1660,Entry long,2010-01-29 15:00,S1 Trend,1506.5,84,126546,-28350,-0.45,19950,0.32,-28350,-0.45,1319750,1319.75
1661,Exit long,2010-02-01 21:00,EOD,1503.5,90,135112.5,10125,0.15,13500,0.20,-19125,-0.28,1329875,1329.88
1661,Entry long,2010-02-01 16:30,S1 Trend,1501.25,90,135112.5,10125,0.15,13500,0.20,-19125,-0.28,1329875,1329.88
1662,Exit long,2010-02-02 21:00,EOD,1517.5,102,154071,35700,0.46,45900,0.60,-7650,-0.10,1365575,1365.58
1662,Entry long,2010-02-02 15:30,S1 Trend,1510.5,102,154071,35700,0.46,45900,0.60,-7650,-0.10,1365575,1365.58
1663,Exit short,2010-02-05 20:00,S3 Scalp,1474.25,62,90923,-24025,-0.53,24025,0.53,-24025,-0.53,1341550,1341.55
1663,Entry short,2010-02-05 18:30,S3 Hedge,1466.5,62,90923,-24025,-0.53,24025,0.53,-24025,-0.53,1341550,1341.55
1664,Exit long,2010-02-09 16:00,S1 Trail,1479,112,166068,-21000,-0.25,28000,0.34,-21000,-0.25,1320550,1320.55
1664,Entry long,2010-02-09 15:00,S1 Trend,1482.75,112,166068,-21000,-0.25,28000,0.34,-21000,-0.25,1320550,1320.55
1665,Exit long,2010-02-09 21:00,EOD,1485.75,72,107046,-3600,-0.07,29700,0.55,-12600,-0.24,1316950,1316.95
1665,Entry long,2010-02-09 17:00,S1 Trend,1486.75,72,107046,-3600,-0.07,29700,0.55,-12600,-0.24,1316950,1316.95
1666,Exit long,2010-02-10 21:00,EOD,1483.25,69,102741,-19837.5,-0.39,862.5,0.02,-26737.5,-0.52,1297112.5,1297.11
1666,Entry long,2010-02-10 18:30,S1 Trend,1489,69,102741,-19837.5,-0.39,862.5,0.02,-26737.5,-0.52,1297112.5,1297.11
1667,Exit long,2010-02-11 21:00,EOD,1494.25,65,96931.25,9750,0.20,15437.5,0.32,-3250,-0.07,1306862.5,1306.86
1667,Entry long,2010-02-11 17:00,S1 Trend,1491.25,65,96931.25,9750,0.20,15437.5,0.32,-3250,-0.07,1306862.5,1306.86
1668,Exit long,2010-02-12 21:00,EOD,1493.5,71,105896.5,7100,0.13,8875,0.17,-28400,-0.54,1313962.5,1313.96
1668,Entry long,2010-02-12 17:30,S1 Trend,1491.5,71,105896.5,7100,0.13,8875,0.17,-28400,-0.54,1313962.5,1313.96
1669,Exit long,2010-02-16 21:00,EOD,1510.75,114,171256.5,48450,0.57,55575,0.65,-5700,-0.07,1362412.5,1362.41
1669,Entry long,2010-02-16 16:00,S1 Trend,1502.25,114,171256.5,48450,0.57,55575,0.65,-5700,-0.07,1362412.5,1362.41
1670,Exit long,2010-02-18 21:00,EOD,1522.75,138,209449.5,34500,0.33,48300,0.46,-24150,-0.23,1396912.5,1396.91
1670,Entry long,2010-02-18 15:00,S1 Trend,1517.75,138,209449.5,34500,0.33,48300,0.46,-24150,-0.23,1396912.5,1396.91
1671,Exit long,2010-02-19 21:00,EOD,1525,131,198792.5,49125,0.49,75325,0.76,-4912.5,-0.05,1446037.5,1446.04
1671,Entry long,2010-02-19 15:00,S1 Trend,1517.5,131,198792.5,49125,0.49,75325,0.76,-4912.5,-0.05,1446037.5,1446.04
1672,Exit long,2010-02-24 21:00,EOD,1521.5,102,155142,2550,0.03,12750,0.16,-20400,-0.26,1448587.5,1448.59
1672,Entry long,2010-02-24 16:00,S1 Trend,1521,102,155142,2550,0.03,12750,0.16,-20400,-0.26,1448587.5,1448.59
1673,Exit long,2010-03-01 21:00,EOD,1532.25,148,225922,42550,0.38,51800,0.46,-11100,-0.10,1491137.5,1491.14
1673,Entry long,2010-03-01 15:00,S1 Trend,1526.5,148,225922,42550,0.38,51800,0.46,-11100,-0.10,1491137.5,1491.14
1674,Exit long,2010-03-02 20:30,S1 Trail,1534,147,226380,-44100,-0.39,5512.5,0.05,-44100,-0.39,1447037.5,1447.04
1674,Entry long,2010-03-02 19:00,S1 Trend,1540,147,226380,-44100,-0.39,5512.5,0.05,-44100,-0.39,1447037.5,1447.04
1675,Exit long,2010-03-03 19:00,S1 Trail,1536.5,152,233966,-20900,-0.18,28500,0.24,-20900,-0.18,1426137.5,1426.14
1675,Entry long,2010-03-03 15:30,S1 Trend,1539.25,152,233966,-20900,-0.18,28500,0.24,-20900,-0.18,1426137.5,1426.14
1676,Exit long,2010-03-04 21:00,EOD,1539.5,151,232275.75,9437.5,0.08,24537.5,0.21,-35862.5,-0.31,1435575,1435.58
1676,Entry long,2010-03-04 15:30,S1 Trend,1538.25,151,232275.75,9437.5,0.08,24537.5,0.21,-35862.5,-0.31,1435575,1435.58
1677,Exit long,2010-03-05 20:00,S1 Climax,1554.5,42,65173.5,5775,0.18,6825,0.21,-2625,-0.08,1441350,1441.35
1677,Entry long,2010-03-05 15:30,S1 Trend,1551.75,42,65173.5,5775,0.18,6825,0.21,-2625,-0.08,1441350,1441.35
1678,Exit long,2010-03-05 21:00,EOD,1555.75,98,152071.5,19600,0.26,24500,0.32,-6125,-0.08,1460950,1460.95
1678,Entry long,2010-03-05 15:30,S1 Trend,1551.75,98,152071.5,19600,0.26,24500,0.32,-6125,-0.08,1460950,1460.95
1679,Exit long,2010-03-09 20:00,S1 Trail,1557,151,235786.5,-33975,-0.29,13212.5,0.11,-33975,-0.29,1426975,1426.98
1679,Entry long,2010-03-09 17:30,S1 Trend,1561.5,151,235786.5,-33975,-0.29,13212.5,0.11,-33975,-0.29,1426975,1426.98
1680,Exit long,2010-03-11 21:00,EOD,1567.75,134,209475.5,30150,0.29,31825,0.30,-26800,-0.26,1457125,1457.13
1680,Entry long,2010-03-11 16:00,S1 Trend,1563.25,134,209475.5,30150,0.29,31825,0.30,-26800,-0.26,1457125,1457.13
1681,Exit long,2010-03-18 17:30,S2 FairVal,1582.5,170,268727.5,14875,0.11,14875,0.11,-17000,-0.13,1472000,1472.00
1681,Entry long,2010-03-18 16:30,S2 VWAP,1580.75,170,268727.5,14875,0.11,14875,0.11,-17000,-0.13,1472000,1472.00
1682,Exit long,2010-03-22 20:00,EOD,1583.5,129,203916.75,17737.5,0.17,32250,0.32,-4837.5,-0.05,1489737.5,1489.74
1682,Entry long,2010-03-22 14:30,S1 Trend,1580.75,129,203916.75,17737.5,0.17,32250,0.32,-4837.5,-0.05,1489737.5,1489.74
1683,Exit long,2010-03-23 20:00,EOD,1592.25,151,239637,39637.5,0.33,45300,0.38,-16987.5,-0.14,1529375,1529.38
1683,Entry long,2010-03-23 17:30,S1 Trend,1587,151,239637,39637.5,0.33,45300,0.38,-16987.5,-0.14,1529375,1529.38
1684,Exit long,2010-03-24 15:00,S1 Trail,1584.25,149,236798.25,-37250,-0.31,13037.5,0.11,-37250,-0.31,1492125,1492.13
1684,Entry long,2010-03-24 14:30,S1 Trend,1589.25,149,236798.25,-37250,-0.31,13037.5,0.11,-37250,-0.31,1492125,1492.13
1685,Exit long,2010-03-26 16:00,S1 Trail,1585.5,147,233913.75,-42262.5,-0.36,7350,0.06,-42262.5,-0.36,1449862.5,1449.86
1685,Entry long,2010-03-26 14:30,S1 Trend,1591.25,147,233913.75,-42262.5,-0.36,7350,0.06,-42262.5,-0.36,1449862.5,1449.86
1686,Exit long,2010-03-30 17:30,S2 FairVal,1592,145,230550,14500,0.13,14500,0.13,-5437.5,-0.05,1464362.5,1464.36
1686,Entry long,2010-03-30 17:00,S2 VWAP,1590,145,230550,14500,0.13,14500,0.13,-5437.5,-0.05,1464362.5,1464.36
1687,Exit long,2010-03-31 20:00,S1 Trail,1586.5,138,219627,-34500,-0.31,10350,0.09,-34500,-0.31,1429862.5,1429.86
1687,Entry long,2010-03-31 17:30,S1 Trend,1591.5,138,219627,-34500,-0.31,10350,0.09,-34500,-0.31,1429862.5,1429.86
1688,Exit long,2010-04-07 17:00,S2 FairVal,1605,153,245641.5,-3825,-0.03,3825,0.03,-11475,-0.09,1426037.5,1426.04
1688,Entry long,2010-04-07 16:30,S2 VWAP,1605.5,153,245641.5,-3825,-0.03,3825,0.03,-11475,-0.09,1426037.5,1426.04
1689,Exit long,2010-04-08 21:00,EOD,1605.25,137,219337,29112.5,0.27,44525,0.41,-3425,-0.03,1455150,1455.15
1689,Entry long,2010-04-08 17:00,S1 Trend,1601,137,219337,29112.5,0.27,44525,0.41,-3425,-0.03,1455150,1455.15
1690,Exit long,2010-04-20 21:00,EOD,1626.25,134,217917.5,0,0.00,6700,0.06,-16750,-0.15,1455150,1455.15
1690,Entry long,2010-04-20 17:30,S1 Trend,1626.25,134,217917.5,0,0.00,6700,0.06,-16750,-0.15,1455150,1455.15
1691,Exit long,2010-04-22 21:00,EOD,1627.75,94,152444.5,28200,0.37,36425,0.48,-5875,-0.08,1483350,1483.35
1691,Entry long,2010-04-22 18:30,S1 Trend,1621.75,94,152444.5,28200,0.37,36425,0.48,-5875,-0.08,1483350,1483.35
1692,Exit long,2010-04-23 21:00,EOD,1635.75,128,208480,44800,0.43,48000,0.46,-30400,-0.29,1528150,1528.15
1692,Entry long,2010-04-23 15:30,S1 Trend,1628.75,128,208480,44800,0.43,48000,0.46,-30400,-0.29,1528150,1528.15
1693,Exit long,2010-04-29 21:00,EOD,1626,146,236447,47450,0.40,67525,0.57,-7300,-0.06,1575600,1575.60
1693,Entry long,2010-04-29 15:00,S1 Trend,1619.5,146,236447,47450,0.40,67525,0.57,-7300,-0.06,1575600,1575.60
1694,Exit long,2010-05-03 21:00,EOD,1621.5,121,196020,9075,0.09,27225,0.28,-3025,-0.03,1584675,1584.68
1694,Entry long,2010-05-03 17:30,S1 Trend,1620,121,196020,9075,0.09,27225,0.28,-3025,-0.03,1584675,1584.68
1695,Exit short,2010-05-06 19:30,S3 Scalp,1546,64,100144,60000,1.20,60000,1.20,-4800,-0.10,1644675,1644.68
1695,Entry short,2010-05-06 19:00,S3 Hedge,1564.75,64,100144,60000,1.20,60000,1.20,-4800,-0.10,1644675,1644.68
1696,Exit long,2010-05-11 19:30,S1 Trail,1577.75,86,135299.5,19350,0.29,78475,1.16,-7525,-0.11,1664025,1664.03
1696,Entry long,2010-05-11 15:00,S1 Trend,1573.25,86,135299.5,19350,0.29,78475,1.16,-7525,-0.11,1664025,1664.03
1697,Exit long,2010-05-12 21:00,EOD,1592.25,96,152232,31200,0.41,38400,0.50,-19200,-0.25,1695225,1695.23
1697,Entry long,2010-05-12 15:00,S1 Trend,1585.75,96,152232,31200,0.41,38400,0.50,-19200,-0.25,1695225,1695.23
1698,Exit short,2010-05-14 21:00,EOD,1556.5,90,140377.5,14625,0.21,60750,0.87,-21375,-0.30,1709850,1709.85
1698,Entry short,2010-05-14 15:00,S3 Hedge,1559.75,90,140377.5,14625,0.21,60750,0.87,-21375,-0.30,1709850,1709.85
1699,Exit long,2010-05-18 15:30,S1 Trail,1557,108,169101,-47250,-0.56,8100,0.10,-47250,-0.56,1662600,1662.60
1699,Entry long,2010-05-18 15:00,S1 Trend,1565.75,108,169101,-47250,-0.56,8100,0.10,-47250,-0.56,1662600,1662.60
1700,Exit short,2010-05-20 18:30,S3 Scalp,1506,52,77727,-29250,-0.75,3250,0.08,-35750,-0.92,1633350,1633.35
1700,Entry short,2010-05-20 18:00,S3 Hedge,1494.75,52,77727,-29250,-0.75,3250,0.08,-35750,-0.92,1633350,1633.35
1701,Exit long,2010-05-26 19:30,S1 Trail,1498.75,82,123717.5,-41000,-0.66,13325,0.22,-41000,-0.66,1592350,1592.35
1701,Entry long,2010-05-26 15:00,S1 Trend,1508.75,82,123717.5,-41000,-0.66,13325,0.22,-41000,-0.66,1592350,1592.35
1702,Exit long,2010-05-27 21:00,EOD,1525,70,106050,35000,0.66,36750,0.69,-17500,-0.33,1627350,1627.35
1702,Entry long,2010-05-27 15:30,S1 Trend,1515,70,106050,35000,0.66,36750,0.69,-17500,-0.33,1627350,1627.35
1703,Exit long,2010-06-01 20:00,S1 Trail,1503.75,80,121220,-46000,-0.76,7000,0.12,-46000,-0.76,1581350,1581.35
1703,Entry long,2010-06-01 15:30,S1 Trend,1515.25,80,121220,-46000,-0.76,7000,0.12,-46000,-0.76,1581350,1581.35
1704,Exit long,2010-06-02 21:00,EOD,1520.5,79,119033.25,54312.5,0.91,55300,0.93,-15800,-0.27,1635662.5,1635.66
1704,Entry long,2010-06-02 17:00,S1 Trend,1506.75,79,119033.25,54312.5,0.91,55300,0.93,-15800,-0.27,1635662.5,1635.66
1705,Exit long,2010-06-03 17:00,S1 Trail,1518.25,122,186385.5,-57950,-0.62,0,0.00,-57950,-0.62,1577712.5,1577.71
1705,Entry long,2010-06-03 15:00,S1 Trend,1527.75,122,186385.5,-57950,-0.62,0,0.00,-57950,-0.62,1577712.5,1577.71
1706,Exit short,2010-06-03 19:00,S3 Scalp,1520.75,89,134835,-25587.5,-0.38,5562.5,0.08,-25587.5,-0.38,1552125,1552.13
1706,Entry short,2010-06-03 17:30,S3 Hedge,1515,89,134835,-25587.5,-0.38,5562.5,0.08,-25587.5,-0.38,1552125,1552.13
1707,Exit short,2010-06-04 21:00,EOD,1487.25,69,103137.75,25875,0.50,44850,0.87,-6900,-0.13,1578000,1578.00
1707,Entry short,2010-06-04 19:00,S3 Hedge,1494.75,69,103137.75,25875,0.50,44850,0.87,-6900,-0.13,1578000,1578.00
1708,Exit long,2010-06-09 19:30,S1 Trail,1488,102,151878,-5100,-0.07,57375,0.76,-17850,-0.24,1572900,1572.90
1708,Entry long,2010-06-09 15:00,S1 Trend,1489,102,151878,-5100,-0.07,57375,0.76,-17850,-0.24,1572900,1572.90
1709,Exit long,2010-06-10 21:00,EOD,1509.25,83,124769.75,24900,0.40,29050,0.47,-37350,-0.60,1597800,1597.80
1709,Entry long,2010-06-10 15:00,S1 Trend,1503.25,83,124769.75,24900,0.40,29050,0.47,-37350,-0.60,1597800,1597.80
1710,Exit long,2010-06-11 21:00,EOD,1514,96,144912,21600,0.30,25200,0.35,-38400,-0.53,1619400,1619.40
1710,Entry long,2010-06-11 15:30,S1 Trend,1509.5,96,144912,21600,0.30,25200,0.35,-38400,-0.53,1619400,1619.40
1711,Exit long,2010-06-14 18:00,S1 Trail,1519.75,133,202559,-21612.5,-0.21,36575,0.36,-21612.5,-0.21,1597787.5,1597.79
1711,Entry long,2010-06-14 15:30,S1 Trend,1523,133,202559,-21612.5,-0.21,36575,0.36,-21612.5,-0.21,1597787.5,1597.79
1712,Exit long,2010-06-14 20:30,S2 FairVal,1511.25,104,157898,-36400,-0.46,14300,0.18,-36400,-0.46,1561387.5,1561.39
1712,Entry long,2010-06-14 19:30,S2 VWAP,1518.25,104,157898,-36400,-0.46,14300,0.18,-36400,-0.46,1561387.5,1561.39
1713,Exit long,2010-06-15 19:30,S1 Climax,1533.5,35,53278.75,19687.5,0.74,21437.5,0.80,-5250,-0.20,1581075,1581.08
1713,Entry long,2010-06-15 15:00,S1 Trend,1522.25,35,53278.75,19687.5,0.74,21437.5,0.80,-5250,-0.20,1581075,1581.08
1714,Exit long,2010-06-15 21:00,EOD,1537,83,126346.75,61212.5,0.97,66400,1.05,-12450,-0.20,1642287.5,1642.29
1714,Entry long,2010-06-15 15:00,S1 Trend,1522.25,83,126346.75,61212.5,0.97,66400,1.05,-12450,-0.20,1642287.5,1642.29
1715,Exit long,2010-06-16 20:30,S1 Trail,1532.5,144,221004,-16200,-0.15,48600,0.44,-39600,-0.36,1626087.5,1626.09
1715,Entry long,2010-06-16 15:00,S1 Trend,1534.75,144,221004,-16200,-0.15,48600,0.44,-39600,-0.36,1626087.5,1626.09
1716,Exit long,2010-06-18 21:00,EOD,1539.25,127,195707,-11112.5,-0.11,15875,0.16,-26987.5,-0.28,1614975,1614.98
1716,Entry long,2010-06-18 15:30,S1 Trend,1541,127,195707,-11112.5,-0.11,15875,0.16,-26987.5,-0.28,1614975,1614.98
1717,Exit short,2010-06-29 15:30,S3 Scalp,1465,112,165340,63000,0.76,67200,0.81,0,0.00,1677975,1677.98
1717,Entry short,2010-06-29 15:00,S3 Hedge,1476.25,112,165340,63000,0.76,67200,0.81,0,0.00,1677975,1677.98
1718,Exit long,2010-07-06 15:30,S1 Climax,1462.25,41,59808.75,7175,0.24,13325,0.45,-5125,-0.17,1685150,1685.15
1718,Entry long,2010-07-06 15:00,S1 Trend,1458.75,41,59808.75,7175,0.24,13325,0.45,-5125,-0.17,1685150,1685.15
1719,Exit long,2010-07-06 17:00,S1 Trail,1456,98,142957.5,-13475,-0.19,31850,0.45,-13475,-0.19,1671675,1671.68
1719,Entry long,2010-07-06 15:00,S1 Trend,1458.75,98,142957.5,-13475,-0.19,31850,0.45,-13475,-0.19,1671675,1671.68
1720,Exit long,2010-07-07 16:00,S1 Climax,1467.25,34,49546.5,17000,0.69,19125,0.77,0,0.00,1688675,1688.68
1720,Entry long,2010-07-07 15:00,S1 Trend,1457.25,34,49546.5,17000,0.69,19125,0.77,0,0.00,1688675,1688.68
1721,Exit long,2010-07-07 20:00,S1 Climax,1475,24,34974,21300,1.22,21300,1.22,0,0.00,1709975,1709.98
1721,Entry long,2010-07-07 15:00,S1 Trend,1457.25,24,34974,21300,1.22,21300,1.22,0,0.00,1709975,1709.98
1722,Exit long,2010-07-07 20:30,S1 Climax,1478,17,24773.25,17637.5,1.42,18062.5,1.46,0,0.00,1727612.5,1727.61
1722,Entry long,2010-07-07 15:00,S1 Trend,1457.25,17,24773.25,17637.5,1.42,18062.5,1.46,0,0.00,1727612.5,1727.61
1723,Exit long,2010-07-07 21:00,EOD,1483,41,59747.25,52787.5,1.77,55350,1.85,0,0.00,1780400,1780.40
1723,Entry long,2010-07-07 15:00,S1 Trend,1457.25,41,59747.25,52787.5,1.77,55350,1.85,0,0.00,1780400,1780.40
1724,Exit long,2010-07-08 16:30,S1 Trail,1482.5,136,202538,-45900,-0.45,13600,0.13,-45900,-0.45,1734500,1734.50
1724,Entry long,2010-07-08 15:00,S1 Trend,1489.25,136,202538,-45900,-0.45,13600,0.13,-45900,-0.45,1734500,1734.50
1725,Exit long,2010-07-09 21:00,EOD,1501,155,231841.25,40687.5,0.35,44562.5,0.38,-27125,-0.23,1775187.5,1775.19
1725,Entry long,2010-07-09 15:30,S1 Trend,1495.75,155,231841.25,40687.5,0.35,44562.5,0.38,-27125,-0.23,1775187.5,1775.19
1726,Exit long,2010-07-12 16:00,S1 Trail,1496,165,247953.75,-55687.5,-0.45,6187.5,0.05,-55687.5,-0.45,1719500,1719.50
1726,Entry long,2010-07-12 15:00,S1 Trend,1502.75,165,247953.75,-55687.5,-0.45,6187.5,0.05,-55687.5,-0.45,1719500,1719.50
1727,Exit long,2010-07-13 21:00,EOD,1518.25,149,225511.5,35387.5,0.31,68912.5,0.61,-5587.5,-0.05,1754887.5,1754.89
1727,Entry long,2010-07-13 15:00,S1 Trend,1513.5,149,225511.5,35387.5,0.31,68912.5,0.61,-5587.5,-0.05,1754887.5,1754.89
1728,Exit long,2010-07-14 19:00,S1 Trail,1513.25,137,208308.5,-49662.5,-0.48,5137.5,0.05,-49662.5,-0.48,1705225,1705.23
1728,Entry long,2010-07-14 17:00,S1 Trend,1520.5,137,208308.5,-49662.5,-0.48,5137.5,0.05,-49662.5,-0.48,1705225,1705.23
1729,Exit short,2010-07-16 21:00,EOD,1488,92,137218,16100,0.23,26450,0.39,-10350,-0.15,1721325,1721.32
1729,Entry short,2010-07-16 19:00,S3 Hedge,1491.5,92,137218,16100,0.23,26450,0.39,-10350,-0.15,1721325,1721.32
1730,Exit long,2010-07-20 21:00,EOD,1506.25,89,133611.25,22250,0.33,26700,0.40,-18912.5,-0.28,1743575,1743.57
1730,Entry long,2010-07-20 19:00,S1 Trend,1501.25,89,133611.25,22250,0.33,26700,0.40,-18912.5,-0.28,1743575,1743.57
1731,Exit long,2010-07-22 15:30,S1 Climax,1516.5,36,54441,7650,0.28,11250,0.41,0,0.00,1751225,1751.23
1731,Entry long,2010-07-22 15:00,S1 Trend,1512.25,36,54441,7650,0.28,11250,0.41,0,0.00,1751225,1751.23
1732,Exit long,2010-07-22 16:00,S1 Climax,1518,26,39318.5,7475,0.38,10400,0.53,0,0.00,1758700,1758.70
1732,Entry long,2010-07-22 15:00,S1 Trend,1512.25,26,39318.5,7475,0.38,10400,0.53,0,0.00,1758700,1758.70
1733,Exit long,2010-07-22 16:30,S1 Climax,1519.25,18,27220.5,6300,0.46,7200,0.53,0,0.00,1765000,1765.00
1733,Entry long,2010-07-22 15:00,S1 Trend,1512.25,18,27220.5,6300,0.46,7200,0.53,0,0.00,1765000,1765.00
1734,Exit long,2010-07-22 21:00,EOD,1516.25,43,65026.75,8600,0.26,19350,0.60,0,0.00,1773600,1773.60
1734,Entry long,2010-07-22 15:00,S1 Trend,1512.25,43,65026.75,8600,0.26,19350,0.60,0,0.00,1773600,1773.60
1735,Exit long,2010-07-23 21:00,EOD,1525.75,103,156302.5,42487.5,0.54,51500,0.66,-21887.5,-0.28,1816087.5,1816.09
1735,Entry long,2010-07-23 17:30,S1 Trend,1517.5,103,156302.5,42487.5,0.54,51500,0.66,-21887.5,-0.28,1816087.5,1816.09
1736,Exit long,2010-07-26 21:00,EOD,1537.5,141,216047.25,37012.5,0.34,44062.5,0.41,-19387.5,-0.18,1853100,1853.10
1736,Entry long,2010-07-26 15:30,S1 Trend,1532.25,141,216047.25,37012.5,0.34,44062.5,0.41,-19387.5,-0.18,1853100,1853.10
1737,Exit long,2010-07-29 16:00,S1 Trail,1528.5,169,259541.75,-61262.5,-0.47,2112.5,0.02,-61262.5,-0.47,1791837.5,1791.84
1737,Entry long,2010-07-29 15:00,S1 Trend,1535.75,169,259541.75,-61262.5,-0.47,2112.5,0.02,-61262.5,-0.47,1791837.5,1791.84
1738,Exit long,2010-08-02 21:00,EOD,1549.25,167,257054.75,83500,0.65,98112.5,0.76,-4175,-0.03,1875337.5,1875.34
1738,Entry long,2010-08-02 15:00,S1 Trend,1539.25,167,257054.75,83500,0.65,98112.5,0.76,-4175,-0.03,1875337.5,1875.34
1739,Exit long,2010-08-03 21:00,EOD,1543.75,155,239823.75,-27125,-0.23,1937.5,0.02,-46500,-0.39,1848212.5,1848.21
1739,Entry long,2010-08-03 17:00,S1 Trend,1547.25,155,239823.75,-27125,-0.23,1937.5,0.02,-46500,-0.39,1848212.5,1848.21
1740,Exit long,2010-08-04 15:30,S1 Trail,1543.75,175,270943.75,-39375,-0.29,32812.5,0.24,-41562.5,-0.31,1808837.5,1808.84
1740,Entry long,2010-08-04 15:00,S1 Trend,1548.25,175,270943.75,-39375,-0.29,32812.5,0.24,-41562.5,-0.31,1808837.5,1808.84
1741,Exit long,2010-08-05 15:30,S2 FairVal,1548.75,161,249026.75,16100,0.13,18112.5,0.15,-8050,-0.06,1824937.5,1824.94
1741,Entry long,2010-08-05 15:00,S2 VWAP,1546.75,161,249026.75,16100,0.13,18112.5,0.15,-8050,-0.06,1824937.5,1824.94
1742,Exit long,2010-08-09 21:00,EOD,1551.25,184,285844,-20700,-0.14,0,0.00,-27600,-0.19,1804237.5,1804.24
1742,Entry long,2010-08-09 20:00,S1 Trend,1553.5,184,285844,-20700,-0.14,0,0.00,-27600,-0.19,1804237.5,1804.24
1743,Exit long,2010-08-10 21:00,EOD,1545.75,118,182605,-10325,-0.11,14750,0.16,-26550,-0.29,1793912.5,1793.91
1743,Entry long,2010-08-10 20:00,S1 Trend,1547.5,118,182605,-10325,-0.11,14750,0.16,-26550,-0.29,1793912.5,1793.91
1744,Exit short,2010-08-11 17:30,S3 Scalp,1514.25,134,204082,58625,0.57,58625,0.57,-10050,-0.10,1852537.5,1852.54
1744,Entry short,2010-08-11 15:00,S3 Hedge,1523,134,204082,58625,0.57,58625,0.57,-10050,-0.10,1852537.5,1852.54
1745,Exit short,2010-08-11 19:00,S3 Scalp,1518.5,132,199848,-29700,-0.30,0,0.00,-29700,-0.30,1822837.5,1822.84
1745,Entry short,2010-08-11 18:00,S3 Hedge,1514,132,199848,-29700,-0.30,0,0.00,-29700,-0.30,1822837.5,1822.84
1746,Exit long,2010-08-17 21:00,EOD,1517.5,144,218232,14400,0.13,70200,0.64,0,0.00,1837237.5,1837.24
1746,Entry long,2010-08-17 16:00,S1 Trend,1515.5,144,218232,14400,0.13,70200,0.64,0,0.00,1837237.5,1837.24
1747,Exit long,2010-08-18 21:00,EOD,1519.25,129,196209,-11287.5,-0.12,27412.5,0.28,-12900,-0.13,1825950,1825.95
1747,Entry long,2010-08-18 18:00,S1 Trend,1521,129,196209,-11287.5,-0.12,27412.5,0.28,-12900,-0.13,1825950,1825.95
1748,Exit short,2010-08-20 18:30,S3 Scalp,1493.75,114,169746,-27075,-0.32,0,0.00,-27075,-0.32,1798875,1798.88
1748,Entry short,2010-08-20 17:00,S3 Hedge,1489,114,169746,-27075,-0.32,0,0.00,-27075,-0.32,1798875,1798.88
1749,Exit long,2010-08-23 15:30,S1 Trail,1497,156,234741,-60450,-0.52,3900,0.03,-60450,-0.52,1738425,1738.43
1749,Entry long,2010-08-23 15:00,S1 Trend,1504.75,156,234741,-60450,-0.52,3900,0.03,-60450,-0.52,1738425,1738.43
1750,Exit long,2010-08-27 21:00,EOD,1490,83,123255,20750,0.34,24900,0.40,-16600,-0.27,1759175,1759.18
1750,Entry long,2010-08-27 16:30,S1 Trend,1485,83,123255,20750,0.34,24900,0.40,-16600,-0.27,1759175,1759.18
1751,Exit short,2010-08-30 20:30,S3 Scalp,1476.75,143,212462.25,64350,0.61,64350,0.61,-17875,-0.17,1823525,1823.53
1751,Entry short,2010-08-30 15:30,S3 Hedge,1485.75,143,212462.25,64350,0.61,64350,0.61,-17875,-0.17,1823525,1823.53
1752,Exit long,2010-08-31 19:30,S1 Trail,1469.5,109,161238.25,-53137.5,-0.66,5450,0.07,-53137.5,-0.66,1770387.5,1770.39
1752,Entry long,2010-08-31 17:00,S1 Trend,1479.25,109,161238.25,-53137.5,-0.66,5450,0.07,-53137.5,-0.66,1770387.5,1770.39
1753,Exit long,2010-09-01 15:30,S1 Climax,1501.25,40,59700,17500,0.59,22000,0.74,-4500,-0.15,1787887.5,1787.89
1753,Entry long,2010-09-01 15:00,S1 Trend,1492.5,40,59700,17500,0.59,22000,0.74,-4500,-0.15,1787887.5,1787.89
1754,Exit long,2010-09-01 16:00,S1 Climax,1503.75,28,41790,15750,0.75,17850,0.85,-3150,-0.15,1803637.5,1803.64
1754,Entry long,2010-09-01 15:00,S1 Trend,1492.5,28,41790,15750,0.75,17850,0.85,-3150,-0.15,1803637.5,1803.64
1755,Exit long,2010-09-01 16:30,S1 Climax,1503.75,20,29850,11250,0.75,12750,0.85,-2250,-0.15,1814887.5,1814.89
1755,Entry long,2010-09-01 15:00,S1 Trend,1492.5,20,29850,11250,0.75,12750,0.85,-2250,-0.15,1814887.5,1814.89
1756,Exit long,2010-09-01 17:00,S1 Climax,1504.5,14,20895,8400,0.80,9625,0.92,-1575,-0.15,1823287.5,1823.29
1756,Entry long,2010-09-01 15:00,S1 Trend,1492.5,14,20895,8400,0.80,9625,0.92,-1575,-0.15,1823287.5,1823.29
1757,Exit long,2010-09-01 17:30,S1 Climax,1503.5,10,14925,5500,0.74,6875,0.92,-1125,-0.15,1828787.5,1828.79
1757,Entry long,2010-09-01 15:00,S1 Trend,1492.5,10,14925,5500,0.74,6875,0.92,-1125,-0.15,1828787.5,1828.79
1758,Exit long,2010-09-01 18:30,S1 Climax,1503.75,7,10447.5,3937.5,0.75,4812.5,0.92,-787.5,-0.15,1832725,1832.73
1758,Entry long,2010-09-01 15:00,S1 Trend,1492.5,7,10447.5,3937.5,0.75,4812.5,0.92,-787.5,-0.15,1832725,1832.73
1759,Exit long,2010-09-01 19:00,S1 Climax,1505,5,7462.5,3125,0.84,3437.5,0.92,-562.5,-0.15,1835850,1835.85
1759,Entry long,2010-09-01 15:00,S1 Trend,1492.5,5,7462.5,3125,0.84,3437.5,0.92,-562.5,-0.15,1835850,1835.85
1760,Exit long,2010-09-01 21:00,EOD,1506,12,17910,8100,0.90,9000,1.01,-1350,-0.15,1843950,1843.95
1760,Entry long,2010-09-01 15:00,S1 Trend,1492.5,12,17910,8100,0.90,9000,1.01,-1350,-0.15,1843950,1843.95
1761,Exit long,2010-09-02 21:00,EOD,1516,139,209994.25,36487.5,0.35,36487.5,0.35,-17375,-0.17,1880437.5,1880.44
1761,Entry long,2010-09-02 15:30,S1 Trend,1510.75,139,209994.25,36487.5,0.35,36487.5,0.35,-17375,-0.17,1880437.5,1880.44
1762,Exit long,2010-09-03 15:30,S1 Trail,1520.75,140,214270,-68250,-0.64,0,0.00,-68250,-0.64,1812187.5,1812.19
1762,Entry long,2010-09-03 15:00,S1 Trend,1530.5,140,214270,-68250,-0.64,0,0.00,-68250,-0.64,1812187.5,1812.19
1763,Exit long,2010-09-08 21:00,EOD,1525.25,139,211836,8687.5,0.08,39962.5,0.38,-13900,-0.13,1820875,1820.87
1763,Entry long,2010-09-08 15:00,S1 Trend,1524,139,211836,8687.5,0.08,39962.5,0.38,-13900,-0.13,1820875,1820.87
1764,Exit long,2010-09-10 21:00,EOD,1536.25,179,274496.5,24612.5,0.18,33562.5,0.24,-22375,-0.16,1845487.5,1845.49
1764,Entry long,2010-09-10 15:00,S1 Trend,1533.5,179,274496.5,24612.5,0.18,33562.5,0.24,-22375,-0.16,1845487.5,1845.49
1765,Exit long,2010-09-14 21:00,EOD,1547.75,159,246291,-9937.5,-0.08,41737.5,0.34,-13912.5,-0.11,1835550,1835.55
1765,Entry long,2010-09-14 16:00,S1 Trend,1549,159,246291,-9937.5,-0.08,41737.5,0.34,-13912.5,-0.11,1835550,1835.55
1766,Exit long,2010-09-15 21:00,EOD,1552.25,160,247560,40000,0.32,48000,0.39,-16000,-0.13,1875550,1875.55
1766,Entry long,2010-09-15 15:30,S1 Trend,1547.25,160,247560,40000,0.32,48000,0.39,-16000,-0.13,1875550,1875.55
1767,Exit long,2010-09-20 21:00,EOD,1569.5,157,245155.5,62800,0.51,82425,0.67,-1962.5,-0.02,1938350,1938.35
1767,Entry long,2010-09-20 15:30,S1 Trend,1561.5,157,245155.5,62800,0.51,82425,0.67,-1962.5,-0.02,1938350,1938.35
1768,Exit long,2010-09-21 20:30,S1 Trail,1566.75,151,237032.25,-22650,-0.19,45300,0.38,-22650,-0.19,1915700,1915.70
1768,Entry long,2010-09-21 19:30,S1 Trend,1569.75,151,237032.25,-22650,-0.19,45300,0.38,-22650,-0.19,1915700,1915.70
1769,Exit long,2010-09-22 16:00,S1 Trail,1560,150,235237.5,-61875,-0.53,1875,0.02,-61875,-0.53,1853825,1853.83
1769,Entry long,2010-09-22 15:00,S1 Trend,1568.25,150,235237.5,-61875,-0.53,1875,0.02,-61875,-0.53,1853825,1853.83
1770,Exit long,2010-09-24 15:30,S1 Climax,1573,42,65929.5,6825,0.21,8400,0.25,-3675,-0.11,1860650,1860.65
1770,Entry long,2010-09-24 15:00,S1 Trend,1569.75,42,65929.5,6825,0.21,8400,0.25,-3675,-0.11,1860650,1860.65
1771,Exit long,2010-09-24 16:30,S1 Climax,1573.25,30,47092.5,5250,0.22,7875,0.33,-2625,-0.11,1865900,1865.90
1771,Entry long,2010-09-24 15:00,S1 Trend,1569.75,30,47092.5,5250,0.22,7875,0.33,-2625,-0.11,1865900,1865.90
1772,Exit long,2010-09-24 17:00,S1 Climax,1573.5,21,32964.75,3937.5,0.24,5512.5,0.33,-1837.5,-0.11,1869837.5,1869.84
1772,Entry long,2010-09-24 15:00,S1 Trend,1569.75,21,32964.75,3937.5,0.24,5512.5,0.33,-1837.5,-0.11,1869837.5,1869.84
1773,Exit long,2010-09-24 18:00,S1 Climax,1574.5,15,23546.25,3562.5,0.30,4125,0.35,-1312.5,-0.11,1873400,1873.40
1773,Entry long,2010-09-24 15:00,S1 Trend,1569.75,15,23546.25,3562.5,0.30,4125,0.35,-1312.5,-0.11,1873400,1873.40
1774,Exit long,2010-09-24 18:30,S1 Climax,1575,10,15697.5,2625,0.33,2750,0.35,-875,-0.11,1876025,1876.03
1774,Entry long,2010-09-24 15:00,S1 Trend,1569.75,10,15697.5,2625,0.33,2750,0.35,-875,-0.11,1876025,1876.03
1775,Exit long,2010-09-24 20:00,S1 Climax,1575.25,7,10988.25,1925,0.35,2275,0.41,-612.5,-0.11,1877950,1877.95
1775,Entry long,2010-09-24 15:00,S1 Trend,1569.75,7,10988.25,1925,0.35,2275,0.41,-612.5,-0.11,1877950,1877.95
1776,Exit long,2010-09-24 21:00,EOD,1575.25,18,28255.5,4950,0.35,5850,0.41,-1575,-0.11,1882900,1882.90
1776,Entry long,2010-09-24 15:00,S1 Trend,1569.75,18,28255.5,4950,0.35,5850,0.41,-1575,-0.11,1882900,1882.90
1777,Exit long,2010-09-27 21:00,EOD,1570,169,266217.25,-44362.5,-0.33,2112.5,0.02,-54925,-0.41,1838537.5,1838.54
1777,Entry long,2010-09-27 20:00,S1 Trend,1575.25,169,266217.25,-44362.5,-0.33,2112.5,0.02,-54925,-0.41,1838537.5,1838.54
1778,Exit long,2010-09-28 21:00,EOD,1574.5,119,187425,-2975,-0.03,16362.5,0.17,-40162.5,-0.43,1835562.5,1835.56
1778,Entry long,2010-09-28 19:00,S1 Trend,1575,119,187425,-2975,-0.03,16362.5,0.17,-40162.5,-0.43,1835562.5,1835.56
1779,Exit long,2010-09-29 21:00,EOD,1571.25,123,193694.25,-21525,-0.22,9225,0.10,-43050,-0.44,1814037.5,1814.04
1779,Entry long,2010-09-29 17:30,S1 Trend,1574.75,123,193694.25,-21525,-0.22,9225,0.10,-43050,-0.44,1814037.5,1814.04
1780,Exit long,2010-09-30 16:00,S1 Trail,1572,129,203949,-58050,-0.57,3225,0.03,-58050,-0.57,1755987.5,1755.99
1780,Entry long,2010-09-30 15:00,S1 Trend,1581,129,203949,-58050,-0.57,3225,0.03,-58050,-0.57,1755987.5,1755.99
1781,Exit long,2010-10-01 15:30,S1 Trail,1568.25,146,230096,-56575,-0.49,10950,0.10,-58400,-0.51,1699412.5,1699.41
1781,Entry long,2010-10-01 15:00,S1 Trend,1576,146,230096,-56575,-0.49,10950,0.10,-58400,-0.51,1699412.5,1699.41
1782,Exit long,2010-10-04 16:00,S1 Trail,1566,144,226332,-41400,-0.37,18000,0.16,-41400,-0.37,1658012.5,1658.01
1782,Entry long,2010-10-04 15:00,S1 Trend,1571.75,144,226332,-41400,-0.37,18000,0.16,-41400,-0.37,1658012.5,1658.01
1783,Exit long,2010-10-05 17:00,S1 Climax,1584.5,42,66318,11550,0.35,15750,0.47,-6300,-0.19,1669562.5,1669.56
1783,Entry long,2010-10-05 15:00,S1 Trend,1579,42,66318,11550,0.35,15750,0.47,-6300,-0.19,1669562.5,1669.56
1784,Exit long,2010-10-05 17:30,S1 Climax,1584.5,29,45791,7975,0.35,10875,0.47,-4350,-0.19,1677537.5,1677.54
1784,Entry long,2010-10-05 15:00,S1 Trend,1579,29,45791,7975,0.35,10875,0.47,-4350,-0.19,1677537.5,1677.54
1785,Exit long,2010-10-05 18:00,S1 Climax,1586.5,21,33159,7875,0.47,8137.5,0.49,-3150,-0.19,1685412.5,1685.41
1785,Entry long,2010-10-05 15:00,S1 Trend,1579,21,33159,7875,0.47,8137.5,0.49,-3150,-0.19,1685412.5,1685.41
1786,Exit long,2010-10-05 18:30,S1 Climax,1587.25,14,22106,5775,0.52,6475,0.59,-2100,-0.19,1691187.5,1691.19
1786,Entry long,2010-10-05 15:00,S1 Trend,1579,14,22106,5775,0.52,6475,0.59,-2100,-0.19,1691187.5,1691.19
1787,Exit long,2010-10-05 19:00,S1 Climax,1587.25,10,15790,4125,0.52,4625,0.59,-1500,-0.19,1695312.5,1695.31
1787,Entry long,2010-10-05 15:00,S1 Trend,1579,10,15790,4125,0.52,4625,0.59,-1500,-0.19,1695312.5,1695.31
1788,Exit long,2010-10-05 19:30,S1 Climax,1587.25,7,11053,2887.5,0.52,3237.5,0.59,-1050,-0.19,1698200,1698.20
1788,Entry long,2010-10-05 15:00,S1 Trend,1579,7,11053,2887.5,0.52,3237.5,0.59,-1050,-0.19,1698200,1698.20
1789,Exit long,2010-10-05 20:00,S1 Climax,1588.25,5,7895,2312.5,0.59,2437.5,0.62,-750,-0.19,1700512.5,1700.51
1789,Entry long,2010-10-05 15:00,S1 Trend,1579,5,7895,2312.5,0.59,2437.5,0.62,-750,-0.19,1700512.5,1700.51
1790,Exit long,2010-10-05 20:30,S1 Climax,1590,3,4737,1650,0.70,1725,0.73,-450,-0.19,1702162.5,1702.16
1790,Entry long,2010-10-05 15:00,S1 Trend,1579,3,4737,1650,0.70,1725,0.73,-450,-0.19,1702162.5,1702.16
1791,Exit long,2010-10-05 21:00,EOD,1587.25,10,15790,4125,0.52,5750,0.73,-1500,-0.19,1706287.5,1706.29
1791,Entry long,2010-10-05 15:00,S1 Trend,1579,10,15790,4125,0.52,5750,0.73,-1500,-0.19,1706287.5,1706.29
1792,Exit long,2010-10-08 21:00,EOD,1592.75,102,162333,6375,0.08,21675,0.27,-11475,-0.14,1712662.5,1712.66
1792,Entry long,2010-10-08 16:30,S1 Trend,1591.5,102,162333,6375,0.08,21675,0.27,-11475,-0.14,1712662.5,1712.66
1793,Exit long,2010-10-12 21:00,EOD,1597.5,131,208453.75,40937.5,0.39,62225,0.60,-8187.5,-0.08,1753600,1753.60
1793,Entry long,2010-10-12 16:00,S1 Trend,1591.25,131,208453.75,40937.5,0.39,62225,0.60,-8187.5,-0.08,1753600,1753.60
1794,Exit long,2010-10-13 20:30,S1 Trail,1606,172,276103,6450,0.05,64500,0.47,-4300,-0.03,1760050,1760.05
1794,Entry long,2010-10-13 15:30,S1 Trend,1605.25,172,276103,6450,0.05,64500,0.47,-4300,-0.03,1760050,1760.05
1795,Exit long,2010-10-18 21:00,EOD,1612.5,140,225015,36750,0.33,47250,0.42,-14000,-0.12,1796800,1796.80
1795,Entry long,2010-10-18 15:00,S1 Trend,1607.25,140,225015,36750,0.33,47250,0.42,-14000,-0.12,1796800,1796.80
1796,Exit long,2010-10-20 21:00,EOD,1606,125,200593.75,7812.5,0.08,43750,0.44,-7812.5,-0.08,1804612.5,1804.61
1796,Entry long,2010-10-20 16:00,S1 Trend,1604.75,125,200593.75,7812.5,0.08,43750,0.44,-7812.5,-0.08,1804612.5,1804.61
1797,Exit long,2010-10-21 16:30,S1 Trail,1610,145,234247.5,-39875,-0.34,18125,0.15,-39875,-0.34,1764737.5,1764.74
1797,Entry long,2010-10-21 15:30,S1 Trend,1615.5,145,234247.5,-39875,-0.34,18125,0.15,-39875,-0.34,1764737.5,1764.74
1798,Exit long,2010-10-25 20:00,S2 FairVal,1619.25,150,242662.5,11250,0.09,11250,0.09,-22500,-0.19,1775987.5,1775.99
1798,Entry long,2010-10-25 18:30,S2 VWAP,1617.75,150,242662.5,11250,0.09,11250,0.09,-22500,-0.19,1775987.5,1775.99
1799,Exit long,2010-10-26 21:00,EOD,1614.25,146,235644,1825,0.02,10950,0.09,-32850,-0.28,1777812.5,1777.81
1799,Entry long,2010-10-26 17:30,S1 Trend,1614,146,235644,1825,0.02,10950,0.09,-32850,-0.28,1777812.5,1777.81
1800,Exit long,2010-10-29 21:00,EOD,1611.75,139,224172.25,-6950,-0.06,10425,0.09,-36487.5,-0.33,1770862.5,1770.86
1800,Entry long,2010-10-29 15:30,S1 Trend,1612.75,139,224172.25,-6950,-0.06,10425,0.09,-36487.5,-0.33,1770862.5,1770.86
1801,Exit long,2010-11-01 15:30,S1 Trail,1616.25,175,283893.75,-52500,-0.37,6562.5,0.05,-52500,-0.37,1718362.5,1718.36
1801,Entry long,2010-11-01 14:30,S1 Trend,1622.25,175,283893.75,-52500,-0.37,6562.5,0.05,-52500,-0.37,1718362.5,1718.36
1802,Exit long,2010-11-01 18:30,S2 FairVal,1610.5,147,237478.5,-36750,-0.31,16537.5,0.14,-36750,-0.31,1681612.5,1681.61
1802,Entry long,2010-11-01 17:30,S2 VWAP,1615.5,147,237478.5,-36750,-0.31,16537.5,0.14,-36750,-0.31,1681612.5,1681.61
1803,Exit long,2010-11-04 14:30,S1 Climax,1643,49,80409,4900,0.12,6125,0.15,-6125,-0.15,1686512.5,1686.51
1803,Entry long,2010-11-04 14:00,S1 Trend,1641,49,80409,4900,0.12,6125,0.15,-6125,-0.15,1686512.5,1686.51
1804,Exit long,2010-11-04 15:00,S1 Climax,1644.75,34,55794,6375,0.23,7650,0.27,-4250,-0.15,1692887.5,1692.89
1804,Entry long,2010-11-04 14:00,S1 Trend,1641,34,55794,6375,0.23,7650,0.27,-4250,-0.15,1692887.5,1692.89
1805,Exit long,2010-11-04 15:30,S1 Climax,1644.25,24,39384,3900,0.20,6900,0.35,-3000,-0.15,1696787.5,1696.79
1805,Entry long,2010-11-04 14:00,S1 Trend,1641,24,39384,3900,0.20,6900,0.35,-3000,-0.15,1696787.5,1696.79
1806,Exit long,2010-11-04 17:00,S1 Climax,1645.25,17,27897,3612.5,0.26,4887.5,0.35,-2125,-0.15,1700400,1700.40
1806,Entry long,2010-11-04 14:00,S1 Trend,1641,17,27897,3612.5,0.26,4887.5,0.35,-2125,-0.15,1700400,1700.40
1807,Exit long,2010-11-04 17:30,S1 Climax,1645.75,12,19692,2850,0.29,3450,0.35,-1500,-0.15,1703250,1703.25
1807,Entry long,2010-11-04 14:00,S1 Trend,1641,12,19692,2850,0.29,3450,0.35,-1500,-0.15,1703250,1703.25
1808,Exit long,2010-11-04 20:00,EOD,1649.25,29,47589,11962.5,0.50,13775,0.58,-3625,-0.15,1715212.5,1715.21
1808,Entry long,2010-11-04 14:00,S1 Trend,1641,29,47589,11962.5,0.50,13775,0.58,-3625,-0.15,1715212.5,1715.21
1809,Exit long,2010-11-05 16:00,S1 Trail,1649.25,157,259678,-37287.5,-0.29,17662.5,0.14,-37287.5,-0.29,1677925,1677.93
1809,Entry long,2010-11-05 14:30,S1 Trend,1654,157,259678,-37287.5,-0.29,17662.5,0.14,-37287.5,-0.29,1677925,1677.93
1810,Exit long,2010-11-08 21:00,EOD,1652.25,155,256021.25,3875,0.03,15500,0.12,-13562.5,-0.11,1681800,1681.80
1810,Entry long,2010-11-08 17:30,S1 Trend,1651.75,155,256021.25,3875,0.03,15500,0.12,-13562.5,-0.11,1681800,1681.80
1811,Exit long,2010-11-10 21:00,EOD,1647.5,105,172987.5,0,0.00,2625,0.03,-14437.5,-0.17,1681800,1681.80
1811,Entry long,2010-11-10 19:30,S1 Trend,1647.5,105,172987.5,0,0.00,2625,0.03,-14437.5,-0.17,1681800,1681.80
1812,Exit long,2010-11-11 21:00,EOD,1643.5,128,210336,1600,0.02,11200,0.11,-20800,-0.20,1683400,1683.40
1812,Entry long,2010-11-11 19:30,S1 Trend,1643.25,128,210336,1600,0.02,11200,0.11,-20800,-0.20,1683400,1683.40
1813,Exit long,2010-11-15 20:00,S1 Trail,1628.5,127,207835.5,-50800,-0.49,4762.5,0.05,-50800,-0.49,1632600,1632.60
1813,Entry long,2010-11-15 17:00,S1 Trend,1636.5,127,207835.5,-50800,-0.49,4762.5,0.05,-50800,-0.49,1632600,1632.60
1814,Exit long,2010-11-18 21:00,EOD,1626.75,136,221646,-20400,-0.18,6800,0.06,-30600,-0.28,1612200,1612.20
1814,Entry long,2010-11-18 15:30,S1 Trend,1629.75,136,221646,-20400,-0.18,6800,0.06,-30600,-0.28,1612200,1612.20
1815,Exit long,2010-11-19 21:00,EOD,1629.75,136,221306,17000,0.15,22100,0.20,-6800,-0.06,1629200,1629.20
1815,Entry long,2010-11-19 18:00,S1 Trend,1627.25,136,221306,17000,0.15,22100,0.20,-6800,-0.06,1629200,1629.20
1816,Exit short,2010-11-22 19:00,S3 Scalp,1621.75,116,187601,-26100,-0.28,17400,0.19,-26100,-0.28,1603100,1603.10
1816,Entry short,2010-11-22 17:30,S3 Hedge,1617.25,116,187601,-26100,-0.28,17400,0.19,-26100,-0.28,1603100,1603.10
1817,Exit short,2010-11-23 17:30,S3 Scalp,1613.25,98,157584,-25725,-0.33,7350,0.09,-25725,-0.33,1577375,1577.38
1817,Entry short,2010-11-23 16:30,S3 Hedge,1608,98,157584,-25725,-0.33,7350,0.09,-25725,-0.33,1577375,1577.38
1818,Exit long,2010-11-24 21:00,EOD,1628.5,110,178420,35750,0.40,39875,0.45,-12375,-0.14,1613125,1613.13
1818,Entry long,2010-11-24 15:00,S1 Trend,1622,110,178420,35750,0.40,39875,0.45,-12375,-0.14,1613125,1613.13
1819,Exit long,2010-12-01 21:00,EOD,1636.75,125,204156.25,21875,0.21,39062.5,0.38,-20312.5,-0.20,1635000,1635.00
1819,Entry long,2010-12-01 15:00,S1 Trend,1633.25,125,204156.25,21875,0.21,39062.5,0.38,-20312.5,-0.20,1635000,1635.00
1820,Exit long,2010-12-02 21:00,EOD,1652.5,118,193992,50150,0.52,56050,0.58,-1475,-0.02,1685150,1685.15
1820,Entry long,2010-12-02 15:00,S1 Trend,1644,118,193992,50150,0.52,56050,0.58,-1475,-0.02,1685150,1685.15
1821,Exit long,2010-12-06 21:00,EOD,1654,160,264400,12000,0.09,38000,0.29,-6000,-0.05,1697150,1697.15
1821,Entry long,2010-12-06 15:00,S1 Trend,1652.5,160,264400,12000,0.09,38000,0.29,-6000,-0.05,1697150,1697.15
1822,Exit long,2010-12-08 21:00,EOD,1659.25,152,252016,9500,0.08,19000,0.15,-55100,-0.44,1706650,1706.65
1822,Entry long,2010-12-08 15:00,S1 Trend,1658,152,252016,9500,0.08,19000,0.15,-55100,-0.44,1706650,1706.65
1823,Exit long,2010-12-09 18:00,S2 FairVal,1663.75,146,242542.5,18250,0.15,18250,0.15,-21900,-0.18,1724900,1724.90
1823,Entry long,2010-12-09 16:30,S2 VWAP,1661.25,146,242542.5,18250,0.15,18250,0.15,-21900,-0.18,1724900,1724.90
1824,Exit long,2010-12-16 21:00,EOD,1674.75,142,237601.5,10650,0.09,19525,0.16,-7100,-0.06,1735550,1735.55
1824,Entry long,2010-12-16 16:30,S1 Trend,1673.25,142,237601.5,10650,0.09,19525,0.16,-7100,-0.06,1735550,1735.55
1825,Exit long,2010-12-23 20:30,S2 FairVal,1689.25,281,474257.75,21075,0.09,21075,0.09,-7025,-0.03,1756625,1756.63
1825,Entry long,2010-12-23 20:00,S2 VWAP,1687.75,281,474257.75,21075,0.09,21075,0.09,-7025,-0.03,1756625,1756.63
1826,Exit long,2011-01-05 21:00,EOD,1709.5,161,273981.75,62387.5,0.46,70437.5,0.51,-12075,-0.09,1819012.5,1819.01
1826,Entry long,2011-01-05 15:30,S1 Trend,1701.75,161,273981.75,62387.5,0.46,70437.5,0.51,-12075,-0.09,1819012.5,1819.01
1827,Exit long,2011-01-07 16:00,S1 Trail,1701.25,158,269508.5,-35550,-0.26,29625,0.22,-35550,-0.26,1783462.5,1783.46
1827,Entry long,2011-01-07 15:00,S1 Trend,1705.75,158,269508.5,-35550,-0.26,29625,0.22,-35550,-0.26,1783462.5,1783.46
1828,Exit long,2011-01-10 21:00,EOD,1702.75,158,269074,-1975,-0.01,13825,0.10,-7900,-0.06,1781487.5,1781.49
1828,Entry long,2011-01-10 20:00,S1 Trend,1703,158,269074,-1975,-0.01,13825,0.10,-7900,-0.06,1781487.5,1781.49
1829,Exit long,2011-01-14 21:00,EOD,1725.5,165,283098.75,80437.5,0.57,86625,0.61,-2062.5,-0.01,1861925,1861.93
1829,Entry long,2011-01-14 15:30,S1 Trend,1715.75,165,283098.75,80437.5,0.57,86625,0.61,-2062.5,-0.01,1861925,1861.93
1830,Exit long,2011-01-18 00:00,S2 FairVal,1722.5,257,442425.5,12850,0.06,12850,0.06,-16062.5,-0.07,1874775,1874.78
1830,Entry long,2011-01-17 15:00,S2 VWAP,1721.5,257,442425.5,12850,0.06,12850,0.06,-16062.5,-0.07,1874775,1874.78
1831,Exit long,2011-01-21 16:00,S1 Trail,1717.25,171,294761.25,-55575,-0.38,8550,0.06,-55575,-0.38,1819200,1819.20
1831,Entry long,2011-01-21 15:00,S1 Trend,1723.75,171,294761.25,-55575,-0.38,8550,0.06,-55575,-0.38,1819200,1819.20
1832,Exit long,2011-01-24 21:00,EOD,1724.25,165,284171.25,16500,0.12,26812.5,0.19,-14437.5,-0.10,1835700,1835.70
1832,Entry long,2011-01-24 16:30,S1 Trend,1722.25,165,284171.25,16500,0.12,26812.5,0.19,-14437.5,-0.10,1835700,1835.70
1833,Exit long,2011-01-26 21:00,EOD,1729.75,163,281908.5,2037.5,0.01,32600,0.23,-6112.5,-0.04,1837737.5,1837.74
1833,Entry long,2011-01-26 19:30,S1 Trend,1729.5,163,281908.5,2037.5,0.01,32600,0.23,-6112.5,-0.04,1837737.5,1837.74
1834,Exit long,2011-01-27 21:00,EOD,1732.75,147,254714.25,0,0.00,16537.5,0.13,-38587.5,-0.30,1837737.5,1837.74
1834,Entry long,2011-01-27 15:30,S1 Trend,1732.75,147,254714.25,0,0.00,16537.5,0.13,-38587.5,-0.30,1837737.5,1837.74
1835,Exit long,2011-01-31 21:00,EOD,1719.5,145,249400,-3625,-0.03,3625,0.03,-41687.5,-0.33,1834112.5,1834.11
1835,Entry long,2011-01-31 17:30,S1 Trend,1720,145,249400,-3625,-0.03,3625,0.03,-41687.5,-0.33,1834112.5,1834.11
1836,Exit long,2011-02-01 17:30,S1 Climax,1739,49,85088.5,6125,0.14,8575,0.20,-612.5,-0.01,1840237.5,1840.24
1836,Entry long,2011-02-01 17:00,S1 Trend,1736.5,49,85088.5,6125,0.14,8575,0.20,-612.5,-0.01,1840237.5,1840.24
1837,Exit long,2011-02-01 18:00,S1 Climax,1741.75,34,59041,8925,0.30,8925,0.30,-425,-0.01,1849162.5,1849.16
1837,Entry long,2011-02-01 17:00,S1 Trend,1736.5,34,59041,8925,0.30,8925,0.30,-425,-0.01,1849162.5,1849.16
1838,Exit long,2011-02-01 18:30,S1 Climax,1741.25,24,41676,5700,0.27,6900,0.33,-300,-0.01,1854862.5,1854.86
1838,Entry long,2011-02-01 17:00,S1 Trend,1736.5,24,41676,5700,0.27,6900,0.33,-300,-0.01,1854862.5,1854.86
1839,Exit long,2011-02-01 21:00,EOD,1740,57,98980.5,9975,0.20,17812.5,0.36,-712.5,-0.01,1864837.5,1864.84
1839,Entry long,2011-02-01 17:00,S1 Trend,1736.5,57,98980.5,9975,0.20,17812.5,0.36,-712.5,-0.01,1864837.5,1864.84
1840,Exit long,2011-02-03 21:00,EOD,1740.5,155,269583.75,9687.5,0.07,25187.5,0.19,-1937.5,-0.01,1874525,1874.53
1840,Entry long,2011-02-03 20:00,S1 Trend,1739.25,155,269583.75,9687.5,0.07,25187.5,0.19,-1937.5,-0.01,1874525,1874.53
1841,Exit long,2011-02-04 17:30,S2 FairVal,1740,140,243390,10500,0.09,12250,0.10,-7000,-0.06,1885025,1885.03
1841,Entry long,2011-02-04 16:30,S2 VWAP,1738.5,140,243390,10500,0.09,12250,0.10,-7000,-0.06,1885025,1885.03
1842,Exit long,2011-02-09 18:00,S2 FairVal,1754.25,201,352252.5,17587.5,0.10,17587.5,0.10,-2512.5,-0.01,1902612.5,1902.61
1842,Entry long,2011-02-09 17:30,S2 VWAP,1752.5,201,352252.5,17587.5,0.10,17587.5,0.10,-2512.5,-0.01,1902612.5,1902.61
1843,Exit long,2011-02-10 21:00,EOD,1756.25,156,273351,31200,0.23,39000,0.29,-11700,-0.09,1933812.5,1933.81
1843,Entry long,2011-02-10 15:30,S1 Trend,1752.25,156,273351,31200,0.23,39000,0.29,-11700,-0.09,1933812.5,1933.81
1844,Exit long,2011-02-11 21:00,EOD,1763.75,169,297693.5,19012.5,0.13,33800,0.23,-35912.5,-0.24,1952825,1952.83
1844,Entry long,2011-02-11 16:30,S1 Trend,1761.5,169,297693.5,19012.5,0.13,33800,0.23,-35912.5,-0.24,1952825,1952.83
1845,Exit long,2011-02-15 16:30,S2 FairVal,1763.25,196,345254,17150,0.10,22050,0.13,0,0.00,1969975,1969.98
1845,Entry long,2011-02-15 16:00,S2 VWAP,1761.5,196,345254,17150,0.10,22050,0.13,0,0.00,1969975,1969.98
1846,Exit long,2011-02-25 21:00,EOD,1755.75,171,299506.5,36337.5,0.24,44887.5,0.30,-21375,-0.14,2006312.5,2006.31
1846,Entry long,2011-02-25 15:00,S1 Trend,1751.5,171,299506.5,36337.5,0.24,44887.5,0.30,-21375,-0.14,2006312.5,2006.31
1847,Exit long,2011-02-28 18:00,S1 Trail,1758.25,178,313814,-42275,-0.27,24475,0.16,-42275,-0.27,1964037.5,1964.04
1847,Entry long,2011-02-28 15:00,S1 Trend,1763,178,313814,-42275,-0.27,24475,0.16,-42275,-0.27,1964037.5,1964.04
1848,Exit short,2011-03-01 21:00,EOD,1741.5,112,195300,12600,0.13,14000,0.14,-14000,-0.14,1976637.5,1976.64
1848,Entry short,2011-03-01 19:30,S3 Hedge,1743.75,112,195300,12600,0.13,14000,0.14,-14000,-0.14,1976637.5,1976.64
1849,Exit long,2011-03-03 21:00,EOD,1767,151,265835.5,49075,0.37,62287.5,0.47,-22650,-0.17,2025712.5,2025.71
1849,Entry long,2011-03-03 15:00,S1 Trend,1760.5,151,265835.5,49075,0.37,62287.5,0.47,-22650,-0.17,2025712.5,2025.71
1850,Exit long,2011-03-04 17:00,S2 FairVal,1753.5,138,242914.5,-46575,-0.38,5175,0.04,-46575,-0.38,1979137.5,1979.14
1850,Entry long,2011-03-04 16:00,S2 VWAP,1760.25,138,242914.5,-46575,-0.38,5175,0.04,-46575,-0.38,1979137.5,1979.14
1851,Exit long,2011-03-07 15:30,S1 Trail,1754,142,250310.5,-62125,-0.50,7100,0.06,-62125,-0.50,1917012.5,1917.01
1851,Entry long,2011-03-07 15:00,S1 Trend,1762.75,142,250310.5,-62125,-0.50,7100,0.06,-62125,-0.50,1917012.5,1917.01
1852,Exit long,2011-03-08 21:00,EOD,1758,118,207031,20650,0.20,47200,0.46,-16225,-0.16,1937662.5,1937.66
1852,Entry long,2011-03-08 15:30,S1 Trend,1754.5,118,207031,20650,0.20,47200,0.46,-16225,-0.16,1937662.5,1937.66
1853,Exit long,2011-03-11 21:00,EOD,1740.5,112,194992,-2800,-0.03,25200,0.26,-2800,-0.03,1934862.5,1934.86
1853,Entry long,2011-03-11 20:00,S1 Trend,1741,112,194992,-2800,-0.03,25200,0.26,-2800,-0.03,1934862.5,1934.86
1854,Exit long,2011-03-17 20:00,EOD,1710,78,133789.5,-20475,-0.31,2925,0.04,-46800,-0.70,1914387.5,1914.39
1854,Entry long,2011-03-17 14:30,S1 Trend,1715.25,78,133789.5,-20475,-0.31,2925,0.04,-46800,-0.70,1914387.5,1914.39
1855,Exit long,2011-03-21 20:00,EOD,1735,146,253346.5,-1825,-0.01,20075,0.16,-23725,-0.19,1912562.5,1912.56
1855,Entry long,2011-03-21 14:00,S1 Trend,1735.25,146,253346.5,-1825,-0.01,20075,0.16,-23725,-0.19,1912562.5,1912.56
1856,Exit short,2011-03-22 20:00,EOD,1730.75,145,250850,-5437.5,-0.04,1812.5,0.01,-18125,-0.14,1907125,1907.13
1856,Entry short,2011-03-22 18:30,S3 Hedge,1730,145,250850,-5437.5,-0.04,1812.5,0.01,-18125,-0.14,1907125,1907.13
1857,Exit long,2011-03-23 20:00,EOD,1734.25,128,221728,12800,0.12,35200,0.32,-9600,-0.09,1919925,1919.93
1857,Entry long,2011-03-23 18:00,S1 Trend,1732.25,128,221728,12800,0.12,35200,0.32,-9600,-0.09,1919925,1919.93
1858,Exit long,2011-03-24 20:00,EOD,1746.25,139,242416,15637.5,0.13,31275,0.26,-15637.5,-0.13,1935562.5,1935.56
1858,Entry long,2011-03-24 16:00,S1 Trend,1744,139,242416,15637.5,0.13,31275,0.26,-15637.5,-0.13,1935562.5,1935.56
1859,Exit long,2011-03-28 20:30,S1 Trail,1747.5,176,308660,-55000,-0.36,4400,0.03,-55000,-0.36,1880562.5,1880.56
1859,Entry long,2011-03-28 16:00,S1 Trend,1753.75,176,308660,-55000,-0.36,4400,0.03,-55000,-0.36,1880562.5,1880.56
1860,Exit long,2011-03-29 21:00,EOD,1756.25,154,269192,63525,0.47,67375,0.50,-5775,-0.04,1944087.5,1944.09
1860,Entry long,2011-03-29 15:30,S1 Trend,1748,154,269192,63525,0.47,67375,0.50,-5775,-0.04,1944087.5,1944.09
1861,Exit long,2011-04-01 20:00,S1 Trail,1768.25,172,304956,-40850,-0.27,21500,0.14,-40850,-0.27,1903237.5,1903.24
1861,Entry long,2011-04-01 15:30,S1 Trend,1773,172,304956,-40850,-0.27,21500,0.14,-40850,-0.27,1903237.5,1903.24
1862,Exit long,2011-04-04 20:00,S2 FairVal,1770.25,201,355368,22612.5,0.13,22612.5,0.13,-10050,-0.06,1925850,1925.85
1862,Entry long,2011-04-04 19:30,S2 VWAP,1768,201,355368,22612.5,0.13,22612.5,0.13,-10050,-0.06,1925850,1925.85
1863,Exit short,2011-04-12 17:30,S3 Scalp,1751.25,163,284842.5,-30562.5,-0.21,4075,0.03,-30562.5,-0.21,1895287.5,1895.29
1863,Entry short,2011-04-12 16:00,S3 Hedge,1747.5,163,284842.5,-30562.5,-0.21,4075,0.03,-30562.5,-0.21,1895287.5,1895.29
1864,Exit long,2011-04-15 21:00,EOD,1758,159,279084.75,21862.5,0.16,45712.5,0.33,-23850,-0.17,1917150,1917.15
1864,Entry long,2011-04-15 15:30,S1 Trend,1755.25,159,279084.75,21862.5,0.16,45712.5,0.33,-23850,-0.17,1917150,1917.15
1865,Exit long,2011-04-19 21:00,EOD,1750,170,297202.5,14875,0.10,21250,0.14,-6375,-0.04,1932025,1932.03
1865,Entry long,2011-04-19 19:00,S1 Trend,1748.25,170,297202.5,14875,0.10,21250,0.14,-6375,-0.04,1932025,1932.03
1866,Exit long,2011-05-02 21:00,EOD,1799.25,171,307885.5,-10687.5,-0.07,27787.5,0.18,-34200,-0.22,1921337.5,1921.34
1866,Entry long,2011-05-02 18:00,S2 VWAP,1800.5,171,307885.5,-10687.5,-0.07,27787.5,0.18,-34200,-0.22,1921337.5,1921.34
1867,Exit long,2011-05-06 17:30,S1 Trail,1782.75,119,212653,-25287.5,-0.24,38675,0.36,-25287.5,-0.24,1896050,1896.05
1867,Entry long,2011-05-06 15:00,S1 Trend,1787,119,212653,-25287.5,-0.24,38675,0.36,-25287.5,-0.24,1896050,1896.05
1868,Exit long,2011-05-09 21:00,EOD,1784.25,123,219616.5,-7687.5,-0.07,15375,0.14,-9225,-0.08,1888362.5,1888.36
1868,Entry long,2011-05-09 17:30,S1 Trend,1785.5,123,219616.5,-7687.5,-0.07,15375,0.14,-9225,-0.08,1888362.5,1888.36
1869,Exit long,2011-05-10 21:00,EOD,1795.75,164,294585,-4100,-0.03,16400,0.11,-12300,-0.08,1884262.5,1884.26
1869,Entry long,2011-05-10 20:00,S1 Trend,1796.25,164,294585,-4100,-0.03,16400,0.11,-12300,-0.08,1884262.5,1884.26
1870,Exit long,2011-05-12 21:00,EOD,1788,105,187661.25,3937.5,0.04,17062.5,0.18,-13125,-0.14,1888200,1888.20
1870,Entry long,2011-05-12 18:30,S1 Trend,1787.25,105,187661.25,3937.5,0.04,17062.5,0.18,-13125,-0.14,1888200,1888.20
1871,Exit long,2011-05-16 17:30,S1 Trail,1774.25,140,249375,-49000,-0.39,12250,0.10,-49000,-0.39,1839200,1839.20
1871,Entry long,2011-05-16 16:00,S1 Trend,1781.25,140,249375,-49000,-0.39,12250,0.10,-49000,-0.39,1839200,1839.20
1872,Exit long,2011-05-18 21:00,EOD,1780.75,153,271498.5,47812.5,0.35,57375,0.42,-9562.5,-0.07,1887012.5,1887.01
1872,Entry long,2011-05-18 16:00,S1 Trend,1774.5,153,271498.5,47812.5,0.35,57375,0.42,-9562.5,-0.07,1887012.5,1887.01
1873,Exit long,2011-05-25 21:00,EOD,1760.25,128,225152,8000,0.07,46400,0.41,-4800,-0.04,1895012.5,1895.01
1873,Entry long,2011-05-25 16:30,S1 Trend,1759,128,225152,8000,0.07,46400,0.41,-4800,-0.04,1895012.5,1895.01
1874,Exit long,2011-05-26 21:00,EOD,1766.5,131,231018.5,19650,0.17,37662.5,0.33,-3275,-0.03,1914662.5,1914.66
1874,Entry long,2011-05-26 18:00,S1 Trend,1763.5,131,231018.5,19650,0.17,37662.5,0.33,-3275,-0.03,1914662.5,1914.66
1875,Exit long,2011-05-27 21:00,EOD,1771.5,160,283760,-16000,-0.11,10000,0.07,-38000,-0.27,1898662.5,1898.66
1875,Entry long,2011-05-27 16:30,S1 Trend,1773.5,160,283760,-16000,-0.11,10000,0.07,-38000,-0.27,1898662.5,1898.66
1876,Exit long,2011-06-09 21:00,EOD,1730,147,254346.75,-1837.5,-0.01,40425,0.32,-14700,-0.12,1896825,1896.83
1876,Entry long,2011-06-09 16:00,S1 Trend,1730.25,147,254346.75,-1837.5,-0.01,40425,0.32,-14700,-0.12,1896825,1896.83
1877,Exit long,2011-06-14 21:00,EOD,1729.5,161,278127.5,16100,0.12,52325,0.38,-8050,-0.06,1912925,1912.93
1877,Entry long,2011-06-14 15:00,S1 Trend,1727.5,161,278127.5,16100,0.12,52325,0.38,-8050,-0.06,1912925,1912.93
1878,Exit short,2011-06-15 21:00,EOD,1706.25,128,219136,36800,0.34,59200,0.54,-6400,-0.06,1949725,1949.73
1878,Entry short,2011-06-15 17:00,S3 Hedge,1712,128,219136,36800,0.34,59200,0.54,-6400,-0.06,1949725,1949.73
1879,Exit long,2011-06-20 21:00,EOD,1719.75,147,251958,42262.5,0.34,60637.5,0.48,-22050,-0.18,1991987.5,1991.99
1879,Entry long,2011-06-20 15:00,S1 Trend,1714,147,251958,42262.5,0.34,60637.5,0.48,-22050,-0.18,1991987.5,1991.99
1880,Exit long,2011-06-21 21:00,EOD,1737,179,309983.25,46987.5,0.30,71600,0.46,-11187.5,-0.07,2038975,2038.98
1880,Entry long,2011-06-21 15:30,S1 Trend,1731.75,179,309983.25,46987.5,0.30,71600,0.46,-11187.5,-0.07,2038975,2038.98
1881,Exit long,2011-06-22 20:30,S1 Trail,1732.25,173,300544.25,-43250,-0.29,30275,0.20,-43250,-0.29,1995725,1995.73
1881,Entry long,2011-06-22 15:00,S1 Trend,1737.25,173,300544.25,-43250,-0.29,30275,0.20,-43250,-0.29,1995725,1995.73
1882,Exit short,2011-06-23 18:00,S3 Scalp,1715,135,230748.75,-38812.5,-0.34,35437.5,0.31,-38812.5,-0.34,1956912.5,1956.91
1882,Entry short,2011-06-23 15:00,S3 Hedge,1709.25,135,230748.75,-38812.5,-0.34,35437.5,0.31,-38812.5,-0.34,1956912.5,1956.91
1883,Exit long,2011-06-27 21:00,EOD,1722,126,216688.5,14175,0.13,45675,0.42,-22050,-0.20,1971087.5,1971.09
1883,Entry long,2011-06-27 15:30,S1 Trend,1719.75,126,216688.5,14175,0.13,45675,0.42,-22050,-0.20,1971087.5,1971.09
1884,Exit long,2011-06-28 21:00,EOD,1738.5,140,242165,61250,0.51,64750,0.53,-5250,-0.04,2032337.5,2032.34
1884,Entry long,2011-06-28 15:00,S1 Trend,1729.75,140,242165,61250,0.51,64750,0.53,-5250,-0.04,2032337.5,2032.34
1885,Exit long,2011-06-29 21:00,EOD,1750.25,135,236283.75,0,0.00,8437.5,0.07,-42187.5,-0.36,2032337.5,2032.34
1885,Entry long,2011-06-29 18:30,S1 Trend,1750.25,135,236283.75,0,0.00,8437.5,0.07,-42187.5,-0.36,2032337.5,2032.34
1886,Exit long,2011-06-30 21:00,EOD,1762.25,173,304696.25,8650,0.06,28112.5,0.18,-21625,-0.14,2040987.5,2040.99
1886,Entry long,2011-06-30 15:30,S1 Trend,1761.25,173,304696.25,8650,0.06,28112.5,0.18,-21625,-0.14,2040987.5,2040.99
1887,Exit long,2011-07-01 16:30,S1 Climax,1774.5,51,90397.5,5100,0.11,6375,0.14,-1912.5,-0.04,2046087.5,2046.09
1887,Entry long,2011-07-01 15:30,S1 Trend,1772.5,51,90397.5,5100,0.11,6375,0.14,-1912.5,-0.04,2046087.5,2046.09
1888,Exit long,2011-07-01 17:00,S1 Climax,1774.5,36,63810,3600,0.11,5400,0.17,-1350,-0.04,2049687.5,2049.69
1888,Entry long,2011-07-01 15:30,S1 Trend,1772.5,36,63810,3600,0.11,5400,0.17,-1350,-0.04,2049687.5,2049.69
1889,Exit long,2011-07-01 17:30,S1 Climax,1776,25,44312.5,4375,0.20,5312.5,0.24,-937.5,-0.04,2054062.5,2054.06
1889,Entry long,2011-07-01 15:30,S1 Trend,1772.5,25,44312.5,4375,0.20,5312.5,0.24,-937.5,-0.04,2054062.5,2054.06
1890,Exit long,2011-07-01 18:00,S1 Climax,1776.25,17,30132.5,3187.5,0.21,3612.5,0.24,-637.5,-0.04,2057250,2057.25
1890,Entry long,2011-07-01 15:30,S1 Trend,1772.5,17,30132.5,3187.5,0.21,3612.5,0.24,-637.5,-0.04,2057250,2057.25
1891,Exit long,2011-07-01 18:30,S1 Climax,1778.25,12,21270,3450,0.32,3750,0.35,-450,-0.04,2060700,2060.70
1891,Entry long,2011-07-01 15:30,S1 Trend,1772.5,12,21270,3450,0.32,3750,0.35,-450,-0.04,2060700,2060.70
1892,Exit long,2011-07-01 19:00,S1 Climax,1779.25,9,15952.5,3037.5,0.38,3375,0.42,-337.5,-0.04,2063737.5,2063.74
1892,Entry long,2011-07-01 15:30,S1 Trend,1772.5,9,15952.5,3037.5,0.38,3375,0.42,-337.5,-0.04,2063737.5,2063.74
1893,Exit long,2011-07-01 19:30,S1 Climax,1780,6,10635,2250,0.42,2325,0.44,-225,-0.04,2065987.5,2065.99
1893,Entry long,2011-07-01 15:30,S1 Trend,1772.5,6,10635,2250,0.42,2325,0.44,-225,-0.04,2065987.5,2065.99
1894,Exit long,2011-07-01 20:00,S1 Climax,1782.25,4,7090,1950,0.55,2050,0.58,-150,-0.04,2067937.5,2067.94
1894,Entry long,2011-07-01 15:30,S1 Trend,1772.5,4,7090,1950,0.55,2050,0.58,-150,-0.04,2067937.5,2067.94
1895,Exit long,2011-07-01 20:30,S1 Climax,1780.5,3,5317.5,1200,0.45,1537.5,0.58,-112.5,-0.04,2069137.5,2069.14
1895,Entry long,2011-07-01 15:30,S1 Trend,1772.5,3,5317.5,1200,0.45,1537.5,0.58,-112.5,-0.04,2069137.5,2069.14
1896,Exit long,2011-07-01 21:00,EOD,1781.5,8,14180,3600,0.51,4400,0.62,-300,-0.04,2072737.5,2072.74
1896,Entry long,2011-07-01 15:30,S1 Trend,1772.5,8,14180,3600,0.51,4400,0.62,-300,-0.04,2072737.5,2072.74
1897,Exit long,2011-07-06 21:00,EOD,1782,166,295729,4150,0.03,18675,0.13,-22825,-0.15,2076887.5,2076.89
1897,Entry long,2011-07-06 17:00,S1 Trend,1781.5,166,295729,4150,0.03,18675,0.13,-22825,-0.15,2076887.5,2076.89
1898,Exit long,2011-07-07 21:00,EOD,1796.75,183,328851,-2287.5,-0.01,25162.5,0.15,-11437.5,-0.07,2074600,2074.60
1898,Entry long,2011-07-07 18:30,S1 Trend,1797,183,328851,-2287.5,-0.01,25162.5,0.15,-11437.5,-0.07,2074600,2074.60
1899,Exit long,2011-07-13 20:00,S1 Trail,1764.25,128,226528,-35200,-0.31,32000,0.28,-35200,-0.31,2039400,2039.40
1899,Entry long,2011-07-13 15:30,S1 Trend,1769.75,128,226528,-35200,-0.31,32000,0.28,-35200,-0.31,2039400,2039.40
1900,Exit long,2011-07-14 15:30,S1 Trail,1760,127,224631.25,-55562.5,-0.49,9525,0.08,-55562.5,-0.49,1983837.5,1983.84
1900,Entry long,2011-07-14 15:00,S1 Trend,1768.75,127,224631.25,-55562.5,-0.49,9525,0.08,-55562.5,-0.49,1983837.5,1983.84
1901,Exit long,2011-07-19 21:00,EOD,1769.75,145,255200,70687.5,0.55,81562.5,0.64,-19937.5,-0.16,2054525,2054.53
1901,Entry long,2011-07-19 15:00,S1 Trend,1760,145,255200,70687.5,0.55,81562.5,0.64,-19937.5,-0.16,2054525,2054.53
1902,Exit long,2011-07-21 21:00,EOD,1787.25,116,206538,39150,0.38,58000,0.56,-8700,-0.08,2093675,2093.68
1902,Entry long,2011-07-21 15:00,S1 Trend,1780.5,116,206538,39150,0.38,58000,0.56,-8700,-0.08,2093675,2093.68
1903,Exit long,2011-07-25 21:00,EOD,1780.75,165,293988.75,-8250,-0.06,45375,0.31,-20625,-0.14,2085425,2085.43
1903,Entry long,2011-07-25 15:30,S1 Trend,1781.75,165,293988.75,-8250,-0.06,45375,0.31,-20625,-0.14,2085425,2085.43
1904,Exit short,2011-07-27 21:00,EOD,1748.5,130,227955,32500,0.29,47125,0.41,-1625,-0.01,2117925,2117.93
1904,Entry short,2011-07-27 19:30,S3 Hedge,1753.5,130,227955,32500,0.29,47125,0.41,-1625,-0.01,2117925,2117.93
1905,Exit short,2011-08-02 21:00,EOD,1697.25,95,162450,60562.5,0.75,62937.5,0.77,-21375,-0.26,2178487.5,2178.49
1905,Entry short,2011-08-02 18:00,S3 Hedge,1710,95,162450,60562.5,0.75,62937.5,0.77,-21375,-0.26,2178487.5,2178.49
1906,Exit short,2011-08-04 20:30,S3 Scalp,1650,72,120510,85500,1.42,85500,1.42,-9900,-0.16,2263987.5,2263.99
1906,Entry short,2011-08-04 16:00,S3 Hedge,1673.75,72,120510,85500,1.42,85500,1.42,-9900,-0.16,2263987.5,2263.99
1907,Exit short,2011-08-05 17:30,S3 Scalp,1633.5,39,62946,-38025,-1.21,2925,0.09,-49237.5,-1.56,2225962.5,2225.96
1907,Entry short,2011-08-05 17:00,S3 Hedge,1614,39,62946,-38025,-1.21,2925,0.09,-49237.5,-1.56,2225962.5,2225.96
1908,Exit long,2011-08-11 21:00,EOD,1614.75,40,64410,9000,0.28,41500,1.29,-19500,-0.61,2234962.5,2234.96
1908,Entry long,2011-08-11 18:00,S1 Trend,1610.25,40,64410,9000,0.28,41500,1.29,-19500,-0.61,2234962.5,2234.96
1909,Exit long,2011-08-12 21:00,EOD,1623.25,64,103808,4000,0.08,37600,0.72,-24000,-0.46,2238962.5,2238.96
1909,Entry long,2011-08-12 15:00,S1 Trend,1622,64,103808,4000,0.08,37600,0.72,-24000,-0.46,2238962.5,2238.96
1910,Exit long,2011-08-15 21:00,EOD,1648.25,114,186732,58425,0.63,61275,0.66,-37050,-0.40,2297387.5,2297.39
1910,Entry long,2011-08-15 15:00,S1 Trend,1638,114,186732,58425,0.63,61275,0.66,-37050,-0.40,2297387.5,2297.39
1911,Exit long,2011-08-16 17:30,S1 Trail,1632.5,115,187881.25,-7187.5,-0.08,84812.5,0.90,-7187.5,-0.08,2290200,2290.20
1911,Entry long,2011-08-16 15:00,S1 Trend,1633.75,115,187881.25,-7187.5,-0.08,84812.5,0.90,-7187.5,-0.08,2290200,2290.20
1912,Exit long,2011-08-17 16:30,S1 Trail,1640.75,112,184968,-60200,-0.65,12600,0.14,-60200,-0.65,2230000,2230.00
1912,Entry long,2011-08-17 15:00,S1 Trend,1651.5,112,184968,-60200,-0.65,12600,0.14,-60200,-0.65,2230000,2230.00
1913,Exit short,2011-08-18 20:00,S3 Scalp,1578.25,92,147085,94300,1.28,95450,1.30,0,0.00,2324300,2324.30
1913,Entry short,2011-08-18 15:00,S3 Hedge,1598.75,92,147085,94300,1.28,95450,1.30,0,0.00,2324300,2324.30
1914,Exit long,2011-08-23 21:00,EOD,1606.25,78,124332,47775,0.77,50700,0.82,-35100,-0.56,2372075,2372.07
1914,Entry long,2011-08-23 17:00,S1 Trend,1594,78,124332,47775,0.77,50700,0.82,-35100,-0.56,2372075,2372.07
1915,Exit long,2011-08-24 17:00,S1 Trail,1603.25,86,138954.5,-53750,-0.77,22575,0.32,-53750,-0.77,2318325,2318.33
1915,Entry long,2011-08-24 15:00,S1 Trend,1615.75,86,138954.5,-53750,-0.77,22575,0.32,-53750,-0.77,2318325,2318.33
1916,Exit long,2011-08-25 15:30,S1 Trail,1605.75,95,154113.75,-78375,-1.02,2375,0.03,-78375,-1.02,2239950,2239.95
1916,Entry long,2011-08-25 15:00,S1 Trend,1622.25,95,154113.75,-78375,-1.02,2375,0.03,-78375,-1.02,2239950,2239.95
1917,Exit long,2011-08-26 21:00,EOD,1621,61,98255.75,31262.5,0.64,48800,0.99,-1525,-0.03,2271212.5,2271.21
1917,Entry long,2011-08-26 16:30,S1 Trend,1610.75,61,98255.75,31262.5,0.64,48800,0.99,-1525,-0.03,2271212.5,2271.21
1918,Exit long,2011-08-29 21:00,EOD,1655,142,233199.5,90525,0.78,94075,0.81,-23075,-0.20,2361737.5,2361.74
1918,Entry long,2011-08-29 15:00,S1 Trend,1642.25,142,233199.5,90525,0.78,94075,0.81,-23075,-0.20,2361737.5,2361.74
1919,Exit long,2011-08-30 21:00,EOD,1657.5,156,257283,64350,0.50,128700,1.00,-68250,-0.53,2426087.5,2426.09
1919,Entry long,2011-08-30 15:00,S1 Trend,1649.25,156,257283,64350,0.50,128700,1.00,-68250,-0.53,2426087.5,2426.09
1920,Exit long,2011-08-31 15:30,S1 Climax,1674.25,46,76923.5,4600,0.12,10350,0.27,-1725,-0.04,2430687.5,2430.69
1920,Entry long,2011-08-31 15:00,S1 Trend,1672.25,46,76923.5,4600,0.12,10350,0.27,-1725,-0.04,2430687.5,2430.69
1921,Exit long,2011-08-31 16:00,S1 Trail,1666.5,109,182275.25,-31337.5,-0.34,24525,0.27,-31337.5,-0.34,2399350,2399.35
1921,Entry long,2011-08-31 15:00,S1 Trend,1672.25,109,182275.25,-31337.5,-0.34,24525,0.27,-31337.5,-0.34,2399350,2399.35
1922,Exit long,2011-09-01 16:00,S1 Trail,1661.5,133,220879.75,4987.5,0.05,98087.5,0.89,-13300,-0.12,2404337.5,2404.34
1922,Entry long,2011-09-01 15:00,S1 Trend,1660.75,133,220879.75,4987.5,0.05,98087.5,0.89,-13300,-0.12,2404337.5,2404.34
1923,Exit short,2011-09-05 16:00,S3 Scalp,1594.25,139,220801.5,-39962.5,-0.36,22587.5,0.20,-39962.5,-0.36,2364375,2364.38
1923,Entry short,2011-09-05 15:00,S3 Hedge,1588.5,139,220801.5,-39962.5,-0.36,22587.5,0.20,-39962.5,-0.36,2364375,2364.38
1924,Exit long,2011-09-07 19:30,S1 Climax,1642.25,38,61978,21375,0.69,22325,0.72,-5225,-0.17,2385750,2385.75
1924,Entry long,2011-09-07 15:00,S1 Trend,1631,38,61978,21375,0.69,22325,0.72,-5225,-0.17,2385750,2385.75
1925,Exit long,2011-09-07 20:00,S1 Climax,1644,26,42406,16900,0.80,18200,0.86,-3575,-0.17,2402650,2402.65
1925,Entry long,2011-09-07 15:00,S1 Trend,1631,26,42406,16900,0.80,18200,0.86,-3575,-0.17,2402650,2402.65
1926,Exit long,2011-09-07 21:00,EOD,1644,63,102753,40950,0.80,44100,0.86,-8662.5,-0.17,2443600,2443.60
1926,Entry long,2011-09-07 15:00,S1 Trend,1631,63,102753,40950,0.80,44100,0.86,-8662.5,-0.17,2443600,2443.60
1927,Exit long,2011-09-08 18:30,S1 Trail,1634,111,182678.25,-65212.5,-0.71,15262.5,0.17,-65212.5,-0.71,2378387.5,2378.39
1927,Entry long,2011-09-08 16:30,S1 Trend,1645.75,111,182678.25,-65212.5,-0.71,15262.5,0.17,-65212.5,-0.71,2378387.5,2378.39
1928,Exit short,2011-09-09 21:00,EOD,1600.25,77,122892,-16362.5,-0.27,8662.5,0.14,-32725,-0.53,2362025,2362.02
1928,Entry short,2011-09-09 20:00,S3 Hedge,1596,77,122892,-16362.5,-0.27,8662.5,0.14,-32725,-0.53,2362025,2362.02
1929,Exit long,2011-09-13 21:00,EOD,1618.75,73,117968,10037.5,0.17,27375,0.46,-32850,-0.56,2372062.5,2372.06
1929,Entry long,2011-09-13 15:00,S1 Trend,1616,73,117968,10037.5,0.17,27375,0.46,-32850,-0.56,2372062.5,2372.06
1930,Exit long,2011-09-14 21:00,EOD,1635,88,143506,18700,0.26,81400,1.13,0,0.00,2390762.5,2390.76
1930,Entry long,2011-09-14 19:00,S1 Trend,1630.75,88,143506,18700,0.26,81400,1.13,0,0.00,2390762.5,2390.76
1931,Exit long,2011-09-15 21:00,EOD,1655.75,101,166801.5,21462.5,0.26,22725,0.27,-8837.5,-0.11,2412225,2412.23
1931,Entry long,2011-09-15 19:30,S1 Trend,1651.5,101,166801.5,21462.5,0.26,22725,0.27,-8837.5,-0.11,2412225,2412.23
1932,Exit long,2011-09-16 15:30,S1 Trail,1653.25,121,201102,-52937.5,-0.53,28737.5,0.29,-52937.5,-0.53,2359287.5,2359.29
1932,Entry long,2011-09-16 15:00,S1 Trend,1662,121,201102,-52937.5,-0.53,28737.5,0.29,-52937.5,-0.53,2359287.5,2359.29
1933,Exit long,2011-09-19 21:00,EOD,1650.5,115,188945,43125,0.46,79062.5,0.84,-10062.5,-0.11,2402412.5,2402.41
1933,Entry long,2011-09-19 20:00,S1 Trend,1643,115,188945,43125,0.46,79062.5,0.84,-10062.5,-0.11,2402412.5,2402.41
1934,Exit long,2011-09-20 20:00,S1 Trail,1652,95,158222.5,-64125,-0.81,7125,0.09,-64125,-0.81,2338287.5,2338.29
1934,Entry long,2011-09-20 16:30,S1 Trend,1665.5,95,158222.5,-64125,-0.81,7125,0.09,-64125,-0.81,2338287.5,2338.29
1935,Exit short,2011-09-22 20:30,S3 Scalp,1577.25,68,106420,-41650,-0.78,17850,0.34,-50150,-0.94,2296637.5,2296.64
1935,Entry short,2011-09-22 19:00,S3 Hedge,1565,68,106420,-41650,-0.78,17850,0.34,-50150,-0.94,2296637.5,2296.64
1936,Exit long,2011-09-27 15:30,S1 Climax,1635.25,35,57260,-1312.5,-0.05,4812.5,0.17,-9625,-0.34,2295325,2295.33
1936,Entry long,2011-09-27 15:00,S1 Trend,1636,35,57260,-1312.5,-0.05,4812.5,0.17,-9625,-0.34,2295325,2295.33
1937,Exit long,2011-09-27 16:00,S1 Climax,1639.75,25,40900,4687.5,0.23,5000,0.24,-6875,-0.34,2300012.5,2300.01
1937,Entry long,2011-09-27 15:00,S1 Trend,1636,25,40900,4687.5,0.23,5000,0.24,-6875,-0.34,2300012.5,2300.01
1938,Exit long,2011-09-27 20:00,S1 Trail,1629.25,59,96524,-19912.5,-0.41,20650,0.43,-19912.5,-0.41,2280100,2280.10
1938,Entry long,2011-09-27 15:00,S1 Trend,1636,59,96524,-19912.5,-0.41,20650,0.43,-19912.5,-0.41,2280100,2280.10
1939,Exit short,2011-09-28 21:00,EOD,1598,78,125950.5,65325,1.04,71175,1.13,-2925,-0.05,2345425,2345.42
1939,Entry short,2011-09-28 18:30,S3 Hedge,1614.75,78,125950.5,65325,1.04,71175,1.13,-2925,-0.05,2345425,2345.42
1940,Exit long,2011-09-29 15:30,S1 Trail,1604.5,97,157067.25,-71537.5,-0.91,8487.5,0.11,-71537.5,-0.91,2273887.5,2273.89
1940,Entry long,2011-09-29 15:00,S1 Trend,1619.25,97,157067.25,-71537.5,-0.91,8487.5,0.11,-71537.5,-0.91,2273887.5,2273.89
1941,Exit short,2011-09-30 15:30,S3 Scalp,1596.75,96,152472,-40800,-0.54,4800,0.06,-58800,-0.77,2233087.5,2233.09
1941,Entry short,2011-09-30 15:00,S3 Hedge,1588.25,96,152472,-40800,-0.54,4800,0.06,-58800,-0.77,2233087.5,2233.09
1942,Exit long,2011-10-05 21:00,EOD,1591.5,72,113832,37800,0.66,47700,0.84,-36900,-0.65,2270887.5,2270.89
1942,Entry long,2011-10-05 16:00,S1 Trend,1581,72,113832,37800,0.66,47700,0.84,-36900,-0.65,2270887.5,2270.89
1943,Exit long,2011-10-06 21:00,EOD,1612,75,120300,30000,0.50,35625,0.59,-20625,-0.34,2300887.5,2300.89
1943,Entry long,2011-10-06 17:00,S1 Trend,1604,75,120300,30000,0.50,35625,0.59,-20625,-0.34,2300887.5,2300.89
1944,Exit long,2011-10-07 20:00,S2 FairVal,1610.75,81,129802.5,33412.5,0.51,33412.5,0.51,-19237.5,-0.30,2334300,2334.30
1944,Entry long,2011-10-07 18:30,S2 VWAP,1602.5,81,129802.5,33412.5,0.51,33412.5,0.51,-19237.5,-0.30,2334300,2334.30
1945,Exit long,2011-10-10 21:00,EOD,1643.25,125,203812.5,79687.5,0.78,79687.5,0.78,-6250,-0.06,2413987.5,2413.99
1945,Entry long,2011-10-10 15:00,S1 Trend,1630.5,125,203812.5,79687.5,0.78,79687.5,0.78,-6250,-0.06,2413987.5,2413.99
1946,Exit long,2011-10-11 21:00,EOD,1643.75,139,228516,-1737.5,-0.02,26062.5,0.23,-33012.5,-0.29,2412250,2412.25
1946,Entry long,2011-10-11 15:30,S1 Trend,1644,139,228516,-1737.5,-0.02,26062.5,0.23,-33012.5,-0.29,2412250,2412.25
1947,Exit long,2011-10-12 20:30,S1 Trail,1656,129,214075.5,-22575,-0.21,61275,0.57,-22575,-0.21,2389675,2389.68
1947,Entry long,2011-10-12 15:30,S1 Trend,1659.5,129,214075.5,-22575,-0.21,61275,0.57,-22575,-0.21,2389675,2389.68
1948,Exit long,2011-10-13 21:00,EOD,1652.25,109,179686.5,20437.5,0.23,40875,0.45,-12262.5,-0.14,2410112.5,2410.11
1948,Entry long,2011-10-13 18:30,S1 Trend,1648.5,109,179686.5,20437.5,0.23,40875,0.45,-12262.5,-0.14,2410112.5,2410.11
1949,Exit long,2011-10-14 21:00,EOD,1673.25,143,238452.5,41112.5,0.34,44687.5,0.37,-55412.5,-0.46,2451225,2451.23
1949,Entry long,2011-10-14 15:00,S1 Trend,1667.5,143,238452.5,41112.5,0.34,44687.5,0.37,-55412.5,-0.46,2451225,2451.23
1950,Exit long,2011-10-18 21:00,EOD,1673.25,90,149332.5,63000,0.84,105750,1.42,-10125,-0.14,2514225,2514.23
1950,Entry long,2011-10-18 17:00,S1 Trend,1659.25,90,149332.5,63000,0.84,105750,1.42,-10125,-0.14,2514225,2514.23
1951,Exit long,2011-10-20 21:00,EOD,1663.75,86,143297.5,-10750,-0.15,3225,0.05,-29025,-0.41,2503475,2503.48
1951,Entry long,2011-10-20 20:00,S1 Trend,1666.25,86,143297.5,-10750,-0.15,3225,0.05,-29025,-0.41,2503475,2503.48
1952,Exit long,2011-10-21 15:30,S1 Climax,1687.25,42,70612.5,12600,0.36,13650,0.39,-4200,-0.12,2516075,2516.07
1952,Entry long,2011-10-21 15:00,S1 Trend,1681.25,42,70612.5,12600,0.36,13650,0.39,-4200,-0.12,2516075,2516.07
1953,Exit long,2011-10-21 18:00,S1 Trail,1676.5,101,169806.25,-23987.5,-0.28,37875,0.45,-23987.5,-0.28,2492087.5,2492.09
1953,Entry long,2011-10-21 15:00,S1 Trend,1681.25,101,169806.25,-23987.5,-0.28,37875,0.45,-23987.5,-0.28,2492087.5,2492.09
1954,Exit long,2011-10-24 21:00,EOD,1702.5,136,230350,59500,0.52,79900,0.69,-11900,-0.10,2551587.5,2551.59
1954,Entry long,2011-10-24 15:00,S1 Trend,1693.75,136,230350,59500,0.52,79900,0.69,-11900,-0.10,2551587.5,2551.59
1955,Exit long,2011-10-26 15:30,S1 Trail,1676,140,236285,-82250,-0.70,7000,0.06,-82250,-0.70,2469337.5,2469.34
1955,Entry long,2011-10-26 15:00,S1 Trend,1687.75,140,236285,-82250,-0.70,7000,0.06,-82250,-0.70,2469337.5,2469.34
1956,Exit long,2011-10-27 20:30,S1 Trail,1728.25,116,200274,10150,0.10,91350,0.91,-7250,-0.07,2479487.5,2479.49
1956,Entry long,2011-10-27 17:30,S1 Trend,1726.5,116,200274,10150,0.10,91350,0.91,-7250,-0.07,2479487.5,2479.49
1957,Exit long,2011-10-28 21:00,EOD,1733.75,145,251248.75,7250,0.06,27187.5,0.22,-38062.5,-0.30,2486737.5,2486.74
1957,Entry long,2011-10-28 16:00,S1 Trend,1732.75,145,251248.75,7250,0.06,27187.5,0.22,-38062.5,-0.30,2486737.5,2486.74
1958,Exit long,2011-11-03 20:00,EOD,1710.25,79,134793.75,15800,0.23,25675,0.38,-8887.5,-0.13,2502537.5,2502.54
1958,Entry long,2011-11-03 18:00,S1 Trend,1706.25,79,134793.75,15800,0.23,25675,0.38,-8887.5,-0.13,2502537.5,2502.54
1959,Exit long,2011-11-07 17:00,S1 Trail,1691.5,102,174088.5,-77775,-0.89,2550,0.03,-77775,-0.89,2424762.5,2424.76
1959,Entry long,2011-11-07 15:00,S1 Trend,1706.75,102,174088.5,-77775,-0.89,2550,0.03,-77775,-0.89,2424762.5,2424.76
1960,Exit long,2011-11-08 16:00,S1 Trail,1709,142,244346.5,-83425,-0.68,5325,0.04,-83425,-0.68,2341337.5,2341.34
1960,Entry long,2011-11-08 15:00,S1 Trend,1720.75,142,244346.5,-83425,-0.68,5325,0.04,-83425,-0.68,2341337.5,2341.34
1961,Exit long,2011-11-08 21:00,EOD,1726.5,95,163637.5,19000,0.23,26125,0.32,-13062.5,-0.16,2360337.5,2360.34
1961,Entry long,2011-11-08 19:30,S1 Trend,1722.5,95,163637.5,19000,0.23,26125,0.32,-13062.5,-0.16,2360337.5,2360.34
1962,Exit long,2011-11-11 21:00,EOD,1714.5,123,210145.5,36900,0.35,56887.5,0.54,0,0.00,2397237.5,2397.24
1962,Entry long,2011-11-11 15:00,S1 Trend,1708.5,123,210145.5,36900,0.35,56887.5,0.54,0,0.00,2397237.5,2397.24
1963,Exit long,2011-11-15 21:00,EOD,1708.75,120,204480,28500,0.28,67500,0.66,-55500,-0.54,2425737.5,2425.74
1963,Entry long,2011-11-15 15:00,S1 Trend,1704,120,204480,28500,0.28,67500,0.66,-55500,-0.54,2425737.5,2425.74
1964,Exit long,2011-11-16 20:00,S1 Trail,1695.5,94,160270,-44650,-0.56,27025,0.34,-44650,-0.56,2381087.5,2381.09
1964,Entry long,2011-11-16 16:30,S1 Trend,1705,94,160270,-44650,-0.56,27025,0.34,-44650,-0.56,2381087.5,2381.09
1965,Exit short,2011-11-21 21:00,EOD,1643.75,125,205468.75,0,0.00,64062.5,0.62,-37500,-0.37,2381087.5,2381.09
1965,Entry short,2011-11-21 15:00,S3 Hedge,1643.75,125,205468.75,0,0.00,64062.5,0.62,-37500,-0.37,2381087.5,2381.09
1966,Exit long,2011-11-28 20:00,S1 Trail,1637.5,128,210752,-57600,-0.55,17600,0.17,-57600,-0.55,2323487.5,2323.49
1966,Entry long,2011-11-28 15:00,S1 Trend,1646.5,128,210752,-57600,-0.55,17600,0.17,-57600,-0.55,2323487.5,2323.49
1967,Exit long,2011-11-30 15:30,S1 Climax,1687.75,24,40506,0,0.00,1800,0.09,-3600,-0.18,2323487.5,2323.49
1967,Entry long,2011-11-30 15:00,S1 Trend,1687.75,24,40506,0,0.00,1800,0.09,-3600,-0.18,2323487.5,2323.49
1968,Exit long,2011-11-30 16:00,S1 Climax,1692.25,17,28691.75,3825,0.27,4250,0.30,-2550,-0.18,2327312.5,2327.31
1968,Entry long,2011-11-30 15:00,S1 Trend,1687.75,17,28691.75,3825,0.27,4250,0.30,-2550,-0.18,2327312.5,2327.31
1969,Exit long,2011-11-30 21:00,EOD,1698.5,40,67510,21500,0.64,24000,0.71,-6000,-0.18,2348812.5,2348.81
1969,Entry long,2011-11-30 15:00,S1 Trend,1687.75,40,67510,21500,0.64,24000,0.71,-6000,-0.18,2348812.5,2348.81
1970,Exit long,2011-12-01 16:00,S1 Trail,1693,139,236439,-55600,-0.47,20850,0.18,-55600,-0.47,2293212.5,2293.21
1970,Entry long,2011-12-01 15:00,S1 Trend,1701,139,236439,-55600,-0.47,20850,0.18,-55600,-0.47,2293212.5,2293.21
1971,Exit long,2011-12-02 21:00,EOD,1695.75,112,190736,-40600,-0.43,14000,0.15,-44800,-0.47,2252612.5,2252.61
1971,Entry long,2011-12-02 17:30,S2 VWAP,1703,112,190736,-40600,-0.43,14000,0.15,-44800,-0.47,2252612.5,2252.61
1972,Exit long,2011-12-05 18:30,S1 Trail,1709.25,137,235263.25,-54800,-0.47,13700,0.12,-54800,-0.47,2197812.5,2197.81
1972,Entry long,2011-12-05 15:30,S1 Trend,1717.25,137,235263.25,-54800,-0.47,13700,0.12,-54800,-0.47,2197812.5,2197.81
1973,Exit long,2011-12-06 21:00,EOD,1710.5,120,205980,-36000,-0.35,13500,0.13,-37500,-0.36,2161812.5,2161.81
1973,Entry long,2011-12-06 20:00,S1 Trend,1716.5,120,205980,-36000,-0.35,13500,0.13,-37500,-0.36,2161812.5,2161.81
1974,Exit long,2011-12-09 21:00,EOD,1707.75,93,158634.75,9300,0.12,25575,0.32,-11625,-0.15,2171112.5,2171.11
1974,Entry long,2011-12-09 16:30,S1 Trend,1705.75,93,158634.75,9300,0.12,25575,0.32,-11625,-0.15,2171112.5,2171.11
1975,Exit long,2011-12-13 15:30,S1 Trail,1692.25,135,229567.5,-55687.5,-0.49,16875,0.15,-55687.5,-0.49,2115425,2115.43
1975,Entry long,2011-12-13 15:00,S1 Trend,1700.5,135,229567.5,-55687.5,-0.49,16875,0.15,-55687.5,-0.49,2115425,2115.43
1976,Exit short,2011-12-14 21:00,EOD,1664.25,118,197237,42775,0.43,59000,0.60,-7375,-0.07,2158200,2158.20
1976,Entry short,2011-12-14 15:00,S3 Hedge,1671.5,118,197237,42775,0.43,59000,0.60,-7375,-0.07,2158200,2158.20
1977,Exit long,2011-12-16 17:00,S1 Trail,1673,141,237021,-56400,-0.48,10575,0.09,-56400,-0.48,2101800,2101.80
1977,Entry long,2011-12-16 15:30,S1 Trend,1681,141,237021,-56400,-0.48,10575,0.09,-56400,-0.48,2101800,2101.80
1978,Exit long,2011-12-20 15:30,S1 Climax,1687.5,39,65685.75,6337.5,0.19,6825,0.21,-2437.5,-0.07,2108137.5,2108.14
1978,Entry long,2011-12-20 15:00,S1 Trend,1684.25,39,65685.75,6337.5,0.19,6825,0.21,-2437.5,-0.07,2108137.5,2108.14
1979,Exit long,2011-12-20 16:00,S1 Climax,1688,28,47159,5250,0.22,7000,0.30,-1750,-0.07,2113387.5,2113.39
1979,Entry long,2011-12-20 15:00,S1 Trend,1684.25,28,47159,5250,0.22,7000,0.30,-1750,-0.07,2113387.5,2113.39
1980,Exit long,2011-12-20 16:30,S1 Climax,1689,19,32000.75,4512.5,0.28,6175,0.39,-1187.5,-0.07,2117900,2117.90
1980,Entry long,2011-12-20 15:00,S1 Trend,1684.25,19,32000.75,4512.5,0.28,6175,0.39,-1187.5,-0.07,2117900,2117.90
1981,Exit long,2011-12-20 17:00,S1 Climax,1689,14,23579.5,3325,0.28,4550,0.39,-875,-0.07,2121225,2121.23
1981,Entry long,2011-12-20 15:00,S1 Trend,1684.25,14,23579.5,3325,0.28,4550,0.39,-875,-0.07,2121225,2121.23
1982,Exit long,2011-12-20 17:30,S1 Climax,1689.25,9,15158.25,2250,0.30,2925,0.39,-562.5,-0.07,2123475,2123.48
1982,Entry long,2011-12-20 15:00,S1 Trend,1684.25,9,15158.25,2250,0.30,2925,0.39,-562.5,-0.07,2123475,2123.48
1983,Exit long,2011-12-20 18:00,S1 Climax,1690.25,7,11789.75,2100,0.36,2275,0.39,-437.5,-0.07,2125575,2125.57
1983,Entry long,2011-12-20 15:00,S1 Trend,1684.25,7,11789.75,2100,0.36,2275,0.39,-437.5,-0.07,2125575,2125.57
1984,Exit long,2011-12-20 18:30,S1 Climax,1692,5,8421.25,1937.5,0.46,2437.5,0.58,-312.5,-0.07,2127512.5,2127.51
1984,Entry long,2011-12-20 15:00,S1 Trend,1684.25,5,8421.25,1937.5,0.46,2437.5,0.58,-312.5,-0.07,2127512.5,2127.51
1985,Exit long,2011-12-20 19:00,S1 Climax,1691.75,3,5052.75,1125,0.45,1462.5,0.58,-187.5,-0.07,2128637.5,2128.64
1985,Entry long,2011-12-20 15:00,S1 Trend,1684.25,3,5052.75,1125,0.45,1462.5,0.58,-187.5,-0.07,2128637.5,2128.64
1986,Exit long,2011-12-20 19:30,S1 Climax,1692,2,3368.5,775,0.46,975,0.58,-125,-0.07,2129412.5,2129.41
1986,Entry long,2011-12-20 15:00,S1 Trend,1684.25,2,3368.5,775,0.46,975,0.58,-125,-0.07,2129412.5,2129.41
1987,Exit long,2011-12-20 20:00,S1 Climax,1693.75,2,3368.5,950,0.56,1100,0.65,-125,-0.07,2130362.5,2130.36
1987,Entry long,2011-12-20 15:00,S1 Trend,1684.25,2,3368.5,950,0.56,1100,0.65,-125,-0.07,2130362.5,2130.36
1988,Exit long,2011-12-20 20:30,S1 Climax,1694.25,1,1684.25,500,0.59,562.5,0.67,-62.5,-0.07,2130862.5,2130.86
1988,Entry long,2011-12-20 15:00,S1 Trend,1684.25,1,1684.25,500,0.59,562.5,0.67,-62.5,-0.07,2130862.5,2130.86
1989,Exit long,2011-12-20 21:00,EOD,1693.75,4,6737,1900,0.56,2400,0.71,-250,-0.07,2132762.5,2132.76
1989,Entry long,2011-12-20 15:00,S1 Trend,1684.25,4,6737,1900,0.56,2400,0.71,-250,-0.07,2132762.5,2132.76
1990,Exit long,2011-12-22 21:00,EOD,1707.75,137,233448,25687.5,0.22,30825,0.26,-25687.5,-0.22,2158450,2158.45
1990,Entry long,2011-12-22 15:00,S1 Trend,1704,137,233448,25687.5,0.22,30825,0.26,-25687.5,-0.22,2158450,2158.45
1991,Exit long,2011-12-27 21:00,EOD,1719.5,196,337610,-29400,-0.17,4900,0.03,-41650,-0.25,2129050,2129.05
1991,Entry long,2011-12-27 15:00,S1 Trend,1722.5,196,337610,-29400,-0.17,4900,0.03,-41650,-0.25,2129050,2129.05
1992,Exit long,2011-12-29 21:00,EOD,1716.25,199,340638.25,44775,0.26,57212.5,0.34,-19900,-0.12,2173825,2173.83
1992,Entry long,2011-12-29 15:30,S1 Trend,1711.75,199,340638.25,44775,0.26,57212.5,0.34,-19900,-0.12,2173825,2173.83
1993,Exit long,2012-01-04 21:00,EOD,1731.25,157,271688.5,5887.5,0.04,17662.5,0.13,-17662.5,-0.13,2179712.5,2179.71
1993,Entry long,2012-01-04 17:30,S1 Trend,1730.5,157,271688.5,5887.5,0.04,17662.5,0.13,-17662.5,-0.13,2179712.5,2179.71
1994,Exit long,2012-01-05 21:00,EOD,1735,124,214923,10850,0.10,23250,0.22,-7750,-0.07,2190562.5,2190.56
1994,Entry long,2012-01-05 18:00,S1 Trend,1733.25,124,214923,10850,0.10,23250,0.22,-7750,-0.07,2190562.5,2190.56
1995,Exit long,2012-01-11 21:00,EOD,1747.25,166,289255,39425,0.27,49800,0.34,-12450,-0.09,2229987.5,2229.99
1995,Entry long,2012-01-11 16:00,S1 Trend,1742.5,166,289255,39425,0.27,49800,0.34,-12450,-0.09,2229987.5,2229.99
1996,Exit long,2012-01-17 13:30,S1 Trail,1756,201,351850.5,55275,0.31,110550,0.63,-32662.5,-0.19,2285262.5,2285.26
1996,Entry long,2012-01-16 16:30,S1 Trend,1750.5,201,351850.5,55275,0.31,110550,0.63,-32662.5,-0.19,2285262.5,2285.26
1997,Exit long,2012-01-18 21:00,EOD,1762.5,149,261606.75,50287.5,0.38,55875,0.43,-18625,-0.14,2335550,2335.55
1997,Entry long,2012-01-18 16:00,S1 Trend,1755.75,149,261606.75,50287.5,0.38,55875,0.43,-18625,-0.14,2335550,2335.55
1998,Exit long,2012-01-19 21:00,EOD,1769.5,198,349866,24750,0.14,34650,0.20,-7425,-0.04,2360300,2360.30
1998,Entry long,2012-01-19 16:00,S1 Trend,1767,198,349866,24750,0.14,34650,0.20,-7425,-0.04,2360300,2360.30
1999,Exit long,2012-01-23 16:30,S1 Trail,1769.75,203,360375.75,-55825,-0.31,20300,0.11,-55825,-0.31,2304475,2304.48
1999,Entry long,2012-01-23 15:00,S1 Trend,1775.25,203,360375.75,-55825,-0.31,20300,0.11,-55825,-0.31,2304475,2304.48
2000,Exit long,2012-01-24 21:00,EOD,1769.25,184,325036,25300,0.16,29900,0.18,-9200,-0.06,2329775,2329.78
2000,Entry long,2012-01-24 16:00,S1 Trend,1766.5,184,325036,25300,0.16,29900,0.18,-9200,-0.06,2329775,2329.78
2001,Exit long,2012-01-25 21:00,EOD,1780.5,200,353600,125000,0.71,157500,0.89,-30000,-0.17,2454775,2454.78
2001,Entry long,2012-01-25 16:30,S1 Trend,1768,200,353600,125000,0.71,157500,0.89,-30000,-0.17,2454775,2454.78
2002,Exit long,2012-01-26 15:30,S1 Trail,1779.75,217,387941.75,-86800,-0.45,2712.5,0.01,-86800,-0.45,2367975,2367.98
2002,Entry long,2012-01-26 15:00,S1 Trend,1787.75,217,387941.75,-86800,-0.45,2712.5,0.01,-86800,-0.45,2367975,2367.98
2003,Exit long,2012-02-01 20:30,S1 Trail,1778,206,366113.5,7725,0.04,90125,0.49,-15450,-0.08,2375700,2375.70
2003,Entry long,2012-02-01 15:00,S1 Trend,1777.25,206,366113.5,7725,0.04,90125,0.49,-15450,-0.08,2375700,2375.70
2004,Exit long,2012-02-02 17:30,S1 Trail,1777.5,209,372124.5,-31350,-0.17,47025,0.25,-31350,-0.17,2344350,2344.35
2004,Entry long,2012-02-02 15:00,S1 Trend,1780.5,209,372124.5,-31350,-0.17,47025,0.25,-31350,-0.17,2344350,2344.35
2005,Exit long,2012-02-03 16:00,S1 Climax,1797,52,93431,650,0.01,5200,0.11,-650,-0.01,2345000,2345.00
2005,Entry long,2012-02-03 15:30,S1 Trend,1796.75,52,93431,650,0.01,5200,0.11,-650,-0.01,2345000,2345.00
2006,Exit long,2012-02-03 16:30,S1 Climax,1798.5,37,66479.75,3237.5,0.10,3700,0.11,-1387.5,-0.04,2348237.5,2348.24
2006,Entry long,2012-02-03 15:30,S1 Trend,1796.75,37,66479.75,3237.5,0.10,3700,0.11,-1387.5,-0.04,2348237.5,2348.24
2007,Exit long,2012-02-03 17:30,S1 Climax,1799,26,46715.5,2925,0.13,2925,0.13,-975,-0.04,2351162.5,2351.16
2007,Entry long,2012-02-03 15:30,S1 Trend,1796.75,26,46715.5,2925,0.13,2925,0.13,-975,-0.04,2351162.5,2351.16
2008,Exit long,2012-02-03 18:00,S1 Climax,1799.25,18,32341.5,2250,0.14,3150,0.19,-675,-0.04,2353412.5,2353.41
2008,Entry long,2012-02-03 15:30,S1 Trend,1796.75,18,32341.5,2250,0.14,3150,0.19,-675,-0.04,2353412.5,2353.41
2009,Exit long,2012-02-03 21:00,EOD,1800,43,77260.25,6987.5,0.18,9137.5,0.24,-1612.5,-0.04,2360400,2360.40
2009,Entry long,2012-02-03 15:30,S1 Trend,1796.75,43,77260.25,6987.5,0.18,9137.5,0.24,-1612.5,-0.04,2360400,2360.40
2010,Exit long,2012-02-07 21:00,EOD,1802.25,184,331246,18400,0.11,41400,0.25,-4600,-0.03,2378800,2378.80
2010,Entry long,2012-02-07 16:00,S1 Trend,1800.25,184,331246,18400,0.11,41400,0.25,-4600,-0.03,2378800,2378.80
2011,Exit long,2012-02-08 17:30,S2 FairVal,1802.75,215,387053.75,26875,0.14,26875,0.14,-8062.5,-0.04,2405675,2405.68
2011,Entry long,2012-02-08 17:00,S2 VWAP,1800.25,215,387053.75,26875,0.14,26875,0.14,-8062.5,-0.04,2405675,2405.68
2012,Exit long,2012-02-16 21:00,EOD,1814.75,182,328510,88725,0.54,102375,0.62,-18200,-0.11,2494400,2494.40
2012,Entry long,2012-02-16 15:30,S1 Trend,1805,182,328510,88725,0.54,102375,0.62,-18200,-0.11,2494400,2494.40
2013,Exit long,2012-02-21 19:30,S1 Trail,1817.75,212,386582,-60950,-0.32,13250,0.07,-60950,-0.32,2433450,2433.45
2013,Entry long,2012-02-21 16:00,S1 Trend,1823.5,212,386582,-60950,-0.32,13250,0.07,-60950,-0.32,2433450,2433.45
2014,Exit long,2012-02-23 21:00,EOD,1820.75,191,347190.25,28650,0.17,38200,0.22,-14325,-0.08,2462100,2462.10
2014,Entry long,2012-02-23 16:00,S1 Trend,1817.75,191,347190.25,28650,0.17,38200,0.22,-14325,-0.08,2462100,2462.10
2015,Exit long,2012-02-27 21:00,EOD,1825.25,212,387006,-2650,-0.01,45050,0.23,-18550,-0.10,2459450,2459.45
2015,Entry long,2012-02-27 16:30,S1 Trend,1825.5,212,387006,-2650,-0.01,45050,0.23,-18550,-0.10,2459450,2459.45
2016,Exit long,2012-03-01 21:00,EOD,1831.5,188,344369,-2350,-0.01,23500,0.14,-47000,-0.27,2457100,2457.10
2016,Entry long,2012-03-01 17:30,S1 Trend,1831.75,188,344369,-2350,-0.01,23500,0.14,-47000,-0.27,2457100,2457.10
2017,Exit short,2012-03-06 21:00,EOD,1801,219,395349.75,46537.5,0.24,84862.5,0.43,-13687.5,-0.07,2503637.5,2503.64
2017,Entry short,2012-03-06 15:00,S3 Hedge,1805.25,219,395349.75,46537.5,0.24,84862.5,0.43,-13687.5,-0.07,2503637.5,2503.64
2018,Exit long,2012-03-09 21:00,EOD,1830,218,399539.5,-29975,-0.15,5450,0.03,-54500,-0.27,2473662.5,2473.66
2018,Entry long,2012-03-09 16:00,S1 Trend,1832.75,218,399539.5,-29975,-0.15,5450,0.03,-54500,-0.27,2473662.5,2473.66
2019,Exit long,2012-03-14 20:00,EOD,1853.5,204,377706,20400,0.11,25500,0.14,-25500,-0.14,2494062.5,2494.06
2019,Entry long,2012-03-14 18:30,S2 VWAP,1851.5,204,377706,20400,0.11,25500,0.14,-25500,-0.14,2494062.5,2494.06
2020,Exit long,2012-04-02 21:00,EOD,1878,195,364942.5,63375,0.35,107250,0.59,-17062.5,-0.09,2557437.5,2557.44
2020,Entry long,2012-04-02 15:30,S1 Trend,1871.5,195,364942.5,63375,0.35,107250,0.59,-17062.5,-0.09,2557437.5,2557.44
2021,Exit long,2012-04-03 19:00,S2 FairVal,1868,215,402695,-53750,-0.27,13437.5,0.07,-53750,-0.27,2503687.5,2503.69
2021,Entry long,2012-04-03 18:00,S2 VWAP,1873,215,402695,-53750,-0.27,13437.5,0.07,-53750,-0.27,2503687.5,2503.69
2022,Exit long,2012-04-12 21:00,EOD,1848.25,169,310622,86612.5,0.56,92950,0.60,-14787.5,-0.10,2590300,2590.30
2022,Entry long,2012-04-12 15:00,S1 Trend,1838,169,310622,86612.5,0.56,92950,0.60,-14787.5,-0.10,2590300,2590.30
2023,Exit long,2012-04-17 16:30,S1 Climax,1847.75,64,117696,28000,0.48,32800,0.56,-8000,-0.14,2618300,2618.30
2023,Entry long,2012-04-17 15:00,S1 Trend,1839,64,117696,28000,0.48,32800,0.56,-8000,-0.14,2618300,2618.30
2024,Exit long,2012-04-17 17:00,S1 Climax,1848.25,45,82755,20812.5,0.50,23062.5,0.56,-5625,-0.14,2639112.5,2639.11
2024,Entry long,2012-04-17 15:00,S1 Trend,1839,45,82755,20812.5,0.50,23062.5,0.56,-5625,-0.14,2639112.5,2639.11
2025,Exit long,2012-04-17 17:30,S1 Climax,1850.5,31,57009,17825,0.63,18212.5,0.64,-3875,-0.14,2656937.5,2656.94
2025,Entry long,2012-04-17 15:00,S1 Trend,1839,31,57009,17825,0.63,18212.5,0.64,-3875,-0.14,2656937.5,2656.94
2026,Exit long,2012-04-17 18:00,S1 Climax,1851,22,40458,13200,0.65,14300,0.71,-2750,-0.14,2670137.5,2670.14
2026,Entry long,2012-04-17 15:00,S1 Trend,1839,22,40458,13200,0.65,14300,0.71,-2750,-0.14,2670137.5,2670.14
2027,Exit long,2012-04-17 18:30,S1 Climax,1851.5,15,27585,9375,0.68,9750,0.71,-1875,-0.14,2679512.5,2679.51
2027,Entry long,2012-04-17 15:00,S1 Trend,1839,15,27585,9375,0.68,9750,0.71,-1875,-0.14,2679512.5,2679.51
2028,Exit long,2012-04-17 19:00,S1 Climax,1851.75,11,20229,7012.5,0.69,7425,0.73,-1375,-0.14,2686525,2686.53
2028,Entry long,2012-04-17 15:00,S1 Trend,1839,11,20229,7012.5,0.69,7425,0.73,-1375,-0.14,2686525,2686.53
2029,Exit long,2012-04-17 19:30,S1 Climax,1852.75,7,12873,4812.5,0.75,4900,0.76,-875,-0.14,2691337.5,2691.34
2029,Entry long,2012-04-17 15:00,S1 Trend,1839,7,12873,4812.5,0.75,4900,0.76,-875,-0.14,2691337.5,2691.34
2030,Exit long,2012-04-17 20:00,S1 Climax,1852,5,9195,3250,0.71,3625,0.79,-625,-0.14,2694587.5,2694.59
2030,Entry long,2012-04-17 15:00,S1 Trend,1839,5,9195,3250,0.71,3625,0.79,-625,-0.14,2694587.5,2694.59
2031,Exit long,2012-04-17 20:30,S1 Climax,1853,4,7356,2800,0.76,2900,0.79,-500,-0.14,2697387.5,2697.39
2031,Entry long,2012-04-17 15:00,S1 Trend,1839,4,7356,2800,0.76,2900,0.79,-500,-0.14,2697387.5,2697.39
2032,Exit long,2012-04-17 21:00,EOD,1850.5,10,18390,5750,0.63,7250,0.79,-1250,-0.14,2703137.5,2703.14
2032,Entry long,2012-04-17 15:00,S1 Trend,1839,10,18390,5750,0.63,7250,0.79,-1250,-0.14,2703137.5,2703.14
2033,Exit long,2012-04-18 21:00,EOD,1846,223,412382.75,-36237.5,-0.18,13937.5,0.07,-66900,-0.32,2666900,2666.90
2033,Entry long,2012-04-18 16:00,S1 Trend,1849.25,223,412382.75,-36237.5,-0.18,13937.5,0.07,-66900,-0.32,2666900,2666.90
2034,Exit long,2012-04-20 20:00,S1 Trail,1839.75,190,350550,-49875,-0.28,28500,0.16,-49875,-0.28,2617025,2617.03
2034,Entry long,2012-04-20 15:30,S1 Trend,1845,190,350550,-49875,-0.28,28500,0.16,-49875,-0.28,2617025,2617.03
2035,Exit short,2012-04-23 19:00,S3 Scalp,1826.5,226,411885,-45200,-0.22,42375,0.21,-45200,-0.22,2571825,2571.83
2035,Entry short,2012-04-23 15:00,S3 Hedge,1822.5,226,411885,-45200,-0.22,42375,0.21,-45200,-0.22,2571825,2571.83
2036,Exit long,2012-04-24 21:00,EOD,1833,193,354203.25,-21712.5,-0.12,2412.5,0.01,-69962.5,-0.40,2550112.5,2550.11
2036,Entry long,2012-04-24 16:30,S1 Trend,1835.25,193,354203.25,-21712.5,-0.12,2412.5,0.01,-69962.5,-0.40,2550112.5,2550.11
2037,Exit long,2012-04-25 21:00,EOD,1851.5,196,362600,14700,0.08,22050,0.12,-31850,-0.18,2564812.5,2564.81
2037,Entry long,2012-04-25 19:30,S1 Trend,1850,196,362600,14700,0.08,22050,0.12,-31850,-0.18,2564812.5,2564.81
2038,Exit long,2012-04-26 21:00,EOD,1861,215,398502.5,80625,0.40,102125,0.51,-13437.5,-0.07,2645437.5,2645.44
2038,Entry long,2012-04-26 17:00,S1 Trend,1853.5,215,398502.5,80625,0.40,102125,0.51,-13437.5,-0.07,2645437.5,2645.44
2039,Exit long,2012-05-01 17:00,S1 Climax,1875,64,119744,12800,0.21,17600,0.29,-2400,-0.04,2658237.5,2658.24
2039,Entry long,2012-05-01 15:30,S1 Trend,1871,64,119744,12800,0.21,17600,0.29,-2400,-0.04,2658237.5,2658.24
2040,Exit long,2012-05-01 20:30,S1 Trail,1868.5,151,282521,-18875,-0.13,41525,0.29,-18875,-0.13,2639362.5,2639.36
2040,Entry long,2012-05-01 15:30,S1 Trend,1871,151,282521,-18875,-0.13,41525,0.29,-18875,-0.13,2639362.5,2639.36
2041,Exit long,2012-05-02 21:00,EOD,1862.5,203,378036.75,2537.5,0.01,20300,0.11,-27912.5,-0.15,2641900,2641.90
2041,Entry long,2012-05-02 17:30,S1 Trend,1862.25,203,378036.75,2537.5,0.01,20300,0.11,-27912.5,-0.15,2641900,2641.90
2042,Exit short,2012-05-04 17:30,S3 Scalp,1829.25,161,296240,86537.5,0.58,86537.5,0.58,-4025,-0.03,2728437.5,2728.44
2042,Entry short,2012-05-04 15:00,S3 Hedge,1840,161,296240,86537.5,0.58,86537.5,0.58,-4025,-0.03,2728437.5,2728.44
2043,Exit short,2012-05-09 16:00,S3 Scalp,1811.25,141,254469.75,-45825,-0.36,1762.5,0.01,-56400,-0.44,2682612.5,2682.61
2043,Entry short,2012-05-09 15:30,S3 Hedge,1804.75,141,254469.75,-45825,-0.36,1762.5,0.01,-56400,-0.44,2682612.5,2682.61
2044,Exit long,2012-05-11 20:00,S1 Trail,1816.75,161,293301.75,-40250,-0.27,50312.5,0.34,-40250,-0.27,2642362.5,2642.36
2044,Entry long,2012-05-11 15:30,S1 Trend,1821.75,161,293301.75,-40250,-0.27,50312.5,0.34,-40250,-0.27,2642362.5,2642.36
2045,Exit short,2012-05-14 16:00,S3 Scalp,1803.75,183,329171.25,-45750,-0.28,4575,0.03,-50325,-0.31,2596612.5,2596.61
2045,Entry short,2012-05-14 15:30,S3 Hedge,1798.75,183,329171.25,-45750,-0.28,4575,0.03,-50325,-0.31,2596612.5,2596.61
2046,Exit long,2012-05-16 18:00,S1 Trail,1793.25,148,266770,-68450,-0.51,14800,0.11,-68450,-0.51,2528162.5,2528.16
2046,Entry long,2012-05-16 15:00,S1 Trend,1802.5,148,266770,-68450,-0.51,14800,0.11,-68450,-0.51,2528162.5,2528.16
2047,Exit long,2012-05-21 21:00,EOD,1778.5,145,257302.5,29000,0.23,34437.5,0.27,-23562.5,-0.18,2557162.5,2557.16
2047,Entry long,2012-05-21 17:30,S1 Trend,1774.5,145,257302.5,29000,0.23,34437.5,0.27,-23562.5,-0.18,2557162.5,2557.16
2048,Exit long,2012-05-22 20:00,S1 Trail,1782,173,309280.75,-49737.5,-0.32,30275,0.20,-49737.5,-0.32,2507425,2507.42
2048,Entry long,2012-05-22 15:30,S1 Trend,1787.75,173,309280.75,-49737.5,-0.32,30275,0.20,-49737.5,-0.32,2507425,2507.42
2049,Exit short,2012-05-23 18:00,S3 Scalp,1765.75,126,221697,-39375,-0.36,1575,0.01,-39375,-0.36,2468050,2468.05
2049,Entry short,2012-05-23 17:30,S3 Hedge,1759.5,126,221697,-39375,-0.36,1575,0.01,-39375,-0.36,2468050,2468.05
2050,Exit long,2012-05-29 00:30,S2 FairVal,1784,221,395313.75,-52487.5,-0.27,0,0.00,-52487.5,-0.27,2415562.5,2415.56
2050,Entry long,2012-05-28 15:00,S2 VWAP,1788.75,221,395313.75,-52487.5,-0.27,0,0.00,-52487.5,-0.27,2415562.5,2415.56
2051,Exit long,2012-05-29 16:30,S1 Trail,1789.25,187,335244.25,-32725,-0.20,53762.5,0.32,-32725,-0.20,2382837.5,2382.84
2051,Entry long,2012-05-29 15:00,S1 Trend,1792.75,187,335244.25,-32725,-0.20,53762.5,0.32,-32725,-0.20,2382837.5,2382.84
2052,Exit short,2012-05-30 19:00,S3 Scalp,1781,130,230782.5,-37375,-0.32,3250,0.03,-37375,-0.32,2345462.5,2345.46
2052,Entry short,2012-05-30 17:30,S3 Hedge,1775.25,130,230782.5,-37375,-0.32,3250,0.03,-37375,-0.32,2345462.5,2345.46
2053,Exit short,2012-06-01 21:00,EOD,1741,124,216256,18600,0.17,23250,0.22,-18600,-0.17,2364062.5,2364.06
2053,Entry short,2012-06-01 19:00,S3 Hedge,1744,124,216256,18600,0.17,23250,0.22,-18600,-0.17,2364062.5,2364.06
2054,Exit long,2012-06-05 21:00,EOD,1748.75,133,232583.75,0,0.00,18287.5,0.16,-14962.5,-0.13,2364062.5,2364.06
2054,Entry long,2012-06-05 19:30,S1 Trend,1748.75,133,232583.75,0,0.00,18287.5,0.16,-14962.5,-0.13,2364062.5,2364.06
2055,Exit long,2012-06-06 21:00,EOD,1779.25,132,233013,92400,0.79,92400,0.79,-6600,-0.06,2456462.5,2456.46
2055,Entry long,2012-06-06 15:00,S1 Trend,1765.25,132,233013,92400,0.79,92400,0.79,-6600,-0.06,2456462.5,2456.46
2056,Exit long,2012-06-08 21:00,EOD,1790,142,253008.5,58575,0.46,60350,0.48,-19525,-0.15,2515037.5,2515.04
2056,Entry long,2012-06-08 16:00,S1 Trend,1781.75,142,253008.5,58575,0.46,60350,0.48,-19525,-0.15,2515037.5,2515.04
2057,Exit short,2012-06-11 21:00,EOD,1773.75,144,256680,63000,0.49,77400,0.60,-14400,-0.11,2578037.5,2578.04
2057,Entry short,2012-06-11 19:30,S3 Hedge,1782.5,144,256680,63000,0.49,77400,0.60,-14400,-0.11,2578037.5,2578.04
2058,Exit long,2012-06-12 21:00,EOD,1788.5,123,219432,27675,0.25,30750,0.28,-32287.5,-0.29,2605712.5,2605.71
2058,Entry long,2012-06-12 16:30,S1 Trend,1784,123,219432,27675,0.25,30750,0.28,-32287.5,-0.29,2605712.5,2605.71
2059,Exit long,2012-06-13 19:30,S1 Trail,1781.75,160,286560,-74000,-0.52,14000,0.10,-74000,-0.52,2531712.5,2531.71
2059,Entry long,2012-06-13 16:00,S1 Trend,1791,160,286560,-74000,-0.52,14000,0.10,-74000,-0.52,2531712.5,2531.71
2060,Exit long,2012-06-14 21:00,EOD,1794,152,271510,58900,0.43,98800,0.73,-11400,-0.08,2590612.5,2590.61
2060,Entry long,2012-06-14 15:00,S1 Trend,1786.25,152,271510,58900,0.43,98800,0.73,-11400,-0.08,2590612.5,2590.61
2061,Exit long,2012-06-15 21:00,EOD,1806.75,207,372910.5,54337.5,0.29,72450,0.39,-5175,-0.03,2644950,2644.95
2061,Entry long,2012-06-15 18:30,S1 Trend,1801.5,207,372910.5,54337.5,0.29,72450,0.39,-5175,-0.03,2644950,2644.95
2062,Exit long,2012-06-18 21:00,EOD,1810,157,283934.5,11775,0.08,37287.5,0.26,-33362.5,-0.24,2656725,2656.73
2062,Entry long,2012-06-18 15:30,S1 Trend,1808.5,157,283934.5,11775,0.08,37287.5,0.26,-33362.5,-0.24,2656725,2656.73
2063,Exit long,2012-06-19 21:00,EOD,1822.75,205,373100,28187.5,0.15,87125,0.47,-5125,-0.03,2684912.5,2684.91
2063,Entry long,2012-06-19 15:00,S1 Trend,1820,205,373100,28187.5,0.15,87125,0.47,-5125,-0.03,2684912.5,2684.91
2064,Exit long,2012-06-20 19:30,S1 Trail,1813.5,165,300795,-78375,-0.52,10312.5,0.07,-78375,-0.52,2606537.5,2606.54
2064,Entry long,2012-06-20 18:30,S1 Trend,1823,165,300795,-78375,-0.52,10312.5,0.07,-78375,-0.52,2606537.5,2606.54
2065,Exit short,2012-06-25 18:30,S3 Scalp,1779,193,342526.75,-41012.5,-0.24,7237.5,0.04,-41012.5,-0.24,2565525,2565.53
2065,Entry short,2012-06-25 17:00,S3 Hedge,1774.75,193,342526.75,-41012.5,-0.24,7237.5,0.04,-41012.5,-0.24,2565525,2565.53
2066,Exit long,2012-06-27 21:00,EOD,1797.25,227,406670.5,65262.5,0.32,96475,0.47,-11350,-0.06,2630787.5,2630.79
2066,Entry long,2012-06-27 15:00,S1 Trend,1791.5,227,406670.5,65262.5,0.32,96475,0.47,-11350,-0.06,2630787.5,2630.79
2067,Exit long,2012-06-29 21:00,EOD,1828.25,147,267650.25,55125,0.41,56962.5,0.43,-16537.5,-0.12,2685912.5,2685.91
2067,Entry long,2012-06-29 15:30,S1 Trend,1820.75,147,267650.25,55125,0.41,56962.5,0.43,-16537.5,-0.12,2685912.5,2685.91
2068,Exit long,2012-07-05 21:00,EOD,1834,172,316308,-43000,-0.27,2150,0.01,-51600,-0.33,2642912.5,2642.91
2068,Entry long,2012-07-05 19:30,S1 Trend,1839,172,316308,-43000,-0.27,2150,0.01,-51600,-0.33,2642912.5,2642.91
2069,Exit long,2012-07-10 15:30,S1 Trail,1816.75,209,381320.5,-80987.5,-0.42,13062.5,0.07,-80987.5,-0.42,2561925,2561.93
2069,Entry long,2012-07-10 15:00,S1 Trend,1824.5,209,381320.5,-80987.5,-0.42,13062.5,0.07,-80987.5,-0.42,2561925,2561.93
2070,Exit long,2012-07-13 17:00,S1 Climax,1819.5,57,103398,15675,0.30,18525,0.36,-2137.5,-0.04,2577600,2577.60
2070,Entry long,2012-07-13 15:00,S1 Trend,1814,57,103398,15675,0.30,18525,0.36,-2137.5,-0.04,2577600,2577.60
2071,Exit long,2012-07-13 17:30,S1 Climax,1819.5,39,70746,10725,0.30,14137.5,0.40,-1462.5,-0.04,2588325,2588.32
2071,Entry long,2012-07-13 15:00,S1 Trend,1814,39,70746,10725,0.30,14137.5,0.40,-1462.5,-0.04,2588325,2588.32
2072,Exit long,2012-07-13 18:00,S1 Climax,1820,28,50792,8400,0.33,10150,0.40,-1050,-0.04,2596725,2596.73
2072,Entry long,2012-07-13 15:00,S1 Trend,1814,28,50792,8400,0.33,10150,0.40,-1050,-0.04,2596725,2596.73
2073,Exit long,2012-07-13 20:30,S1 Climax,1822.5,19,34466,8075,0.47,10212.5,0.59,-712.5,-0.04,2604800,2604.80
2073,Entry long,2012-07-13 15:00,S1 Trend,1814,19,34466,8075,0.47,10212.5,0.59,-712.5,-0.04,2604800,2604.80
2074,Exit long,2012-07-13 21:00,EOD,1822.5,47,85258,19975,0.47,25262.5,0.59,-1762.5,-0.04,2624775,2624.78
2074,Entry long,2012-07-13 15:00,S1 Trend,1814,47,85258,19975,0.47,25262.5,0.59,-1762.5,-0.04,2624775,2624.78
2075,Exit long,2012-07-16 16:00,S2 FairVal,1819.25,260,472875,6500,0.03,35750,0.15,-6500,-0.03,2631275,2631.28
2075,Entry long,2012-07-16 15:30,S2 VWAP,1818.75,260,472875,6500,0.03,35750,0.15,-6500,-0.03,2631275,2631.28
2076,Exit long,2012-07-16 21:00,EOD,1819.75,228,415473,-28500,-0.14,11400,0.05,-57000,-0.27,2602775,2602.78
2076,Entry long,2012-07-16 16:30,S1 Trend,1822.25,228,415473,-28500,-0.14,11400,0.05,-57000,-0.27,2602775,2602.78
2077,Exit long,2012-07-17 21:00,EOD,1829.5,155,283495,3875,0.03,23250,0.16,-17437.5,-0.12,2606650,2606.65
2077,Entry long,2012-07-17 18:30,S1 Trend,1829,155,283495,3875,0.03,23250,0.16,-17437.5,-0.12,2606650,2606.65
2078,Exit long,2012-07-18 21:00,EOD,1839.25,215,394148.75,64500,0.33,94062.5,0.48,-2687.5,-0.01,2671150,2671.15
2078,Entry long,2012-07-18 15:00,S1 Trend,1833.25,215,394148.75,64500,0.33,94062.5,0.48,-2687.5,-0.01,2671150,2671.15
2079,Exit long,2012-07-19 21:00,EOD,1842.75,204,376584,-33150,-0.18,5100,0.03,-73950,-0.39,2638000,2638.00
2079,Entry long,2012-07-19 17:30,S1 Trend,1846,204,376584,-33150,-0.18,5100,0.03,-73950,-0.39,2638000,2638.00
2080,Exit short,2012-07-23 15:30,S3 Scalp,1810.5,188,339528,-42300,-0.25,21150,0.12,-42300,-0.25,2595700,2595.70
2080,Entry short,2012-07-23 15:00,S3 Hedge,1806,188,339528,-42300,-0.25,21150,0.12,-42300,-0.25,2595700,2595.70
2081,Exit long,2012-07-26 15:30,S1 Climax,1826,42,76660.5,1575,0.04,6825,0.18,-3675,-0.10,2597275,2597.28
2081,Entry long,2012-07-26 15:00,S1 Trend,1825.25,42,76660.5,1575,0.04,6825,0.18,-3675,-0.10,2597275,2597.28
2082,Exit long,2012-07-26 21:00,EOD,1826.5,99,180699.75,6187.5,0.07,24750,0.27,-35887.5,-0.40,2603462.5,2603.46
2082,Entry long,2012-07-26 15:00,S1 Trend,1825.25,99,180699.75,6187.5,0.07,24750,0.27,-35887.5,-0.40,2603462.5,2603.46
2083,Exit long,2012-07-27 18:00,S1 Climax,1843.75,49,90013,16537.5,0.37,18987.5,0.42,-3062.5,-0.07,2620000,2620.00
2083,Entry long,2012-07-27 15:00,S1 Trend,1837,49,90013,16537.5,0.37,18987.5,0.42,-3062.5,-0.07,2620000,2620.00
2084,Exit long,2012-07-27 18:30,S1 Climax,1850.5,35,64295,23625,0.73,24062.5,0.75,-2187.5,-0.07,2643625,2643.63
2084,Entry long,2012-07-27 15:00,S1 Trend,1837,35,64295,23625,0.73,24062.5,0.75,-2187.5,-0.07,2643625,2643.63
2085,Exit long,2012-07-27 19:00,S1 Climax,1852.25,24,44088,18300,0.83,22500,1.02,-1500,-0.07,2661925,2661.93
2085,Entry long,2012-07-27 15:00,S1 Trend,1837,24,44088,18300,0.83,22500,1.02,-1500,-0.07,2661925,2661.93
2086,Exit long,2012-07-27 19:30,S1 Climax,1850.5,17,31229,11475,0.73,15937.5,1.02,-1062.5,-0.07,2673400,2673.40
2086,Entry long,2012-07-27 15:00,S1 Trend,1837,17,31229,11475,0.73,15937.5,1.02,-1062.5,-0.07,2673400,2673.40
2087,Exit long,2012-07-27 20:00,S1 Climax,1852.75,12,22044,9450,0.86,11250,1.02,-750,-0.07,2682850,2682.85
2087,Entry long,2012-07-27 15:00,S1 Trend,1837,12,22044,9450,0.86,11250,1.02,-750,-0.07,2682850,2682.85
2088,Exit long,2012-07-27 20:30,S1 Climax,1855.25,8,14696,7300,0.99,7500,1.02,-500,-0.07,2690150,2690.15
2088,Entry long,2012-07-27 15:00,S1 Trend,1837,8,14696,7300,0.99,7500,1.02,-500,-0.07,2690150,2690.15
2089,Exit long,2012-07-27 21:00,EOD,1852.5,21,38577,16275,0.84,20475,1.06,-1312.5,-0.07,2706425,2706.43
2089,Entry long,2012-07-27 15:00,S1 Trend,1837,21,38577,16275,0.84,20475,1.06,-1312.5,-0.07,2706425,2706.43
2090,Exit long,2012-07-31 19:00,S2 FairVal,1851.75,189,349602.75,18900,0.11,18900,0.11,-21262.5,-0.12,2725325,2725.33
2090,Entry long,2012-07-31 18:30,S2 VWAP,1849.75,189,349602.75,18900,0.11,18900,0.11,-21262.5,-0.12,2725325,2725.33
2091,Exit long,2012-08-03 15:30,S1 Climax,1859.5,54,100210.5,10125,0.20,10800,0.22,-675,-0.01,2735450,2735.45
2091,Entry long,2012-08-03 15:00,S1 Trend,1855.75,54,100210.5,10125,0.20,10800,0.22,-675,-0.01,2735450,2735.45
2092,Exit long,2012-08-03 17:00,S1 Climax,1861,38,70518.5,9975,0.28,10450,0.30,-475,-0.01,2745425,2745.43
2092,Entry long,2012-08-03 15:00,S1 Trend,1855.75,38,70518.5,9975,0.28,10450,0.30,-475,-0.01,2745425,2745.43
2093,Exit long,2012-08-03 17:30,S1 Climax,1861.5,27,50105.25,7762.5,0.31,8437.5,0.34,-337.5,-0.01,2753187.5,2753.19
2093,Entry long,2012-08-03 15:00,S1 Trend,1855.75,27,50105.25,7762.5,0.31,8437.5,0.34,-337.5,-0.01,2753187.5,2753.19
2094,Exit long,2012-08-03 21:00,EOD,1858.75,63,116912.25,9450,0.16,19687.5,0.34,-787.5,-0.01,2762637.5,2762.64
2094,Entry long,2012-08-03 15:00,S1 Trend,1855.75,63,116912.25,9450,0.16,19687.5,0.34,-787.5,-0.01,2762637.5,2762.64
2095,Exit long,2012-08-22 21:00,EOD,1883,202,380719.5,-17675,-0.09,10100,0.05,-25250,-0.13,2744962.5,2744.96
2095,Entry long,2012-08-22 20:00,S1 Trend,1884.75,202,380719.5,-17675,-0.09,10100,0.05,-25250,-0.13,2744962.5,2744.96
2096,Exit long,2012-08-24 21:00,EOD,1880.5,216,405702,24300,0.12,56700,0.28,-16200,-0.08,2769262.5,2769.26
2096,Entry long,2012-08-24 16:30,S1 Trend,1878.25,216,405702,24300,0.12,56700,0.28,-16200,-0.08,2769262.5,2769.26
2097,Exit long,2012-08-28 21:00,EOD,1879.25,229,430978,-31487.5,-0.15,17175,0.08,-45800,-0.21,2737775,2737.78
2097,Entry long,2012-08-28 15:30,S1 Trend,1882,229,430978,-31487.5,-0.15,17175,0.08,-45800,-0.21,2737775,2737.78
2098,Exit long,2012-09-04 21:00,EOD,1874.25,213,399907.5,-34612.5,-0.17,13312.5,0.07,-34612.5,-0.17,2703162.5,2703.16
2098,Entry long,2012-09-04 20:00,S1 Trend,1877.5,213,399907.5,-34612.5,-0.17,13312.5,0.07,-34612.5,-0.17,2703162.5,2703.16
2099,Exit long,2012-09-05 21:00,EOD,1873.5,195,366258.75,-46312.5,-0.25,14625,0.08,-65812.5,-0.36,2656850,2656.85
2099,Entry long,2012-09-05 15:30,S1 Trend,1878.25,195,366258.75,-46312.5,-0.25,14625,0.08,-65812.5,-0.36,2656850,2656.85
2100,Exit long,2012-09-06 16:00,S1 Climax,1899.75,61,115305.25,28975,0.50,31262.5,0.54,0,0.00,2685825,2685.83
2100,Entry long,2012-09-06 15:00,S1 Trend,1890.25,61,115305.25,28975,0.50,31262.5,0.54,0,0.00,2685825,2685.83
2101,Exit long,2012-09-06 16:30,S1 Climax,1899,42,79390.5,18375,0.46,21525,0.54,0,0.00,2704200,2704.20
2101,Entry long,2012-09-06 15:00,S1 Trend,1890.25,42,79390.5,18375,0.46,21525,0.54,0,0.00,2704200,2704.20
2102,Exit long,2012-09-06 17:00,S1 Climax,1900.75,30,56707.5,15750,0.56,17250,0.61,0,0.00,2719950,2719.95
2102,Entry long,2012-09-06 15:00,S1 Trend,1890.25,30,56707.5,15750,0.56,17250,0.61,0,0.00,2719950,2719.95
2103,Exit long,2012-09-06 17:30,S1 Climax,1901,21,39695.25,11287.5,0.57,12600,0.63,0,0.00,2731237.5,2731.24
2103,Entry long,2012-09-06 15:00,S1 Trend,1890.25,21,39695.25,11287.5,0.57,12600,0.63,0,0.00,2731237.5,2731.24
2104,Exit long,2012-09-06 18:00,S1 Climax,1901.25,15,28353.75,8250,0.58,9000,0.63,0,0.00,2739487.5,2739.49
2104,Entry long,2012-09-06 15:00,S1 Trend,1890.25,15,28353.75,8250,0.58,9000,0.63,0,0.00,2739487.5,2739.49
2105,Exit long,2012-09-06 18:30,S1 Climax,1900.75,10,18902.5,5250,0.56,6000,0.63,0,0.00,2744737.5,2744.74
2105,Entry long,2012-09-06 15:00,S1 Trend,1890.25,10,18902.5,5250,0.56,6000,0.63,0,0.00,2744737.5,2744.74
2106,Exit long,2012-09-06 19:00,S1 Climax,1901.25,7,13231.75,3850,0.58,4200,0.63,0,0.00,2748587.5,2748.59
2106,Entry long,2012-09-06 15:00,S1 Trend,1890.25,7,13231.75,3850,0.58,4200,0.63,0,0.00,2748587.5,2748.59
2107,Exit long,2012-09-06 21:00,EOD,1902.5,18,34024.5,11025,0.65,11250,0.66,0,0.00,2759612.5,2759.61
2107,Entry long,2012-09-06 15:00,S1 Trend,1890.25,18,34024.5,11025,0.65,11250,0.66,0,0.00,2759612.5,2759.61
2108,Exit long,2012-09-10 20:00,S2 FairVal,1902.75,353,672906.25,-61775,-0.18,8825,0.03,-61775,-0.18,2697837.5,2697.84
2108,Entry long,2012-09-10 19:30,S2 VWAP,1906.25,353,672906.25,-61775,-0.18,8825,0.03,-61775,-0.18,2697837.5,2697.84
2109,Exit long,2012-09-13 19:00,S1 Climax,1925.75,65,124767.5,20312.5,0.33,25187.5,0.40,-3250,-0.05,2718150,2718.15
2109,Entry long,2012-09-13 18:00,S1 Trend,1919.5,65,124767.5,20312.5,0.33,25187.5,0.40,-3250,-0.05,2718150,2718.15
2110,Exit long,2012-09-13 19:30,S1 Climax,1934,45,86377.5,32625,0.76,36562.5,0.85,-2250,-0.05,2750775,2750.78
2110,Entry long,2012-09-13 18:00,S1 Trend,1919.5,45,86377.5,32625,0.76,36562.5,0.85,-2250,-0.05,2750775,2750.78
2111,Exit long,2012-09-13 21:00,EOD,1931.75,107,205386.5,65537.5,0.64,86937.5,0.85,-5350,-0.05,2816312.5,2816.31
2111,Entry long,2012-09-13 18:00,S1 Trend,1919.5,107,205386.5,65537.5,0.64,86937.5,0.85,-5350,-0.05,2816312.5,2816.31
2112,Exit long,2012-09-14 16:30,S1 Trail,1937.5,229,443973.75,-14312.5,-0.06,85875,0.39,-14312.5,-0.06,2802000,2802.00
2112,Entry long,2012-09-14 15:00,S1 Trend,1938.75,229,443973.75,-14312.5,-0.06,85875,0.39,-14312.5,-0.06,2802000,2802.00
2113,Exit short,2012-09-26 16:30,S3 Scalp,1908,228,433998,-51300,-0.24,0,0.00,-54150,-0.25,2750700,2750.70
2113,Entry short,2012-09-26 16:00,S3 Hedge,1903.5,228,433998,-51300,-0.24,0,0.00,-54150,-0.25,2750700,2750.70
2114,Exit long,2012-09-27 21:00,EOD,1919.75,213,408747,7987.5,0.04,39937.5,0.20,-15975,-0.08,2758687.5,2758.69
2114,Entry long,2012-09-27 17:30,S1 Trend,1919,213,408747,7987.5,0.04,39937.5,0.20,-15975,-0.08,2758687.5,2758.69
2115,Exit long,2012-10-01 17:30,S1 Trail,1920,202,389254,-70700,-0.36,12625,0.06,-70700,-0.36,2687987.5,2687.99
2115,Entry long,2012-10-01 15:30,S1 Trend,1927,202,389254,-70700,-0.36,12625,0.06,-70700,-0.36,2687987.5,2687.99
2116,Exit long,2012-10-03 21:00,EOD,1923.5,191,367436.25,-2387.5,-0.01,31037.5,0.17,-42975,-0.23,2685600,2685.60
2116,Entry long,2012-10-03 16:30,S1 Trend,1923.75,191,367436.25,-2387.5,-0.01,31037.5,0.17,-42975,-0.23,2685600,2685.60
2117,Exit long,2012-10-04 21:00,EOD,1934.25,206,398404,2575,0.01,12875,0.06,-54075,-0.27,2688175,2688.18
2117,Entry long,2012-10-04 15:30,S1 Trend,1934,206,398404,2575,0.01,12875,0.06,-54075,-0.27,2688175,2688.18
2118,Exit long,2012-10-15 21:00,EOD,1913.25,205,391037.5,58937.5,0.30,74312.5,0.38,-5125,-0.03,2747112.5,2747.11
2118,Entry long,2012-10-15 17:00,S1 Trend,1907.5,205,391037.5,58937.5,0.30,74312.5,0.38,-5125,-0.03,2747112.5,2747.11
2119,Exit long,2012-10-18 20:30,S2 FairVal,1932.25,215,414735,34937.5,0.17,34937.5,0.17,-32250,-0.16,2782050,2782.05
2119,Entry long,2012-10-18 19:30,S2 VWAP,1929,215,414735,34937.5,0.17,34937.5,0.17,-32250,-0.16,2782050,2782.05
2120,Exit short,2012-10-19 21:00,EOD,1906,190,362282.5,7125,0.04,38000,0.21,-26125,-0.14,2789175,2789.18
2120,Entry short,2012-10-19 19:00,S3 Hedge,1906.75,190,362282.5,7125,0.04,38000,0.21,-26125,-0.14,2789175,2789.18
2121,Exit short,2012-10-23 21:00,EOD,1886.25,203,383213.25,15225,0.08,76125,0.40,-50750,-0.26,2804400,2804.40
2121,Entry short,2012-10-23 15:00,S3 Hedge,1887.75,203,383213.25,15225,0.08,76125,0.40,-50750,-0.26,2804400,2804.40
2122,Exit short,2012-10-25 21:00,EOD,1886.25,195,367136.25,-34125,-0.19,48750,0.27,-43875,-0.24,2770275,2770.28
2122,Entry short,2012-10-25 16:30,S3 Hedge,1882.75,195,367136.25,-34125,-0.19,48750,0.27,-43875,-0.24,2770275,2770.28
2123,Exit short,2012-10-31 20:00,EOD,1885,242,456170,0,0.00,75625,0.33,-36300,-0.16,2770275,2770.28
2123,Entry short,2012-10-31 15:00,S3 Hedge,1885,242,456170,0,0.00,75625,0.33,-36300,-0.16,2770275,2770.28
2124,Exit long,2012-11-01 15:00,S1 Climax,1900,61,115518.75,19062.5,0.33,24400,0.42,0,0.00,2789337.5,2789.34
2124,Entry long,2012-11-01 14:00,S1 Trend,1893.75,61,115518.75,19062.5,0.33,24400,0.42,0,0.00,2789337.5,2789.34
2125,Exit long,2012-11-01 20:00,EOD,1900.75,144,272700,50400,0.37,61200,0.45,0,0.00,2839737.5,2839.74
2125,Entry long,2012-11-01 14:00,S1 Trend,1893.75,144,272700,50400,0.37,61200,0.45,0,0.00,2839737.5,2839.74
2126,Exit short,2012-11-02 19:30,S3 Scalp,1886,195,369622.5,92625,0.50,92625,0.50,-2437.5,-0.01,2932362.5,2932.36
2126,Entry short,2012-11-02 18:00,S3 Hedge,1895.5,195,369622.5,92625,0.50,92625,0.50,-2437.5,-0.01,2932362.5,2932.36
2127,Exit long,2012-11-06 21:00,EOD,1901.25,230,437920,-31625,-0.14,40250,0.18,-46000,-0.21,2900737.5,2900.74
2127,Entry long,2012-11-06 17:00,S1 Trend,1904,230,437920,-31625,-0.14,40250,0.18,-46000,-0.21,2900737.5,2900.74
2128,Exit long,2012-11-13 20:00,S1 Trail,1853,156,290511,-72150,-0.50,17550,0.12,-72150,-0.50,2828587.5,2828.59
2128,Entry long,2012-11-13 16:00,S1 Trend,1862.25,156,290511,-72150,-0.50,17550,0.12,-72150,-0.50,2828587.5,2828.59
2129,Exit short,2012-11-14 21:00,EOD,1830.75,143,262905.5,55412.5,0.42,76862.5,0.58,-5362.5,-0.04,2884000,2884.00
2129,Entry short,2012-11-14 20:00,S3 Hedge,1838.5,143,262905.5,55412.5,0.42,76862.5,0.58,-5362.5,-0.04,2884000,2884.00
2130,Exit short,2012-11-15 18:30,S3 Scalp,1831,157,286525,-47100,-0.33,11775,0.08,-47100,-0.33,2836900,2836.90
2130,Entry short,2012-11-15 17:00,S3 Hedge,1825,157,286525,-47100,-0.33,11775,0.08,-47100,-0.33,2836900,2836.90
2131,Exit long,2012-11-19 21:00,EOD,1862.5,235,436218.75,73437.5,0.34,79312.5,0.36,-32312.5,-0.15,2910337.5,2910.34
2131,Entry long,2012-11-19 15:00,S1 Trend,1856.25,235,436218.75,73437.5,0.34,79312.5,0.36,-32312.5,-0.15,2910337.5,2910.34
2132,Exit long,2012-11-20 18:00,S1 Trail,1857.25,231,429948.75,-46200,-0.21,51975,0.24,-46200,-0.21,2864137.5,2864.14
2132,Entry long,2012-11-20 16:00,S1 Trend,1861.25,231,429948.75,-46200,-0.21,51975,0.24,-46200,-0.21,2864137.5,2864.14
2133,Exit long,2012-11-20 19:30,S2 FairVal,1860.25,167,310244.25,20875,0.13,22962.5,0.15,-8350,-0.05,2885012.5,2885.01
2133,Entry long,2012-11-20 19:00,S2 VWAP,1857.75,167,310244.25,20875,0.13,22962.5,0.15,-8350,-0.05,2885012.5,2885.01
2134,Exit long,2012-11-26 17:30,S2 FairVal,1877.5,263,493585.25,9862.5,0.04,13150,0.05,-26300,-0.11,2894875,2894.88
2134,Entry long,2012-11-26 17:00,S2 VWAP,1876.75,263,493585.25,9862.5,0.04,13150,0.05,-26300,-0.11,2894875,2894.88
2135,Exit long,2012-11-27 16:30,S2 FairVal,1880.75,215,403823.75,26875,0.13,26875,0.13,0,0.00,2921750,2921.75
2135,Entry long,2012-11-27 16:00,S2 VWAP,1878.25,215,403823.75,26875,0.13,26875,0.13,0,0.00,2921750,2921.75
2136,Exit long,2012-11-27 19:30,S1 Trail,1875.5,205,386015,-76875,-0.40,12812.5,0.07,-76875,-0.40,2844875,2844.88
2136,Entry long,2012-11-27 17:30,S1 Trend,1883,205,386015,-76875,-0.40,12812.5,0.07,-76875,-0.40,2844875,2844.88
2137,Exit long,2012-11-28 21:00,EOD,1886,182,341568.5,84175,0.49,93275,0.55,-52325,-0.31,2929050,2929.05
2137,Entry long,2012-11-28 16:30,S1 Trend,1876.75,182,341568.5,84175,0.49,93275,0.55,-52325,-0.31,2929050,2929.05
2138,Exit long,2012-11-29 16:30,S1 Trail,1886.75,230,435217.5,-63250,-0.29,31625,0.15,-63250,-0.29,2865800,2865.80
2138,Entry long,2012-11-29 15:30,S1 Trend,1892.25,230,435217.5,-63250,-0.29,31625,0.15,-63250,-0.29,2865800,2865.80
2139,Exit long,2012-12-05 21:00,EOD,1886,176,332332,-19800,-0.12,41800,0.25,-35200,-0.21,2846000,2846.00
2139,Entry long,2012-12-05 17:30,S1 Trend,1888.25,176,332332,-19800,-0.12,41800,0.25,-35200,-0.21,2846000,2846.00
2140,Exit long,2012-12-06 21:00,EOD,1890.75,208,393068,10400,0.05,20800,0.11,-41600,-0.21,2856400,2856.40
2140,Entry long,2012-12-06 16:00,S1 Trend,1889.75,208,393068,10400,0.05,20800,0.11,-41600,-0.21,2856400,2856.40
2141,Exit long,2012-12-12 20:00,S1 Trail,1907.75,231,442365,-83737.5,-0.38,8662.5,0.04,-83737.5,-0.38,2772662.5,2772.66
2141,Entry long,2012-12-12 19:00,S1 Trend,1915,231,442365,-83737.5,-0.38,8662.5,0.04,-83737.5,-0.38,2772662.5,2772.66
2142,Exit long,2012-12-17 21:00,EOD,1909,224,425880,86800,0.41,95200,0.45,-8400,-0.04,2859462.5,2859.46
2142,Entry long,2012-12-17 16:30,S1 Trend,1901.25,224,425880,86800,0.41,95200,0.45,-8400,-0.04,2859462.5,2859.46
2143,Exit long,2012-12-18 21:00,EOD,1925.75,222,425796,86025,0.40,102675,0.48,-2775,-0.01,2945487.5,2945.49
2143,Entry long,2012-12-18 16:00,S1 Trend,1918,222,425796,86025,0.40,102675,0.48,-2775,-0.01,2945487.5,2945.49
2144,Exit long,2012-12-20 21:00,EOD,1922.75,215,412907.5,24187.5,0.12,29562.5,0.14,-21500,-0.10,2969675,2969.68
2144,Entry long,2012-12-20 19:00,S1 Trend,1920.5,215,412907.5,24187.5,0.12,29562.5,0.14,-21500,-0.10,2969675,2969.68
2145,Exit long,2012-12-31 21:00,EOD,1905.5,155,292988.75,118187.5,0.81,127875,0.87,-25187.5,-0.17,3087862.5,3087.86
2145,Entry long,2012-12-31 18:00,S1 Trend,1890.25,155,292988.75,118187.5,0.81,127875,0.87,-25187.5,-0.17,3087862.5,3087.86
2146,Exit long,2013-01-02 15:30,S1 Climax,1933.5,34,65807,-3400,-0.10,1700,0.05,-5525,-0.17,3084462.5,3084.46
2146,Entry long,2013-01-02 15:00,S1 Trend,1935.5,34,65807,-3400,-0.10,1700,0.05,-5525,-0.17,3084462.5,3084.46
2147,Exit long,2013-01-02 21:00,EOD,1941.25,80,154840,23000,0.30,25000,0.32,-31000,-0.40,3107462.5,3107.46
2147,Entry long,2013-01-02 15:00,S1 Trend,1935.5,80,154840,23000,0.30,25000,0.32,-31000,-0.40,3107462.5,3107.46
2148,Exit long,2013-01-07 19:00,S2 FairVal,1937.75,379,733554.5,42637.5,0.12,42637.5,0.12,-9475,-0.03,3150100,3150.10
2148,Entry long,2013-01-07 17:30,S2 VWAP,1935.5,379,733554.5,42637.5,0.12,42637.5,0.12,-9475,-0.03,3150100,3150.10
2149,Exit long,2013-01-11 16:30,S2 FairVal,1948.75,349,679939.25,8725,0.03,21812.5,0.06,-30537.5,-0.09,3158825,3158.83
2149,Entry long,2013-01-11 16:00,S2 VWAP,1948.25,349,679939.25,8725,0.03,21812.5,0.06,-30537.5,-0.09,3158825,3158.83
2150,Exit long,2013-02-01 21:00,EOD,1992,249,494763,62250,0.25,90262.5,0.36,0,0.00,3221075,3221.08
2150,Entry long,2013-02-01 15:30,S1 Trend,1987,249,494763,62250,0.25,90262.5,0.36,0,0.00,3221075,3221.08
2151,Exit long,2013-02-13 18:30,S2 FairVal,2002.25,398,796000,44775,0.11,44775,0.11,-4975,-0.01,3265850,3265.85
2151,Entry long,2013-02-13 17:30,S2 VWAP,2000,398,796000,44775,0.11,44775,0.11,-4975,-0.01,3265850,3265.85
2152,Exit short,2013-02-21 20:00,S3 Scalp,1985,237,469378.5,-53325,-0.23,2962.5,0.01,-53325,-0.23,3212525,3212.53
2152,Entry short,2013-02-21 19:30,S3 Hedge,1980.5,237,469378.5,-53325,-0.23,2962.5,0.01,-53325,-0.23,3212525,3212.53
2153,Exit long,2013-02-27 17:30,S1 Climax,1995,75,148725,45000,0.61,47812.5,0.64,-1875,-0.03,3257525,3257.52
2153,Entry long,2013-02-27 15:00,S1 Trend,1983,75,148725,45000,0.61,47812.5,0.64,-1875,-0.03,3257525,3257.52
2154,Exit long,2013-02-27 18:00,S1 Climax,1995.5,52,103116,32500,0.63,37050,0.72,-1300,-0.03,3290025,3290.03
2154,Entry long,2013-02-27 15:00,S1 Trend,1983,52,103116,32500,0.63,37050,0.72,-1300,-0.03,3290025,3290.03
2155,Exit long,2013-02-27 19:00,S1 Climax,1995.75,36,71388,22950,0.64,25650,0.72,-900,-0.03,3312975,3312.98
2155,Entry long,2013-02-27 15:00,S1 Trend,1983,36,71388,22950,0.64,25650,0.72,-900,-0.03,3312975,3312.98
2156,Exit long,2013-02-27 19:30,S1 Climax,1998.5,26,51558,20150,0.78,22100,0.86,-650,-0.03,3333125,3333.12
2156,Entry long,2013-02-27 15:00,S1 Trend,1983,26,51558,20150,0.78,22100,0.86,-650,-0.03,3333125,3333.12
2157,Exit long,2013-02-27 20:00,S1 Climax,2000.5,18,35694,15750,0.88,15975,0.90,-450,-0.03,3348875,3348.88
2157,Entry long,2013-02-27 15:00,S1 Trend,1983,18,35694,15750,0.88,15975,0.90,-450,-0.03,3348875,3348.88
2158,Exit long,2013-02-27 20:30,S1 Climax,2001,12,23796,10800,0.91,12000,1.01,-300,-0.03,3359675,3359.68
2158,Entry long,2013-02-27 15:00,S1 Trend,1983,12,23796,10800,0.91,12000,1.01,-300,-0.03,3359675,3359.68
2159,Exit long,2013-02-27 21:00,EOD,1998.5,31,61473,24025,0.78,31000,1.01,-775,-0.03,3383700,3383.70
2159,Entry long,2013-02-27 15:00,S1 Trend,1983,31,61473,24025,0.78,31000,1.01,-775,-0.03,3383700,3383.70
2160,Exit long,2013-02-28 15:30,S2 FairVal,1997.25,315,630630,-74812.5,-0.24,11812.5,0.04,-74812.5,-0.24,3308887.5,3308.89
2160,Entry long,2013-02-28 15:00,S2 VWAP,2002,315,630630,-74812.5,-0.24,11812.5,0.04,-74812.5,-0.24,3308887.5,3308.89
2161,Exit long,2013-02-28 20:30,S1 Trail,2000,251,503568.75,-78437.5,-0.31,25100,0.10,-78437.5,-0.31,3230450,3230.45
2161,Entry long,2013-02-28 18:30,S1 Trend,2006.25,251,503568.75,-78437.5,-0.31,25100,0.10,-78437.5,-0.31,3230450,3230.45
2162,Exit long,2013-03-01 21:00,EOD,2000.5,208,415844,13000,0.06,36400,0.18,-67600,-0.33,3243450,3243.45
2162,Entry long,2013-03-01 16:00,S1 Trend,1999.25,208,415844,13000,0.06,36400,0.18,-67600,-0.33,3243450,3243.45
2163,Exit long,2013-03-04 21:00,EOD,2008,252,504126,94500,0.37,94500,0.37,-78750,-0.31,3337950,3337.95
2163,Entry long,2013-03-04 16:30,S1 Trend,2000.5,252,504126,94500,0.37,94500,0.37,-78750,-0.31,3337950,3337.95
2164,Exit long,2013-03-12 18:00,S2 FairVal,2032,361,735086.25,-76712.5,-0.21,4512.5,0.01,-76712.5,-0.21,3261237.5,3261.24
2164,Entry long,2013-03-12 16:00,S2 VWAP,2036.25,361,735086.25,-76712.5,-0.21,4512.5,0.01,-76712.5,-0.21,3261237.5,3261.24
2165,Exit long,2013-03-18 19:30,S1 Trail,2032.75,225,458043.75,-33750,-0.15,67500,0.29,-33750,-0.15,3227487.5,3227.49
2165,Entry long,2013-03-18 14:30,S1 Trend,2035.75,225,458043.75,-33750,-0.15,67500,0.29,-33750,-0.15,3227487.5,3227.49
2166,Exit long,2013-04-12 17:30,S2 FairVal,2070.5,243,502524,30375,0.12,30375,0.12,-21262.5,-0.08,3257862.5,3257.86
2166,Entry long,2013-04-12 16:30,S2 VWAP,2068,243,502524,30375,0.12,30375,0.12,-21262.5,-0.08,3257862.5,3257.86
2167,Exit long,2013-04-16 21:00,EOD,2059,188,386622,23500,0.12,32900,0.17,-44650,-0.23,3281362.5,3281.36
2167,Entry long,2013-04-16 18:00,S1 Trend,2056.5,188,386622,23500,0.12,32900,0.17,-44650,-0.23,3281362.5,3281.36
2168,Exit short,2013-04-17 18:00,S3 Scalp,2034.75,156,316368,-52650,-0.33,5850,0.04,-52650,-0.33,3228712.5,3228.71
2168,Entry short,2013-04-17 17:30,S3 Hedge,2028,156,316368,-52650,-0.33,5850,0.04,-52650,-0.33,3228712.5,3228.71
2169,Exit long,2013-04-22 21:00,EOD,2046.5,203,415693.25,-12687.5,-0.06,25375,0.12,-20300,-0.10,3216025,3216.02
2169,Entry long,2013-04-22 19:30,S1 Trend,2047.75,203,415693.25,-12687.5,-0.06,25375,0.12,-20300,-0.10,3216025,3216.02
2170,Exit long,2013-04-23 16:30,S1 Climax,2062.25,66,135778.5,16500,0.24,18975,0.28,-2475,-0.04,3232525,3232.52
2170,Entry long,2013-04-23 15:00,S1 Trend,2057.25,66,135778.5,16500,0.24,18975,0.28,-2475,-0.04,3232525,3232.52
2171,Exit long,2013-04-23 17:00,S1 Climax,2063.25,46,94633.5,13800,0.29,14950,0.32,-1725,-0.04,3246325,3246.33
2171,Entry long,2013-04-23 15:00,S1 Trend,2057.25,46,94633.5,13800,0.29,14950,0.32,-1725,-0.04,3246325,3246.33
2172,Exit long,2013-04-23 17:30,S1 Climax,2063.75,32,65832,10400,0.32,10800,0.33,-1200,-0.04,3256725,3256.73
2172,Entry long,2013-04-23 15:00,S1 Trend,2057.25,32,65832,10400,0.32,10800,0.33,-1200,-0.04,3256725,3256.73
2173,Exit long,2013-04-23 18:00,S1 Trail,2055.25,76,156351,-7600,-0.10,25650,0.33,-7600,-0.10,3249125,3249.13
2173,Entry long,2013-04-23 15:00,S1 Trend,2057.25,76,156351,-7600,-0.10,25650,0.33,-7600,-0.10,3249125,3249.13
2174,Exit long,2013-04-26 18:30,S2 FairVal,2067,240,495540,27000,0.11,33000,0.13,-9000,-0.04,3276125,3276.12
2174,Entry long,2013-04-26 18:00,S2 VWAP,2064.75,240,495540,27000,0.11,33000,0.13,-9000,-0.04,3276125,3276.12
2175,Exit long,2013-05-01 15:30,S2 FairVal,2077,411,853338.75,15412.5,0.04,46237.5,0.11,-87337.5,-0.20,3291537.5,3291.54
2175,Entry long,2013-05-01 15:00,S2 VWAP,2076.25,411,853338.75,15412.5,0.04,46237.5,0.11,-87337.5,-0.20,3291537.5,3291.54
2176,Exit long,2013-05-02 21:00,EOD,2081.75,231,480826.5,2887.5,0.01,23100,0.10,-23100,-0.10,3294425,3294.43
2176,Entry long,2013-05-02 16:30,S1 Trend,2081.5,231,480826.5,2887.5,0.01,23100,0.10,-23100,-0.10,3294425,3294.43
2177,Exit long,2013-05-03 16:00,S1 Climax,2102.5,72,151398,-900,-0.01,2700,0.04,-3600,-0.05,3293525,3293.53
2177,Entry long,2013-05-03 15:30,S1 Trend,2102.75,72,151398,-900,-0.01,2700,0.04,-3600,-0.05,3293525,3293.53
2178,Exit long,2013-05-03 16:30,S1 Climax,2101,51,107240.25,-4462.5,-0.08,1912.5,0.04,-5737.5,-0.11,3289062.5,3289.06
2178,Entry long,2013-05-03 15:30,S1 Trend,2102.75,51,107240.25,-4462.5,-0.08,1912.5,0.04,-5737.5,-0.11,3289062.5,3289.06
2179,Exit long,2013-05-03 17:00,S1 Climax,2100.5,36,75699,-4050,-0.11,1350,0.04,-4500,-0.12,3285012.5,3285.01
2179,Entry long,2013-05-03 15:30,S1 Trend,2102.75,36,75699,-4050,-0.11,1350,0.04,-4500,-0.12,3285012.5,3285.01
2180,Exit long,2013-05-03 17:30,S1 Climax,2101.75,25,52568.75,-1250,-0.05,937.5,0.04,-3125,-0.12,3283762.5,3283.76
2180,Entry long,2013-05-03 15:30,S1 Trend,2102.75,25,52568.75,-1250,-0.05,937.5,0.04,-3125,-0.12,3283762.5,3283.76
2181,Exit long,2013-05-03 18:00,S1 Climax,2102.25,17,35746.75,-425,-0.02,637.5,0.04,-2125,-0.12,3283337.5,3283.34
2181,Entry long,2013-05-03 15:30,S1 Trend,2102.75,17,35746.75,-425,-0.02,637.5,0.04,-2125,-0.12,3283337.5,3283.34
2182,Exit long,2013-05-03 21:00,EOD,2098,42,88315.5,-9975,-0.23,1575,0.04,-11025,-0.25,3273362.5,3273.36
2182,Entry long,2013-05-03 15:30,S1 Trend,2102.75,42,88315.5,-9975,-0.23,1575,0.04,-11025,-0.25,3273362.5,3273.36
2183,Exit long,2013-05-09 16:30,S2 FairVal,2116.5,346,731530.5,38925,0.11,38925,0.11,-8650,-0.02,3312287.5,3312.29
2183,Entry long,2013-05-09 16:00,S2 VWAP,2114.25,346,731530.5,38925,0.11,38925,0.11,-8650,-0.02,3312287.5,3312.29
2184,Exit long,2013-05-10 18:00,S2 FairVal,2114.75,239,504947.25,23900,0.09,23900,0.09,-11950,-0.05,3336187.5,3336.19
2184,Entry long,2013-05-10 17:30,S2 VWAP,2112.75,239,504947.25,23900,0.09,23900,0.09,-11950,-0.05,3336187.5,3336.19
2185,Exit long,2013-05-28 21:00,EOD,2147.25,212,454740,23850,0.10,58300,0.26,-31800,-0.14,3360037.5,3360.04
2185,Entry long,2013-05-28 19:30,S2 VWAP,2145,212,454740,23850,0.10,58300,0.26,-31800,-0.14,3360037.5,3360.04
2186,Exit long,2013-05-30 21:00,EOD,2142,182,390526.5,-34125,-0.17,38675,0.20,-36400,-0.19,3325912.5,3325.91
2186,Entry long,2013-05-30 15:00,S1 Trend,2145.75,182,390526.5,-34125,-0.17,38675,0.20,-36400,-0.19,3325912.5,3325.91
2187,Exit long,2013-05-31 19:00,S1 Trail,2136.25,234,500818.5,-46800,-0.19,81900,0.33,-52650,-0.21,3279112.5,3279.11
2187,Entry long,2013-05-31 15:00,S1 Trend,2140.25,234,500818.5,-46800,-0.19,81900,0.33,-52650,-0.21,3279112.5,3279.11
2188,Exit short,2013-06-04 21:00,EOD,2118.75,172,364468,2150,0.01,70950,0.39,-51600,-0.28,3281262.5,3281.26
2188,Entry short,2013-06-04 18:30,S3 Hedge,2119,172,364468,2150,0.01,70950,0.39,-51600,-0.28,3281262.5,3281.26
2189,Exit long,2013-06-07 21:00,EOD,2131.75,152,323266,38000,0.24,49400,0.31,-43700,-0.27,3319262.5,3319.26
2189,Entry long,2013-06-07 15:30,S1 Trend,2126.75,152,323266,38000,0.24,49400,0.31,-43700,-0.27,3319262.5,3319.26
2190,Exit long,2013-06-10 21:00,EOD,2131.25,237,505165.5,-2962.5,-0.01,59250,0.23,-47400,-0.19,3316300,3316.30
2190,Entry long,2013-06-10 15:00,S1 Trend,2131.5,237,505165.5,-2962.5,-0.01,59250,0.23,-47400,-0.19,3316300,3316.30
2191,Exit long,2013-06-11 18:30,S1 Trail,2118,188,399829,-82250,-0.41,21150,0.11,-82250,-0.41,3234050,3234.05
2191,Entry long,2013-06-11 16:30,S1 Trend,2126.75,188,399829,-82250,-0.41,21150,0.11,-82250,-0.41,3234050,3234.05
2192,Exit long,2013-06-13 20:00,S1 Climax,2118.75,51,107814,12112.5,0.22,12750,0.24,-8925,-0.17,3246162.5,3246.16
2192,Entry long,2013-06-13 18:00,S1 Trend,2114,51,107814,12112.5,0.22,12750,0.24,-8925,-0.17,3246162.5,3246.16
2193,Exit long,2013-06-13 20:30,S1 Climax,2122.5,36,76104,15300,0.40,16650,0.44,-6300,-0.17,3261462.5,3261.46
2193,Entry long,2013-06-13 18:00,S1 Trend,2114,36,76104,15300,0.40,16650,0.44,-6300,-0.17,3261462.5,3261.46
2194,Exit long,2013-06-13 21:00,EOD,2125.75,84,177576,49350,0.56,61950,0.70,-14700,-0.17,3310812.5,3310.81
2194,Entry long,2013-06-13 18:00,S1 Trend,2114,84,177576,49350,0.56,61950,0.70,-14700,-0.17,3310812.5,3310.81
2195,Exit long,2013-06-14 18:00,S1 Trail,2116,224,475944,-98000,-0.41,16800,0.07,-98000,-0.41,3212812.5,3212.81
2195,Entry long,2013-06-14 15:30,S1 Trend,2124.75,224,475944,-98000,-0.41,16800,0.07,-98000,-0.41,3212812.5,3212.81
2196,Exit long,2013-06-18 21:00,EOD,2141.25,234,500233.5,40950,0.16,73125,0.29,-11700,-0.05,3253762.5,3253.76
2196,Entry long,2013-06-18 17:00,S1 Trend,2137.75,234,500233.5,40950,0.16,73125,0.29,-11700,-0.05,3253762.5,3253.76
2197,Exit long,2013-06-19 20:00,S1 Trail,2123.25,201,429436.5,-133162.5,-0.62,40200,0.19,-148237.5,-0.69,3120600,3120.60
2197,Entry long,2013-06-19 19:30,S1 Trend,2136.5,201,429436.5,-133162.5,-0.62,40200,0.19,-148237.5,-0.69,3120600,3120.60
2198,Exit short,2013-06-20 19:00,S3 Scalp,2085.5,163,342381.5,122250,0.71,122250,0.71,-22412.5,-0.13,3242850,3242.85
2198,Entry short,2013-06-20 15:00,S3 Hedge,2100.5,163,342381.5,122250,0.71,122250,0.71,-22412.5,-0.13,3242850,3242.85
2199,Exit short,2013-06-20 21:00,EOD,2076.5,124,258168,34100,0.26,60450,0.47,-12400,-0.10,3276950,3276.95
2199,Entry short,2013-06-20 19:30,S3 Hedge,2082,124,258168,34100,0.26,60450,0.47,-12400,-0.10,3276950,3276.95
2200,Exit long,2013-06-26 21:00,EOD,2092.75,220,460020,19250,0.08,60500,0.26,-79750,-0.35,3296200,3296.20
2200,Entry long,2013-06-26 15:00,S1 Trend,2091,220,460020,19250,0.08,60500,0.26,-79750,-0.35,3296200,3296.20
2201,Exit long,2013-06-27 17:00,S1 Trail,2100.75,244,514047,-73200,-0.28,33550,0.13,-73200,-0.28,3223000,3223.00
2201,Entry long,2013-06-27 15:30,S1 Trend,2106.75,244,514047,-73200,-0.28,33550,0.13,-73200,-0.28,3223000,3223.00
2202,Exit long,2013-07-01 20:30,S1 Trail,2105,199,419790.5,-44775,-0.21,62187.5,0.30,-44775,-0.21,3178225,3178.23
2202,Entry long,2013-07-01 15:00,S1 Trend,2109.5,199,419790.5,-44775,-0.21,62187.5,0.30,-44775,-0.21,3178225,3178.23
2203,Exit long,2013-07-02 18:30,S1 Trail,2103.25,194,409291.5,-63050,-0.31,38800,0.19,-63050,-0.31,3115175,3115.18
2203,Entry long,2013-07-02 15:00,S1 Trend,2109.75,194,409291.5,-63050,-0.31,38800,0.19,-63050,-0.31,3115175,3115.18
2204,Exit long,2013-07-05 12:00,S1 Trail,2117.25,174,365617.5,139200,0.76,180525,0.99,-6525,-0.04,3254375,3254.38
2204,Entry long,2013-07-03 16:30,S1 Trend,2101.25,174,365617.5,139200,0.76,180525,0.99,-6525,-0.04,3254375,3254.38
2205,Exit short,2013-07-05 16:30,S3 Scalp,2112,183,385443.75,-52612.5,-0.27,16012.5,0.08,-52612.5,-0.27,3201762.5,3201.76
2205,Entry short,2013-07-05 15:30,S3 Hedge,2106.25,183,385443.75,-52612.5,-0.27,16012.5,0.08,-52612.5,-0.27,3201762.5,3201.76
2206,Exit long,2013-07-05 21:00,EOD,2120.5,177,374797.5,26550,0.14,35400,0.19,-42037.5,-0.22,3228312.5,3228.31
2206,Entry long,2013-07-05 20:00,S1 Trend,2117.5,177,374797.5,26550,0.14,35400,0.19,-42037.5,-0.22,3228312.5,3228.31
2207,Exit long,2013-07-17 21:00,EOD,2170.25,234,508306.5,-23400,-0.09,20475,0.08,-49725,-0.20,3204912.5,3204.91
2207,Entry long,2013-07-17 16:00,S1 Trend,2172.25,234,508306.5,-23400,-0.09,20475,0.08,-49725,-0.20,3204912.5,3204.91
2208,Exit long,2013-07-31 20:30,S1 Trail,2179,210,459742.5,-107625,-0.47,0,0.00,-107625,-0.47,3097287.5,3097.29
2208,Entry long,2013-07-31 20:00,S1 Trend,2189.25,210,459742.5,-107625,-0.47,0,0.00,-107625,-0.47,3097287.5,3097.29
2209,Exit long,2013-08-21 20:30,S1 Trail,2136,176,377872,-96800,-0.51,4400,0.02,-96800,-0.51,3000487.5,3000.49
2209,Entry long,2013-08-21 20:00,S1 Trend,2147,176,377872,-96800,-0.51,4400,0.02,-96800,-0.51,3000487.5,3000.49
2210,Exit long,2013-08-22 21:00,EOD,2149.5,220,472395,24750,0.10,63250,0.27,-49500,-0.21,3025237.5,3025.24
2210,Entry long,2013-08-22 16:00,S1 Trend,2147.25,220,472395,24750,0.10,63250,0.27,-49500,-0.21,3025237.5,3025.24
2211,Exit short,2013-08-27 21:00,EOD,2122.75,165,351078.75,41250,0.23,51562.5,0.29,-30937.5,-0.18,3066487.5,3066.49
2211,Entry short,2013-08-27 18:30,S3 Hedge,2127.75,165,351078.75,41250,0.23,51562.5,0.29,-30937.5,-0.18,3066487.5,3066.49
2212,Exit long,2013-08-29 20:30,S1 Trail,2130,183,391208.25,-70912.5,-0.36,20587.5,0.11,-70912.5,-0.36,2995575,2995.58
2212,Entry long,2013-08-29 16:00,S1 Trend,2137.75,183,391208.25,-70912.5,-0.36,20587.5,0.11,-70912.5,-0.36,2995575,2995.58
2213,Exit long,2013-09-06 21:00,EOD,2149,161,347397.75,-70437.5,-0.41,6037.5,0.03,-78487.5,-0.45,2925137.5,2925.14
2213,Entry long,2013-09-06 19:30,S1 Trend,2157.75,161,347397.75,-70437.5,-0.41,6037.5,0.03,-78487.5,-0.45,2925137.5,2925.14
2214,Exit long,2013-09-12 18:30,S2 FairVal,2182.25,287,625588.25,35875,0.11,43050,0.14,-7175,-0.02,2961012.5,2961.01
2214,Entry long,2013-09-12 18:00,S2 VWAP,2179.75,287,625588.25,35875,0.11,43050,0.14,-7175,-0.02,2961012.5,2961.01
2215,Exit long,2013-09-16 17:00,S2 FairVal,2199.5,275,604243.75,30937.5,0.10,30937.5,0.10,-24062.5,-0.08,2991950,2991.95
2215,Entry long,2013-09-16 15:30,S2 VWAP,2197.25,275,604243.75,30937.5,0.10,30937.5,0.10,-24062.5,-0.08,2991950,2991.95
2216,Exit long,2013-09-18 20:00,S1 Climax,2224.5,58,128513.5,25375,0.39,25375,0.39,-5075,-0.08,3017325,3017.33
2216,Entry long,2013-09-18 19:30,S1 Trend,2215.75,58,128513.5,25375,0.39,25375,0.39,-5075,-0.08,3017325,3017.33
2217,Exit long,2013-09-18 21:00,EOD,2220.75,138,305773.5,34500,0.23,65550,0.43,-12075,-0.08,3051825,3051.83
2217,Entry long,2013-09-18 19:30,S1 Trend,2215.75,138,305773.5,34500,0.23,65550,0.43,-12075,-0.08,3051825,3051.83
2218,Exit long,2013-10-01 21:00,EOD,2190.5,192,419568,50400,0.24,69600,0.33,-9600,-0.05,3102225,3102.23
2218,Entry long,2013-10-01 15:30,S1 Trend,2185.25,192,419568,50400,0.24,69600,0.33,-9600,-0.05,3102225,3102.23
2219,Exit long,2013-10-02 21:00,EOD,2189,200,436900,45000,0.21,50000,0.23,-5000,-0.02,3147225,3147.23
2219,Entry long,2013-10-02 17:30,S1 Trend,2184.5,200,436900,45000,0.21,50000,0.23,-5000,-0.02,3147225,3147.23
2220,Exit long,2013-10-04 21:00,EOD,2185.75,216,472014,5400,0.02,29700,0.13,-21600,-0.09,3152625,3152.63
2220,Entry long,2013-10-04 17:30,S1 Trend,2185.25,216,472014,5400,0.02,29700,0.13,-21600,-0.09,3152625,3152.63
2221,Exit long,2013-10-07 20:30,S1 Trail,2171,219,477255.75,-90337.5,-0.38,8212.5,0.03,-90337.5,-0.38,3062287.5,3062.29
2221,Entry long,2013-10-07 19:30,S1 Trend,2179.25,219,477255.75,-90337.5,-0.38,8212.5,0.03,-90337.5,-0.38,3062287.5,3062.29
2222,Exit long,2013-10-10 15:30,S1 Climax,2175.5,66,143566.5,825,0.01,4950,0.07,-6600,-0.09,3063112.5,3063.11
2222,Entry long,2013-10-10 15:00,S1 Trend,2175.25,66,143566.5,825,0.01,4950,0.07,-6600,-0.09,3063112.5,3063.11
2223,Exit long,2013-10-10 16:00,S1 Climax,2176,46,100061.5,1725,0.03,8050,0.16,-4600,-0.09,3064837.5,3064.84
2223,Entry long,2013-10-10 15:00,S1 Trend,2175.25,46,100061.5,1725,0.03,8050,0.16,-4600,-0.09,3064837.5,3064.84
2224,Exit long,2013-10-10 16:30,S1 Climax,2176.5,32,69608,2000,0.06,5600,0.16,-4000,-0.11,3066837.5,3066.84
2224,Entry long,2013-10-10 15:00,S1 Trend,2175.25,32,69608,2000,0.06,5600,0.16,-4000,-0.11,3066837.5,3066.84
2225,Exit long,2013-10-10 17:00,S1 Climax,2181,22,47855.5,6325,0.26,7700,0.32,-2750,-0.11,3073162.5,3073.16
2225,Entry long,2013-10-10 15:00,S1 Trend,2175.25,22,47855.5,6325,0.26,7700,0.32,-2750,-0.11,3073162.5,3073.16
2226,Exit long,2013-10-10 17:30,S1 Climax,2180.75,16,34804,4400,0.25,5600,0.32,-2000,-0.11,3077562.5,3077.56
2226,Entry long,2013-10-10 15:00,S1 Trend,2175.25,16,34804,4400,0.25,5600,0.32,-2000,-0.11,3077562.5,3077.56
2227,Exit long,2013-10-10 18:00,S1 Climax,2181.25,11,23927.75,3300,0.28,3850,0.32,-1375,-0.11,3080862.5,3080.86
2227,Entry long,2013-10-10 15:00,S1 Trend,2175.25,11,23927.75,3300,0.28,3850,0.32,-1375,-0.11,3080862.5,3080.86
2228,Exit long,2013-10-10 19:00,S1 Climax,2181.25,8,17402,2400,0.28,2800,0.32,-1000,-0.11,3083262.5,3083.26
2228,Entry long,2013-10-10 15:00,S1 Trend,2175.25,8,17402,2400,0.28,2800,0.32,-1000,-0.11,3083262.5,3083.26
2229,Exit long,2013-10-10 20:30,S1 Climax,2187.75,5,10876.25,3125,0.57,3625,0.67,-625,-0.11,3086387.5,3086.39
2229,Entry long,2013-10-10 15:00,S1 Trend,2175.25,5,10876.25,3125,0.57,3625,0.67,-625,-0.11,3086387.5,3086.39
2230,Exit long,2013-10-10 21:00,EOD,2188.5,14,30453.5,9275,0.61,10150,0.67,-1750,-0.11,3095662.5,3095.66
2230,Entry long,2013-10-10 15:00,S1 Trend,2175.25,14,30453.5,9275,0.61,10150,0.67,-1750,-0.11,3095662.5,3095.66
2231,Exit long,2013-10-11 21:00,EOD,2199.5,208,456768,36400,0.16,44200,0.19,-13000,-0.06,3132062.5,3132.06
2231,Entry long,2013-10-11 17:00,S1 Trend,2196,208,456768,36400,0.16,44200,0.19,-13000,-0.06,3132062.5,3132.06
2232,Exit long,2013-10-14 21:00,EOD,2207,220,484330,60500,0.25,71500,0.30,-5500,-0.02,3192562.5,3192.56
2232,Entry long,2013-10-14 18:30,S1 Trend,2201.5,220,484330,60500,0.25,71500,0.30,-5500,-0.02,3192562.5,3192.56
2233,Exit long,2013-10-16 21:00,EOD,2218,198,438322.5,42075,0.19,51975,0.24,-34650,-0.16,3234637.5,3234.64
2233,Entry long,2013-10-16 15:00,S1 Trend,2213.75,198,438322.5,42075,0.19,51975,0.24,-34650,-0.16,3234637.5,3234.64
2234,Exit long,2013-11-08 21:00,EOD,2269.5,176,397540,94600,0.48,94600,0.48,-19800,-0.10,3329237.5,3329.24
2234,Entry long,2013-11-08 16:00,S1 Trend,2258.75,176,397540,94600,0.48,94600,0.48,-19800,-0.10,3329237.5,3329.24
2235,Exit long,2013-11-12 20:30,S2 FairVal,2266.5,248,562030,3100,0.01,18600,0.07,-27900,-0.10,3332337.5,3332.34
2235,Entry long,2013-11-12 20:00,S2 VWAP,2266.25,248,562030,3100,0.01,18600,0.07,-27900,-0.10,3332337.5,3332.34
2236,Exit long,2013-11-25 16:30,S2 FairVal,2307,462,1064910,46200,0.09,51975,0.10,-17325,-0.03,3378537.5,3378.54
2236,Entry long,2013-11-25 15:30,S2 VWAP,2305,462,1064910,46200,0.09,51975,0.10,-17325,-0.03,3378537.5,3378.54
2237,Exit long,2013-11-27 19:30,S2 FairVal,2306.75,402,926509.5,40200,0.09,40200,0.09,-5025,-0.01,3418737.5,3418.74
2237,Entry long,2013-11-27 18:30,S2 VWAP,2304.75,402,926509.5,40200,0.09,40200,0.09,-5025,-0.01,3418737.5,3418.74
2238,Exit long,2013-12-06 21:00,EOD,2306,224,516488,2800,0.01,25200,0.10,-33600,-0.13,3421537.5,3421.54
2238,Entry long,2013-12-06 18:00,S1 Trend,2305.75,224,516488,2800,0.01,25200,0.10,-33600,-0.13,3421537.5,3421.54
2239,Exit long,2013-12-18 21:00,EOD,2313.5,153,351020.25,147262.5,0.84,151087.5,0.86,-3825,-0.02,3568800,3568.80
2239,Entry long,2013-12-18 19:30,S1 Trend,2294.25,153,351020.25,147262.5,0.84,151087.5,0.86,-3825,-0.02,3568800,3568.80
2240,Exit long,2014-01-16 17:00,S2 FairVal,2347.25,338,792779,29575,0.07,42250,0.11,-8450,-0.02,3598375,3598.38
2240,Entry long,2014-01-16 16:30,S2 VWAP,2345.5,338,792779,29575,0.07,42250,0.11,-8450,-0.02,3598375,3598.38
2241,Exit short,2014-01-23 20:30,S3 Scalp,2331.25,223,518698,-58537.5,-0.23,44600,0.17,-58537.5,-0.23,3539837.5,3539.84
2241,Entry short,2014-01-23 18:30,S3 Hedge,2326,223,518698,-58537.5,-0.23,44600,0.17,-58537.5,-0.23,3539837.5,3539.84
2242,Exit short,2014-01-24 20:00,S3 Scalp,2297.5,186,429753,120900,0.56,120900,0.56,-13950,-0.06,3660737.5,3660.74
2242,Entry short,2014-01-24 16:00,S3 Hedge,2310.5,186,429753,120900,0.56,120900,0.56,-13950,-0.06,3660737.5,3660.74
2243,Exit short,2014-01-27 19:30,S3 Scalp,2294,176,402336,-70400,-0.35,94600,0.47,-70400,-0.35,3590337.5,3590.34
2243,Entry short,2014-01-27 15:30,S3 Hedge,2286,176,402336,-70400,-0.35,94600,0.47,-70400,-0.35,3590337.5,3590.34
2244,Exit long,2014-01-30 21:00,EOD,2297,184,422004,32200,0.15,78200,0.37,0,0.00,3622537.5,3622.54
2244,Entry long,2014-01-30 16:30,S1 Trend,2293.5,184,422004,32200,0.15,78200,0.37,0,0.00,3622537.5,3622.54
2245,Exit long,2014-01-31 21:00,EOD,2284.5,147,336556.5,-36750,-0.22,51450,0.31,-49612.5,-0.29,3585787.5,3585.79
2245,Entry long,2014-01-31 16:30,S1 Trend,2289.5,147,336556.5,-36750,-0.22,51450,0.31,-49612.5,-0.29,3585787.5,3585.79
2246,Exit long,2014-02-06 21:00,EOD,2277.5,175,396768.75,89687.5,0.45,94062.5,0.47,-6562.5,-0.03,3675475,3675.48
2246,Entry long,2014-02-06 15:00,S1 Trend,2267.25,175,396768.75,89687.5,0.45,94062.5,0.47,-6562.5,-0.03,3675475,3675.48
2247,Exit long,2014-02-07 21:00,EOD,2300,174,399678,26100,0.13,43500,0.22,-8700,-0.04,3701575,3701.58
2247,Entry long,2014-02-07 19:00,S1 Trend,2297,174,399678,26100,0.13,43500,0.22,-8700,-0.04,3701575,3701.58
2248,Exit long,2014-02-11 21:00,EOD,2322.75,250,579187.5,75000,0.26,137500,0.47,-6250,-0.02,3776575,3776.58
2248,Entry long,2014-02-11 16:30,S1 Trend,2316.75,250,579187.5,75000,0.26,137500,0.47,-6250,-0.02,3776575,3776.58
2249,Exit long,2014-02-13 15:30,S2 FairVal,2322,266,616787.5,43225,0.14,76475,0.25,-16625,-0.05,3819800,3819.80
2249,Entry long,2014-02-13 15:00,S2 VWAP,2318.75,266,616787.5,43225,0.14,76475,0.25,-16625,-0.05,3819800,3819.80
2250,Exit long,2014-02-13 21:00,EOD,2333.75,224,521136,81200,0.31,98000,0.38,-14000,-0.05,3901000,3901.00
2250,Entry long,2014-02-13 16:00,S1 Trend,2326.5,224,521136,81200,0.31,98000,0.38,-14000,-0.05,3901000,3901.00
2251,Exit long,2014-02-20 21:00,EOD,2344.75,199,465660,47262.5,0.20,84575,0.36,-14925,-0.06,3948262.5,3948.26
2251,Entry long,2014-02-20 16:00,S1 Trend,2340,199,465660,47262.5,0.20,84575,0.36,-14925,-0.06,3948262.5,3948.26
2252,Exit long,2014-02-25 20:00,S1 Trail,2348.75,248,585032,-127100,-0.43,3100,0.01,-127100,-0.43,3821162.5,3821.16
2252,Entry long,2014-02-25 16:30,S1 Trend,2359,248,585032,-127100,-0.43,3100,0.01,-127100,-0.43,3821162.5,3821.16
2253,Exit long,2014-02-27 21:00,EOD,2361.75,233,548249,101937.5,0.37,101937.5,0.37,-14562.5,-0.05,3923100,3923.10
2253,Entry long,2014-02-27 16:00,S1 Trend,2353,233,548249,101937.5,0.37,101937.5,0.37,-14562.5,-0.05,3923100,3923.10
2254,Exit long,2014-03-04 21:00,EOD,2380,230,546307.5,54625,0.20,89125,0.33,-28750,-0.11,3977725,3977.73
2254,Entry long,2014-03-04 15:00,S1 Trend,2375.25,230,546307.5,54625,0.20,89125,0.33,-28750,-0.11,3977725,3977.73
2255,Exit long,2014-03-17 20:00,EOD,2366.5,240,568020,-3000,-0.01,51000,0.18,-66000,-0.23,3974725,3974.73
2255,Entry long,2014-03-17 14:00,S1 Trend,2366.75,240,568020,-3000,-0.01,51000,0.18,-66000,-0.23,3974725,3974.73
2256,Exit long,2014-03-18 20:00,EOD,2380,255,605561.25,66937.5,0.22,95625,0.32,-15937.5,-0.05,4041662.5,4041.66
2256,Entry long,2014-03-18 14:00,S1 Trend,2374.75,255,605561.25,66937.5,0.22,95625,0.32,-15937.5,-0.05,4041662.5,4041.66
2257,Exit long,2014-03-20 20:00,EOD,2379.75,226,536298,76275,0.28,93225,0.35,-39550,-0.15,4117937.5,4117.94
2257,Entry long,2014-03-20 14:30,S1 Trend,2373,226,536298,76275,0.28,93225,0.35,-39550,-0.15,4117937.5,4117.94
2258,Exit long,2014-03-21 20:00,EOD,2372.5,245,582365,-55125,-0.19,6125,0.02,-76562.5,-0.26,4062812.5,4062.81
2258,Entry long,2014-03-21 19:00,S2 VWAP,2377,245,582365,-55125,-0.19,6125,0.02,-76562.5,-0.26,4062812.5,4062.81
2259,Exit long,2014-04-03 19:30,S2 FairVal,2391.25,344,824310,-86000,-0.21,25800,0.06,-86000,-0.21,3976812.5,3976.81
2259,Entry long,2014-04-03 18:30,S2 VWAP,2396.25,344,824310,-86000,-0.21,25800,0.06,-86000,-0.21,3976812.5,3976.81
2260,Exit short,2014-04-07 21:00,EOD,2353.5,215,506970,48375,0.19,88687.5,0.35,-34937.5,-0.14,4025187.5,4025.19
2260,Entry short,2014-04-07 17:00,S3 Hedge,2358,215,506970,48375,0.19,88687.5,0.35,-34937.5,-0.14,4025187.5,4025.19
2261,Exit long,2014-04-09 21:00,EOD,2381.25,250,594437.5,43750,0.15,50000,0.17,-34375,-0.12,4068937.5,4068.94
2261,Entry long,2014-04-09 19:30,S1 Trend,2377.75,250,594437.5,43750,0.15,50000,0.17,-34375,-0.12,4068937.5,4068.94
2262,Exit short,2014-04-11 21:00,EOD,2324.5,159,370032.75,21862.5,0.12,37762.5,0.20,-35775,-0.19,4090800,4090.80
2262,Entry short,2014-04-11 19:30,S3 Hedge,2327.25,159,370032.75,21862.5,0.12,37762.5,0.20,-35775,-0.19,4090800,4090.80
2263,Exit long,2014-04-15 15:30,S1 Trail,2338.75,272,639268,-156400,-0.49,23800,0.07,-163200,-0.51,3934400,3934.40
2263,Entry long,2014-04-15 15:00,S1 Trend,2350.25,272,639268,-156400,-0.49,23800,0.07,-163200,-0.51,3934400,3934.40
2264,Exit long,2014-04-16 21:00,EOD,2371,242,572693,54450,0.19,57475,0.20,-75625,-0.26,3988850,3988.85
2264,Entry long,2014-04-16 17:30,S1 Trend,2366.5,242,572693,54450,0.19,57475,0.20,-75625,-0.26,3988850,3988.85
2265,Exit long,2014-04-29 16:30,S2 FairVal,2387.5,280,667870,31500,0.09,35000,0.10,-28000,-0.08,4020350,4020.35
2265,Entry long,2014-04-29 16:00,S2 VWAP,2385.25,280,667870,31500,0.09,35000,0.10,-28000,-0.08,4020350,4020.35
2266,Exit short,2014-05-07 16:30,S3 Scalp,2380,248,588876,-68200,-0.23,12400,0.04,-68200,-0.23,3952150,3952.15
2266,Entry short,2014-05-07 15:30,S3 Hedge,2374.5,248,588876,-68200,-0.23,12400,0.04,-68200,-0.23,3952150,3952.15
2267,Exit long,2014-05-09 21:00,EOD,2389.75,239,571030.75,5975,0.02,8962.5,0.03,-83650,-0.29,3958125,3958.12
2267,Entry long,2014-05-09 18:00,S1 Trend,2389.25,239,571030.75,5975,0.02,8962.5,0.03,-83650,-0.29,3958125,3958.12
2268,Exit long,2014-06-18 17:30,S2 FairVal,2456.75,426,1045936.5,31950,0.06,31950,0.06,-15975,-0.03,3990075,3990.08
2268,Entry long,2014-06-18 16:30,S2 VWAP,2455.25,426,1045936.5,31950,0.06,31950,0.06,-15975,-0.03,3990075,3990.08
2269,Exit long,2014-06-19 17:00,S2 FairVal,2471,462,1140793.5,40425,0.07,40425,0.07,-5775,-0.01,4030500,4030.50
2269,Entry long,2014-06-19 16:30,S2 VWAP,2469.25,462,1140793.5,40425,0.07,40425,0.07,-5775,-0.01,4030500,4030.50
2270,Exit long,2014-07-02 15:30,S2 FairVal,2489.75,515,1281963.75,12875,0.02,32187.5,0.05,-38625,-0.06,4043375,4043.38
2270,Entry long,2014-07-02 15:00,S2 VWAP,2489.25,515,1281963.75,12875,0.02,32187.5,0.05,-38625,-0.06,4043375,4043.38
2271,Exit long,2014-07-04 17:30,S2 FairVal,2498.5,1076,2687579,40350,0.03,40350,0.03,-26900,-0.02,4083725,4083.73
2271,Entry long,2014-07-04 16:30,S2 VWAP,2497.75,1076,2687579,40350,0.03,40350,0.03,-26900,-0.02,4083725,4083.73
2272,Exit long,2014-07-28 21:00,EOD,2495.5,256,639296,-22400,-0.07,12800,0.04,-38400,-0.12,4061325,4061.33
2272,Entry long,2014-07-28 19:00,S1 Trend,2497.25,256,639296,-22400,-0.07,12800,0.04,-38400,-0.12,4061325,4061.33
2273,Exit short,2014-07-31 16:30,S3 Scalp,2456.5,247,609596,142025,0.47,142025,0.47,-6175,-0.02,4203350,4203.35
2273,Entry short,2014-07-31 15:30,S3 Hedge,2468,247,609596,142025,0.47,142025,0.47,-6175,-0.02,4203350,4203.35
2274,Exit short,2014-07-31 21:00,EOD,2447.5,213,523341,101175,0.39,101175,0.39,-47925,-0.18,4304525,4304.53
2274,Entry short,2014-07-31 17:00,S3 Hedge,2457,213,523341,101175,0.39,101175,0.39,-47925,-0.18,4304525,4304.53
2275,Exit long,2014-08-07 15:30,S1 Trail,2435.25,260,635440,-113750,-0.36,22750,0.07,-113750,-0.36,4190775,4190.77
2275,Entry long,2014-08-07 15:00,S1 Trend,2444,260,635440,-113750,-0.36,22750,0.07,-113750,-0.36,4190775,4190.77
2276,Exit long,2014-08-08 21:00,EOD,2449.25,187,455625.5,119212.5,0.52,133237.5,0.58,-32725,-0.14,4309987.5,4309.99
2276,Entry long,2014-08-08 16:30,S1 Trend,2436.5,187,455625.5,119212.5,0.52,133237.5,0.58,-32725,-0.14,4309987.5,4309.99
2277,Exit long,2014-09-05 21:00,EOD,2528,254,640969,57150,0.18,66675,0.21,-12700,-0.04,4367137.5,4367.14
2277,Entry long,2014-09-05 18:00,S1 Trend,2523.5,254,640969,57150,0.18,66675,0.21,-12700,-0.04,4367137.5,4367.14
2278,Exit long,2014-09-08 16:30,S2 FairVal,2526.25,429,1083332.25,21450,0.04,42900,0.08,-21450,-0.04,4388587.5,4388.59
2278,Entry long,2014-09-08 16:00,S2 VWAP,2525.25,429,1083332.25,21450,0.04,42900,0.08,-21450,-0.04,4388587.5,4388.59
2279,Exit long,2014-09-08 18:00,S2 FairVal,2519.5,400,1009600,-90000,-0.18,20000,0.04,-90000,-0.18,4298587.5,4298.59
2279,Entry long,2014-09-08 17:30,S2 VWAP,2524,400,1009600,-90000,-0.18,20000,0.04,-90000,-0.18,4298587.5,4298.59
2280,Exit short,2014-09-12 20:30,S3 Scalp,2508,296,740888,-74000,-0.20,11100,0.03,-81400,-0.22,4224587.5,4224.59
2280,Entry short,2014-09-12 20:00,S3 Hedge,2503,296,740888,-74000,-0.20,11100,0.03,-81400,-0.22,4224587.5,4224.59
2281,Exit long,2014-09-17 19:30,S2 FairVal,2530,372,938649,125550,0.27,144150,0.31,-172050,-0.37,4350137.5,4350.14
2281,Entry long,2014-09-17 19:00,S2 VWAP,2523.25,372,938649,125550,0.27,144150,0.31,-172050,-0.37,4350137.5,4350.14
2282,Exit long,2014-09-19 21:00,EOD,2533.25,340,860795,25500,0.06,93500,0.22,-8500,-0.02,4375637.5,4375.64
2282,Entry long,2014-09-19 18:30,S2 VWAP,2531.75,340,860795,25500,0.06,93500,0.22,-8500,-0.02,4375637.5,4375.64
2283,Exit long,2014-09-26 21:00,EOD,2505.5,232,581334,-2900,-0.01,49300,0.17,-20300,-0.07,4372737.5,4372.74
2283,Entry long,2014-09-26 19:30,S1 Trend,2505.75,232,581334,-2900,-0.01,49300,0.17,-20300,-0.07,4372737.5,4372.74
2284,Exit short,2014-09-30 15:30,S3 Scalp,2502.75,303,756818.25,-75750,-0.20,64387.5,0.17,-75750,-0.20,4296987.5,4296.99
2284,Entry short,2014-09-30 15:00,S3 Hedge,2497.75,303,756818.25,-75750,-0.20,64387.5,0.17,-75750,-0.20,4296987.5,4296.99
2285,Exit long,2014-09-30 17:30,S1 Trail,2497.25,238,596904,-127925,-0.43,8925,0.03,-127925,-0.43,4169062.5,4169.06
2285,Entry long,2014-09-30 16:30,S1 Trend,2508,238,596904,-127925,-0.43,8925,0.03,-127925,-0.43,4169062.5,4169.06
2286,Exit short,2014-10-01 21:00,EOD,2468.75,183,451598.25,-9150,-0.04,29737.5,0.13,-64050,-0.28,4159912.5,4159.91
2286,Entry short,2014-10-01 20:00,S3 Hedge,2467.75,183,451598.25,-9150,-0.04,29737.5,0.13,-64050,-0.28,4159912.5,4159.91
2287,Exit long,2014-10-03 18:00,S1 Climax,2492.5,71,176506,23075,0.26,27512.5,0.31,-11537.5,-0.13,4182987.5,4182.99
2287,Entry long,2014-10-03 15:00,S1 Trend,2486,71,176506,23075,0.26,27512.5,0.31,-11537.5,-0.13,4182987.5,4182.99
2288,Exit long,2014-10-03 21:00,EOD,2491,167,415162,41750,0.20,77237.5,0.37,-27137.5,-0.13,4224737.5,4224.74
2288,Entry long,2014-10-03 15:00,S1 Trend,2486,167,415162,41750,0.20,77237.5,0.37,-27137.5,-0.13,4224737.5,4224.74
2289,Exit short,2014-10-06 21:00,EOD,2488.25,289,720043.5,46962.5,0.13,148112.5,0.41,-43350,-0.12,4271700,4271.70
2289,Entry short,2014-10-06 16:00,S3 Hedge,2491.5,289,720043.5,46962.5,0.13,148112.5,0.41,-43350,-0.12,4271700,4271.70
2290,Exit short,2014-10-07 21:00,EOD,2457.75,198,488763,106425,0.44,108900,0.45,-14850,-0.06,4378125,4378.13
2290,Entry short,2014-10-07 20:00,S3 Hedge,2468.5,198,488763,106425,0.44,108900,0.45,-14850,-0.06,4378125,4378.13
2291,Exit long,2014-10-08 21:00,EOD,2492,167,414410.5,87675,0.42,110637.5,0.53,-18787.5,-0.09,4465800,4465.80
2291,Entry long,2014-10-08 19:30,S1 Trend,2481.5,167,414410.5,87675,0.42,110637.5,0.53,-18787.5,-0.09,4465800,4465.80
2292,Exit short,2014-10-09 16:30,S3 Scalp,2468.5,232,575940,162400,0.56,162400,0.56,-49300,-0.17,4628200,4628.20
2292,Entry short,2014-10-09 15:00,S3 Hedge,2482.5,232,575940,162400,0.56,162400,0.56,-49300,-0.17,4628200,4628.20
2293,Exit short,2014-10-10 17:00,S3 Scalp,2451.25,152,370994,-79800,-0.43,26600,0.14,-79800,-0.43,4548400,4548.40
2293,Entry short,2014-10-10 15:30,S3 Hedge,2440.75,152,370994,-79800,-0.43,26600,0.14,-79800,-0.43,4548400,4548.40
2294,Exit short,2014-10-15 20:00,S3 Scalp,2374.75,107,252386.25,-85600,-0.68,80250,0.64,-85600,-0.68,4462800,4462.80
2294,Entry short,2014-10-15 18:00,S3 Hedge,2358.75,107,252386.25,-85600,-0.68,80250,0.64,-85600,-0.68,4462800,4462.80
2295,Exit long,2014-10-16 21:00,EOD,2387.25,79,189205,-30612.5,-0.32,21725,0.23,-58262.5,-0.62,4432187.5,4432.19
2295,Entry long,2014-10-16 18:30,S1 Trend,2395,79,189205,-30612.5,-0.32,21725,0.23,-58262.5,-0.62,4432187.5,4432.19
2296,Exit long,2014-10-17 19:00,S1 Trail,2404,160,385080,-22000,-0.11,126000,0.65,-22000,-0.11,4410187.5,4410.19
2296,Entry long,2014-10-17 15:00,S1 Trend,2406.75,160,385080,-22000,-0.11,126000,0.65,-22000,-0.11,4410187.5,4410.19
2297,Exit long,2014-10-20 21:00,EOD,2428.25,169,408473,95062.5,0.47,103512.5,0.51,-27462.5,-0.13,4505250,4505.25
2297,Entry long,2014-10-20 15:30,S1 Trend,2417,169,408473,95062.5,0.47,103512.5,0.51,-27462.5,-0.13,4505250,4505.25
2298,Exit long,2014-10-21 21:00,EOD,2465.25,186,454956,179025,0.79,195300,0.86,-11625,-0.05,4684275,4684.28
2298,Entry long,2014-10-21 15:00,S1 Trend,2446,186,454956,179025,0.79,195300,0.86,-11625,-0.05,4684275,4684.28
2299,Exit long,2014-10-22 17:30,S1 Trail,2462.25,273,674719.5,-126262.5,-0.37,34125,0.10,-126262.5,-0.37,4558012.5,4558.01
2299,Entry long,2014-10-22 15:00,S1 Trend,2471.5,273,674719.5,-126262.5,-0.37,34125,0.10,-126262.5,-0.37,4558012.5,4558.01
2300,Exit short,2014-10-22 21:00,EOD,2451.75,200,491450,55000,0.22,62500,0.25,-50000,-0.20,4613012.5,4613.01
2300,Entry short,2014-10-22 19:00,S3 Hedge,2457.25,200,491450,55000,0.22,62500,0.25,-50000,-0.20,4613012.5,4613.01
2301,Exit long,2014-10-23 20:00,S1 Trail,2474,235,580391.25,49937.5,0.17,202687.5,0.70,-5875,-0.02,4662950,4662.95
2301,Entry long,2014-10-23 15:00,S1 Trend,2469.75,235,580391.25,49937.5,0.17,202687.5,0.70,-5875,-0.02,4662950,4662.95
2302,Exit long,2014-10-24 21:00,EOD,2488.75,217,537346.25,135625,0.50,149187.5,0.56,-70525,-0.26,4798575,4798.58
2302,Entry long,2014-10-24 15:00,S1 Trend,2476.25,217,537346.25,135625,0.50,149187.5,0.56,-70525,-0.26,4798575,4798.58
2303,Exit long,2014-10-27 20:00,EOD,2486.25,230,571780,2875,0.01,28750,0.10,-71875,-0.25,4801450,4801.45
2303,Entry long,2014-10-27 15:30,S1 Trend,2486,230,571780,2875,0.01,28750,0.10,-71875,-0.25,4801450,4801.45
2304,Exit long,2014-10-29 18:00,S2 FairVal,2499.75,317,794402,-99062.5,-0.25,11887.5,0.03,-99062.5,-0.25,4702387.5,4702.39
2304,Entry long,2014-10-29 17:00,S2 VWAP,2506,317,794402,-99062.5,-0.25,11887.5,0.03,-99062.5,-0.25,4702387.5,4702.39
2305,Exit long,2014-10-30 20:00,EOD,2519.75,221,554378.5,124312.5,0.45,182325,0.66,-13812.5,-0.05,4826700,4826.70
2305,Entry long,2014-10-30 15:30,S1 Trend,2508.5,221,554378.5,124312.5,0.45,182325,0.66,-13812.5,-0.05,4826700,4826.70
2306,Exit long,2014-11-06 21:00,EOD,2557.25,281,718095.5,24587.5,0.07,38637.5,0.11,-31612.5,-0.09,4851287.5,4851.29
2306,Entry long,2014-11-06 20:00,S1 Trend,2555.5,281,718095.5,24587.5,0.07,38637.5,0.11,-31612.5,-0.09,4851287.5,4851.29
2307,Exit long,2014-11-25 17:30,S2 FairVal,2598.5,420,1090845,26250,0.05,26250,0.05,-15750,-0.03,4877537.5,4877.54
2307,Entry long,2014-11-25 17:00,S2 VWAP,2597.25,420,1090845,26250,0.05,26250,0.05,-15750,-0.03,4877537.5,4877.54
2308,Exit short,2014-12-10 21:00,EOD,2556.75,221,566865,91162.5,0.32,121550,0.43,-27625,-0.10,4968700,4968.70
2308,Entry short,2014-12-10 19:00,S3 Hedge,2565,221,566865,91162.5,0.32,121550,0.43,-27625,-0.10,4968700,4968.70
2309,Exit long,2014-12-11 19:00,S1 Trail,2573.75,229,590304.75,-45800,-0.16,108775,0.37,-45800,-0.16,4922900,4922.90
2309,Entry long,2014-12-11 15:00,S1 Trend,2577.75,229,590304.75,-45800,-0.16,108775,0.37,-45800,-0.16,4922900,4922.90
2310,Exit short,2014-12-12 18:00,S3 Scalp,2556.25,178,453410.5,-80100,-0.35,42275,0.19,-80100,-0.35,4842800,4842.80
2310,Entry short,2014-12-12 16:00,S3 Hedge,2547.25,178,453410.5,-80100,-0.35,42275,0.19,-80100,-0.35,4842800,4842.80
2311,Exit long,2014-12-16 18:00,S1 Trail,2522.75,117,297677.25,-125775,-0.85,26325,0.18,-125775,-0.85,4717025,4717.03
2311,Entry long,2014-12-16 16:30,S1 Trend,2544.25,117,297677.25,-125775,-0.85,26325,0.18,-125775,-0.85,4717025,4717.03
2312,Exit long,2014-12-17 20:00,S1 Trail,2524.25,157,397327.75,-51025,-0.26,113825,0.57,-80462.5,-0.41,4666000,4666.00
2312,Entry long,2014-12-17 17:00,S1 Trend,2530.75,157,397327.75,-51025,-0.26,113825,0.57,-80462.5,-0.41,4666000,4666.00
2313,Exit long,2014-12-18 16:00,S1 Trail,2564.25,201,517675.5,-113062.5,-0.44,32662.5,0.13,-113062.5,-0.44,4552937.5,4552.94
2313,Entry long,2014-12-18 15:00,S1 Trend,2575.5,201,517675.5,-113062.5,-0.44,32662.5,0.13,-113062.5,-0.44,4552937.5,4552.94
2314,Exit long,2014-12-18 21:00,EOD,2594,182,469605.5,125125,0.53,127400,0.54,-47775,-0.20,4678062.5,4678.06
2314,Entry long,2014-12-18 18:00,S1 Trend,2580.25,182,469605.5,125125,0.53,127400,0.54,-47775,-0.20,4678062.5,4678.06
2315,Exit long,2014-12-19 21:00,EOD,2605,226,590086,-67800,-0.23,31075,0.11,-70625,-0.24,4610262.5,4610.26
2315,Entry long,2014-12-19 20:00,S1 Trend,2611,226,590086,-67800,-0.23,31075,0.11,-70625,-0.24,4610262.5,4610.26
2316,Exit long,2014-12-25 23:30,S2 FairVal,2619.25,503,1315973.75,75450,0.11,88025,0.13,-6287.5,-0.01,4685712.5,4685.71
2316,Entry long,2014-12-25 23:00,S2 VWAP,2616.25,503,1315973.75,75450,0.11,88025,0.13,-6287.5,-0.01,4685712.5,4685.71
2317,Exit short,2015-01-05 20:30,S3 Scalp,2555.75,189,481572,-73237.5,-0.30,9450,0.04,-73237.5,-0.30,4612475,4612.47
2317,Entry short,2015-01-05 20:00,S3 Hedge,2548,189,481572,-73237.5,-0.30,9450,0.04,-73237.5,-0.30,4612475,4612.47
2318,Exit short,2015-01-06 17:00,S3 Scalp,2530.25,187,476242.25,154275,0.65,154275,0.65,-2337.5,-0.01,4766750,4766.75
2318,Entry short,2015-01-06 16:00,S3 Hedge,2546.75,187,476242.25,154275,0.65,154275,0.65,-2337.5,-0.01,4766750,4766.75
2319,Exit long,2015-01-08 16:00,S1 Climax,2589,79,203958.25,28637.5,0.28,28637.5,0.28,0,0.00,4795387.5,4795.39
2319,Entry long,2015-01-08 15:00,S1 Trend,2581.75,79,203958.25,28637.5,0.28,28637.5,0.28,0,0.00,4795387.5,4795.39
2320,Exit long,2015-01-08 16:30,S1 Climax,2589,56,144578,20300,0.28,29400,0.41,0,0.00,4815687.5,4815.69
2320,Entry long,2015-01-08 15:00,S1 Trend,2581.75,56,144578,20300,0.28,29400,0.41,0,0.00,4815687.5,4815.69
2321,Exit long,2015-01-08 17:00,S1 Climax,2590.5,39,100688.25,17062.5,0.34,20475,0.41,0,0.00,4832750,4832.75
2321,Entry long,2015-01-08 15:00,S1 Trend,2581.75,39,100688.25,17062.5,0.34,20475,0.41,0,0.00,4832750,4832.75
2322,Exit long,2015-01-08 21:00,EOD,2593.5,92,237521,54050,0.46,65550,0.55,0,0.00,4886800,4886.80
2322,Entry long,2015-01-08 15:00,S1 Trend,2581.75,92,237521,54050,0.46,65550,0.55,0,0.00,4886800,4886.80
2323,Exit long,2015-01-09 20:00,S2 FairVal,2581.25,176,453860,22000,0.10,33000,0.15,-50600,-0.22,4908800,4908.80
2323,Entry long,2015-01-09 17:00,S2 VWAP,2578.75,176,453860,22000,0.10,33000,0.15,-50600,-0.22,4908800,4908.80
2324,Exit long,2015-01-13 17:00,S1 Trail,2575,217,561541.75,-138337.5,-0.49,16275,0.06,-138337.5,-0.49,4770462.5,4770.46
2324,Entry long,2015-01-13 15:00,S1 Trend,2587.75,217,561541.75,-138337.5,-0.49,16275,0.06,-138337.5,-0.49,4770462.5,4770.46
2325,Exit long,2015-01-16 21:00,EOD,2548.75,143,363291.5,58987.5,0.32,80437.5,0.44,-42900,-0.24,4829450,4829.45
2325,Entry long,2015-01-16 18:00,S1 Trend,2540.5,143,363291.5,58987.5,0.32,80437.5,0.44,-42900,-0.24,4829450,4829.45
2326,Exit short,2015-01-20 18:00,S3 Scalp,2546.75,173,439117.25,-73525,-0.33,15137.5,0.07,-73525,-0.33,4755925,4755.93
2326,Entry short,2015-01-20 17:00,S3 Hedge,2538.25,173,439117.25,-73525,-0.33,15137.5,0.07,-73525,-0.33,4755925,4755.93
2327,Exit long,2015-01-21 21:00,EOD,2564.25,206,526381.5,92700,0.35,154500,0.59,-46350,-0.18,4848625,4848.63
2327,Entry long,2015-01-21 15:00,S1 Trend,2555.25,206,526381.5,92700,0.35,154500,0.59,-46350,-0.18,4848625,4848.63
2328,Exit short,2015-01-22 15:30,S3 Scalp,2573,175,448525,-87500,-0.39,6562.5,0.03,-102812.5,-0.46,4761125,4761.13
2328,Entry short,2015-01-22 15:00,S3 Hedge,2563,175,448525,-87500,-0.39,6562.5,0.03,-102812.5,-0.46,4761125,4761.13
2329,Exit long,2015-01-22 21:00,EOD,2594.75,161,415943.5,90562.5,0.44,106662.5,0.51,-2012.5,-0.01,4851687.5,4851.69
2329,Entry long,2015-01-22 19:30,S1 Trend,2583.5,161,415943.5,90562.5,0.44,106662.5,0.51,-2012.5,-0.01,4851687.5,4851.69
2330,Exit long,2015-01-26 21:00,EOD,2588,226,583927.5,48025,0.16,62150,0.21,-45200,-0.15,4899712.5,4899.71
2330,Entry long,2015-01-26 16:00,S1 Trend,2583.75,226,583927.5,48025,0.16,62150,0.21,-45200,-0.15,4899712.5,4899.71
2331,Exit short,2015-01-27 18:00,S3 Scalp,2569,248,635314,-89900,-0.28,136400,0.43,-89900,-0.28,4809812.5,4809.81
2331,Entry short,2015-01-27 15:00,S3 Hedge,2561.75,248,635314,-89900,-0.28,136400,0.43,-89900,-0.28,4809812.5,4809.81
2332,Exit long,2015-01-30 20:00,S1 Trail,2532.5,148,377918,-155400,-0.82,9250,0.05,-155400,-0.82,4654412.5,4654.41
2332,Entry long,2015-01-30 19:30,S1 Trend,2553.5,148,377918,-155400,-0.82,9250,0.05,-155400,-0.82,4654412.5,4654.41
2333,Exit long,2015-02-03 21:00,EOD,2581.25,195,501345,99937.5,0.40,102375,0.41,-121875,-0.49,4754350,4754.35
2333,Entry long,2015-02-03 15:00,S1 Trend,2571,195,501345,99937.5,0.40,102375,0.41,-121875,-0.49,4754350,4754.35
2334,Exit long,2015-02-04 20:30,S1 Trail,2570.25,215,554915,-115562.5,-0.42,61812.5,0.22,-115562.5,-0.42,4638787.5,4638.79
2334,Entry long,2015-02-04 16:30,S1 Trend,2581,215,554915,-115562.5,-0.42,61812.5,0.22,-115562.5,-0.42,4638787.5,4638.79
2335,Exit long,2015-02-05 21:00,EOD,2595,206,532767.5,90125,0.34,103000,0.39,-7725,-0.03,4728912.5,4728.91
2335,Entry long,2015-02-05 15:00,S1 Trend,2586.25,206,532767.5,90125,0.34,103000,0.39,-7725,-0.03,4728912.5,4728.91
2336,Exit long,2015-02-09 20:00,S1 Trail,2577,276,713805,-127650,-0.36,41400,0.12,-127650,-0.36,4601262.5,4601.26
2336,Entry long,2015-02-09 15:00,S1 Trend,2586.25,276,713805,-127650,-0.36,41400,0.12,-127650,-0.36,4601262.5,4601.26
2337,Exit long,2015-02-10 21:00,EOD,2600.75,219,568414.5,57487.5,0.20,93075,0.33,-8212.5,-0.03,4658750,4658.75
2337,Entry long,2015-02-10 19:30,S1 Trend,2595.5,219,568414.5,57487.5,0.20,93075,0.33,-8212.5,-0.03,4658750,4658.75
2338,Exit long,2015-02-11 19:30,S2 FairVal,2598.75,267,693465.75,20025,0.06,30037.5,0.09,-36712.5,-0.11,4678775,4678.78
2338,Entry long,2015-02-11 19:00,S2 VWAP,2597.25,267,693465.75,20025,0.06,30037.5,0.09,-36712.5,-0.11,4678775,4678.78
2339,Exit long,2015-02-12 21:00,EOD,2621.5,250,653687.5,84375,0.26,103125,0.32,-46875,-0.14,4763150,4763.15
2339,Entry long,2015-02-12 15:00,S1 Trend,2614.75,250,653687.5,84375,0.26,103125,0.32,-46875,-0.14,4763150,4763.15
2340,Exit long,2015-02-13 20:00,S2 FairVal,2626.25,349,916386.75,8725,0.02,13087.5,0.03,-26175,-0.06,4771875,4771.88
2340,Entry long,2015-02-13 19:30,S2 VWAP,2625.75,349,916386.75,8725,0.02,13087.5,0.03,-26175,-0.06,4771875,4771.88
2341,Exit long,2015-02-17 09:00,S2 FairVal,2625,430,1126922.5,91375,0.16,91375,0.16,-53750,-0.10,4863250,4863.25
2341,Entry long,2015-02-16 23:00,S2 VWAP,2620.75,430,1126922.5,91375,0.16,91375,0.16,-53750,-0.10,4863250,4863.25
2342,Exit long,2015-02-20 21:00,EOD,2645.5,274,721579,164400,0.46,174675,0.48,-10275,-0.03,5027650,5027.65
2342,Entry long,2015-02-20 18:00,S1 Trend,2633.5,274,721579,164400,0.46,174675,0.48,-10275,-0.03,5027650,5027.65
2343,Exit short,2015-03-06 21:00,EOD,2606.75,226,588899.5,-11300,-0.04,31075,0.11,-62150,-0.21,5016350,5016.35
2343,Entry short,2015-03-06 20:00,S3 Hedge,2605.75,226,588899.5,-11300,-0.04,31075,0.11,-62150,-0.21,5016350,5016.35
2344,Exit short,2015-03-10 20:00,EOD,2581.75,240,621060,72000,0.23,75000,0.24,-48000,-0.15,5088350,5088.35
2344,Entry short,2015-03-10 16:00,S3 Hedge,2587.75,240,621060,72000,0.23,75000,0.24,-48000,-0.15,5088350,5088.35
2345,Exit long,2015-03-12 20:00,EOD,2603,293,759968.75,135512.5,0.36,150162.5,0.40,-36625,-0.10,5223862.5,5223.86
2345,Entry long,2015-03-12 14:00,S1 Trend,2593.75,293,759968.75,135512.5,0.36,150162.5,0.40,-36625,-0.10,5223862.5,5223.86
2346,Exit long,2015-03-17 20:00,EOD,2611.5,304,793592,15200,0.04,83600,0.21,-26600,-0.07,5239062.5,5239.06
2346,Entry long,2015-03-17 18:30,S1 Trend,2610.5,304,793592,15200,0.04,83600,0.21,-26600,-0.07,5239062.5,5239.06
2347,Exit long,2015-03-18 19:30,S1 Climax,2639.5,61,160414.75,29737.5,0.37,47275,0.59,-3050,-0.04,5268800,5268.80
2347,Entry long,2015-03-18 18:30,S1 Trend,2629.75,61,160414.75,29737.5,0.37,47275,0.59,-3050,-0.04,5268800,5268.80
2348,Exit long,2015-03-18 20:00,EOD,2637,144,378684,52200,0.28,111600,0.59,-7200,-0.04,5321000,5321.00
2348,Entry long,2015-03-18 18:30,S1 Trend,2629.75,144,378684,52200,0.28,111600,0.59,-7200,-0.04,5321000,5321.00
2349,Exit long,2015-03-30 21:00,EOD,2623.75,310,811425,96875,0.24,151125,0.37,-15500,-0.04,5417875,5417.88
2349,Entry long,2015-03-30 15:30,S1 Trend,2617.5,310,811425,96875,0.24,151125,0.37,-15500,-0.04,5417875,5417.88
2350,Exit long,2015-04-02 17:00,S1 Trail,2599.25,320,834640,-144000,-0.35,32000,0.08,-144000,-0.35,5273875,5273.88
2350,Entry long,2015-04-02 15:00,S1 Trend,2608.25,320,834640,-144000,-0.35,32000,0.08,-144000,-0.35,5273875,5273.88
2351,Exit long,2015-04-06 16:00,S1 Climax,2616.75,91,237965,7962.5,0.07,13650,0.11,-2275,-0.02,5281837.5,5281.84
2351,Entry long,2015-04-06 15:30,S1 Trend,2615,91,237965,7962.5,0.07,13650,0.11,-2275,-0.02,5281837.5,5281.84
2352,Exit long,2015-04-06 16:30,S1 Climax,2618.25,63,164745,10237.5,0.12,13387.5,0.16,-1575,-0.02,5292075,5292.08
2352,Entry long,2015-04-06 15:30,S1 Trend,2615,63,164745,10237.5,0.12,13387.5,0.16,-1575,-0.02,5292075,5292.08
2353,Exit long,2015-04-06 17:00,S1 Climax,2620,45,117675,11250,0.19,13500,0.23,-1125,-0.02,5303325,5303.33
2353,Entry long,2015-04-06 15:30,S1 Trend,2615,45,117675,11250,0.19,13500,0.23,-1125,-0.02,5303325,5303.33
2354,Exit long,2015-04-06 17:30,S1 Climax,2622.25,31,81065,11237.5,0.28,13175,0.33,-775,-0.02,5314562.5,5314.56
2354,Entry long,2015-04-06 15:30,S1 Trend,2615,31,81065,11237.5,0.28,13175,0.33,-775,-0.02,5314562.5,5314.56
2355,Exit long,2015-04-06 18:00,S1 Climax,2623,22,57530,8800,0.31,9350,0.33,-550,-0.02,5323362.5,5323.36
2355,Entry long,2015-04-06 15:30,S1 Trend,2615,22,57530,8800,0.31,9350,0.33,-550,-0.02,5323362.5,5323.36
2356,Exit long,2015-04-06 18:30,S1 Climax,2625,15,39225,7500,0.38,7687.5,0.39,-375,-0.02,5330862.5,5330.86
2356,Entry long,2015-04-06 15:30,S1 Trend,2615,15,39225,7500,0.38,7687.5,0.39,-375,-0.02,5330862.5,5330.86
2357,Exit long,2015-04-06 19:00,S1 Climax,2624,11,28765,4950,0.34,5775,0.40,-275,-0.02,5335812.5,5335.81
2357,Entry long,2015-04-06 15:30,S1 Trend,2615,11,28765,4950,0.34,5775,0.40,-275,-0.02,5335812.5,5335.81
2358,Exit long,2015-04-06 19:30,S1 Climax,2623.5,7,18305,2975,0.33,3675,0.40,-175,-0.02,5338787.5,5338.79
2358,Entry long,2015-04-06 15:30,S1 Trend,2615,7,18305,2975,0.33,3675,0.40,-175,-0.02,5338787.5,5338.79
2359,Exit long,2015-04-06 20:00,S1 Climax,2624.25,5,13075,2312.5,0.35,2625,0.40,-125,-0.02,5341100,5341.10
2359,Entry long,2015-04-06 15:30,S1 Trend,2615,5,13075,2312.5,0.35,2625,0.40,-125,-0.02,5341100,5341.10
2360,Exit long,2015-04-06 21:00,EOD,2619.25,14,36610,2975,0.16,7350,0.40,-350,-0.02,5344075,5344.08
2360,Entry long,2015-04-06 15:30,S1 Trend,2615,14,36610,2975,0.16,7350,0.40,-350,-0.02,5344075,5344.08
2361,Exit long,2015-04-14 21:00,EOD,2635,279,734955.75,10462.5,0.03,31387.5,0.09,-41850,-0.11,5354537.5,5354.54
2361,Entry long,2015-04-14 18:00,S1 Trend,2634.25,279,734955.75,10462.5,0.03,31387.5,0.09,-41850,-0.11,5354537.5,5354.54
2362,Exit short,2015-04-17 20:30,S3 Scalp,2621,257,671926.5,-83525,-0.25,57825,0.17,-83525,-0.25,5271012.5,5271.01
2362,Entry short,2015-04-17 19:00,S3 Hedge,2614.5,257,671926.5,-83525,-0.25,57825,0.17,-83525,-0.25,5271012.5,5271.01
2363,Exit long,2015-04-22 21:00,EOD,2647,248,655030,71300,0.22,99200,0.30,-21700,-0.07,5342312.5,5342.31
2363,Entry long,2015-04-22 16:00,S1 Trend,2641.25,248,655030,71300,0.22,99200,0.30,-21700,-0.07,5342312.5,5342.31
2364,Exit long,2015-04-23 21:00,EOD,2652.5,313,827728.5,125200,0.30,242575,0.59,-19562.5,-0.05,5467512.5,5467.51
2364,Entry long,2015-04-23 15:30,S1 Trend,2644.5,313,827728.5,125200,0.30,242575,0.59,-19562.5,-0.05,5467512.5,5467.51
2365,Exit long,2015-04-27 20:30,S2 FairVal,2646,356,944468,-124600,-0.26,26700,0.06,-124600,-0.26,5342912.5,5342.91
2365,Entry long,2015-04-27 18:30,S2 VWAP,2653,356,944468,-124600,-0.26,26700,0.06,-124600,-0.26,5342912.5,5342.91
2366,Exit long,2015-04-28 21:00,EOD,2654.75,281,745071.5,45662.5,0.12,59712.5,0.16,-24587.5,-0.07,5388575,5388.58
2366,Entry long,2015-04-28 17:00,S1 Trend,2651.5,281,745071.5,45662.5,0.12,59712.5,0.16,-24587.5,-0.07,5388575,5388.58
2367,Exit long,2015-05-01 21:00,EOD,2646.75,318,840792,43725,0.10,63600,0.15,-27825,-0.07,5432300,5432.30
2367,Entry long,2015-05-01 19:00,S1 Trend,2644,318,840792,43725,0.10,63600,0.15,-27825,-0.07,5432300,5432.30
2368,Exit long,2015-05-07 21:00,EOD,2628.5,212,557931,-34450,-0.12,21200,0.08,-60950,-0.22,5397850,5397.85
2368,Entry long,2015-05-07 17:30,S1 Trend,2631.75,212,557931,-34450,-0.12,21200,0.08,-60950,-0.22,5397850,5397.85
2369,Exit long,2015-05-08 15:30,S1 Climax,2654,87,230811,4350,0.04,14137.5,0.12,-2175,-0.02,5402200,5402.20
2369,Entry long,2015-05-08 15:00,S1 Trend,2653,87,230811,4350,0.04,14137.5,0.12,-2175,-0.02,5402200,5402.20
2370,Exit long,2015-05-08 16:00,S1 Climax,2654.5,61,161833,4575,0.06,9912.5,0.12,-1525,-0.02,5406775,5406.78
2370,Entry long,2015-05-08 15:00,S1 Trend,2653,61,161833,4575,0.06,9912.5,0.12,-1525,-0.02,5406775,5406.78
2371,Exit long,2015-05-08 16:30,S1 Climax,2655.5,43,114079,5375,0.09,8600,0.15,-1075,-0.02,5412150,5412.15
2371,Entry long,2015-05-08 15:00,S1 Trend,2653,43,114079,5375,0.09,8600,0.15,-1075,-0.02,5412150,5412.15
2372,Exit long,2015-05-08 17:00,S1 Climax,2657.75,30,79590,7125,0.18,9000,0.23,-750,-0.02,5419275,5419.28
2372,Entry long,2015-05-08 15:00,S1 Trend,2653,30,79590,7125,0.18,9000,0.23,-750,-0.02,5419275,5419.28
2373,Exit long,2015-05-08 17:30,S1 Climax,2656.5,21,55713,3675,0.13,6300,0.23,-525,-0.02,5422950,5422.95
2373,Entry long,2015-05-08 15:00,S1 Trend,2653,21,55713,3675,0.13,6300,0.23,-525,-0.02,5422950,5422.95
2374,Exit long,2015-05-08 18:00,S1 Climax,2656.5,15,39795,2625,0.13,4500,0.23,-375,-0.02,5425575,5425.58
2374,Entry long,2015-05-08 15:00,S1 Trend,2653,15,39795,2625,0.13,4500,0.23,-375,-0.02,5425575,5425.58
2375,Exit long,2015-05-08 18:30,S1 Climax,2656,10,26530,1500,0.11,3000,0.23,-250,-0.02,5427075,5427.08
2375,Entry long,2015-05-08 15:00,S1 Trend,2653,10,26530,1500,0.11,3000,0.23,-250,-0.02,5427075,5427.08
2376,Exit long,2015-05-08 21:00,EOD,2656.25,26,68978,4225,0.12,7800,0.23,-650,-0.02,5431300,5431.30
2376,Entry long,2015-05-08 15:00,S1 Trend,2653,26,68978,4225,0.12,7800,0.23,-650,-0.02,5431300,5431.30
2377,Exit long,2015-05-12 21:00,EOD,2639.25,229,605189.75,-40075,-0.13,40075,0.13,-45800,-0.15,5391225,5391.23
2377,Entry long,2015-05-12 18:30,S1 Trend,2642.75,229,605189.75,-40075,-0.13,40075,0.13,-45800,-0.15,5391225,5391.23
2378,Exit short,2015-05-26 20:30,S3 Scalp,2647.5,306,808375.5,-87975,-0.22,3825,0.01,-87975,-0.22,5303250,5303.25
2378,Entry short,2015-05-26 20:00,S3 Hedge,2641.75,306,808375.5,-87975,-0.22,3825,0.01,-87975,-0.22,5303250,5303.25
2379,Exit long,2015-06-01 21:00,EOD,2655.25,252,670887,-88200,-0.26,12600,0.04,-100800,-0.30,5215050,5215.05
2379,Entry long,2015-06-01 19:30,S1 Trend,2662.25,252,670887,-88200,-0.26,12600,0.04,-100800,-0.30,5215050,5215.05
2380,Exit long,2015-06-02 21:00,EOD,2653.25,221,587307.5,-46962.5,-0.16,44200,0.15,-60775,-0.21,5168087.5,5168.09
2380,Entry long,2015-06-02 17:30,S1 Trend,2657.5,221,587307.5,-46962.5,-0.16,44200,0.15,-60775,-0.21,5168087.5,5168.09
2381,Exit long,2015-06-03 17:00,S1 Trail,2654.5,282,751530,-148050,-0.39,14100,0.04,-148050,-0.39,5020037.5,5020.04
2381,Entry long,2015-06-03 16:00,S1 Trend,2665,282,751530,-148050,-0.39,14100,0.04,-148050,-0.39,5020037.5,5020.04
2382,Exit short,2015-06-04 21:00,EOD,2641.5,246,649194,-30750,-0.09,27675,0.09,-46125,-0.14,4989287.5,4989.29
2382,Entry short,2015-06-04 18:30,S3 Hedge,2639,246,649194,-30750,-0.09,27675,0.09,-46125,-0.14,4989287.5,4989.29
2383,Exit short,2015-06-08 18:30,S3 Scalp,2623.25,352,926552,158400,0.34,158400,0.34,-35200,-0.08,5147687.5,5147.69
2383,Entry short,2015-06-08 15:00,S3 Hedge,2632.25,352,926552,158400,0.34,158400,0.34,-35200,-0.08,5147687.5,5147.69
2384,Exit long,2015-06-16 21:00,EOD,2641.75,291,766203,127312.5,0.33,141862.5,0.37,-76387.5,-0.20,5275000,5275.00
2384,Entry long,2015-06-16 15:00,S1 Trend,2633,291,766203,127312.5,0.33,141862.5,0.37,-76387.5,-0.20,5275000,5275.00
2385,Exit short,2015-06-17 19:00,S3 Scalp,2632.75,406,1072652,187775,0.35,187775,0.35,-30450,-0.06,5462775,5462.78
2385,Entry short,2015-06-17 16:30,S3 Hedge,2642,406,1072652,187775,0.35,187775,0.35,-30450,-0.06,5462775,5462.78
2386,Exit long,2015-06-17 21:00,EOD,2645.5,243,644010.75,-57712.5,-0.18,12150,0.04,-60750,-0.19,5405062.5,5405.06
2386,Entry long,2015-06-17 20:00,S1 Trend,2650.25,243,644010.75,-57712.5,-0.18,12150,0.04,-60750,-0.19,5405062.5,5405.06
2387,Exit long,2015-06-18 16:00,S1 Climax,2665.25,92,244559,32200,0.26,33350,0.27,-1150,-0.01,5437262.5,5437.26
2387,Entry long,2015-06-18 15:00,S1 Trend,2658.25,92,244559,32200,0.26,33350,0.27,-1150,-0.01,5437262.5,5437.26
2388,Exit long,2015-06-18 16:30,S1 Climax,2667.25,64,170128,28800,0.34,32000,0.38,-800,-0.01,5466062.5,5466.06
2388,Entry long,2015-06-18 15:00,S1 Trend,2658.25,64,170128,28800,0.34,32000,0.38,-800,-0.01,5466062.5,5466.06
2389,Exit long,2015-06-18 17:00,S1 Climax,2667,45,119621.25,19687.5,0.33,24187.5,0.40,-562.5,-0.01,5485750,5485.75
2389,Entry long,2015-06-18 15:00,S1 Trend,2658.25,45,119621.25,19687.5,0.33,24187.5,0.40,-562.5,-0.01,5485750,5485.75
2390,Exit long,2015-06-18 17:30,S1 Climax,2669.5,31,82405.75,17437.5,0.42,19375,0.47,-387.5,-0.01,5503187.5,5503.19
2390,Entry long,2015-06-18 15:00,S1 Trend,2658.25,31,82405.75,17437.5,0.42,19375,0.47,-387.5,-0.01,5503187.5,5503.19
2391,Exit long,2015-06-18 21:00,EOD,2667.25,75,199368.75,33750,0.34,56250,0.56,-937.5,-0.01,5536937.5,5536.94
2391,Entry long,2015-06-18 15:00,S1 Trend,2658.25,75,199368.75,33750,0.34,56250,0.56,-937.5,-0.01,5536937.5,5536.94
2392,Exit short,2015-06-26 20:00,S3 Scalp,2648.75,304,803472,-87400,-0.22,41800,0.10,-87400,-0.22,5449537.5,5449.54
2392,Entry short,2015-06-26 18:00,S3 Hedge,2643,304,803472,-87400,-0.22,41800,0.10,-87400,-0.22,5449537.5,5449.54
2393,Exit long,2015-07-06 19:00,S1 Trail,2606,232,607840,-162400,-0.53,8700,0.03,-162400,-0.53,5287137.5,5287.14
2393,Entry long,2015-07-06 16:00,S1 Trend,2620,232,607840,-162400,-0.53,8700,0.03,-162400,-0.53,5287137.5,5287.14
2394,Exit long,2015-07-07 21:00,EOD,2628.5,161,422826.25,18112.5,0.09,30187.5,0.14,-30187.5,-0.14,5305250,5305.25
2394,Entry long,2015-07-07 20:00,S1 Trend,2626.25,161,422826.25,18112.5,0.09,30187.5,0.14,-30187.5,-0.14,5305250,5305.25
2395,Exit long,2015-07-09 17:30,S1 Trail,2605.75,303,792875.25,-166650,-0.42,18937.5,0.05,-166650,-0.42,5138600,5138.60
2395,Entry long,2015-07-09 15:00,S1 Trend,2616.75,303,792875.25,-166650,-0.42,18937.5,0.05,-166650,-0.42,5138600,5138.60
2396,Exit short,2015-07-09 21:00,EOD,2597.25,238,619514,68425,0.22,68425,0.22,-44625,-0.14,5207025,5207.03
2396,Entry short,2015-07-09 18:30,S3 Hedge,2603,238,619514,68425,0.22,68425,0.22,-44625,-0.14,5207025,5207.03
2397,Exit long,2015-07-10 21:00,EOD,2623.25,288,753840,82800,0.22,162000,0.43,-57600,-0.15,5289825,5289.83
2397,Entry long,2015-07-10 15:00,S1 Trend,2617.5,288,753840,82800,0.22,162000,0.43,-57600,-0.15,5289825,5289.83
2398,Exit long,2015-07-13 21:00,EOD,2646.5,261,689562,58725,0.17,78300,0.23,-26100,-0.08,5348550,5348.55
2398,Entry long,2015-07-13 15:00,S1 Trend,2642,261,689562,58725,0.17,78300,0.23,-26100,-0.08,5348550,5348.55
2399,Exit short,2015-07-24 18:30,S3 Scalp,2629.25,377,994714.5,174362.5,0.35,174362.5,0.35,-9425,-0.02,5522912.5,5522.91
2399,Entry short,2015-07-24 17:30,S3 Hedge,2638.5,377,994714.5,174362.5,0.35,174362.5,0.35,-9425,-0.02,5522912.5,5522.91
2400,Exit short,2015-07-24 21:00,EOD,2627.75,344,905064,55900,0.12,124700,0.28,-12900,-0.03,5578812.5,5578.81
2400,Entry short,2015-07-24 19:00,S3 Hedge,2631,344,905064,55900,0.12,124700,0.28,-12900,-0.03,5578812.5,5578.81
2401,Exit long,2015-07-28 21:00,EOD,2641,295,778283.75,40562.5,0.10,70062.5,0.18,-29500,-0.08,5619375,5619.38
2401,Entry long,2015-07-28 18:30,S1 Trend,2638.25,295,778283.75,40562.5,0.10,70062.5,0.18,-29500,-0.08,5619375,5619.38
2402,Exit long,2015-07-29 21:00,EOD,2655,319,845748.75,59812.5,0.14,111650,0.26,-3987.5,-0.01,5679187.5,5679.19
2402,Entry long,2015-07-29 19:30,S1 Trend,2651.25,319,845748.75,59812.5,0.14,111650,0.26,-3987.5,-0.01,5679187.5,5679.19
2403,Exit long,2015-07-30 21:00,EOD,2655.5,308,817971,-3850,-0.01,34650,0.08,-46200,-0.11,5675337.5,5675.34
2403,Entry long,2015-07-30 18:00,S1 Trend,2655.75,308,817971,-3850,-0.01,34650,0.08,-46200,-0.11,5675337.5,5675.34
2404,Exit short,2015-08-07 21:00,EOD,2626.75,307,805184.25,-61400,-0.15,103612.5,0.26,-84425,-0.21,5613937.5,5613.94
2404,Entry short,2015-08-07 15:30,S3 Hedge,2622.75,307,805184.25,-61400,-0.15,103612.5,0.26,-84425,-0.21,5613937.5,5613.94
2405,Exit long,2015-08-12 21:00,EOD,2636,181,476482.5,31675,0.13,56562.5,0.24,-18100,-0.08,5645612.5,5645.61
2405,Entry long,2015-08-12 20:00,S1 Trend,2632.5,181,476482.5,31675,0.13,56562.5,0.24,-18100,-0.08,5645612.5,5645.61
2406,Exit long,2015-08-13 21:00,EOD,2633.75,274,723976.5,-116450,-0.32,6850,0.02,-150700,-0.42,5529162.5,5529.16
2406,Entry long,2015-08-13 18:30,S1 Trend,2642.25,274,723976.5,-116450,-0.32,6850,0.02,-150700,-0.42,5529162.5,5529.16
2407,Exit long,2015-08-14 21:00,EOD,2641.25,316,833845,39500,0.09,59250,0.14,-43450,-0.10,5568662.5,5568.66
2407,Entry long,2015-08-14 18:30,S1 Trend,2638.75,316,833845,39500,0.09,59250,0.14,-43450,-0.10,5568662.5,5568.66
2408,Exit long,2015-08-17 21:00,EOD,2653.25,298,787837.5,141550,0.36,141550,0.36,0,0.00,5710212.5,5710.21
2408,Entry long,2015-08-17 16:00,S1 Trend,2643.75,298,787837.5,141550,0.36,141550,0.36,0,0.00,5710212.5,5710.21
2409,Exit long,2015-08-18 21:00,EOD,2647,363,961496.25,-31762.5,-0.07,4537.5,0.01,-77137.5,-0.16,5678450,5678.45
2409,Entry long,2015-08-18 19:30,S2 VWAP,2648.75,363,961496.25,-31762.5,-0.07,4537.5,0.01,-77137.5,-0.16,5678450,5678.45
2410,Exit short,2015-08-20 21:00,EOD,2586.5,226,588278,186450,0.63,189275,0.64,-90400,-0.31,5864900,5864.90
2410,Entry short,2015-08-20 15:30,S3 Hedge,2603,226,588278,186450,0.63,189275,0.64,-90400,-0.31,5864900,5864.90
2411,Exit short,2015-08-21 20:00,S3 Scalp,2533,191,488673.5,243525,1.00,243525,1.00,-19100,-0.08,6108425,6108.42
2411,Entry short,2015-08-21 16:00,S3 Hedge,2558.5,191,488673.5,243525,1.00,243525,1.00,-19100,-0.08,6108425,6108.42
2412,Exit long,2015-08-27 19:30,S1 Trail,2518.5,175,440037.5,35000,0.16,229687.5,1.04,-37187.5,-0.17,6143425,6143.43
2412,Entry long,2015-08-27 15:00,S1 Trend,2514.5,175,440037.5,35000,0.16,229687.5,1.04,-37187.5,-0.17,6143425,6143.43
2413,Exit long,2015-08-28 21:00,EOD,2539.5,203,515061.75,22837.5,0.09,78662.5,0.31,-119262.5,-0.46,6166262.5,6166.26
2413,Entry long,2015-08-28 15:00,S1 Trend,2537.25,203,515061.75,22837.5,0.09,78662.5,0.31,-119262.5,-0.46,6166262.5,6166.26
2414,Exit long,2015-08-31 19:30,S1 Trail,2518.25,233,587393,-32037.5,-0.11,195137.5,0.66,-55337.5,-0.19,6134225,6134.23
2414,Entry long,2015-08-31 15:00,S1 Trend,2521,233,587393,-32037.5,-0.11,195137.5,0.66,-55337.5,-0.19,6134225,6134.23
2415,Exit long,2015-09-03 18:00,S1 Trail,2508.25,200,505150,-175000,-0.69,17500,0.07,-175000,-0.69,5959225,5959.23
2415,Entry long,2015-09-03 16:00,S1 Trend,2525.75,200,505150,-175000,-0.69,17500,0.07,-175000,-0.69,5959225,5959.23
2416,Exit short,2015-09-03 21:00,EOD,2502,182,455273,-4550,-0.02,50050,0.22,-88725,-0.39,5954675,5954.68
2416,Entry short,2015-09-03 19:00,S3 Hedge,2501.5,182,455273,-4550,-0.02,50050,0.22,-88725,-0.39,5954675,5954.68
2417,Exit long,2015-09-08 21:00,EOD,2521.75,220,552915,93500,0.34,104500,0.38,-5500,-0.02,6048175,6048.18
2417,Entry long,2015-09-08 19:30,S1 Trend,2513.25,220,552915,93500,0.34,104500,0.38,-5500,-0.02,6048175,6048.18
2418,Exit short,2015-09-09 18:30,S3 Scalp,2513.75,275,695612.5,216562.5,0.62,216562.5,0.62,-17187.5,-0.05,6264737.5,6264.74
2418,Entry short,2015-09-09 15:30,S3 Hedge,2529.5,275,695612.5,216562.5,0.62,216562.5,0.62,-17187.5,-0.05,6264737.5,6264.74
2419,Exit short,2015-09-09 20:30,S3 Scalp,2492.25,226,567373,206225,0.73,206225,0.73,-42375,-0.15,6470962.5,6470.96
2419,Entry short,2015-09-09 19:00,S3 Hedge,2510.5,226,567373,206225,0.73,206225,0.73,-42375,-0.15,6470962.5,6470.96
2420,Exit long,2015-09-10 21:00,EOD,2505,162,407106,-64800,-0.32,50625,0.25,-129600,-0.64,6406162.5,6406.16
2420,Entry long,2015-09-10 18:30,S1 Trend,2513,162,407106,-64800,-0.32,50625,0.25,-129600,-0.64,6406162.5,6406.16
2421,Exit long,2015-09-11 21:00,EOD,2513.75,215,538897.5,77937.5,0.29,80625,0.30,-77937.5,-0.29,6484100,6484.10
2421,Entry long,2015-09-11 17:30,S1 Trend,2506.5,215,538897.5,77937.5,0.29,80625,0.30,-77937.5,-0.29,6484100,6484.10
2422,Exit long,2015-09-15 21:00,EOD,2532,291,731865,247350,0.68,320100,0.87,0,0.00,6731450,6731.45
2422,Entry long,2015-09-15 15:30,S1 Trend,2515,291,731865,247350,0.68,320100,0.87,0,0.00,6731450,6731.45
2423,Exit long,2015-09-16 21:00,EOD,2548.5,384,972864,288000,0.59,336000,0.69,-48000,-0.10,7019450,7019.45
2423,Entry long,2015-09-16 15:00,S1 Trend,2533.5,384,972864,288000,0.59,336000,0.69,-48000,-0.10,7019450,7019.45
2424,Exit long,2015-09-17 20:00,S1 Trail,2557.25,297,758092.5,70537.5,0.19,345262.5,0.91,-3712.5,-0.01,7089987.5,7089.99
2424,Entry long,2015-09-17 19:30,S1 Trend,2552.5,297,758092.5,70537.5,0.19,345262.5,0.91,-3712.5,-0.01,7089987.5,7089.99
2425,Exit long,2015-09-21 17:00,S1 Trail,2517,285,721050,-185250,-0.51,28500,0.08,-185250,-0.51,6904737.5,6904.74
2425,Entry long,2015-09-21 16:00,S1 Trend,2530,285,721050,-185250,-0.51,28500,0.08,-185250,-0.51,6904737.5,6904.74
2426,Exit short,2015-09-22 20:30,S3 Scalp,2497.25,243,604584,-112387.5,-0.37,75937.5,0.25,-112387.5,-0.37,6792350,6792.35
2426,Entry short,2015-09-22 16:00,S3 Hedge,2488,243,604584,-112387.5,-0.37,75937.5,0.25,-112387.5,-0.37,6792350,6792.35
2427,Exit short,2015-09-28 21:00,EOD,2435.25,209,509960,49637.5,0.19,75762.5,0.30,-52250,-0.20,6841987.5,6841.99
2427,Entry short,2015-09-28 19:00,S3 Hedge,2440,209,509960,49637.5,0.19,75762.5,0.30,-52250,-0.20,6841987.5,6841.99
2428,Exit long,2015-09-30 17:00,S1 Trail,2456.75,328,807536,-86100,-0.21,147600,0.37,-86100,-0.21,6755887.5,6755.89
2428,Entry long,2015-09-30 15:00,S1 Trend,2462,328,807536,-86100,-0.21,147600,0.37,-86100,-0.21,6755887.5,6755.89
2429,Exit short,2015-10-01 15:30,S3 Scalp,2476,270,666157.5,-118125,-0.35,67500,0.20,-124875,-0.37,6637762.5,6637.76
2429,Entry short,2015-10-01 15:00,S3 Hedge,2467.25,270,666157.5,-118125,-0.35,67500,0.20,-124875,-0.37,6637762.5,6637.76
2430,Exit short,2015-10-01 19:00,S3 Scalp,2469.75,208,511680,-101400,-0.40,59800,0.23,-101400,-0.40,6536362.5,6536.36
2430,Entry short,2015-10-01 17:00,S3 Hedge,2460,208,511680,-101400,-0.40,59800,0.23,-101400,-0.40,6536362.5,6536.36
2431,Exit long,2015-10-05 19:30,S1 Climax,2541,80,202340,47000,0.46,48000,0.47,-19000,-0.19,6583362.5,6583.36
2431,Entry long,2015-10-05 15:00,S1 Trend,2529.25,80,202340,47000,0.46,48000,0.47,-19000,-0.19,6583362.5,6583.36
2432,Exit long,2015-10-05 20:00,S1 Climax,2541,56,141638,32900,0.46,39200,0.55,-13300,-0.19,6616262.5,6616.26
2432,Entry long,2015-10-05 15:00,S1 Trend,2529.25,56,141638,32900,0.46,39200,0.55,-13300,-0.19,6616262.5,6616.26
2433,Exit long,2015-10-05 20:30,S1 Climax,2541,39,98640.75,22912.5,0.46,27300,0.55,-9262.5,-0.19,6639175,6639.18
2433,Entry long,2015-10-05 15:00,S1 Trend,2529.25,39,98640.75,22912.5,0.46,27300,0.55,-9262.5,-0.19,6639175,6639.18
2434,Exit long,2015-10-05 21:00,EOD,2541.5,92,232691,56350,0.48,67850,0.58,-21850,-0.19,6695525,6695.53
2434,Entry long,2015-10-05 15:00,S1 Trend,2529.25,92,232691,56350,0.48,67850,0.58,-21850,-0.19,6695525,6695.53
2435,Exit long,2015-10-06 16:30,S1 Trail,2532.25,349,888379.5,-231212.5,-0.52,4362.5,0.01,-231212.5,-0.52,6464312.5,6464.31
2435,Entry long,2015-10-06 15:00,S1 Trend,2545.5,349,888379.5,-231212.5,-0.52,4362.5,0.01,-231212.5,-0.52,6464312.5,6464.31
2436,Exit long,2015-10-07 15:30,S1 Trail,2541.75,297,757721.25,-141075,-0.37,59400,0.16,-141075,-0.37,6323237.5,6323.24
2436,Entry long,2015-10-07 15:00,S1 Trend,2551.25,297,757721.25,-141075,-0.37,59400,0.16,-141075,-0.37,6323237.5,6323.24
2437,Exit long,2015-10-07 18:00,S2 FairVal,2542.75,214,543720.5,21400,0.08,21400,0.08,-77575,-0.29,6344637.5,6344.64
2437,Entry long,2015-10-07 17:00,S2 VWAP,2540.75,214,543720.5,21400,0.08,21400,0.08,-77575,-0.29,6344637.5,6344.64
2438,Exit long,2015-10-08 21:00,EOD,2569,296,753912,325600,0.86,381100,1.01,-51800,-0.14,6670237.5,6670.24
2438,Entry long,2015-10-08 15:00,S1 Trend,2547,296,753912,325600,0.86,381100,1.01,-51800,-0.14,6670237.5,6670.24
2439,Exit long,2015-10-13 17:30,S1 Trail,2567.5,387,995944.5,-116100,-0.23,101587.5,0.20,-116100,-0.23,6554137.5,6554.14
2439,Entry long,2015-10-13 15:30,S1 Trend,2573.5,387,995944.5,-116100,-0.23,101587.5,0.20,-116100,-0.23,6554137.5,6554.14
2440,Exit long,2015-10-14 15:30,S1 Trail,2553,384,984768,-220800,-0.45,9600,0.02,-220800,-0.45,6333337.5,6333.34
2440,Entry long,2015-10-14 15:00,S1 Trend,2564.5,384,984768,-220800,-0.45,9600,0.02,-220800,-0.45,6333337.5,6333.34
2441,Exit long,2015-10-15 21:00,EOD,2580.75,321,822723,284887.5,0.69,288900,0.70,-152475,-0.37,6618225,6618.23
2441,Entry long,2015-10-15 16:00,S1 Trend,2563,321,822723,284887.5,0.69,288900,0.70,-152475,-0.37,6618225,6618.23
2442,Exit long,2015-10-16 20:00,S2 FairVal,2584.75,364,939939,45500,0.10,72800,0.15,-13650,-0.03,6663725,6663.73
2442,Entry long,2015-10-16 19:30,S2 VWAP,2582.25,364,939939,45500,0.10,72800,0.15,-13650,-0.03,6663725,6663.73
2443,Exit long,2015-10-19 21:00,EOD,2590.75,393,1017477,34387.5,0.07,39300,0.08,-167025,-0.33,6698112.5,6698.11
2443,Entry long,2015-10-19 17:00,S1 Trend,2589,393,1017477,34387.5,0.07,39300,0.08,-167025,-0.33,6698112.5,6698.11
2444,Exit long,2015-10-22 15:30,S1 Climax,2597.5,111,288239.25,4162.5,0.03,20812.5,0.14,-6937.5,-0.05,6702275,6702.28
2444,Entry long,2015-10-22 15:00,S1 Trend,2596.75,111,288239.25,4162.5,0.03,20812.5,0.14,-6937.5,-0.05,6702275,6702.28
2445,Exit long,2015-10-22 16:00,S1 Climax,2602.75,77,199949.75,23100,0.23,24062.5,0.24,-4812.5,-0.05,6725375,6725.38
2445,Entry long,2015-10-22 15:00,S1 Trend,2596.75,77,199949.75,23100,0.23,24062.5,0.24,-4812.5,-0.05,6725375,6725.38
2446,Exit long,2015-10-22 16:30,S1 Climax,2601.5,54,140224.5,12825,0.18,18900,0.27,-3375,-0.05,6738200,6738.20
2446,Entry long,2015-10-22 15:00,S1 Trend,2596.75,54,140224.5,12825,0.18,18900,0.27,-3375,-0.05,6738200,6738.20
2447,Exit long,2015-10-22 17:00,S1 Climax,2604.5,38,98676.5,14725,0.30,18525,0.38,-2375,-0.05,6752925,6752.93
2447,Entry long,2015-10-22 15:00,S1 Trend,2596.75,38,98676.5,14725,0.30,18525,0.38,-2375,-0.05,6752925,6752.93
2448,Exit long,2015-10-22 17:30,S1 Climax,2610.25,27,70112.25,18225,0.52,18562.5,0.53,-1687.5,-0.05,6771150,6771.15
2448,Entry long,2015-10-22 15:00,S1 Trend,2596.75,27,70112.25,18225,0.52,18562.5,0.53,-1687.5,-0.05,6771150,6771.15
2449,Exit long,2015-10-22 18:00,S1 Climax,2611,18,46741.5,12825,0.55,14400,0.62,-1125,-0.05,6783975,6783.98
2449,Entry long,2015-10-22 15:00,S1 Trend,2596.75,18,46741.5,12825,0.55,14400,0.62,-1125,-0.05,6783975,6783.98
2450,Exit long,2015-10-22 18:30,S1 Climax,2609.75,13,33757.75,8450,0.50,10400,0.62,-812.5,-0.05,6792425,6792.43
2450,Entry long,2015-10-22 15:00,S1 Trend,2596.75,13,33757.75,8450,0.50,10400,0.62,-812.5,-0.05,6792425,6792.43
2451,Exit long,2015-10-22 19:00,S1 Trail,2600,32,83096,5200,0.13,25600,0.62,-2000,-0.05,6797625,6797.62
2451,Entry long,2015-10-22 15:00,S1 Trend,2596.75,32,83096,5200,0.13,25600,0.62,-2000,-0.05,6797625,6797.62
2452,Exit long,2015-10-23 21:00,EOD,2633,291,766712.25,-25462.5,-0.07,25462.5,0.07,-72750,-0.19,6772162.5,6772.16
2452,Entry long,2015-10-23 20:00,S1 Trend,2634.75,291,766712.25,-25462.5,-0.07,25462.5,0.07,-72750,-0.19,6772162.5,6772.16
2453,Exit long,2015-10-27 14:30,S2 FairVal,2618.25,535,1403840,-153812.5,-0.22,13375,0.02,-167187.5,-0.24,6618350,6618.35
2453,Entry long,2015-10-27 14:00,S2 VWAP,2624,535,1403840,-153812.5,-0.22,13375,0.02,-167187.5,-0.24,6618350,6618.35
2454,Exit short,2015-11-12 21:00,EOD,2605.5,262,684344,85150,0.25,91700,0.27,-26200,-0.08,6703500,6703.50
2454,Entry short,2015-11-12 20:00,S3 Hedge,2612,262,684344,85150,0.25,91700,0.27,-26200,-0.08,6703500,6703.50
2455,Exit short,2015-11-13 17:00,S3 Scalp,2596.25,327,846603,-118537.5,-0.28,61312.5,0.14,-118537.5,-0.28,6584962.5,6584.96
2455,Entry short,2015-11-13 15:30,S3 Hedge,2589,327,846603,-118537.5,-0.28,61312.5,0.14,-118537.5,-0.28,6584962.5,6584.96
2456,Exit short,2015-11-13 21:00,EOD,2582,263,679394.75,16437.5,0.05,32875,0.10,-49312.5,-0.15,6601400,6601.40
2456,Entry short,2015-11-13 20:00,S3 Hedge,2583.25,263,679394.75,16437.5,0.05,32875,0.10,-49312.5,-0.15,6601400,6601.40
2457,Exit long,2015-11-16 21:00,EOD,2613,260,676715,133250,0.39,139750,0.41,-3250,-0.01,6734650,6734.65
2457,Entry long,2015-11-16 19:30,S1 Trend,2602.75,260,676715,133250,0.39,139750,0.41,-3250,-0.01,6734650,6734.65
2458,Exit long,2015-11-17 18:00,S1 Trail,2615.25,342,896895,-123975,-0.28,85500,0.19,-123975,-0.28,6610675,6610.68
2458,Entry long,2015-11-17 16:00,S1 Trend,2622.5,342,896895,-123975,-0.28,85500,0.19,-123975,-0.28,6610675,6610.68
2459,Exit long,2015-11-18 21:00,EOD,2644.25,391,1025202,434987.5,0.85,478975,0.93,-78200,-0.15,7045662.5,7045.66
2459,Entry long,2015-11-18 15:00,S1 Trend,2622,391,1025202,434987.5,0.85,478975,0.93,-78200,-0.15,7045662.5,7045.66
2460,Exit long,2015-11-19 16:00,S2 FairVal,2645.5,458,1211753.5,-5725,-0.01,45800,0.08,-125950,-0.21,7039937.5,7039.94
2460,Entry long,2015-11-19 15:00,S2 VWAP,2645.75,458,1211753.5,-5725,-0.01,45800,0.08,-125950,-0.21,7039937.5,7039.94
2461,Exit long,2015-11-23 21:00,EOD,2647.5,405,1071427.5,40500,0.08,75937.5,0.14,-5062.5,-0.01,7080437.5,7080.44
2461,Entry long,2015-11-23 20:00,S2 VWAP,2645.5,405,1071427.5,40500,0.08,75937.5,0.14,-5062.5,-0.01,7080437.5,7080.44
2462,Exit long,2015-11-24 21:00,EOD,2651,300,793650,82500,0.21,150000,0.38,-18750,-0.05,7162937.5,7162.94
2462,Entry long,2015-11-24 17:00,S1 Trend,2645.5,300,793650,82500,0.21,150000,0.38,-18750,-0.05,7162937.5,7162.94
2463,Exit long,2015-12-02 19:00,S2 FairVal,2651,480,1275720,-162000,-0.25,66000,0.10,-162000,-0.25,7000937.5,7000.94
2463,Entry long,2015-12-02 17:00,S2 VWAP,2657.75,480,1275720,-162000,-0.25,66000,0.10,-162000,-0.25,7000937.5,7000.94
2464,Exit short,2015-12-03 21:00,EOD,2612.75,210,549202.5,26250,0.10,118125,0.43,-7875,-0.03,7027187.5,7027.19
2464,Entry short,2015-12-03 19:00,S3 Hedge,2615.25,210,549202.5,26250,0.10,118125,0.43,-7875,-0.03,7027187.5,7027.19
2465,Exit long,2015-12-04 21:00,EOD,2653.25,248,654844,158100,0.48,204600,0.62,-99200,-0.30,7185287.5,7185.29
2465,Entry long,2015-12-04 16:00,S1 Trend,2640.5,248,654844,158100,0.48,204600,0.62,-99200,-0.30,7185287.5,7185.29
2466,Exit long,2015-12-09 16:30,S1 Trail,2626.5,268,706113,-110550,-0.31,120600,0.34,-110550,-0.31,7074737.5,7074.74
2466,Entry long,2015-12-09 15:30,S1 Trend,2634.75,268,706113,-110550,-0.31,120600,0.34,-110550,-0.31,7074737.5,7074.74
2467,Exit long,2015-12-10 20:30,S1 Trail,2613.5,247,649548.25,-200687.5,-0.62,15437.5,0.05,-200687.5,-0.62,6874050,6874.05
2467,Entry long,2015-12-10 19:30,S1 Trend,2629.75,247,649548.25,-200687.5,-0.62,15437.5,0.05,-200687.5,-0.62,6874050,6874.05
2468,Exit short,2015-12-11 21:00,EOD,2574.5,202,520907.5,42925,0.16,75750,0.29,-88375,-0.34,6916975,6916.98
2468,Entry short,2015-12-11 17:30,S3 Hedge,2578.75,202,520907.5,42925,0.16,75750,0.29,-88375,-0.34,6916975,6916.98
2469,Exit long,2015-12-15 21:00,EOD,2608,290,757770,-72500,-0.19,83375,0.22,-141375,-0.37,6844475,6844.48
2469,Entry long,2015-12-15 15:00,S1 Trend,2613,290,757770,-72500,-0.19,83375,0.22,-141375,-0.37,6844475,6844.48
2470,Exit long,2015-12-16 19:00,S1 Trail,2609.75,377,987457.25,-179075,-0.36,179075,0.36,-179075,-0.36,6665400,6665.40
2470,Entry long,2015-12-16 15:00,S1 Trend,2619.25,377,987457.25,-179075,-0.36,179075,0.36,-179075,-0.36,6665400,6665.40
2471,Exit long,2015-12-16 21:00,EOD,2637.5,232,607202,234900,0.77,284200,0.94,-49300,-0.16,6900300,6900.30
2471,Entry long,2015-12-16 19:30,S1 Trend,2617.25,232,607202,234900,0.77,284200,0.94,-49300,-0.16,6900300,6900.30
2472,Exit long,2015-12-22 21:00,EOD,2604,286,742956.5,89375,0.24,139425,0.38,-39325,-0.11,6989675,6989.67
2472,Entry long,2015-12-22 18:00,S1 Trend,2597.75,286,742956.5,89375,0.24,139425,0.38,-39325,-0.11,6989675,6989.67
2473,Exit long,2015-12-28 21:00,EOD,2620.75,410,1072662.5,92250,0.17,102500,0.19,-15375,-0.03,7081925,7081.92
2473,Entry long,2015-12-28 19:00,S1 Trend,2616.25,410,1072662.5,92250,0.17,102500,0.19,-15375,-0.03,7081925,7081.92
2474,Exit short,2015-12-31 15:30,S3 Scalp,2610,605,1583738.75,234437.5,0.30,234437.5,0.30,-30250,-0.04,7316362.5,7316.36
2474,Entry short,2015-12-31 15:00,S3 Hedge,2617.75,605,1583738.75,234437.5,0.30,234437.5,0.30,-30250,-0.04,7316362.5,7316.36
2475,Exit short,2016-01-04 18:00,S3 Scalp,2568.25,246,629514,-113775,-0.36,70725,0.22,-113775,-0.36,7202587.5,7202.59
2475,Entry short,2016-01-04 16:00,S3 Hedge,2559,246,629514,-113775,-0.36,70725,0.22,-113775,-0.36,7202587.5,7202.59
2476,Exit long,2016-01-12 16:30,S1 Trail,2488.5,225,564131.25,-210937.5,-0.75,25312.5,0.09,-210937.5,-0.75,6991650,6991.65
2476,Entry long,2016-01-12 15:00,S1 Trend,2507.25,225,564131.25,-210937.5,-0.75,25312.5,0.09,-210937.5,-0.75,6991650,6991.65
2477,Exit long,2016-01-14 21:00,EOD,2486,146,363540,-29200,-0.16,76650,0.42,-43800,-0.24,6962450,6962.45
2477,Entry long,2016-01-14 18:30,S1 Trend,2490,146,363540,-29200,-0.16,76650,0.42,-43800,-0.24,6962450,6962.45
2478,Exit short,2016-01-15 19:30,S3 Scalp,2444,146,354670.5,-107675,-0.61,51100,0.29,-107675,-0.61,6854775,6854.78
2478,Entry short,2016-01-15 17:30,S3 Hedge,2429.25,146,354670.5,-107675,-0.61,51100,0.29,-107675,-0.61,6854775,6854.78
2479,Exit short,2016-01-19 15:30,S3 Scalp,2467.75,232,570256,-113100,-0.40,31900,0.11,-113100,-0.40,6741675,6741.67
2479,Entry short,2016-01-19 15:00,S3 Hedge,2458,232,570256,-113100,-0.40,31900,0.11,-113100,-0.40,6741675,6741.67
2480,Exit short,2016-01-19 20:30,S3 Scalp,2451.25,174,424255.5,-113100,-0.53,78300,0.37,-113100,-0.53,6628575,6628.57
2480,Entry short,2016-01-19 19:30,S3 Hedge,2438.25,174,424255.5,-113100,-0.53,78300,0.37,-113100,-0.53,6628575,6628.57
2481,Exit short,2016-01-20 18:30,S3 Scalp,2405.75,169,404036.75,-126750,-0.63,114075,0.56,-126750,-0.63,6501825,6501.83
2481,Entry short,2016-01-20 16:00,S3 Hedge,2390.75,169,404036.75,-126750,-0.63,114075,0.56,-126750,-0.63,6501825,6501.83
2482,Exit long,2016-01-21 21:00,EOD,2434,111,270562.5,-19425,-0.14,104062.5,0.77,-69375,-0.51,6482400,6482.40
2482,Entry long,2016-01-21 16:30,S1 Trend,2437.5,111,270562.5,-19425,-0.14,104062.5,0.77,-69375,-0.51,6482400,6482.40
2483,Exit long,2016-01-22 21:00,EOD,2472.25,204,503829,25500,0.10,56100,0.22,-137700,-0.55,6507900,6507.90
2483,Entry long,2016-01-22 15:00,S1 Trend,2469.75,204,503829,25500,0.10,56100,0.22,-137700,-0.55,6507900,6507.90
2484,Exit long,2016-01-26 21:00,EOD,2469,226,553700,214700,0.78,257075,0.93,0,0.00,6722600,6722.60
2484,Entry long,2016-01-26 15:00,S1 Trend,2450,226,553700,214700,0.78,257075,0.93,0,0.00,6722600,6722.60
2485,Exit long,2016-01-27 19:00,S1 Trail,2463.5,282,694566,7050,0.02,282000,0.81,-144525,-0.42,6729650,6729.65
2485,Entry long,2016-01-27 15:00,S1 Trend,2463,282,694566,7050,0.02,282000,0.81,-144525,-0.42,6729650,6729.65
2486,Exit long,2016-01-29 21:00,EOD,2504.25,202,500707.5,257550,1.03,265125,1.06,-30300,-0.12,6987200,6987.20
2486,Entry long,2016-01-29 15:00,S1 Trend,2478.75,202,500707.5,257550,1.03,265125,1.06,-30300,-0.12,6987200,6987.20
2487,Exit long,2016-02-01 21:00,EOD,2504,267,666966,80100,0.24,200250,0.60,-86775,-0.26,7067300,7067.30
2487,Entry long,2016-02-01 16:00,S1 Trend,2498,267,666966,80100,0.24,200250,0.60,-86775,-0.26,7067300,7067.30
2488,Exit short,2016-02-02 21:00,EOD,2468.25,251,620911.25,69025,0.22,147462.5,0.47,-47062.5,-0.15,7136325,7136.32
2488,Entry short,2016-02-02 17:30,S3 Hedge,2473.75,251,620911.25,69025,0.22,147462.5,0.47,-47062.5,-0.15,7136325,7136.32
2489,Exit long,2016-02-04 21:00,EOD,2482.75,179,446426,-100687.5,-0.45,4475,0.02,-212562.5,-0.95,7035637.5,7035.64
2489,Entry long,2016-02-04 16:00,S1 Trend,2494,179,446426,-100687.5,-0.45,4475,0.02,-212562.5,-0.95,7035637.5,7035.64
2490,Exit short,2016-02-05 21:00,EOD,2446.25,180,439695,-31500,-0.14,36000,0.16,-47250,-0.21,7004137.5,7004.14
2490,Entry short,2016-02-05 19:30,S3 Hedge,2442.75,180,439695,-31500,-0.14,36000,0.16,-47250,-0.21,7004137.5,7004.14
2491,Exit short,2016-02-08 20:30,S3 Scalp,2425,198,477675,-123750,-0.52,175725,0.74,-123750,-0.52,6880387.5,6880.39
2491,Entry short,2016-02-08 15:00,S3 Hedge,2412.5,198,477675,-123750,-0.52,175725,0.74,-123750,-0.52,6880387.5,6880.39
2492,Exit long,2016-02-10 20:30,S1 Trail,2420,182,443124.5,-134225,-0.61,88725,0.40,-134225,-0.61,6746162.5,6746.16
2492,Entry long,2016-02-10 16:00,S1 Trend,2434.75,182,443124.5,-134225,-0.61,88725,0.40,-134225,-0.61,6746162.5,6746.16
2493,Exit long,2016-02-12 21:00,EOD,2433.5,196,475496,73500,0.31,75950,0.32,-73500,-0.31,6819662.5,6819.66
2493,Entry long,2016-02-12 16:30,S1 Trend,2426,196,475496,73500,0.31,75950,0.32,-73500,-0.31,6819662.5,6819.66
2494,Exit long,2016-02-16 21:00,EOD,2464.5,272,668508,91800,0.27,98600,0.29,-27200,-0.08,6911462.5,6911.46
2494,Entry long,2016-02-16 17:30,S1 Trend,2457.75,272,668508,91800,0.27,98600,0.29,-27200,-0.08,6911462.5,6911.46
2495,Exit long,2016-02-17 15:30,S1 Climax,2491.25,100,248175,47500,0.38,47500,0.38,0,0.00,6958962.5,6958.96
2495,Entry long,2016-02-17 15:00,S1 Trend,2481.75,100,248175,47500,0.38,47500,0.38,0,0.00,6958962.5,6958.96
2496,Exit long,2016-02-17 16:00,S1 Climax,2492.5,70,173722.5,37625,0.43,42000,0.48,0,0.00,6996587.5,6996.59
2496,Entry long,2016-02-17 15:00,S1 Trend,2481.75,70,173722.5,37625,0.43,42000,0.48,0,0.00,6996587.5,6996.59
2497,Exit long,2016-02-17 16:30,S1 Climax,2492.25,49,121605.75,25725,0.42,30012.5,0.49,0,0.00,7022312.5,7022.31
2497,Entry long,2016-02-17 15:00,S1 Trend,2481.75,49,121605.75,25725,0.42,30012.5,0.49,0,0.00,7022312.5,7022.31
2498,Exit long,2016-02-17 17:00,S1 Climax,2492,35,86861.25,17937.5,0.41,21437.5,0.49,0,0.00,7040250,7040.25
2498,Entry long,2016-02-17 15:00,S1 Trend,2481.75,35,86861.25,17937.5,0.41,21437.5,0.49,0,0.00,7040250,7040.25
2499,Exit long,2016-02-17 17:30,S1 Climax,2494.5,24,59562,15300,0.51,16800,0.56,0,0.00,7055550,7055.55
2499,Entry long,2016-02-17 15:00,S1 Trend,2481.75,24,59562,15300,0.51,16800,0.56,0,0.00,7055550,7055.55
2500,Exit long,2016-02-17 18:00,S1 Climax,2495.75,17,42189.75,11900,0.56,13387.5,0.63,0,0.00,7067450,7067.45
2500,Entry long,2016-02-17 15:00,S1 Trend,2481.75,17,42189.75,11900,0.56,13387.5,0.63,0,0.00,7067450,7067.45
2501,Exit long,2016-02-17 18:30,S1 Climax,2496.5,12,29781,8850,0.59,9450,0.63,0,0.00,7076300,7076.30
2501,Entry long,2016-02-17 15:00,S1 Trend,2481.75,12,29781,8850,0.59,9450,0.63,0,0.00,7076300,7076.30
2502,Exit long,2016-02-17 21:00,EOD,2496,29,71970.75,20662.5,0.57,26825,0.75,0,0.00,7096962.5,7096.96
2502,Entry long,2016-02-17 15:00,S1 Trend,2481.75,29,71970.75,20662.5,0.57,26825,0.75,0,0.00,7096962.5,7096.96
2503,Exit long,2016-02-19 21:00,EOD,2487.5,259,643356,45325,0.14,55037.5,0.17,-38850,-0.12,7142287.5,7142.29
2503,Entry long,2016-02-19 17:00,S1 Trend,2484,259,643356,45325,0.14,55037.5,0.17,-38850,-0.12,7142287.5,7142.29
2504,Exit long,2016-02-22 21:00,EOD,2514.75,390,979777.5,48750,0.10,87750,0.18,-68250,-0.14,7191037.5,7191.04
2504,Entry long,2016-02-22 15:00,S1 Trend,2512.25,390,979777.5,48750,0.10,87750,0.18,-68250,-0.14,7191037.5,7191.04
2505,Exit long,2016-02-24 21:00,EOD,2498.75,227,565457,87962.5,0.31,127687.5,0.45,-17025,-0.06,7279000,7279.00
2505,Entry long,2016-02-24 19:30,S1 Trend,2491,227,565457,87962.5,0.31,127687.5,0.45,-17025,-0.06,7279000,7279.00
2506,Exit long,2016-02-25 21:00,EOD,2522.25,284,713763,127800,0.36,131350,0.37,-42600,-0.12,7406800,7406.80
2506,Entry long,2016-02-25 19:00,S1 Trend,2513.25,284,713763,127800,0.36,131350,0.37,-42600,-0.12,7406800,7406.80
2507,Exit long,2016-02-29 19:00,S1 Trail,2514,306,771885,-130050,-0.34,103275,0.27,-130050,-0.34,7276750,7276.75
2507,Entry long,2016-02-29 16:30,S1 Trend,2522.5,306,771885,-130050,-0.34,103275,0.27,-130050,-0.34,7276750,7276.75
2508,Exit long,2016-03-01 20:00,S1 Climax,2546.5,92,232369,95450,0.82,96600,0.83,-10350,-0.09,7372200,7372.20
2508,Entry long,2016-03-01 15:30,S1 Trend,2525.75,92,232369,95450,0.82,96600,0.83,-10350,-0.09,7372200,7372.20
2509,Exit long,2016-03-01 21:00,EOD,2548.5,217,548087.75,246837.5,0.90,249550,0.91,-24412.5,-0.09,7619037.5,7619.04
2509,Entry long,2016-03-01 15:30,S1 Trend,2525.75,217,548087.75,246837.5,0.90,249550,0.91,-24412.5,-0.09,7619037.5,7619.04
2510,Exit long,2016-03-02 21:00,EOD,2557,437,1112383.5,251275,0.45,262200,0.47,-136562.5,-0.25,7870312.5,7870.31
2510,Entry long,2016-03-02 15:30,S1 Trend,2545.5,437,1112383.5,251275,0.45,262200,0.47,-136562.5,-0.25,7870312.5,7870.31
2511,Exit long,2016-03-03 21:00,EOD,2564.5,419,1071906.75,130937.5,0.24,136175,0.25,-41900,-0.08,8001250,8001.25
2511,Entry long,2016-03-03 19:00,S1 Trend,2558.25,419,1071906.75,130937.5,0.24,136175,0.25,-41900,-0.08,8001250,8001.25
2512,Exit long,2016-03-04 19:30,S1 Trail,2566.25,345,887340,-99187.5,-0.22,146625,0.33,-99187.5,-0.22,7902062.5,7902.06
2512,Entry long,2016-03-04 16:30,S1 Trend,2572,345,887340,-99187.5,-0.22,146625,0.33,-99187.5,-0.22,7902062.5,7902.06
2513,Exit long,2016-03-07 19:00,S1 Trail,2564.75,437,1120795.75,0,0.00,278587.5,0.50,-10925,-0.02,7902062.5,7902.06
2513,Entry long,2016-03-07 15:30,S1 Trend,2564.75,437,1120795.75,0,0.00,278587.5,0.50,-10925,-0.02,7902062.5,7902.06
2514,Exit long,2016-03-11 21:00,EOD,2594.25,386,997810,178525,0.36,197825,0.40,-9650,-0.02,8080587.5,8080.59
2514,Entry long,2016-03-11 16:00,S1 Trend,2585,386,997810,178525,0.36,197825,0.40,-9650,-0.02,8080587.5,8080.59
2515,Exit long,2016-03-16 20:00,EOD,2601.25,395,1026407.5,54312.5,0.11,133312.5,0.26,-79000,-0.15,8134900,8134.90
2515,Entry long,2016-03-16 18:30,S1 Trend,2598.5,395,1026407.5,54312.5,0.11,133312.5,0.26,-79000,-0.15,8134900,8134.90
2516,Exit long,2016-03-17 20:00,EOD,2613.5,355,924952.5,142000,0.31,244062.5,0.53,-26625,-0.06,8276900,8276.90
2516,Entry long,2016-03-17 15:00,S1 Trend,2605.5,355,924952.5,142000,0.31,244062.5,0.53,-26625,-0.06,8276900,8276.90
2517,Exit long,2016-03-21 20:00,EOD,2624.25,460,1207615,-23000,-0.04,40250,0.07,-74750,-0.12,8253900,8253.90
2517,Entry long,2016-03-21 17:30,S1 Trend,2625.25,460,1207615,-23000,-0.04,40250,0.07,-74750,-0.12,8253900,8253.90
2518,Exit long,2016-03-22 20:00,EOD,2623.75,449,1177614.75,22450,0.04,162762.5,0.28,-56125,-0.10,8276350,8276.35
2518,Entry long,2016-03-22 15:00,S1 Trend,2622.75,449,1177614.75,22450,0.04,162762.5,0.28,-56125,-0.10,8276350,8276.35
2519,Exit long,2016-03-29 20:30,S1 Climax,2629.75,142,371791.5,81650,0.44,83425,0.45,-15975,-0.09,8358000,8358.00
2519,Entry long,2016-03-29 17:30,S1 Trend,2618.25,142,371791.5,81650,0.44,83425,0.45,-15975,-0.09,8358000,8358.00
2520,Exit long,2016-03-29 21:00,EOD,2629.25,334,874495.5,183700,0.42,196225,0.45,-37575,-0.09,8541700,8541.70
2520,Entry long,2016-03-29 17:30,S1 Trend,2618.25,334,874495.5,183700,0.42,196225,0.45,-37575,-0.09,8541700,8541.70
2521,Exit long,2016-03-30 19:30,S2 FairVal,2640.5,508,1340104,63500,0.09,63500,0.09,-19050,-0.03,8605200,8605.20
2521,Entry long,2016-03-30 19:00,S2 VWAP,2638,508,1340104,63500,0.09,63500,0.09,-19050,-0.03,8605200,8605.20
2522,Exit long,2016-04-01 21:00,EOD,2647,410,1081067.5,210125,0.39,261375,0.48,-76875,-0.14,8815325,8815.33
2522,Entry long,2016-04-01 16:00,S1 Trend,2636.75,410,1081067.5,210125,0.39,261375,0.48,-76875,-0.14,8815325,8815.33
2523,Exit long,2016-04-04 17:00,S2 FairVal,2646.5,574,1516364.5,136325,0.18,136325,0.18,-21525,-0.03,8951650,8951.65
2523,Entry long,2016-04-04 16:30,S2 VWAP,2641.75,574,1516364.5,136325,0.18,136325,0.18,-21525,-0.03,8951650,8951.65
2524,Exit long,2016-04-06 21:00,EOD,2642,471,1239789.75,229612.5,0.37,253162.5,0.41,-94200,-0.15,9181262,9181.26
2524,Entry long,2016-04-06 16:30,S1 Trend,2632.25,471,1239789.75,229612.5,0.37,253162.5,0.41,-94200,-0.15,9181262,9181.26
2525,Exit long,2016-04-08 16:30,S1 Trail,2623.5,507,1335311.25,-259837.5,-0.39,25350,0.04,-259837.5,-0.39,8921425,8921.43
2525,Entry long,2016-04-08 15:30,S1 Trend,2633.75,507,1335311.25,-259837.5,-0.39,25350,0.04,-259837.5,-0.39,8921425,8921.43
2526,Exit long,2016-04-11 16:00,S1 Trail,2627,465,1225042.5,-174375,-0.28,104625,0.17,-174375,-0.28,8747050,8747.05
2526,Entry long,2016-04-11 15:00,S1 Trend,2634.5,465,1225042.5,-174375,-0.28,104625,0.17,-174375,-0.28,8747050,8747.05
2527,Exit long,2016-04-12 21:00,EOD,2637.75,396,1040787,188100,0.36,252450,0.49,-29700,-0.06,8935150,8935.15
2527,Entry long,2016-04-12 16:00,S1 Trend,2628.25,396,1040787,188100,0.36,252450,0.49,-29700,-0.06,8935150,8935.15
2528,Exit long,2016-04-15 20:00,S2 FairVal,2657,792,2102562,89100,0.08,89100,0.08,-19800,-0.02,9024250,9024.25
2528,Entry long,2016-04-15 19:30,S2 VWAP,2654.75,792,2102562,89100,0.08,89100,0.08,-19800,-0.02,9024250,9024.25
2529,Exit long,2016-04-18 21:00,EOD,2671,507,1350267.75,196462.5,0.29,202800,0.30,-6337.5,-0.01,9220712,9220.71
2529,Entry long,2016-04-18 15:30,S1 Trend,2663.25,507,1350267.75,196462.5,0.29,202800,0.30,-6337.5,-0.01,9220712,9220.71
2530,Exit long,2016-04-19 19:00,S2 FairVal,2675.75,589,1573513.5,125162.5,0.16,125162.5,0.16,-22087.5,-0.03,9345875,9345.88
2530,Entry long,2016-04-19 18:00,S2 VWAP,2671.5,589,1573513.5,125162.5,0.16,125162.5,0.16,-22087.5,-0.03,9345875,9345.88
2531,Exit long,2016-04-27 21:00,EOD,2672,501,1337544.75,56362.5,0.08,169087.5,0.25,-100200,-0.15,9402238,9402.24
2531,Entry long,2016-04-27 19:30,S1 Trend,2669.75,501,1337544.75,56362.5,0.08,169087.5,0.25,-100200,-0.15,9402238,9402.24
2532,Exit long,2016-04-28 19:30,S1 Trail,2664,470,1254195,-105750,-0.17,176250,0.28,-105750,-0.17,9296488,9296.49
2532,Entry long,2016-04-28 15:00,S1 Trend,2668.5,470,1254195,-105750,-0.17,176250,0.28,-105750,-0.17,9296488,9296.49
2533,Exit short,2016-04-29 20:30,S3 Scalp,2641.5,396,1042866,-158400,-0.30,103950,0.20,-158400,-0.30,9138088,9138.09
2533,Entry short,2016-04-29 16:30,S3 Hedge,2633.5,396,1042866,-158400,-0.30,103950,0.20,-158400,-0.30,9138088,9138.09
2534,Exit long,2016-05-02 21:00,EOD,2658,514,1364284.5,96375,0.14,147775,0.22,-19275,-0.03,9234462,9234.46
2534,Entry long,2016-05-02 18:30,S1 Trend,2654.25,514,1364284.5,96375,0.14,147775,0.22,-19275,-0.03,9234462,9234.46
2535,Exit short,2016-05-03 18:30,S3 Scalp,2644.75,574,1514642.5,-172200,-0.23,236775,0.31,-172200,-0.23,9062262,9062.26
2535,Entry short,2016-05-03 15:00,S3 Hedge,2638.75,574,1514642.5,-172200,-0.23,236775,0.31,-172200,-0.23,9062262,9062.26
2536,Exit long,2016-05-06 21:00,EOD,2634.5,410,1079530,30750,0.06,46125,0.09,-56375,-0.10,9093012,9093.01
2536,Entry long,2016-05-06 19:30,S1 Trend,2633,410,1079530,30750,0.06,46125,0.09,-56375,-0.10,9093012,9093.01
2537,Exit long,2016-05-10 21:00,EOD,2662,530,1406752.5,205375,0.29,212000,0.30,-66250,-0.09,9298388,9298.39
2537,Entry long,2016-05-10 16:00,S1 Trend,2654.25,530,1406752.5,205375,0.29,212000,0.30,-66250,-0.09,9298388,9298.39
2538,Exit short,2016-05-17 21:00,EOD,2626,465,1222833.75,87187.5,0.14,244125,0.40,-17437.5,-0.03,9385575,9385.58
2538,Entry short,2016-05-17 19:00,S3 Hedge,2629.75,465,1222833.75,87187.5,0.14,244125,0.40,-17437.5,-0.03,9385575,9385.58
2539,Exit long,2016-05-18 19:00,S1 Trail,2627.25,482,1269347,-150625,-0.24,162675,0.26,-156650,-0.25,9234950,9234.95
2539,Entry long,2016-05-18 15:30,S1 Trend,2633.5,482,1269347,-150625,-0.24,162675,0.26,-156650,-0.25,9234950,9234.95
2540,Exit long,2016-06-03 21:00,EOD,2680,472,1265786,-41300,-0.07,23600,0.04,-76700,-0.12,9193650,9193.65
2540,Entry long,2016-06-03 20:00,S1 Trend,2681.75,472,1265786,-41300,-0.07,23600,0.04,-76700,-0.12,9193650,9193.65
2541,Exit short,2016-06-16 16:00,S3 Scalp,2641.5,571,1505156,-157025,-0.21,107062.5,0.14,-157025,-0.21,9036625,9036.63
2541,Entry short,2016-06-16 15:00,S3 Hedge,2636,571,1505156,-157025,-0.21,107062.5,0.14,-157025,-0.21,9036625,9036.63
2542,Exit long,2016-06-20 20:30,S2 FairVal,2668.5,540,1444905,-195750,-0.27,13500,0.02,-195750,-0.27,8840875,8840.88
2542,Entry long,2016-06-20 20:00,S2 VWAP,2675.75,540,1444905,-195750,-0.27,13500,0.02,-195750,-0.27,8840875,8840.88
2543,Exit long,2016-06-21 21:00,EOD,2671.75,513,1371633.75,-51300,-0.07,64125,0.09,-70537.5,-0.10,8789575,8789.58
2543,Entry long,2016-06-21 20:00,S1 Trend,2673.75,513,1371633.75,-51300,-0.07,64125,0.09,-70537.5,-0.10,8789575,8789.58
2544,Exit long,2016-06-23 21:00,EOD,2696.25,483,1298907.75,169050,0.26,175087.5,0.27,-78487.5,-0.12,8958625,8958.63
2544,Entry long,2016-06-23 17:30,S1 Trend,2689.25,483,1298907.75,169050,0.26,175087.5,0.27,-78487.5,-0.12,8958625,8958.63
2545,Exit long,2016-06-28 21:00,EOD,2618.25,348,909672,73950,0.16,78300,0.17,-69600,-0.15,9032575,9032.58
2545,Entry long,2016-06-28 20:00,S1 Trend,2614,348,909672,73950,0.16,78300,0.17,-69600,-0.15,9032575,9032.58
2546,Exit long,2016-06-29 16:30,S1 Climax,2646.25,150,395512.5,71250,0.36,73125,0.37,-9375,-0.05,9103825,9103.83
2546,Entry long,2016-06-29 15:00,S1 Trend,2636.75,150,395512.5,71250,0.36,73125,0.37,-9375,-0.05,9103825,9103.83
2547,Exit long,2016-06-29 17:00,S1 Climax,2648,105,276858.75,59062.5,0.43,65625,0.47,-6562.5,-0.05,9162888,9162.89
2547,Entry long,2016-06-29 15:00,S1 Trend,2636.75,105,276858.75,59062.5,0.43,65625,0.47,-6562.5,-0.05,9162888,9162.89
2548,Exit long,2016-06-29 17:30,S1 Climax,2650.75,74,195119.5,51800,0.53,53650,0.55,-4625,-0.05,9214688,9214.69
2548,Entry long,2016-06-29 15:00,S1 Trend,2636.75,74,195119.5,51800,0.53,53650,0.55,-4625,-0.05,9214688,9214.69
2549,Exit long,2016-06-29 20:30,S1 Climax,2655.5,51,134474.25,47812.5,0.71,49087.5,0.73,-3187.5,-0.05,9262500,9262.50
2549,Entry long,2016-06-29 15:00,S1 Trend,2636.75,51,134474.25,47812.5,0.71,49087.5,0.73,-3187.5,-0.05,9262500,9262.50
2550,Exit long,2016-06-29 21:00,EOD,2653.25,122,321683.5,100650,0.63,117425,0.73,-7625,-0.05,9363150,9363.15
2550,Entry long,2016-06-29 15:00,S1 Trend,2636.75,122,321683.5,100650,0.63,117425,0.73,-7625,-0.05,9363150,9363.15
2551,Exit long,2016-06-30 21:00,EOD,2682.25,435,1159492.5,364312.5,0.63,375187.5,0.65,-32625,-0.06,9727462,9727.46
2551,Entry long,2016-06-30 16:30,S1 Trend,2665.5,435,1159492.5,364312.5,0.63,375187.5,0.65,-32625,-0.06,9727462,9727.46
2552,Exit long,2016-07-06 21:00,EOD,2684.75,373,997495.25,195825,0.39,205150,0.41,-4662.5,-0.01,9923288,9923.29
2552,Entry long,2016-07-06 17:00,S1 Trend,2674.25,373,997495.25,195825,0.39,205150,0.41,-4662.5,-0.01,9923288,9923.29
2553,Exit long,2016-07-07 21:00,EOD,2682.25,510,1366545,70125,0.10,95625,0.14,-159375,-0.23,9993412,9993.41
2553,Entry long,2016-07-07 18:30,S2 VWAP,2679.5,510,1366545,70125,0.10,95625,0.14,-159375,-0.23,9993412,9993.41
2554,Exit long,2016-07-08 16:00,S1 Climax,2706.5,158,426718.5,45425,0.21,49375,0.23,-1975,-0.01,10038838,10038.84
2554,Entry long,2016-07-08 15:00,S1 Trend,2700.75,158,426718.5,45425,0.21,49375,0.23,-1975,-0.01,10038838,10038.84
2555,Exit long,2016-07-08 16:30,S1 Climax,2709,110,297082.5,45375,0.31,50875,0.34,-1375,-0.01,10084212,10084.21
2555,Entry long,2016-07-08 15:00,S1 Trend,2700.75,110,297082.5,45375,0.31,50875,0.34,-1375,-0.01,10084212,10084.21
2556,Exit long,2016-07-08 17:00,S1 Climax,2708.75,77,207957.75,30800,0.30,35612.5,0.34,-962.5,-0.01,10115012,10115.01
2556,Entry long,2016-07-08 15:00,S1 Trend,2700.75,77,207957.75,30800,0.30,35612.5,0.34,-962.5,-0.01,10115012,10115.01
2557,Exit long,2016-07-08 18:00,S1 Climax,2709.25,54,145840.5,22950,0.31,24975,0.34,-675,-0.01,10137962,10137.96
2557,Entry long,2016-07-08 15:00,S1 Trend,2700.75,54,145840.5,22950,0.31,24975,0.34,-675,-0.01,10137962,10137.96
2558,Exit long,2016-07-08 18:30,S1 Climax,2711,38,102628.5,19475,0.38,19950,0.39,-475,-0.01,10157438,10157.44
2558,Entry long,2016-07-08 15:00,S1 Trend,2700.75,38,102628.5,19475,0.38,19950,0.39,-475,-0.01,10157438,10157.44
2559,Exit long,2016-07-08 19:00,S1 Climax,2711.25,27,72920.25,14175,0.39,15525,0.43,-337.5,-0.01,10171612,10171.61
2559,Entry long,2016-07-08 15:00,S1 Trend,2700.75,27,72920.25,14175,0.39,15525,0.43,-337.5,-0.01,10171612,10171.61
2560,Exit long,2016-07-08 19:30,S1 Climax,2713.75,18,48613.5,11700,0.48,12375,0.51,-225,-0.01,10183312,10183.31
2560,Entry long,2016-07-08 15:00,S1 Trend,2700.75,18,48613.5,11700,0.48,12375,0.51,-225,-0.01,10183312,10183.31
2561,Exit long,2016-07-08 20:00,S1 Climax,2714.75,13,35109.75,9100,0.52,10562.5,0.60,-162.5,-0.01,10192412,10192.41
2561,Entry long,2016-07-08 15:00,S1 Trend,2700.75,13,35109.75,9100,0.52,10562.5,0.60,-162.5,-0.01,10192412,10192.41
2562,Exit long,2016-07-08 21:00,EOD,2713.75,32,86424,20800,0.48,26000,0.60,-400,-0.01,10213212,10213.21
2562,Entry long,2016-07-08 15:00,S1 Trend,2700.75,32,86424,20800,0.48,26000,0.60,-400,-0.01,10213212,10213.21
2563,Exit long,2016-07-14 20:00,S2 FairVal,2750.25,596,1636467,134100,0.16,134100,0.16,-22350,-0.03,10347312,10347.31
2563,Entry long,2016-07-14 19:00,S2 VWAP,2745.75,596,1636467,134100,0.16,134100,0.16,-22350,-0.03,10347312,10347.31
2564,Exit long,2016-07-15 20:30,S2 FairVal,2748,606,1663167,106050,0.13,106050,0.13,-45450,-0.05,10453362,10453.36
2564,Entry long,2016-07-15 18:30,S2 VWAP,2744.5,606,1663167,106050,0.13,106050,0.13,-45450,-0.05,10453362,10453.36
2565,Exit long,2016-09-06 04:00,S2 FairVal,2771.25,1508,4174521,226200,0.11,226200,0.11,-37700,-0.02,10679562,10679.56
2565,Entry long,2016-09-05 16:30,S2 VWAP,2768.25,1508,4174521,226200,0.11,226200,0.11,-37700,-0.02,10679562,10679.56
2566,Exit long,2016-09-07 19:00,S2 FairVal,2774,1066,2955751.5,66625,0.05,66625,0.05,-199875,-0.14,10746188,10746.19
2566,Entry long,2016-09-07 17:00,S2 VWAP,2772.75,1066,2955751.5,66625,0.05,66625,0.05,-199875,-0.14,10746188,10746.19
2567,Exit short,2016-09-09 18:00,S3 Scalp,2737.25,747,2052195.75,373500,0.36,373500,0.36,-18675,-0.02,11119688,11119.69
2567,Entry short,2016-09-09 16:00,S3 Hedge,2747.25,747,2052195.75,373500,0.36,373500,0.36,-18675,-0.02,11119688,11119.69
2568,Exit short,2016-09-09 20:30,S3 Scalp,2723,630,1723522.5,401625,0.47,401625,0.47,-7875,-0.01,11521312,11521.31
2568,Entry short,2016-09-09 18:30,S3 Hedge,2735.75,630,1723522.5,401625,0.47,401625,0.47,-7875,-0.01,11521312,11521.31
2569,Exit long,2016-09-12 21:00,EOD,2749,374,1027004,56100,0.11,154275,0.30,0,0.00,11577412,11577.41
2569,Entry long,2016-09-12 19:30,S1 Trend,2746,374,1027004,56100,0.11,154275,0.30,0,0.00,11577412,11577.41
2570,Exit short,2016-09-13 18:30,S3 Scalp,2724,525,1424718.75,-269062.5,-0.38,91875,0.13,-288750,-0.41,11308350,11308.35
2570,Entry short,2016-09-13 18:00,S3 Hedge,2713.75,525,1424718.75,-269062.5,-0.38,91875,0.13,-288750,-0.41,11308350,11308.35
2571,Exit long,2016-09-15 21:00,EOD,2738,486,1326415.5,212625,0.32,321975,0.49,-24300,-0.04,11520975,11520.98
2571,Entry long,2016-09-15 16:00,S1 Trend,2729.25,486,1326415.5,212625,0.32,321975,0.49,-24300,-0.04,11520975,11520.98
2572,Exit short,2016-09-19 21:00,EOD,2729,746,2039937,205150,0.20,326375,0.32,-93250,-0.09,11726125,11726.13
2572,Entry short,2016-09-19 17:30,S3 Hedge,2734.5,746,2039937,205150,0.20,326375,0.32,-93250,-0.09,11726125,11726.13
2573,Exit long,2016-09-21 21:00,EOD,2753.25,572,1564277,529100,0.68,593450,0.76,-21450,-0.03,12255225,12255.23
2573,Entry long,2016-09-21 19:30,S1 Trend,2734.75,572,1564277,529100,0.68,593450,0.76,-21450,-0.03,12255225,12255.23
2574,Exit long,2016-09-23 20:30,S2 FairVal,2760.5,961,2649717.25,156162.5,0.12,156162.5,0.12,-48050,-0.04,12411388,12411.39
2574,Entry long,2016-09-23 19:30,S2 VWAP,2757.25,961,2649717.25,156162.5,0.12,156162.5,0.12,-48050,-0.04,12411388,12411.39
2575,Exit short,2016-09-26 15:30,S3 Scalp,2745.5,964,2642324,-216900,-0.16,60250,0.05,-277150,-0.21,12194488,12194.49
2575,Entry short,2016-09-26 15:00,S3 Hedge,2741,964,2642324,-216900,-0.16,60250,0.05,-277150,-0.21,12194488,12194.49
2576,Exit long,2016-09-27 21:00,EOD,2750.75,559,1536970.5,34937.5,0.05,69875,0.09,-76862.5,-0.10,12229425,12229.43
2576,Entry long,2016-09-27 17:30,S1 Trend,2749.5,559,1536970.5,34937.5,0.05,69875,0.09,-76862.5,-0.10,12229425,12229.43
2577,Exit long,2016-09-28 21:00,EOD,2762,613,1691267,91950,0.11,130262.5,0.15,-76625,-0.09,12321375,12321.38
2577,Entry long,2016-09-28 19:30,S1 Trend,2759,613,1691267,91950,0.11,130262.5,0.15,-76625,-0.09,12321375,12321.38
2578,Exit long,2016-09-30 21:00,EOD,2758.5,618,1699500,262650,0.31,502125,0.59,-23175,-0.03,12584025,12584.03
2578,Entry long,2016-09-30 15:00,S1 Trend,2750,618,1699500,262650,0.31,502125,0.59,-23175,-0.03,12584025,12584.03
2579,Exit short,2016-10-11 20:30,S3 Scalp,2730.75,635,1729740,-214312.5,-0.25,134937.5,0.16,-214312.5,-0.25,12369712,12369.71
2579,Entry short,2016-10-11 19:00,S3 Hedge,2724,635,1729740,-214312.5,-0.25,134937.5,0.16,-214312.5,-0.25,12369712,12369.71
2580,Exit long,2016-10-25 15:30,S2 FairVal,2737.25,1223,3353160.25,-275175,-0.16,122300,0.07,-275175,-0.16,12094538,12094.54
2580,Entry long,2016-10-25 15:00,S2 VWAP,2741.75,1223,3353160.25,-275175,-0.16,122300,0.07,-275175,-0.16,12094538,12094.54
2581,Exit long,2016-10-28 18:00,S1 Trail,2723,678,1851448.5,-262725,-0.28,84750,0.09,-262725,-0.28,11831812,11831.81
2581,Entry long,2016-10-28 16:00,S1 Trend,2730.75,678,1851448.5,-262725,-0.28,84750,0.09,-262725,-0.28,11831812,11831.81
2582,Exit long,2016-11-08 21:00,EOD,2734.25,653,1787261,-89787.5,-0.10,73462.5,0.08,-253037.5,-0.28,11742025,11742.03
2582,Entry long,2016-11-08 18:30,S1 Trend,2737,653,1787261,-89787.5,-0.10,73462.5,0.08,-253037.5,-0.28,11742025,11742.03
2583,Exit long,2016-11-09 21:00,EOD,2757.5,153,418799.25,154912.5,0.74,210375,1.00,-105187.5,-0.50,11896938,11896.94
2583,Entry long,2016-11-09 15:00,S1 Trend,2737.25,153,418799.25,154912.5,0.74,210375,1.00,-105187.5,-0.50,11896938,11896.94
2584,Exit long,2016-11-22 18:00,S2 FairVal,2795.25,1095,3058061.25,136875,0.09,136875,0.09,-27375,-0.02,12033812,12033.81
2584,Entry long,2016-11-22 17:30,S2 VWAP,2792.75,1095,3058061.25,136875,0.09,136875,0.09,-27375,-0.02,12033812,12033.81
2585,Exit long,2016-12-12 17:00,S2 FairVal,2850.5,876,2502075,-251850,-0.20,65700,0.05,-251850,-0.20,11781962,11781.96
2585,Entry long,2016-12-12 16:00,S2 VWAP,2856.25,876,2502075,-251850,-0.20,65700,0.05,-251850,-0.20,11781962,11781.96
2586,Exit long,2016-12-12 21:00,EOD,2855,830,2368405,62250,0.05,93375,0.08,-93375,-0.08,11844212,11844.21
2586,Entry long,2016-12-12 18:30,S2 VWAP,2853.5,830,2368405,62250,0.05,93375,0.08,-93375,-0.08,11844212,11844.21
2587,Exit long,2016-12-14 15:30,S2 FairVal,2868.75,1169,3353276.5,14612.5,0.01,14612.5,0.01,-204575,-0.12,11858825,11858.83
2587,Entry long,2016-12-14 15:00,S2 VWAP,2868.5,1169,3353276.5,14612.5,0.01,14612.5,0.01,-204575,-0.12,11858825,11858.83
2588,Exit long,2016-12-15 18:30,S1 Trail,2858.5,608,1741464,-174800,-0.20,212800,0.24,-174800,-0.20,11684025,11684.03
2588,Entry long,2016-12-15 15:00,S1 Trend,2864.25,608,1741464,-174800,-0.20,212800,0.24,-174800,-0.20,11684025,11684.03
2589,Exit long,2016-12-16 18:00,S2 FairVal,2854.5,731,2091756.5,-255850,-0.24,27412.5,0.03,-255850,-0.24,11428175,11428.18
2589,Entry long,2016-12-16 17:00,S2 VWAP,2861.5,731,2091756.5,-255850,-0.24,27412.5,0.03,-255850,-0.24,11428175,11428.18
2590,Exit long,2017-01-05 18:00,S2 FairVal,2864.25,807,2309432.25,100875,0.09,100875,0.09,-60525,-0.05,11529050,11529.05
2590,Entry long,2017-01-05 17:30,S2 VWAP,2861.75,807,2309432.25,100875,0.09,100875,0.09,-60525,-0.05,11529050,11529.05
2591,Exit long,2017-01-16 16:00,S2 FairVal,2870.75,1762,5056499.5,88100,0.03,88100,0.03,-44050,-0.02,11617150,11617.15
2591,Entry long,2017-01-16 15:30,S2 VWAP,2869.75,1762,5056499.5,88100,0.03,88100,0.03,-44050,-0.02,11617150,11617.15
2592,Exit long,2017-01-20 20:00,S2 FairVal,2870,810,2323890,40500,0.03,40500,0.03,-212625,-0.18,11657650,11657.65
2592,Entry long,2017-01-20 18:30,S2 VWAP,2869,810,2323890,40500,0.03,40500,0.03,-212625,-0.18,11657650,11657.65
2593,Exit long,2017-02-28 15:30,S2 FairVal,2969.25,1486,4410448,92875,0.04,185750,0.08,-37150,-0.02,11750525,11750.53
2593,Entry long,2017-02-28 15:00,S2 VWAP,2968,1486,4410448,92875,0.04,185750,0.08,-37150,-0.02,11750525,11750.53
2594,Exit long,2017-03-02 20:00,S2 FairVal,2985.25,999,2987259.75,-249750,-0.17,62437.5,0.04,-249750,-0.17,11500775,11500.78
2594,Entry long,2017-03-02 17:00,S2 VWAP,2990.25,999,2987259.75,-249750,-0.17,62437.5,0.04,-249750,-0.17,11500775,11500.78
2595,Exit long,2017-03-10 17:30,S2 FairVal,2968.75,800,2379600,-230000,-0.19,20000,0.02,-230000,-0.19,11270775,11270.78
2595,Entry long,2017-03-10 16:30,S2 VWAP,2974.5,800,2379600,-230000,-0.19,20000,0.02,-230000,-0.19,11270775,11270.78
2596,Exit long,2017-04-07 21:00,EOD,2959.25,541,1604065,-155537.5,-0.19,67625,0.08,-182587.5,-0.23,11115238,11115.24
2596,Entry long,2017-04-07 18:30,S1 Trend,2965,541,1604065,-155537.5,-0.19,67625,0.08,-182587.5,-0.23,11115238,11115.24
2597,Exit long,2017-04-10 18:30,S2 FairVal,2964.25,642,1902727.5,16050,0.02,48150,0.05,-24075,-0.03,11131288,11131.29
2597,Entry long,2017-04-10 18:00,S2 VWAP,2963.75,642,1902727.5,16050,0.02,48150,0.05,-24075,-0.03,11131288,11131.29
2598,Exit short,2017-04-18 18:30,S3 Scalp,2945,648,1904796,-178200,-0.19,81000,0.09,-178200,-0.19,10953088,10953.09
2598,Entry short,2017-04-18 17:00,S3 Hedge,2939.5,648,1904796,-178200,-0.19,81000,0.09,-178200,-0.19,10953088,10953.09
2599,Exit short,2017-04-19 21:00,EOD,2941,743,2185534.5,18575,0.02,130025,0.12,-83587.5,-0.08,10971662,10971.66
2599,Entry short,2017-04-19 20:00,S3 Hedge,2941.5,743,2185534.5,18575,0.02,130025,0.12,-83587.5,-0.08,10971662,10971.66
2600,Exit long,2017-05-09 20:30,S2 FairVal,2997.75,1072,3218144,-227800,-0.14,26800,0.02,-227800,-0.14,10743862,10743.86
2600,Entry long,2017-05-09 19:00,S2 VWAP,3002,1072,3218144,-227800,-0.14,26800,0.02,-227800,-0.14,10743862,10743.86
2601,Exit short,2017-05-17 19:00,S3 Scalp,2968.75,670,1997772.5,435500,0.44,435500,0.44,-67000,-0.07,11179362,11179.36
2601,Entry short,2017-05-17 15:00,S3 Hedge,2981.75,670,1997772.5,435500,0.44,435500,0.44,-67000,-0.07,11179362,11179.36
2602,Exit short,2017-05-17 21:00,EOD,2962.5,500,1484375,156250,0.21,181250,0.24,-112500,-0.15,11335612,11335.61
2602,Entry short,2017-05-17 19:30,S3 Hedge,2968.75,500,1484375,156250,0.21,181250,0.24,-112500,-0.15,11335612,11335.61
2603,Exit long,2017-06-02 15:30,S2 FairVal,3038,970,2944677.5,109125,0.07,109125,0.07,-36375,-0.02,11444738,11444.74
2603,Entry long,2017-06-02 15:00,S2 VWAP,3035.75,970,2944677.5,109125,0.07,109125,0.07,-36375,-0.02,11444738,11444.74
2604,Exit short,2017-06-29 20:00,S3 Scalp,3030.25,557,1683254,-229762.5,-0.27,306350,0.36,-229762.5,-0.27,11214975,11214.98
2604,Entry short,2017-06-29 18:00,S3 Hedge,3022,557,1683254,-229762.5,-0.27,306350,0.36,-229762.5,-0.27,11214975,11214.98
2605,Exit short,2017-07-04 08:00,S3 Scalp,3036,776,2353220,-135800,-0.12,97000,0.08,-145500,-0.12,11079175,11079.18
2605,Entry short,2017-07-03 23:00,S3 Hedge,3032.5,776,2353220,-135800,-0.12,97000,0.08,-145500,-0.12,11079175,11079.18
2606,Exit long,2017-07-18 15:30,S2 FairVal,3057.25,1148,3514602,-243950,-0.14,114800,0.07,-243950,-0.14,10835225,10835.23
2606,Entry long,2017-07-18 15:00,S2 VWAP,3061.5,1148,3514602,-243950,-0.14,114800,0.07,-243950,-0.14,10835225,10835.23
2607,Exit short,2017-08-10 19:00,S3 Scalp,3060,642,1960989,-176550,-0.18,96300,0.10,-176550,-0.18,10658675,10658.68
2607,Entry short,2017-08-10 17:30,S3 Hedge,3054.5,642,1960989,-176550,-0.18,96300,0.10,-176550,-0.18,10658675,10658.68
2608,Exit long,2017-08-15 19:00,S2 FairVal,3074,808,2481570,111100,0.09,111100,0.09,-80800,-0.07,10769775,10769.78
2608,Entry long,2017-08-15 16:00,S2 VWAP,3071.25,808,2481570,111100,0.09,111100,0.09,-80800,-0.07,10769775,10769.78
2609,Exit long,2017-08-16 21:00,EOD,3076,719,2211464.25,8987.5,0.01,35950,0.03,-71900,-0.07,10778762,10778.76
2609,Entry long,2017-08-16 20:00,S2 VWAP,3075.75,719,2211464.25,8987.5,0.01,35950,0.03,-71900,-0.07,10778762,10778.76
2610,Exit short,2017-08-17 20:00,S3 Scalp,3044.75,592,1809744,362600,0.40,362600,0.40,0,0.00,11141362,11141.36
2610,Entry short,2017-08-17 17:30,S3 Hedge,3057,592,1809744,362600,0.40,362600,0.40,0,0.00,11141362,11141.36
2611,Exit long,2017-08-23 15:30,S2 FairVal,3054.25,1001,3056803.75,25025,0.02,62562.5,0.04,-187687.5,-0.12,11166388,11166.39
2611,Entry long,2017-08-23 15:00,S2 VWAP,3053.75,1001,3056803.75,25025,0.02,62562.5,0.04,-187687.5,-0.12,11166388,11166.39
2612,Exit long,2017-10-03 16:30,S2 FairVal,3138.5,1630,5114532.5,61125,0.02,61125,0.02,-122250,-0.05,11227512,11227.51
2612,Entry long,2017-10-03 16:00,S2 VWAP,3137.75,1630,5114532.5,61125,0.02,61125,0.02,-122250,-0.05,11227512,11227.51
2613,Exit long,2017-10-16 18:30,S2 FairVal,3164.5,1353,4279539,101475,0.05,101475,0.05,-33825,-0.02,11328988,11328.99
2613,Entry long,2017-10-16 18:00,S2 VWAP,3163,1353,4279539,101475,0.05,101475,0.05,-33825,-0.02,11328988,11328.99
2614,Exit long,2017-10-30 14:30,S2 FairVal,3186.5,1365,4346842.5,136500,0.06,170625,0.08,-51187.5,-0.02,11465488,11465.49
2614,Entry long,2017-10-30 14:00,S2 VWAP,3184.5,1365,4346842.5,136500,0.06,170625,0.08,-51187.5,-0.02,11465488,11465.49
2615,Exit long,2017-10-30 20:00,EOD,3179.75,966,3071638.5,0,0.00,120750,0.08,-120750,-0.08,11465488,11465.49
2615,Entry long,2017-10-30 17:00,S2 VWAP,3179.75,966,3071638.5,0,0.00,120750,0.08,-120750,-0.08,11465488,11465.49
2616,Exit long,2017-11-01 17:00,S2 FairVal,3183.75,999,3185311.5,-237262.5,-0.15,24975,0.02,-237262.5,-0.15,11228225,11228.23
2616,Entry long,2017-11-01 16:30,S2 VWAP,3188.5,999,3185311.5,-237262.5,-0.15,24975,0.02,-237262.5,-0.15,11228225,11228.23
2617,Exit long,2017-11-07 20:30,S2 FairVal,3197.75,898,2868436.5,157150,0.11,157150,0.11,-56125,-0.04,11385375,11385.38
2617,Entry long,2017-11-07 17:30,S2 VWAP,3194.25,898,2868436.5,157150,0.11,157150,0.11,-56125,-0.04,11385375,11385.38
2618,Exit short,2017-11-15 15:30,S3 Scalp,3174,716,2268825,-187950,-0.17,26850,0.02,-214800,-0.19,11197425,11197.43
2618,Entry short,2017-11-15 15:00,S3 Hedge,3168.75,716,2268825,-187950,-0.17,26850,0.02,-214800,-0.19,11197425,11197.43
2619,Exit long,2017-11-29 20:30,S2 FairVal,3236.5,737,2383642.25,82912.5,0.07,101337.5,0.09,-82912.5,-0.07,11280338,11280.34
2619,Entry long,2017-11-29 17:30,S2 VWAP,3234.25,737,2383642.25,82912.5,0.07,101337.5,0.09,-82912.5,-0.07,11280338,11280.34
2620,Exit long,2017-12-04 19:30,S2 FairVal,3257.75,612,1998639,-244800,-0.24,76500,0.08,-244800,-0.24,11035538,11035.54
2620,Entry long,2017-12-04 16:30,S2 VWAP,3265.75,612,1998639,-244800,-0.24,76500,0.08,-244800,-0.24,11035538,11035.54
2621,Exit long,2018-01-16 18:30,S2 FairVal,3393.75,615,2091768.75,-230625,-0.22,7687.5,0.01,-230625,-0.22,10804912,10804.91
2621,Entry long,2018-01-16 17:30,S2 VWAP,3401.25,615,2091768.75,-230625,-0.22,7687.5,0.01,-230625,-0.22,10804912,10804.91
2622,Exit long,2018-01-24 19:00,S2 FairVal,3449.5,461,1585724.75,224737.5,0.28,224737.5,0.28,0,0.00,11029650,11029.65
2622,Entry long,2018-01-24 18:30,S2 VWAP,3439.75,461,1585724.75,224737.5,0.28,224737.5,0.28,0,0.00,11029650,11029.65
2623,Exit long,2018-01-29 17:30,S2 FairVal,3472.75,536,1858714,134000,0.14,140700,0.15,-33500,-0.04,11163650,11163.65
2623,Entry long,2018-01-29 16:30,S2 VWAP,3467.75,536,1858714,134000,0.14,140700,0.15,-33500,-0.04,11163650,11163.65
2624,Exit long,2018-02-01 19:00,S1 Trail,3426.75,453,1559452.5,-356737.5,-0.46,11325,0.01,-356737.5,-0.46,10806912,10806.91
2624,Entry long,2018-02-01 18:30,S1 Trend,3442.5,453,1559452.5,-356737.5,-0.46,11325,0.01,-356737.5,-0.46,10806912,10806.91
2625,Exit short,2018-02-02 20:30,S3 Scalp,3367.25,330,1118865,383625,0.69,383625,0.69,-4125,-0.01,11190538,11190.54
2625,Entry short,2018-02-02 19:00,S3 Hedge,3390.5,330,1118865,383625,0.69,383625,0.69,-4125,-0.01,11190538,11190.54
2626,Exit long,2018-02-07 18:00,S1 Trail,3298.25,200,662200,-127500,-0.39,232500,0.70,-127500,-0.39,11063038,11063.04
2626,Entry long,2018-02-07 15:00,S1 Trend,3311,200,662200,-127500,-0.39,232500,0.70,-127500,-0.39,11063038,11063.04
2627,Exit long,2018-02-12 21:00,EOD,3261.25,251,814620.5,197662.5,0.49,420425,1.03,-225900,-0.55,11260700,11260.70
2627,Entry long,2018-02-12 15:00,S1 Trend,3245.5,251,814620.5,197662.5,0.49,420425,1.03,-225900,-0.55,11260700,11260.70
2628,Exit long,2018-02-13 21:00,EOD,3269.25,329,1069825.75,287875,0.54,382462.5,0.71,-74025,-0.14,11548575,11548.58
2628,Entry long,2018-02-13 15:30,S1 Trend,3251.75,329,1069825.75,287875,0.54,382462.5,0.71,-74025,-0.14,11548575,11548.58
2629,Exit long,2018-02-14 21:00,EOD,3306.25,242,793457.5,332750,0.84,369050,0.93,-51425,-0.13,11881325,11881.33
2629,Entry long,2018-02-14 16:00,S1 Trend,3278.75,242,793457.5,332750,0.84,369050,0.93,-51425,-0.13,11881325,11881.33
2630,Exit long,2018-02-15 17:00,S2 FairVal,3315.5,318,1053772.5,27825,0.05,67575,0.13,-67575,-0.13,11909150,11909.15
2630,Entry long,2018-02-15 16:30,S2 VWAP,3313.75,318,1053772.5,27825,0.05,67575,0.13,-67575,-0.13,11909150,11909.15
2631,Exit long,2018-02-15 21:00,EOD,3339.25,327,1086539.25,269775,0.50,269775,0.50,-49050,-0.09,12178925,12178.93
2631,Entry long,2018-02-15 18:30,S1 Trend,3322.75,327,1086539.25,269775,0.50,269775,0.50,-49050,-0.09,12178925,12178.93
2632,Exit long,2018-02-16 15:30,S2 FairVal,3345,476,1588055,208250,0.26,208250,0.26,-71400,-0.09,12387175,12387.18
2632,Entry long,2018-02-16 15:00,S2 VWAP,3336.25,476,1588055,208250,0.26,208250,0.26,-71400,-0.09,12387175,12387.18
2633,Exit long,2018-02-16 18:00,S1 Trail,3342.75,419,1403231,-130937.5,-0.19,277587.5,0.40,-130937.5,-0.19,12256238,12256.24
2633,Entry long,2018-02-16 16:30,S1 Trend,3349,419,1403231,-130937.5,-0.19,277587.5,0.40,-130937.5,-0.19,12256238,12256.24
2634,Exit long,2018-02-19 17:30,S2 FairVal,3340.25,644,2144359,338100,0.32,338100,0.32,-88550,-0.08,12594338,12594.34
2634,Entry long,2018-02-19 16:00,S2 VWAP,3329.75,644,2144359,338100,0.32,338100,0.32,-88550,-0.08,12594338,12594.34
2635,Exit long,2018-02-20 19:30,S1 Trail,3327,487,1622318.75,-103487.5,-0.13,340900,0.42,-146100,-0.18,12490850,12490.85
2635,Entry long,2018-02-20 15:00,S1 Trend,3331.25,487,1622318.75,-103487.5,-0.13,340900,0.42,-146100,-0.18,12490850,12490.85
2636,Exit long,2018-02-21 19:30,S1 Trail,3336.75,505,1684048.75,50500,0.06,517625,0.61,-82062.5,-0.10,12541350,12541.35
2636,Entry long,2018-02-21 15:00,S1 Trend,3334.75,505,1684048.75,50500,0.06,517625,0.61,-82062.5,-0.10,12541350,12541.35
2637,Exit long,2018-02-22 18:30,S1 Trail,3317.5,416,1381224,-57200,-0.08,379600,0.55,-93600,-0.14,12484150,12484.15
2637,Entry long,2018-02-22 15:00,S1 Trend,3320.25,416,1381224,-57200,-0.08,379600,0.55,-93600,-0.14,12484150,12484.15
2638,Exit long,2018-02-23 21:00,EOD,3354.75,468,1558557,573300,0.74,579150,0.74,-29250,-0.04,13057450,13057.45
2638,Entry long,2018-02-23 16:30,S1 Trend,3330.25,468,1558557,573300,0.74,579150,0.74,-29250,-0.04,13057450,13057.45
2639,Exit long,2018-02-26 21:00,EOD,3387,523,1765909.5,274575,0.31,300725,0.34,-91525,-0.10,13332025,13332.02
2639,Entry long,2018-02-26 17:30,S1 Trend,3376.5,523,1765909.5,274575,0.31,300725,0.34,-91525,-0.10,13332025,13332.02
2640,Exit long,2018-02-27 16:00,S1 Trail,3376.75,555,1883670,-478687.5,-0.51,27750,0.03,-561937.5,-0.60,12853338,12853.34
2640,Entry long,2018-02-27 15:30,S1 Trend,3394,555,1883670,-478687.5,-0.51,27750,0.03,-561937.5,-0.60,12853338,12853.34
2641,Exit long,2018-02-27 20:00,S2 FairVal,3362,410,1384672.5,-312625,-0.45,102500,0.15,-312625,-0.45,12540712,12540.71
2641,Entry long,2018-02-27 16:30,S2 VWAP,3377.25,410,1384672.5,-312625,-0.45,102500,0.15,-312625,-0.45,12540712,12540.71
2642,Exit long,2018-02-28 15:30,S1 Trail,3353.75,502,1691363.5,-389050,-0.46,6275,0.01,-389050,-0.46,12151662,12151.66
2642,Entry long,2018-02-28 15:00,S1 Trend,3369.25,502,1691363.5,-389050,-0.46,6275,0.01,-389050,-0.46,12151662,12151.66
2643,Exit long,2018-03-05 21:00,EOD,3328.5,331,1093210.25,426162.5,0.78,537875,0.98,-20687.5,-0.04,12577825,12577.83
2643,Entry long,2018-03-05 16:00,S1 Trend,3302.75,331,1093210.25,426162.5,0.78,537875,0.98,-20687.5,-0.04,12577825,12577.83
2644,Exit short,2018-03-06 17:30,S3 Scalp,3332.25,418,1388805,-203775,-0.29,99275,0.14,-203775,-0.29,12374050,12374.05
2644,Entry short,2018-03-06 16:00,S3 Hedge,3322.5,418,1388805,-203775,-0.29,99275,0.14,-203775,-0.29,12374050,12374.05
2645,Exit long,2018-03-07 21:00,EOD,3333.75,340,1127695,289000,0.51,357000,0.63,-144500,-0.26,12663050,12663.05
2645,Entry long,2018-03-07 15:00,S1 Trend,3316.75,340,1127695,289000,0.51,357000,0.63,-144500,-0.26,12663050,12663.05
2646,Exit long,2018-03-09 18:30,S1 Climax,3384.25,134,451580,95475,0.42,102175,0.45,-10050,-0.04,12758525,12758.53
2646,Entry long,2018-03-09 15:30,S1 Trend,3370,134,451580,95475,0.42,102175,0.45,-10050,-0.04,12758525,12758.53
2647,Exit long,2018-03-09 19:00,S1 Climax,3385.25,93,313410,70912.5,0.45,75562.5,0.48,-6975,-0.04,12829438,12829.44
2647,Entry long,2018-03-09 15:30,S1 Trend,3370,93,313410,70912.5,0.45,75562.5,0.48,-6975,-0.04,12829438,12829.44
2648,Exit long,2018-03-09 19:30,S1 Climax,3385.25,66,222420,50325,0.45,61050,0.55,-4950,-0.04,12879762,12879.76
2648,Entry long,2018-03-09 15:30,S1 Trend,3370,66,222420,50325,0.45,61050,0.55,-4950,-0.04,12879762,12879.76
2649,Exit long,2018-03-09 20:00,S1 Climax,3387.75,46,155020,40825,0.53,42550,0.55,-3450,-0.04,12920588,12920.59
2649,Entry long,2018-03-09 15:30,S1 Trend,3370,46,155020,40825,0.53,42550,0.55,-3450,-0.04,12920588,12920.59
2650,Exit long,2018-03-09 20:30,S1 Climax,3387.75,32,107840,28400,0.53,30800,0.57,-2400,-0.04,12948988,12948.99
2650,Entry long,2018-03-09 15:30,S1 Trend,3370,32,107840,28400,0.53,30800,0.57,-2400,-0.04,12948988,12948.99
2651,Exit long,2018-03-09 21:00,EOD,3393.75,76,256120,90250,0.70,93100,0.73,-5700,-0.04,13039238,13039.24
2651,Entry long,2018-03-09 15:30,S1 Trend,3370,76,256120,90250,0.70,93100,0.73,-5700,-0.04,13039238,13039.24
2652,Exit long,2018-03-12 17:30,S2 FairVal,3396.5,587,1991250.75,124737.5,0.13,124737.5,0.13,-58700,-0.06,13163975,13163.97
2652,Entry long,2018-03-12 16:00,S2 VWAP,3392.25,587,1991250.75,124737.5,0.13,124737.5,0.13,-58700,-0.06,13163975,13163.97
2653,Exit long,2018-03-13 18:30,S2 FairVal,3375.75,514,1740918,-289125,-0.33,89950,0.10,-289125,-0.33,12874850,12874.85
2653,Entry long,2018-03-13 17:00,S2 VWAP,3387,514,1740918,-289125,-0.33,89950,0.10,-289125,-0.33,12874850,12874.85
2654,Exit short,2018-03-19 16:30,S3 Scalp,3312.75,521,1735060.25,455875,0.53,455875,0.53,-52100,-0.06,13330725,13330.73
2654,Entry short,2018-03-19 15:00,S3 Hedge,3330.25,521,1735060.25,455875,0.53,455875,0.53,-52100,-0.06,13330725,13330.73
2655,Exit short,2018-03-19 19:30,S3 Scalp,3316.25,400,1321900,-230000,-0.35,100000,0.15,-230000,-0.35,13100725,13100.73
2655,Entry short,2018-03-19 17:30,S3 Hedge,3304.75,400,1321900,-230000,-0.35,100000,0.15,-230000,-0.35,13100725,13100.73
2656,Exit long,2018-03-21 20:00,EOD,3317.25,482,1606747,-391625,-0.49,54225,0.07,-445850,-0.55,12709100,12709.10
2656,Entry long,2018-03-21 18:30,S1 Trend,3333.5,482,1606747,-391625,-0.49,54225,0.07,-445850,-0.55,12709100,12709.10
2657,Exit short,2018-03-22 17:30,S3 Scalp,3294,335,1098548.75,-247062.5,-0.45,226125,0.41,-247062.5,-0.45,12462038,12462.04
2657,Entry short,2018-03-22 15:00,S3 Hedge,3279.25,335,1098548.75,-247062.5,-0.45,226125,0.41,-247062.5,-0.45,12462038,12462.04
2658,Exit long,2018-03-29 21:00,EOD,3244.25,343,1110205.25,128625,0.23,433037.5,0.78,-124337.5,-0.22,12590662,12590.66
2658,Entry long,2018-03-29 16:00,S1 Trend,3236.75,343,1110205.25,128625,0.23,433037.5,0.78,-124337.5,-0.22,12590662,12590.66
2659,Exit long,2018-04-04 21:00,EOD,3245.75,261,836896.5,512212.5,1.22,597037.5,1.43,-48937.5,-0.12,13102875,13102.88
2659,Entry long,2018-04-04 16:30,S1 Trend,3206.5,261,836896.5,512212.5,1.22,597037.5,1.43,-48937.5,-0.12,13102875,13102.88
2660,Exit long,2018-04-05 18:30,S1 Trail,3254.75,394,1289069.5,-334900,-0.52,59100,0.09,-334900,-0.52,12767975,12767.98
2660,Entry long,2018-04-05 16:30,S1 Trend,3271.75,394,1289069.5,-334900,-0.52,59100,0.09,-334900,-0.52,12767975,12767.98
2661,Exit long,2018-04-06 16:00,S1 Trail,3232.25,316,1028343,-347600,-0.68,39500,0.08,-347600,-0.68,12420375,12420.38
2661,Entry long,2018-04-06 15:00,S1 Trend,3254.25,316,1028343,-347600,-0.68,39500,0.08,-347600,-0.68,12420375,12420.38
2662,Exit long,2018-04-06 18:30,S2 FairVal,3221,256,829760,-259200,-0.62,0,0.00,-259200,-0.62,12161175,12161.18
2662,Entry long,2018-04-06 18:00,S2 VWAP,3241.25,256,829760,-259200,-0.62,0,0.00,-259200,-0.62,12161175,12161.18
2663,Exit long,2018-04-09 20:00,S1 Trail,3236.5,382,1236152,9550,0.02,386775,0.63,-52525,-0.08,12170725,12170.73
2663,Entry long,2018-04-09 16:00,S1 Trend,3236,382,1236152,9550,0.02,386775,0.63,-52525,-0.08,12170725,12170.73
2664,Exit long,2018-04-10 17:00,S1 Trail,3242.25,352,1145584,-215600,-0.38,193600,0.34,-215600,-0.38,11955125,11955.13
2664,Entry long,2018-04-10 15:30,S1 Trend,3254.5,352,1145584,-215600,-0.38,193600,0.34,-215600,-0.38,11955125,11955.13
2665,Exit long,2018-04-11 20:00,S1 Trail,3243.5,432,1404756,-178200,-0.25,259200,0.37,-194400,-0.28,11776925,11776.93
2665,Entry long,2018-04-11 15:00,S1 Trend,3251.75,432,1404756,-178200,-0.25,259200,0.37,-194400,-0.28,11776925,11776.93
2666,Exit long,2018-04-12 18:30,S1 Trail,3258.5,474,1550928,-319950,-0.41,77025,0.10,-319950,-0.41,11456975,11456.98
2666,Entry long,2018-04-12 15:00,S1 Trend,3272,474,1550928,-319950,-0.41,77025,0.10,-319950,-0.41,11456975,11456.98
2667,Exit long,2018-04-13 15:30,S1 Trail,3259.25,529,1731417,-363687.5,-0.42,52900,0.06,-370300,-0.43,11093288,11093.29
2667,Entry long,2018-04-13 15:00,S1 Trend,3273,529,1731417,-363687.5,-0.42,52900,0.06,-370300,-0.43,11093288,11093.29
2668,Exit short,2018-04-13 17:00,S3 Scalp,3266.75,414,1348708.5,-186300,-0.28,87975,0.13,-186300,-0.28,10906988,10906.99
2668,Entry short,2018-04-13 16:00,S3 Hedge,3257.75,414,1348708.5,-186300,-0.28,87975,0.13,-186300,-0.28,10906988,10906.99
2669,Exit long,2018-04-16 21:00,EOD,3280.5,450,1475325,45000,0.06,247500,0.34,-39375,-0.05,10951988,10951.99
2669,Entry long,2018-04-16 17:30,S1 Trend,3278.5,450,1475325,45000,0.06,247500,0.34,-39375,-0.05,10951988,10951.99
2670,Exit short,2018-04-25 15:30,S3 Scalp,3226.75,333,1070928,-178987.5,-0.33,20812.5,0.04,-212287.5,-0.40,10773000,10773.00
2670,Entry short,2018-04-25 15:00,S3 Hedge,3216,333,1070928,-178987.5,-0.33,20812.5,0.04,-212287.5,-0.40,10773000,10773.00
2671,Exit long,2018-04-26 21:00,EOD,3268.75,463,1508685.5,237287.5,0.31,451425,0.60,-92600,-0.12,11010288,11010.29
2671,Entry long,2018-04-26 15:30,S1 Trend,3258.5,463,1508685.5,237287.5,0.31,451425,0.60,-92600,-0.12,11010288,11010.29
2672,Exit short,2018-05-01 19:00,S3 Scalp,3241.25,443,1429893.25,-299025,-0.42,5537.5,0.01,-304562.5,-0.43,10711262,10711.26
2672,Entry short,2018-05-01 18:30,S3 Hedge,3227.75,443,1429893.25,-299025,-0.42,5537.5,0.01,-304562.5,-0.43,10711262,10711.26
2673,Exit long,2018-05-02 20:00,S1 Trail,3242.5,444,1445997,-316350,-0.44,38850,0.05,-316350,-0.44,10394912,10394.91
2673,Entry long,2018-05-02 19:30,S1 Trend,3256.75,444,1445997,-316350,-0.44,38850,0.05,-316350,-0.44,10394912,10394.91
2674,Exit long,2018-05-04 21:00,EOD,3264,303,982023,348450,0.71,469650,0.96,-18937.5,-0.04,10743362,10743.36
2674,Entry long,2018-05-04 15:30,S1 Trend,3241,303,982023,348450,0.71,469650,0.96,-18937.5,-0.04,10743362,10743.36
2675,Exit long,2018-05-07 21:00,EOD,3272.5,459,1502880.75,-40162.5,-0.05,45900,0.06,-212287.5,-0.28,10703200,10703.20
2675,Entry long,2018-05-07 20:00,S1 Trend,3274.25,459,1502880.75,-40162.5,-0.05,45900,0.06,-212287.5,-0.28,10703200,10703.20
2676,Exit long,2018-05-08 19:30,S1 Trail,3258.5,490,1603280,-330750,-0.41,6125,0.01,-330750,-0.41,10372450,10372.45
2676,Entry long,2018-05-08 16:30,S1 Trend,3272,490,1603280,-330750,-0.41,6125,0.01,-330750,-0.41,10372450,10372.45
2677,Exit long,2018-05-09 21:00,EOD,3298.5,468,1541709,99450,0.13,193050,0.25,-29250,-0.04,10471900,10471.90
2677,Entry long,2018-05-09 18:00,S1 Trend,3294.25,468,1541709,99450,0.13,193050,0.25,-29250,-0.04,10471900,10471.90
2678,Exit long,2018-05-14 21:00,EOD,3332.25,566,1886478,-21225,-0.02,70750,0.08,-148575,-0.16,10450675,10450.67
2678,Entry long,2018-05-14 20:00,S2 VWAP,3333,566,1886478,-21225,-0.02,70750,0.08,-148575,-0.16,10450675,10450.67
2679,Exit long,2018-05-16 21:00,EOD,3325,486,1616679,-36450,-0.05,97200,0.12,-164025,-0.20,10414225,10414.23
2679,Entry long,2018-05-16 17:30,S1 Trend,3326.5,486,1616679,-36450,-0.05,97200,0.12,-164025,-0.20,10414225,10414.23
2680,Exit long,2018-05-23 21:00,EOD,3335.25,392,1303890,176400,0.27,176400,0.27,-49000,-0.08,10590625,10590.63
2680,Entry long,2018-05-23 19:30,S1 Trend,3326.25,392,1303890,176400,0.27,176400,0.27,-49000,-0.08,10590625,10590.63
2681,Exit short,2018-05-29 21:00,EOD,3291,366,1203865.5,-32025,-0.05,215025,0.36,-86925,-0.14,10558600,10558.60
2681,Entry short,2018-05-29 17:00,S3 Hedge,3289.25,366,1203865.5,-32025,-0.05,215025,0.36,-86925,-0.14,10558600,10558.60
2682,Exit long,2018-05-30 21:00,EOD,3326.5,425,1410043.75,185937.5,0.26,297500,0.42,-53125,-0.08,10744538,10744.54
2682,Entry long,2018-05-30 16:00,S1 Trend,3317.75,425,1410043.75,185937.5,0.26,297500,0.42,-53125,-0.08,10744538,10744.54
2683,Exit long,2018-06-05 18:00,S2 FairVal,3349.25,620,2074210,116250,0.11,116250,0.11,-62000,-0.06,10860788,10860.79
2683,Entry long,2018-06-05 17:30,S2 VWAP,3345.5,620,2074210,116250,0.11,116250,0.11,-62000,-0.06,10860788,10860.79
2684,Exit long,2018-06-07 20:00,S2 FairVal,3373.25,479,1613990.5,89812.5,0.11,89812.5,0.11,-23950,-0.03,10950600,10950.60
2684,Entry long,2018-06-07 19:30,S2 VWAP,3369.5,479,1613990.5,89812.5,0.11,89812.5,0.11,-23950,-0.03,10950600,10950.60
2685,Exit long,2018-06-13 20:30,S2 FairVal,3380.25,724,2452369,-253400,-0.21,181000,0.15,-253400,-0.21,10697200,10697.20
2685,Entry long,2018-06-13 20:00,S2 VWAP,3387.25,724,2452369,-253400,-0.21,181000,0.15,-253400,-0.21,10697200,10697.20
2686,Exit long,2018-06-15 21:00,EOD,3383.5,445,1505768.75,-5562.5,-0.01,55625,0.07,-105687.5,-0.14,10691638,10691.64
2686,Entry long,2018-06-15 19:30,S1 Trend,3383.75,445,1505768.75,-5562.5,-0.01,55625,0.07,-105687.5,-0.14,10691638,10691.64
2687,Exit short,2018-06-25 16:30,S3 Scalp,3311.5,477,1587813.75,411412.5,0.52,411412.5,0.52,-47700,-0.06,11103050,11103.05
2687,Entry short,2018-06-25 15:00,S3 Hedge,3328.75,477,1587813.75,411412.5,0.52,411412.5,0.52,-47700,-0.06,11103050,11103.05
2688,Exit long,2018-06-27 17:30,S1 Trail,3327.5,352,1175856,-228800,-0.39,110000,0.19,-228800,-0.39,10874250,10874.25
2688,Entry long,2018-06-27 15:00,S1 Trend,3340.5,352,1175856,-228800,-0.39,110000,0.19,-228800,-0.39,10874250,10874.25
2689,Exit long,2018-06-28 21:00,EOD,3317.25,303,1006414.5,-64387.5,-0.13,53025,0.11,-94687.5,-0.19,10809862,10809.86
2689,Entry long,2018-06-28 20:00,S1 Trend,3321.5,303,1006414.5,-64387.5,-0.13,53025,0.11,-94687.5,-0.19,10809862,10809.86
2690,Exit long,2018-06-29 20:30,S1 Trail,3328.5,445,1484075,-144625,-0.19,205812.5,0.28,-144625,-0.19,10665238,10665.24
2690,Entry long,2018-06-29 15:00,S1 Trend,3335,445,1484075,-144625,-0.19,205812.5,0.28,-144625,-0.19,10665238,10665.24
2691,Exit long,2018-07-02 21:00,EOD,3326,362,1201568.5,122175,0.20,144800,0.24,-113125,-0.19,10787412,10787.41
2691,Entry long,2018-07-02 19:30,S1 Trend,3319.25,362,1201568.5,122175,0.20,144800,0.24,-113125,-0.19,10787412,10787.41
2692,Exit long,2018-07-05 21:00,EOD,3337.75,463,1543526.25,92600,0.12,104175,0.13,-231500,-0.30,10880012,10880.01
2692,Entry long,2018-07-05 18:30,S1 Trend,3333.75,463,1543526.25,92600,0.12,104175,0.13,-231500,-0.30,10880012,10880.01
2693,Exit long,2018-07-06 21:00,EOD,3360.5,470,1571445,399500,0.51,505250,0.64,-41125,-0.05,11279512,11279.51
2693,Entry long,2018-07-06 15:00,S1 Trend,3343.5,470,1571445,399500,0.51,505250,0.64,-41125,-0.05,11279512,11279.51
2694,Exit long,2018-07-11 19:00,S1 Trail,3371.5,501,1695008.25,-294337.5,-0.35,68887.5,0.08,-294337.5,-0.35,10985175,10985.18
2694,Entry long,2018-07-11 16:00,S1 Trend,3383.25,501,1695008.25,-294337.5,-0.35,68887.5,0.08,-294337.5,-0.35,10985175,10985.18
2695,Exit long,2018-07-27 17:00,S2 FairVal,3427.25,787,2702361.25,-255775,-0.19,98375,0.07,-255775,-0.19,10729400,10729.40
2695,Entry long,2018-07-27 15:30,S2 VWAP,3433.75,787,2702361.25,-255775,-0.19,98375,0.07,-255775,-0.19,10729400,10729.40
2696,Exit long,2018-08-02 21:00,EOD,3425.75,483,1649203.5,271687.5,0.33,332062.5,0.40,-54337.5,-0.07,11001088,11001.09
2696,Entry long,2018-08-02 17:00,S1 Trend,3414.5,483,1649203.5,271687.5,0.33,332062.5,0.40,-54337.5,-0.07,11001088,11001.09
2697,Exit long,2018-08-28 18:30,S2 FairVal,3498.75,839,2932724.5,136337.5,0.09,136337.5,0.09,-31462.5,-0.02,11137425,11137.43
2697,Entry long,2018-08-28 17:30,S2 VWAP,3495.5,839,2932724.5,136337.5,0.09,136337.5,0.09,-31462.5,-0.02,11137425,11137.43
2698,Exit long,2018-08-30 17:30,S2 FairVal,3507.25,748,2621553,93500,0.07,93500,0.07,-37400,-0.03,11230925,11230.93
2698,Entry long,2018-08-30 17:00,S2 VWAP,3504.75,748,2621553,93500,0.07,93500,0.07,-37400,-0.03,11230925,11230.93
2699,Exit long,2018-09-14 20:00,S2 FairVal,3504,728,2546908,200200,0.16,200200,0.16,-109200,-0.09,11431125,11431.13
2699,Entry long,2018-09-14 18:00,S2 VWAP,3498.5,728,2546908,200200,0.16,200200,0.16,-109200,-0.09,11431125,11431.13
2700,Exit long,2018-10-09 17:30,S1 Trail,3478.25,477,1664849.25,-286200,-0.34,83475,0.10,-286200,-0.34,11144925,11144.93
2700,Entry long,2018-10-09 15:30,S1 Trend,3490.25,477,1664849.25,-286200,-0.34,83475,0.10,-286200,-0.34,11144925,11144.93
2701,Exit short,2018-10-10 20:30,S3 Scalp,3397,271,928107.25,376012.5,0.81,376012.5,0.81,-47425,-0.10,11520938,11520.94
2701,Entry short,2018-10-10 19:30,S3 Hedge,3424.75,271,928107.25,376012.5,0.81,376012.5,0.81,-47425,-0.10,11520938,11520.94
2702,Exit long,2018-10-16 18:30,S1 Climax,3393,145,488867.5,155875,0.64,155875,0.64,-23562.5,-0.10,11676812,11676.81
2702,Entry long,2018-10-16 15:00,S1 Trend,3371.5,145,488867.5,155875,0.64,155875,0.64,-23562.5,-0.10,11676812,11676.81
2703,Exit long,2018-10-16 19:00,S1 Climax,3395.5,102,343893,122400,0.71,141525,0.82,-16575,-0.10,11799212,11799.21
2703,Entry long,2018-10-16 15:00,S1 Trend,3371.5,102,343893,122400,0.71,141525,0.82,-16575,-0.10,11799212,11799.21
2704,Exit long,2018-10-16 19:30,S1 Climax,3400.25,71,239376.5,102062.5,0.85,103837.5,0.87,-11537.5,-0.10,11901275,11901.28
2704,Entry long,2018-10-16 15:00,S1 Trend,3371.5,71,239376.5,102062.5,0.85,103837.5,0.87,-11537.5,-0.10,11901275,11901.28
2705,Exit long,2018-10-16 21:00,EOD,3404.75,168,566412,279300,0.99,323400,1.14,-27300,-0.10,12180575,12180.58
2705,Entry long,2018-10-16 15:00,S1 Trend,3371.5,168,566412,279300,0.99,323400,1.14,-27300,-0.10,12180575,12180.58
2706,Exit short,2018-10-17 15:30,S3 Scalp,3377.5,532,1804943,405650,0.45,405650,0.45,-99750,-0.11,12586225,12586.23
2706,Entry short,2018-10-17 15:00,S3 Hedge,3392.75,532,1804943,405650,0.45,405650,0.45,-99750,-0.11,12586225,12586.23
2707,Exit long,2018-10-17 21:00,EOD,3405.75,355,1209218.75,-8875,-0.01,119812.5,0.20,-230750,-0.38,12577350,12577.35
2707,Entry long,2018-10-17 17:30,S1 Trend,3406.25,355,1209218.75,-8875,-0.01,119812.5,0.20,-230750,-0.38,12577350,12577.35
2708,Exit long,2018-10-19 16:30,S1 Trail,3376,436,1476078,-207100,-0.28,190750,0.26,-207100,-0.28,12370250,12370.25
2708,Entry long,2018-10-19 15:00,S1 Trend,3385.5,436,1476078,-207100,-0.28,190750,0.26,-207100,-0.28,12370250,12370.25
2709,Exit short,2018-10-23 16:00,S3 Scalp,3308.25,295,971877.5,-202812.5,-0.42,106937.5,0.22,-202812.5,-0.42,12167438,12167.44
2709,Entry short,2018-10-23 15:30,S3 Hedge,3294.5,295,971877.5,-202812.5,-0.42,106937.5,0.22,-202812.5,-0.42,12167438,12167.44
2710,Exit long,2018-10-25 21:00,EOD,3300.5,237,785003.25,-139237.5,-0.35,62212.5,0.16,-207375,-0.53,12028200,12028.20
2710,Entry long,2018-10-25 20:00,S1 Trend,3312.25,237,785003.25,-139237.5,-0.35,62212.5,0.16,-207375,-0.53,12028200,12028.20
2711,Exit long,2018-10-29 16:00,S1 Trail,3271.5,294,968950.5,-356475,-0.74,29400,0.06,-356475,-0.74,11671725,11671.73
2711,Entry long,2018-10-29 14:30,S1 Trend,3295.75,294,968950.5,-356475,-0.74,29400,0.06,-356475,-0.74,11671725,11671.73
2712,Exit long,2018-10-30 17:30,S1 Trail,3236,226,738059.5,-336175,-0.91,25425,0.07,-336175,-0.91,11335550,11335.55
2712,Entry long,2018-10-30 14:00,S1 Trend,3265.75,226,738059.5,-336175,-0.91,25425,0.07,-336175,-0.91,11335550,11335.55
2713,Exit long,2018-10-31 16:00,S1 Trail,3302,365,1209427.5,-209875,-0.35,173375,0.29,-209875,-0.35,11125675,11125.68
2713,Entry long,2018-10-31 14:00,S1 Trend,3313.5,365,1209427.5,-209875,-0.35,173375,0.29,-209875,-0.35,11125675,11125.68
2714,Exit long,2018-10-31 19:30,S1 Trail,3305,275,913275,-220000,-0.48,137500,0.30,-220000,-0.48,10905675,10905.68
2714,Entry long,2018-10-31 17:30,S1 Trend,3321,275,913275,-220000,-0.48,137500,0.30,-220000,-0.48,10905675,10905.68
2715,Exit long,2018-11-01 20:00,EOD,3332.5,308,1023792,130900,0.26,169400,0.33,-88550,-0.17,11036575,11036.58
2715,Entry long,2018-11-01 15:00,S1 Trend,3324,308,1023792,130900,0.26,169400,0.33,-88550,-0.17,11036575,11036.58
2716,Exit long,2018-11-05 21:00,EOD,3331.75,471,1563249,300262.5,0.38,435675,0.56,-194287.5,-0.25,11336838,11336.84
2716,Entry long,2018-11-05 15:00,S1 Trend,3319,471,1563249,300262.5,0.38,435675,0.56,-194287.5,-0.25,11336838,11336.84
2717,Exit long,2018-11-06 19:30,S1 Trail,3331.5,481,1607983,-276575,-0.34,96200,0.12,-276575,-0.34,11060262,11060.26
2717,Entry long,2018-11-06 15:00,S1 Trend,3343,481,1607983,-276575,-0.34,96200,0.12,-276575,-0.34,11060262,11060.26
2718,Exit long,2018-11-07 21:00,EOD,3406.75,341,1149596.25,605275,1.05,639375,1.11,-55412.5,-0.10,11665538,11665.54
2718,Entry long,2018-11-07 15:00,S1 Trend,3371.25,341,1149596.25,605275,1.05,639375,1.11,-55412.5,-0.10,11665538,11665.54
2719,Exit long,2018-11-08 19:00,S1 Trail,3395.5,525,1788412.5,-288750,-0.32,65625,0.07,-288750,-0.32,11376788,11376.79
2719,Entry long,2018-11-08 17:00,S1 Trend,3406.5,525,1788412.5,-288750,-0.32,65625,0.07,-288750,-0.32,11376788,11376.79
2720,Exit short,2018-11-09 19:30,S3 Scalp,3374,362,1217768,-181000,-0.30,104075,0.17,-181000,-0.30,11195788,11195.79
2720,Entry short,2018-11-09 19:00,S3 Hedge,3364,362,1217768,-181000,-0.30,104075,0.17,-181000,-0.30,11195788,11195.79
2721,Exit long,2018-11-15 21:00,EOD,3325.25,190,630752.5,52250,0.17,102125,0.32,-137750,-0.44,11248038,11248.04
2721,Entry long,2018-11-15 19:00,S1 Trend,3319.75,190,630752.5,52250,0.17,102125,0.32,-137750,-0.44,11248038,11248.04
2722,Exit long,2018-11-16 21:00,EOD,3331.5,315,1046351.25,153562.5,0.29,326812.5,0.62,-106312.5,-0.20,11401600,11401.60
2722,Entry long,2018-11-16 15:00,S1 Trend,3321.75,315,1046351.25,153562.5,0.29,326812.5,0.62,-106312.5,-0.20,11401600,11401.60
2723,Exit short,2018-11-20 15:30,S3 Scalp,3254,283,917061.5,-191025,-0.42,183950,0.40,-191025,-0.42,11210575,11210.58
2723,Entry short,2018-11-20 15:00,S3 Hedge,3240.5,283,917061.5,-191025,-0.42,183950,0.40,-191025,-0.42,11210575,11210.58
2724,Exit long,2018-11-26 17:30,S1 Trail,3250.25,469,1531050.5,-334162.5,-0.44,23450,0.03,-334162.5,-0.44,10876412,10876.41
2724,Entry long,2018-11-26 15:00,S1 Trend,3264.5,469,1531050.5,-334162.5,-0.44,23450,0.03,-334162.5,-0.44,10876412,10876.41
2725,Exit long,2018-11-26 21:00,EOD,3267.25,357,1166229.75,8925,0.02,26775,0.05,-84787.5,-0.15,10885338,10885.34
2725,Entry long,2018-11-26 20:00,S1 Trend,3266.75,357,1166229.75,8925,0.02,26775,0.05,-84787.5,-0.15,10885338,10885.34
2726,Exit long,2018-11-27 21:00,EOD,3276.25,323,1053949,213987.5,0.41,222062.5,0.42,-84787.5,-0.16,11099325,11099.33
2726,Entry long,2018-11-27 15:30,S1 Trend,3263,323,1053949,213987.5,0.41,222062.5,0.42,-84787.5,-0.16,11099325,11099.33
2727,Exit long,2018-11-28 18:30,S1 Climax,3319.5,104,344968,13000,0.08,23400,0.14,-28600,-0.17,11112325,11112.33
2727,Entry long,2018-11-28 17:30,S1 Trend,3317,104,344968,13000,0.08,23400,0.14,-28600,-0.17,11112325,11112.33
2728,Exit long,2018-11-28 19:00,S1 Climax,3326.25,73,242141,33762.5,0.28,41062.5,0.34,-20075,-0.17,11146088,11146.09
2728,Entry long,2018-11-28 17:30,S1 Trend,3317,73,242141,33762.5,0.28,41062.5,0.34,-20075,-0.17,11146088,11146.09
2729,Exit long,2018-11-28 19:30,S1 Climax,3324.75,51,169167,19762.5,0.23,30600,0.36,-14025,-0.17,11165850,11165.85
2729,Entry long,2018-11-28 17:30,S1 Trend,3317,51,169167,19762.5,0.23,30600,0.36,-14025,-0.17,11165850,11165.85
2730,Exit long,2018-11-28 21:00,EOD,3338,121,401357,127050,0.63,131587.5,0.66,-33275,-0.17,11292900,11292.90
2730,Entry long,2018-11-28 17:30,S1 Trend,3317,121,401357,127050,0.63,131587.5,0.66,-33275,-0.17,11292900,11292.90
2731,Exit long,2018-11-29 21:00,EOD,3332.5,441,1464340.5,264600,0.36,611887.5,0.84,-49612.5,-0.07,11557500,11557.50
2731,Entry long,2018-11-29 16:00,S1 Trend,3320.5,441,1464340.5,264600,0.36,611887.5,0.84,-49612.5,-0.07,11557500,11557.50
2732,Exit long,2018-11-30 21:00,EOD,3350,439,1468235.5,120725,0.16,235962.5,0.32,-54875,-0.07,11678225,11678.23
2732,Entry long,2018-11-30 19:00,S1 Trend,3344.5,439,1468235.5,120725,0.16,235962.5,0.32,-54875,-0.07,11678225,11678.23
2733,Exit short,2018-12-06 17:30,S3 Scalp,3261,254,823468,-241300,-0.59,342900,0.83,-241300,-0.59,11436925,11436.93
2733,Entry short,2018-12-06 15:00,S3 Hedge,3242,254,823468,-241300,-0.59,342900,0.83,-241300,-0.59,11436925,11436.93
2734,Exit long,2018-12-07 15:30,S1 Trail,3269.75,301,991644.5,-372487.5,-0.75,52675,0.11,-421400,-0.85,11064438,11064.44
2734,Entry long,2018-12-07 15:00,S1 Trend,3294.5,301,991644.5,-372487.5,-0.75,52675,0.11,-421400,-0.85,11064438,11064.44
2735,Exit long,2018-12-12 19:00,S1 Trail,3256.25,293,956864.75,-139175,-0.29,212425,0.44,-139175,-0.29,10925262,10925.26
2735,Entry long,2018-12-12 15:30,S1 Trend,3265.75,293,956864.75,-139175,-0.29,212425,0.44,-139175,-0.29,10925262,10925.26
2736,Exit long,2018-12-13 18:00,S1 Trail,3233.5,315,1024773.75,-311062.5,-0.61,55125,0.11,-311062.5,-0.61,10614200,10614.20
2736,Entry long,2018-12-13 15:30,S1 Trend,3253.25,315,1024773.75,-311062.5,-0.61,55125,0.11,-311062.5,-0.61,10614200,10614.20
2737,Exit short,2018-12-17 21:00,EOD,3142.75,224,706216,112000,0.32,319200,0.90,-50400,-0.14,10726200,10726.20
2737,Entry short,2018-12-17 19:00,S3 Hedge,3152.75,224,706216,112000,0.32,319200,0.90,-50400,-0.14,10726200,10726.20
2738,Exit long,2018-12-19 19:00,S1 Trail,3155.25,311,985403.5,-206037.5,-0.42,217700,0.44,-213812.5,-0.43,10520162,10520.16
2738,Entry long,2018-12-19 17:30,S1 Trend,3168.5,311,985403.5,-206037.5,-0.42,217700,0.44,-213812.5,-0.43,10520162,10520.16
2739,Exit long,2018-12-26 21:00,EOD,3058.5,137,412644,318525,1.54,321950,1.56,-102750,-0.50,10838688,10838.69
2739,Entry long,2018-12-26 19:00,S1 Trend,3012,137,412644,318525,1.54,321950,1.56,-102750,-0.50,10838688,10838.69
2740,Exit short,2018-12-27 16:00,S3 Scalp,3027.75,180,541485,-175500,-0.65,47250,0.17,-175500,-0.65,10663188,10663.19
2740,Entry short,2018-12-27 15:30,S3 Hedge,3008.25,180,541485,-175500,-0.65,47250,0.17,-175500,-0.65,10663188,10663.19
2741,Exit short,2018-12-27 19:30,S3 Scalp,3019.5,152,455734,-161500,-0.71,81700,0.36,-161500,-0.71,10501688,10501.69
2741,Entry short,2018-12-27 19:00,S3 Hedge,2998.25,152,455734,-161500,-0.71,81700,0.36,-161500,-0.71,10501688,10501.69
2742,Exit long,2018-12-28 20:00,S1 Trail,3073.5,166,513562.5,-168075,-0.65,163925,0.64,-168075,-0.65,10333612,10333.61
2742,Entry long,2018-12-28 19:30,S1 Trend,3093.75,166,513562.5,-168075,-0.65,163925,0.64,-168075,-0.65,10333612,10333.61
2743,Exit long,2018-12-31 17:30,S2 FairVal,3089.5,328,1011306,102500,0.20,102500,0.20,-164000,-0.32,10436112,10436.11
2743,Entry long,2018-12-31 16:30,S2 VWAP,3083.25,328,1011306,102500,0.20,102500,0.20,-164000,-0.32,10436112,10436.11
2744,Exit long,2019-01-02 21:00,EOD,3101.25,228,701442,282150,0.80,393300,1.12,-48450,-0.14,10718262,10718.26
2744,Entry long,2019-01-02 15:30,S1 Trend,3076.5,228,701442,282150,0.80,393300,1.12,-48450,-0.14,10718262,10718.26
2745,Exit long,2019-01-04 15:30,S1 Climax,3107.75,76,234764,71250,0.61,72200,0.62,-40850,-0.35,10789512,10789.51
2745,Entry long,2019-01-04 15:00,S1 Trend,3089,76,234764,71250,0.61,72200,0.62,-40850,-0.35,10789512,10789.51
2746,Exit long,2019-01-04 16:00,S1 Climax,3108.5,53,163717,51675,0.63,60287.5,0.74,-28487.5,-0.35,10841188,10841.19
2746,Entry long,2019-01-04 15:00,S1 Trend,3089,53,163717,51675,0.63,60287.5,0.74,-28487.5,-0.35,10841188,10841.19
2747,Exit long,2019-01-04 17:30,S1 Climax,3117,37,114293,51800,0.91,56425,0.99,-19887.5,-0.35,10892988,10892.99
2747,Entry long,2019-01-04 15:00,S1 Trend,3089,37,114293,51800,0.91,56425,0.99,-19887.5,-0.35,10892988,10892.99
2748,Exit long,2019-01-04 18:00,S1 Climax,3123,26,80314,44200,1.10,47775,1.19,-13975,-0.35,10937188,10937.19
2748,Entry long,2019-01-04 15:00,S1 Trend,3089,26,80314,44200,1.10,47775,1.19,-13975,-0.35,10937188,10937.19
2749,Exit long,2019-01-04 18:30,S1 Climax,3124.5,18,55602,31950,1.15,36675,1.32,-9675,-0.35,10969138,10969.14
2749,Entry long,2019-01-04 15:00,S1 Trend,3089,18,55602,31950,1.15,36675,1.32,-9675,-0.35,10969138,10969.14
2750,Exit long,2019-01-04 21:00,EOD,3123,45,139005,76500,1.10,91687.5,1.32,-24187.5,-0.35,11045638,11045.64
2750,Entry long,2019-01-04 15:00,S1 Trend,3089,45,139005,76500,1.10,91687.5,1.32,-24187.5,-0.35,11045638,11045.64
2751,Exit long,2019-01-07 21:00,EOD,3141,357,1114911,321300,0.58,624750,1.12,-71400,-0.13,11366938,11366.94
2751,Entry long,2019-01-07 15:00,S1 Trend,3123,357,1114911,321300,0.58,624750,1.12,-71400,-0.13,11366938,11366.94
2752,Exit long,2019-01-08 15:30,S1 Trail,3145.5,395,1248496.25,-301187.5,-0.48,93812.5,0.15,-301187.5,-0.48,11065750,11065.75
2752,Entry long,2019-01-08 15:00,S1 Trend,3160.75,395,1248496.25,-301187.5,-0.48,93812.5,0.15,-301187.5,-0.48,11065750,11065.75
2753,Exit long,2019-01-09 15:30,S1 Trail,3164.5,436,1385935,-310650,-0.45,43600,0.06,-310650,-0.45,10755100,10755.10
2753,Entry long,2019-01-09 15:00,S1 Trend,3178.75,436,1385935,-310650,-0.45,43600,0.06,-310650,-0.45,10755100,10755.10
2754,Exit long,2019-01-09 17:00,S2 FairVal,3179.5,327,1038797.25,44962.5,0.09,106275,0.20,-57225,-0.11,10800062,10800.06
2754,Entry long,2019-01-09 16:30,S2 VWAP,3176.75,327,1038797.25,44962.5,0.09,106275,0.20,-57225,-0.11,10800062,10800.06
2755,Exit long,2019-01-09 21:00,EOD,3176.75,325,1035125,-134062.5,-0.26,36562.5,0.07,-231562.5,-0.45,10666000,10666.00
2755,Entry long,2019-01-09 18:00,S1 Trend,3185,325,1035125,-134062.5,-0.26,36562.5,0.07,-231562.5,-0.45,10666000,10666.00
2756,Exit long,2019-01-10 18:30,S1 Trail,3164.75,367,1162839.5,-68812.5,-0.12,289012.5,0.50,-68812.5,-0.12,10597188,10597.19
2756,Entry long,2019-01-10 15:30,S1 Trend,3168.5,367,1162839.5,-68812.5,-0.12,289012.5,0.50,-68812.5,-0.12,10597188,10597.19
2757,Exit long,2019-01-10 21:00,EOD,3187.25,279,887638.5,80212.5,0.18,108112.5,0.24,-80212.5,-0.18,10677400,10677.40
2757,Entry long,2019-01-10 19:30,S1 Trend,3181.5,279,887638.5,80212.5,0.18,108112.5,0.24,-80212.5,-0.18,10677400,10677.40
2758,Exit long,2019-01-11 21:00,EOD,3186.75,399,1269518.25,99750,0.16,109725,0.17,-114712.5,-0.18,10777150,10777.15
2758,Entry long,2019-01-11 17:00,S1 Trend,3181.75,399,1269518.25,99750,0.16,109725,0.17,-114712.5,-0.18,10777150,10777.15
2759,Exit long,2019-01-14 21:00,EOD,3171.75,512,1622528,70400,0.09,288000,0.36,-44800,-0.06,10847550,10847.55
2759,Entry long,2019-01-14 15:00,S1 Trend,3169,512,1622528,70400,0.09,288000,0.36,-44800,-0.06,10847550,10847.55
2760,Exit long,2019-01-15 19:30,S1 Trail,3185,438,1396563,-76650,-0.11,344925,0.49,-114975,-0.16,10770900,10770.90
2760,Entry long,2019-01-15 15:00,S1 Trend,3188.5,438,1396563,-76650,-0.11,344925,0.49,-114975,-0.16,10770900,10770.90
2761,Exit long,2019-01-16 21:00,EOD,3206.75,516,1657005,-116100,-0.14,141900,0.17,-212850,-0.26,10654800,10654.80
2761,Entry long,2019-01-16 15:00,S1 Trend,3211.25,516,1657005,-116100,-0.14,141900,0.17,-212850,-0.26,10654800,10654.80
2762,Exit long,2019-01-17 20:00,S1 Trail,3217.75,486,1558602,261225,0.34,704700,0.90,-127575,-0.16,10916025,10916.03
2762,Entry long,2019-01-17 15:00,S1 Trend,3207,486,1558602,261225,0.34,704700,0.90,-127575,-0.16,10916025,10916.03
2763,Exit long,2019-01-18 16:30,S1 Climax,3259,129,418508.25,95137.5,0.45,103200,0.49,-3225,-0.02,11011162,11011.16
2763,Entry long,2019-01-18 15:30,S1 Trend,3244.25,129,418508.25,95137.5,0.45,103200,0.49,-3225,-0.02,11011162,11011.16
2764,Exit long,2019-01-18 17:00,S1 Climax,3262,90,291982.5,79875,0.55,79875,0.55,-2250,-0.02,11091038,11091.04
2764,Entry long,2019-01-18 15:30,S1 Trend,3244.25,90,291982.5,79875,0.55,79875,0.55,-2250,-0.02,11091038,11091.04
2765,Exit long,2019-01-18 17:30,S1 Climax,3265,63,204387.75,65362.5,0.64,70087.5,0.69,-1575,-0.02,11156400,11156.40
2765,Entry long,2019-01-18 15:30,S1 Trend,3244.25,63,204387.75,65362.5,0.64,70087.5,0.69,-1575,-0.02,11156400,11156.40
2766,Exit long,2019-01-18 18:00,S1 Climax,3264.25,44,142747,44000,0.62,50050,0.70,-1100,-0.02,11200400,11200.40
2766,Entry long,2019-01-18 15:30,S1 Trend,3244.25,44,142747,44000,0.62,50050,0.70,-1100,-0.02,11200400,11200.40
2767,Exit long,2019-01-18 21:00,EOD,3261,105,340646.25,87937.5,0.52,119437.5,0.70,-2625,-0.02,11288338,11288.34
2767,Entry long,2019-01-18 15:30,S1 Trend,3244.25,105,340646.25,87937.5,0.52,119437.5,0.70,-2625,-0.02,11288338,11288.34
2768,Exit long,2019-01-23 15:30,S1 Trail,3229,514,1666002.5,-314825,-0.38,77100,0.09,-314825,-0.38,10973512,10973.51
2768,Entry long,2019-01-23 15:00,S1 Trend,3241.25,514,1666002.5,-314825,-0.38,77100,0.09,-314825,-0.38,10973512,10973.51
2769,Exit long,2019-01-24 18:00,S1 Trail,3218.5,371,1200834.25,-338537.5,-0.56,13912.5,0.02,-338537.5,-0.56,10634975,10634.98
2769,Entry long,2019-01-24 15:30,S1 Trend,3236.75,371,1200834.25,-338537.5,-0.56,13912.5,0.02,-338537.5,-0.56,10634975,10634.98
2770,Exit long,2019-01-25 21:00,EOD,3253.75,493,1603482.5,30812.5,0.04,258825,0.32,-110925,-0.14,10665788,10665.79
2770,Entry long,2019-01-25 15:00,S1 Trend,3252.5,493,1603482.5,30812.5,0.04,258825,0.32,-110925,-0.14,10665788,10665.79
2771,Exit long,2019-01-29 16:00,S1 Trail,3221,471,1524509.25,-370912.5,-0.49,23550,0.03,-400350,-0.53,10294875,10294.88
2771,Entry long,2019-01-29 15:30,S1 Trend,3236.75,471,1524509.25,-370912.5,-0.49,23550,0.03,-400350,-0.53,10294875,10294.88
2772,Exit long,2019-01-30 20:00,S1 Climax,3280,143,464607,221650,0.95,223437.5,0.96,-25025,-0.11,10516525,10516.53
2772,Entry long,2019-01-30 16:30,S1 Trend,3249,143,464607,221650,0.95,223437.5,0.96,-25025,-0.11,10516525,10516.53
2773,Exit long,2019-01-30 21:00,EOD,3271,335,1088415,368500,0.68,523437.5,0.96,-58625,-0.11,10885025,10885.03
2773,Entry long,2019-01-30 16:30,S1 Trend,3249,335,1088415,368500,0.68,523437.5,0.96,-58625,-0.11,10885025,10885.03
2774,Exit long,2019-01-31 15:30,S2 FairVal,3285,506,1656644,278300,0.34,290950,0.35,-25300,-0.03,11163325,11163.33
2774,Entry long,2019-01-31 15:00,S2 VWAP,3274,506,1656644,278300,0.34,290950,0.35,-25300,-0.03,11163325,11163.33
2775,Exit long,2019-01-31 21:00,EOD,3293,444,1458207,194250,0.27,316350,0.43,-22200,-0.03,11357575,11357.58
2775,Entry long,2019-01-31 16:00,S1 Trend,3284.25,444,1458207,194250,0.27,316350,0.43,-22200,-0.03,11357575,11357.58
2776,Exit long,2019-02-01 19:30,S1 Trail,3288.25,426,1407610.5,-340800,-0.48,26625,0.04,-340800,-0.48,11016775,11016.78
2776,Entry long,2019-02-01 15:30,S1 Trend,3304.25,426,1407610.5,-340800,-0.48,26625,0.04,-340800,-0.48,11016775,11016.78
2777,Exit long,2019-02-15 21:00,EOD,3366.25,417,1400181.75,177225,0.25,177225,0.25,-88612.5,-0.13,11194000,11194.00
2777,Entry long,2019-02-15 15:00,S1 Trend,3357.75,417,1400181.75,177225,0.25,177225,0.25,-88612.5,-0.13,11194000,11194.00
2778,Exit long,2019-02-19 15:30,S2 FairVal,3367,714,2402788.5,62475,0.05,98175,0.08,-35700,-0.03,11256475,11256.48
2778,Entry long,2019-02-19 15:00,S2 VWAP,3365.25,714,2402788.5,62475,0.05,98175,0.08,-35700,-0.03,11256475,11256.48
2779,Exit long,2019-02-20 21:00,EOD,3376.5,474,1597498.5,148125,0.19,189600,0.24,-5925,-0.01,11404600,11404.60
2779,Entry long,2019-02-20 19:30,S1 Trend,3370.25,474,1597498.5,148125,0.19,189600,0.24,-5925,-0.01,11404600,11404.60
2780,Exit long,2019-02-26 21:00,EOD,3384.75,508,1722501,-152400,-0.18,82550,0.10,-184150,-0.21,11252200,11252.20
2780,Entry long,2019-02-26 16:30,S1 Trend,3390.75,508,1722501,-152400,-0.18,82550,0.10,-184150,-0.21,11252200,11252.20
2781,Exit long,2019-03-01 18:00,S2 FairVal,3388.5,563,1905755,98525,0.10,98525,0.10,-35187.5,-0.04,11350725,11350.73
2781,Entry long,2019-03-01 17:30,S2 VWAP,3385,563,1905755,98525,0.10,98525,0.10,-35187.5,-0.04,11350725,11350.73
2782,Exit long,2019-03-20 19:30,S1 Trail,3417.5,406,1392986,-274050,-0.39,76125,0.11,-274050,-0.39,11076675,11076.68
2782,Entry long,2019-03-20 18:30,S1 Trend,3431,406,1392986,-274050,-0.39,76125,0.11,-274050,-0.39,11076675,11076.68
2783,Exit long,2019-03-21 20:00,EOD,3446.5,448,1532272,588000,0.77,700000,0.91,-5600,-0.01,11664675,11664.68
2783,Entry long,2019-03-21 14:00,S1 Trend,3420.25,448,1532272,588000,0.77,700000,0.91,-5600,-0.01,11664675,11664.68
2784,Exit long,2019-03-26 16:00,S1 Trail,3405.5,512,1748864,-262400,-0.30,121600,0.14,-262400,-0.30,11402275,11402.28
2784,Entry long,2019-03-26 14:30,S1 Trend,3415.75,512,1748864,-262400,-0.30,121600,0.14,-262400,-0.30,11402275,11402.28
2785,Exit long,2019-03-28 15:00,S1 Trail,3392.25,420,1429890,-257250,-0.36,110250,0.15,-257250,-0.36,11145025,11145.03
2785,Entry long,2019-03-28 14:00,S1 Trend,3404.5,420,1429890,-257250,-0.36,110250,0.15,-257250,-0.36,11145025,11145.03
2786,Exit long,2019-03-29 20:00,EOD,3423.5,483,1653429.75,6037.5,0.01,66412.5,0.08,-132825,-0.16,11151062,11151.06
2786,Entry long,2019-03-29 19:00,S1 Trend,3423.25,483,1653429.75,6037.5,0.01,66412.5,0.08,-132825,-0.16,11151062,11151.06
2787,Exit long,2019-04-03 20:00,S2 FairVal,3456.25,590,2043907.5,-236000,-0.23,0,0.00,-236000,-0.23,10915062,10915.06
2787,Entry long,2019-04-03 19:30,S2 VWAP,3464.25,590,2043907.5,-236000,-0.23,0,0.00,-236000,-0.23,10915062,10915.06
2788,Exit long,2019-04-04 19:00,S2 FairVal,3464.75,495,1713071.25,99000,0.12,99000,0.12,-30937.5,-0.04,11014062,11014.06
2788,Entry long,2019-04-04 18:00,S2 VWAP,3460.75,495,1713071.25,99000,0.12,99000,0.12,-30937.5,-0.04,11014062,11014.06
2789,Exit long,2019-04-22 15:30,S2 FairVal,3491.75,859,2999842.75,-21475,-0.01,96637.5,0.06,-128850,-0.09,10992588,10992.59
2789,Entry long,2019-04-22 15:00,S2 VWAP,3492.25,859,2999842.75,-21475,-0.01,96637.5,0.06,-128850,-0.09,10992588,10992.59
2790,Exit long,2019-04-24 19:30,S2 FairVal,3521,741,2606652.75,120412.5,0.09,120412.5,0.09,-37050,-0.03,11113000,11113.00
2790,Entry long,2019-04-24 18:30,S2 VWAP,3517.75,741,2606652.75,120412.5,0.09,120412.5,0.09,-37050,-0.03,11113000,11113.00
2791,Exit long,2019-05-01 16:00,S2 FairVal,3537.75,1042,3685293.5,52100,0.03,91175,0.05,-221425,-0.12,11165100,11165.10
2791,Entry long,2019-05-01 15:00,S2 VWAP,3536.75,1042,3685293.5,52100,0.03,91175,0.05,-221425,-0.12,11165100,11165.10
2792,Exit long,2019-05-06 21:00,EOD,3519.25,312,1093716,214500,0.39,284700,0.52,-85800,-0.16,11379600,11379.60
2792,Entry long,2019-05-06 16:00,S1 Trend,3505.5,312,1093716,214500,0.39,284700,0.52,-85800,-0.16,11379600,11379.60
2793,Exit short,2019-05-07 21:00,EOD,3470.5,267,924087,-126825,-0.27,173550,0.38,-150187.5,-0.33,11252775,11252.78
2793,Entry short,2019-05-07 18:30,S3 Hedge,3461,267,924087,-126825,-0.27,173550,0.38,-150187.5,-0.33,11252775,11252.78
2794,Exit short,2019-05-09 17:30,S3 Scalp,3446.75,381,1308639.75,-228600,-0.35,247650,0.38,-228600,-0.35,11024175,11024.18
2794,Entry short,2019-05-09 15:00,S3 Hedge,3434.75,381,1308639.75,-228600,-0.35,247650,0.38,-228600,-0.35,11024175,11024.18
2795,Exit short,2019-05-13 21:00,EOD,3398.5,316,1077481,177750,0.33,351550,0.65,-63200,-0.12,11201925,11201.93
2795,Entry short,2019-05-13 15:00,S3 Hedge,3409.75,316,1077481,177750,0.33,351550,0.65,-63200,-0.12,11201925,11201.93
2796,Exit long,2019-05-14 20:30,S1 Trail,3420.5,344,1181210,-227900,-0.39,94600,0.16,-227900,-0.39,10974025,10974.03
2796,Entry long,2019-05-14 17:00,S1 Trend,3433.75,344,1181210,-227900,-0.39,94600,0.16,-227900,-0.39,10974025,10974.03
2797,Exit long,2019-05-15 21:00,EOD,3438.25,315,1079662.5,169312.5,0.31,283500,0.53,-35437.5,-0.07,11143338,11143.34
2797,Entry long,2019-05-15 15:30,S1 Trend,3427.5,315,1079662.5,169312.5,0.31,283500,0.53,-35437.5,-0.07,11143338,11143.34
2798,Exit long,2019-05-16 17:00,S1 Climax,3475.75,113,391403.75,67800,0.35,79100,0.40,-4237.5,-0.02,11211138,11211.14
2798,Entry long,2019-05-16 15:00,S1 Trend,3463.75,113,391403.75,67800,0.35,79100,0.40,-4237.5,-0.02,11211138,11211.14
2799,Exit long,2019-05-16 17:30,S1 Climax,3476,79,273636.25,48387.5,0.35,62212.5,0.45,-2962.5,-0.02,11259525,11259.53
2799,Entry long,2019-05-16 15:00,S1 Trend,3463.75,79,273636.25,48387.5,0.35,62212.5,0.45,-2962.5,-0.02,11259525,11259.53
2800,Exit long,2019-05-16 20:30,S1 Trail,3461.5,186,644257.5,-20925,-0.06,146475,0.45,-20925,-0.06,11238600,11238.60
2800,Entry long,2019-05-16 15:00,S1 Trend,3463.75,186,644257.5,-20925,-0.06,146475,0.45,-20925,-0.06,11238600,11238.60
2801,Exit long,2019-05-17 20:00,S1 Trail,3451.25,346,1195776,-82175,-0.14,294100,0.49,-82175,-0.14,11156425,11156.43
2801,Entry long,2019-05-17 15:30,S1 Trend,3456,346,1195776,-82175,-0.14,294100,0.49,-82175,-0.14,11156425,11156.43
2802,Exit long,2019-05-21 21:00,EOD,3451.5,450,1554187.5,-50625,-0.07,45000,0.06,-185625,-0.24,11105800,11105.80
2802,Entry long,2019-05-21 16:00,S1 Trend,3453.75,450,1554187.5,-50625,-0.07,45000,0.06,-185625,-0.24,11105800,11105.80
2803,Exit long,2019-05-22 21:00,EOD,3443,478,1647666,-95600,-0.12,71700,0.09,-227050,-0.28,11010200,11010.20
2803,Entry long,2019-05-22 15:30,S1 Trend,3447,478,1647666,-95600,-0.12,71700,0.09,-227050,-0.28,11010200,11010.20
2804,Exit short,2019-05-23 15:30,S3 Scalp,3414.25,427,1454255.25,-181475,-0.25,106750,0.15,-181475,-0.25,10828725,10828.73
2804,Entry short,2019-05-23 15:00,S3 Hedge,3405.75,427,1454255.25,-181475,-0.25,106750,0.15,-181475,-0.25,10828725,10828.73
2805,Exit short,2019-05-23 20:00,S3 Scalp,3408,347,1179192.75,-169162.5,-0.29,121450,0.21,-169162.5,-0.29,10659562,10659.56
2805,Entry short,2019-05-23 17:00,S3 Hedge,3398.25,347,1179192.75,-169162.5,-0.29,121450,0.21,-169162.5,-0.29,10659562,10659.56
2806,Exit long,2019-05-28 15:30,S1 Trail,3410.75,463,1585427.75,-312525,-0.39,34725,0.04,-312525,-0.39,10347038,10347.04
2806,Entry long,2019-05-28 15:00,S1 Trend,3424.25,463,1585427.75,-312525,-0.39,34725,0.04,-312525,-0.39,10347038,10347.04
2807,Exit short,2019-05-29 21:00,EOD,3368.25,340,1143250,-97750,-0.17,182750,0.32,-178500,-0.31,10249288,10249.29
2807,Entry short,2019-05-29 16:30,S3 Hedge,3362.5,340,1143250,-97750,-0.17,182750,0.32,-178500,-0.31,10249288,10249.29
2808,Exit long,2019-06-04 16:30,S1 Climax,3373,119,399155.75,111562.5,0.56,120487.5,0.60,-23800,-0.12,10360850,10360.85
2808,Entry long,2019-06-04 15:00,S1 Trend,3354.25,119,399155.75,111562.5,0.56,120487.5,0.60,-23800,-0.12,10360850,10360.85
2809,Exit long,2019-06-04 17:00,S1 Climax,3375.25,83,278402.75,87150,0.63,95450,0.69,-16600,-0.12,10448000,10448.00
2809,Entry long,2019-06-04 15:00,S1 Trend,3354.25,83,278402.75,87150,0.63,95450,0.69,-16600,-0.12,10448000,10448.00
2810,Exit long,2019-06-04 18:00,S1 Climax,3378.25,58,194546.5,69600,0.72,76850,0.79,-11600,-0.12,10517600,10517.60
2810,Entry long,2019-06-04 15:00,S1 Trend,3354.25,58,194546.5,69600,0.72,76850,0.79,-11600,-0.12,10517600,10517.60
2811,Exit long,2019-06-04 18:30,S1 Climax,3379,41,137524.25,50737.5,0.74,54325,0.79,-8200,-0.12,10568338,10568.34
2811,Entry long,2019-06-04 15:00,S1 Trend,3354.25,41,137524.25,50737.5,0.74,54325,0.79,-8200,-0.12,10568338,10568.34
2812,Exit long,2019-06-04 19:00,S1 Climax,3381.5,29,97273.25,39512.5,0.81,40237.5,0.83,-5800,-0.12,10607850,10607.85
2812,Entry long,2019-06-04 15:00,S1 Trend,3354.25,29,97273.25,39512.5,0.81,40237.5,0.83,-5800,-0.12,10607850,10607.85
2813,Exit long,2019-06-04 21:00,EOD,3389,68,228089,118150,1.04,123250,1.08,-13600,-0.12,10726000,10726.00
2813,Entry long,2019-06-04 15:00,S1 Trend,3354.25,68,228089,118150,1.04,123250,1.08,-13600,-0.12,10726000,10726.00
2814,Exit long,2019-06-05 21:00,EOD,3412.5,338,1151988.5,71825,0.12,88725,0.15,-122525,-0.21,10797825,10797.83
2814,Entry long,2019-06-05 18:30,S1 Trend,3408.25,338,1151988.5,71825,0.12,88725,0.15,-122525,-0.21,10797825,10797.83
2815,Exit long,2019-06-06 21:00,EOD,3430.75,448,1532384,229600,0.30,403200,0.53,-11200,-0.01,11027425,11027.43
2815,Entry long,2019-06-06 19:30,S1 Trend,3420.5,448,1532384,229600,0.30,403200,0.53,-11200,-0.01,11027425,11027.43
2816,Exit long,2019-06-07 16:00,S1 Climax,3470.75,141,486978.75,119850,0.49,119850,0.49,-5287.5,-0.02,11147275,11147.28
2816,Entry long,2019-06-07 15:00,S1 Trend,3453.75,141,486978.75,119850,0.49,119850,0.49,-5287.5,-0.02,11147275,11147.28
2817,Exit long,2019-06-07 21:00,EOD,3459,331,1143191.25,86887.5,0.15,297900,0.52,-12412.5,-0.02,11234162,11234.16
2817,Entry long,2019-06-07 15:00,S1 Trend,3453.75,331,1143191.25,86887.5,0.15,297900,0.52,-12412.5,-0.02,11234162,11234.16
2818,Exit long,2019-06-11 21:00,EOD,3471.75,464,1609152,87000,0.11,220400,0.27,-40600,-0.05,11321162,11321.16
2818,Entry long,2019-06-11 18:30,S2 VWAP,3468,464,1609152,87000,0.11,220400,0.27,-40600,-0.05,11321162,11321.16
2819,Exit long,2019-06-12 18:00,S2 FairVal,3467,486,1684111.5,42525,0.05,78975,0.09,-24300,-0.03,11363688,11363.69
2819,Entry long,2019-06-12 17:30,S2 VWAP,3465.25,486,1684111.5,42525,0.05,78975,0.09,-24300,-0.03,11363688,11363.69
2820,Exit long,2019-06-13 21:00,EOD,3478.75,505,1757021.25,-12625,-0.01,44187.5,0.05,-277750,-0.32,11351062,11351.06
2820,Entry long,2019-06-13 15:00,S1 Trend,3479.25,505,1757021.25,-12625,-0.01,44187.5,0.05,-277750,-0.32,11351062,11351.06
2821,Exit long,2019-06-18 15:30,S1 Climax,3510.25,143,501858.5,5362.5,0.02,30387.5,0.12,-14300,-0.06,11356425,11356.43
2821,Entry long,2019-06-18 15:00,S1 Trend,3509.5,143,501858.5,5362.5,0.02,30387.5,0.12,-14300,-0.06,11356425,11356.43
2822,Exit long,2019-06-18 16:00,S1 Climax,3515.5,100,350950,30000,0.17,37500,0.21,-10000,-0.06,11386425,11386.43
2822,Entry long,2019-06-18 15:00,S1 Trend,3509.5,100,350950,30000,0.17,37500,0.21,-10000,-0.06,11386425,11386.43
2823,Exit long,2019-06-18 18:00,S1 Trail,3501.75,236,828242,-91450,-0.22,97350,0.24,-91450,-0.22,11294975,11294.97
2823,Entry long,2019-06-18 15:00,S1 Trend,3509.5,236,828242,-91450,-0.22,97350,0.24,-91450,-0.22,11294975,11294.97
2824,Exit long,2019-06-19 16:30,S2 FairVal,3506.5,758,2655653,113700,0.09,113700,0.09,-18950,-0.01,11408675,11408.68
2824,Entry long,2019-06-19 16:00,S2 VWAP,3503.5,758,2655653,113700,0.09,113700,0.09,-18950,-0.01,11408675,11408.68
2825,Exit long,2019-06-21 21:00,EOD,3536,495,1754280,-198000,-0.23,61875,0.07,-222750,-0.25,11210675,11210.68
2825,Entry long,2019-06-21 16:30,S1 Trend,3544,495,1754280,-198000,-0.23,61875,0.07,-222750,-0.25,11210675,11210.68
2826,Exit long,2019-06-24 21:00,EOD,3532,743,2625947.75,-83587.5,-0.06,37150,0.03,-157887.5,-0.12,11127088,11127.09
2826,Entry long,2019-06-24 20:00,S2 VWAP,3534.25,743,2625947.75,-83587.5,-0.06,37150,0.03,-157887.5,-0.12,11127088,11127.09
2827,Exit long,2019-07-01 20:30,S2 FairVal,3549.75,487,1724954,188712.5,0.22,188712.5,0.22,-127837.5,-0.15,11315800,11315.80
2827,Entry long,2019-07-01 18:30,S2 VWAP,3542,487,1724954,188712.5,0.22,188712.5,0.22,-127837.5,-0.15,11315800,11315.80
2828,Exit long,2019-07-11 16:30,S2 FairVal,3584.75,667,2387359.75,183425,0.15,208437.5,0.17,-25012.5,-0.02,11499225,11499.23
2828,Entry long,2019-07-11 16:00,S2 VWAP,3579.25,667,2387359.75,183425,0.15,208437.5,0.17,-25012.5,-0.02,11499225,11499.23
2829,Exit long,2019-07-11 20:30,S2 FairVal,3582,600,2145300,195000,0.18,195000,0.18,-7500,-0.01,11694225,11694.23
2829,Entry long,2019-07-11 19:30,S2 VWAP,3575.5,600,2145300,195000,0.18,195000,0.18,-7500,-0.01,11694225,11694.23
2830,Exit long,2019-07-25 16:00,S2 FairVal,3595.75,602,2162384,112875,0.10,158025,0.15,-7525,-0.01,11807100,11807.10
2830,Entry long,2019-07-25 15:30,S2 VWAP,3592,602,2162384,112875,0.10,158025,0.15,-7525,-0.01,11807100,11807.10
2831,Exit long,2019-08-01 18:00,S1 Trail,3577.5,399,1432011,-229425,-0.32,129675,0.18,-229425,-0.32,11577675,11577.68
2831,Entry long,2019-08-01 16:00,S1 Trend,3589,399,1432011,-229425,-0.32,129675,0.18,-229425,-0.32,11577675,11577.68
2832,Exit short,2019-08-05 19:30,S3 Scalp,3411.75,290,997600,409625,0.82,409625,0.82,-43500,-0.09,11987300,11987.30
2832,Entry short,2019-08-05 17:30,S3 Hedge,3440,290,997600,409625,0.82,409625,0.82,-43500,-0.09,11987300,11987.30
2833,Exit short,2019-08-05 20:30,S3 Scalp,3428.5,253,863362.5,-202400,-0.47,135987.5,0.32,-202400,-0.47,11784900,11784.90
2833,Entry short,2019-08-05 20:00,S3 Hedge,3412.5,253,863362.5,-202400,-0.47,135987.5,0.32,-202400,-0.47,11784900,11784.90
2834,Exit long,2019-08-07 21:00,EOD,3464.5,203,703496.5,-10150,-0.03,73587.5,0.21,-88812.5,-0.25,11774750,11774.75
2834,Entry long,2019-08-07 20:00,S1 Trend,3465.5,203,703496.5,-10150,-0.03,73587.5,0.21,-88812.5,-0.25,11774750,11774.75
2835,Exit long,2019-08-08 17:30,S1 Climax,3508.75,102,355495.5,119850,0.67,127500,0.72,-3825,-0.02,11894600,11894.60
2835,Entry long,2019-08-08 15:00,S1 Trend,3485.25,102,355495.5,119850,0.67,127500,0.72,-3825,-0.02,11894600,11894.60
2836,Exit long,2019-08-08 18:00,S1 Climax,3512.75,71,247452.75,97625,0.79,97625,0.79,-2662.5,-0.02,11992225,11992.23
2836,Entry long,2019-08-08 15:00,S1 Trend,3485.25,71,247452.75,97625,0.79,97625,0.79,-2662.5,-0.02,11992225,11992.23
2837,Exit long,2019-08-08 21:00,EOD,3520,168,585522,291900,1.00,294000,1.00,-6300,-0.02,12284125,12284.13
2837,Entry long,2019-08-08 15:00,S1 Trend,3485.25,168,585522,291900,1.00,294000,1.00,-6300,-0.02,12284125,12284.13
2838,Exit long,2019-08-09 15:30,S1 Trail,3489,431,1510224,-323250,-0.43,86200,0.11,-323250,-0.43,11960875,11960.88
2838,Entry long,2019-08-09 15:00,S1 Trend,3504,431,1510224,-323250,-0.43,86200,0.11,-323250,-0.43,11960875,11960.88
2839,Exit long,2019-08-09 16:30,S2 FairVal,3482.5,363,1269592.5,-272250,-0.43,27225,0.04,-272250,-0.43,11688625,11688.63
2839,Entry long,2019-08-09 16:00,S2 VWAP,3497.5,363,1269592.5,-272250,-0.43,27225,0.04,-272250,-0.43,11688625,11688.63
2840,Exit short,2019-08-12 21:00,EOD,3465,289,1002396.5,50575,0.10,213137.5,0.43,-39737.5,-0.08,11739200,11739.20
2840,Entry short,2019-08-12 19:00,S3 Hedge,3468.5,289,1002396.5,50575,0.10,213137.5,0.43,-39737.5,-0.08,11739200,11739.20
2841,Exit long,2019-08-13 21:00,EOD,3508.5,232,815074,-55100,-0.14,142100,0.35,-168200,-0.41,11684100,11684.10
2841,Entry long,2019-08-13 15:00,S1 Trend,3513.25,232,815074,-55100,-0.14,142100,0.35,-168200,-0.41,11684100,11684.10
2842,Exit short,2019-08-14 21:00,EOD,3422.25,267,920949.75,360450,0.78,383812.5,0.83,-23362.5,-0.05,12044550,12044.55
2842,Entry short,2019-08-14 16:00,S3 Hedge,3449.25,267,920949.75,360450,0.78,383812.5,0.83,-23362.5,-0.05,12044550,12044.55
2843,Exit long,2019-08-16 21:00,EOD,3471,357,1234416.75,236512.5,0.38,325762.5,0.53,-17850,-0.03,12281062,12281.06
2843,Entry long,2019-08-16 15:30,S1 Trend,3457.75,357,1234416.75,236512.5,0.38,325762.5,0.53,-17850,-0.03,12281062,12281.06
2844,Exit long,2019-08-19 21:00,EOD,3505.75,508,1783715,-139700,-0.16,12700,0.01,-171450,-0.19,12141362,12141.36
2844,Entry long,2019-08-19 18:30,S1 Trend,3511.25,508,1783715,-139700,-0.16,12700,0.01,-171450,-0.19,12141362,12141.36
2845,Exit long,2019-08-22 15:30,S1 Trail,3499.5,503,1768799.5,-427550,-0.48,0,0.00,-427550,-0.48,11713812,11713.81
2845,Entry long,2019-08-22 15:00,S1 Trend,3516.5,503,1768799.5,-427550,-0.48,0,0.00,-427550,-0.48,11713812,11713.81
2846,Exit long,2019-08-27 16:00,S1 Trail,3457,381,1323594,-323850,-0.49,42862.5,0.06,-323850,-0.49,11389962,11389.96
2846,Entry long,2019-08-27 15:00,S1 Trend,3474,381,1323594,-323850,-0.49,42862.5,0.06,-323850,-0.49,11389962,11389.96
2847,Exit long,2019-08-28 21:00,EOD,3469.5,306,1058760,145350,0.27,179775,0.34,-57375,-0.11,11535312,11535.31
2847,Entry long,2019-08-28 16:00,S1 Trend,3460,306,1058760,145350,0.27,179775,0.34,-57375,-0.11,11535312,11535.31
2848,Exit long,2019-08-29 15:30,S1 Trail,3487.5,429,1503108.75,-348562.5,-0.46,16087.5,0.02,-348562.5,-0.46,11186750,11186.75
2848,Entry long,2019-08-29 15:00,S1 Trend,3503.75,429,1503108.75,-348562.5,-0.46,16087.5,0.02,-348562.5,-0.46,11186750,11186.75
2849,Exit long,2019-08-29 21:00,EOD,3506,358,1255148,0,0.00,107400,0.17,-62650,-0.10,11186750,11186.75
2849,Entry long,2019-08-29 17:00,S1 Trend,3506,358,1255148,0,0.00,107400,0.17,-62650,-0.10,11186750,11186.75
2850,Exit long,2019-09-03 21:00,EOD,3487.5,305,1065441.25,-87687.5,-0.16,0,0.00,-320250,-0.60,11099062,11099.06
2850,Entry long,2019-09-03 15:00,S1 Trend,3493.25,305,1065441.25,-87687.5,-0.16,0,0.00,-320250,-0.60,11099062,11099.06
2851,Exit long,2019-09-05 21:00,EOD,3557.5,429,1527990.75,-91162.5,-0.12,64350,0.08,-176962.5,-0.23,11007900,11007.90
2851,Entry long,2019-09-05 15:30,S1 Trend,3561.75,429,1527990.75,-91162.5,-0.12,64350,0.08,-176962.5,-0.23,11007900,11007.90
2852,Exit long,2019-09-09 21:00,EOD,3560.5,575,2045993.75,64687.5,0.06,93437.5,0.09,-150937.5,-0.15,11072588,11072.59
2852,Entry long,2019-09-09 18:00,S2 VWAP,3558.25,575,2045993.75,64687.5,0.06,93437.5,0.09,-150937.5,-0.15,11072588,11072.59
2853,Exit long,2019-09-12 21:00,EOD,3591.25,412,1482582,-149350,-0.20,92700,0.13,-324450,-0.44,10923238,10923.24
2853,Entry long,2019-09-12 15:30,S1 Trend,3598.5,412,1482582,-149350,-0.20,92700,0.13,-324450,-0.44,10923238,10923.24
2854,Exit long,2019-09-30 21:00,EOD,3556.5,468,1665378,-46800,-0.06,122850,0.15,-105300,-0.13,10876438,10876.44
2854,Entry long,2019-09-30 16:30,S1 Trend,3558.5,468,1665378,-46800,-0.06,122850,0.15,-105300,-0.13,10876438,10876.44
2855,Exit short,2019-10-02 16:30,S3 Scalp,3463.75,355,1237086.25,372750,0.60,372750,0.60,-44375,-0.07,11249188,11249.19
2855,Entry short,2019-10-02 15:00,S3 Hedge,3484.75,355,1237086.25,372750,0.60,372750,0.60,-44375,-0.07,11249188,11249.19
2856,Exit short,2019-10-02 19:00,S3 Scalp,3467.75,301,1040256,-176837.5,-0.34,33862.5,0.07,-176837.5,-0.34,11072350,11072.35
2856,Entry short,2019-10-02 18:00,S3 Hedge,3456,301,1040256,-176837.5,-0.34,33862.5,0.07,-176837.5,-0.34,11072350,11072.35
2857,Exit long,2019-10-04 21:00,EOD,3529.25,376,1319290,385400,0.58,437100,0.66,-173900,-0.26,11457750,11457.75
2857,Entry long,2019-10-04 15:00,S1 Trend,3508.75,376,1319290,385400,0.58,437100,0.66,-173900,-0.26,11457750,11457.75
2858,Exit long,2019-10-07 19:30,S1 Trail,3521.25,485,1710231.25,-121250,-0.14,291000,0.34,-121250,-0.14,11336500,11336.50
2858,Entry long,2019-10-07 16:00,S1 Trend,3526.25,485,1710231.25,-121250,-0.14,291000,0.34,-121250,-0.14,11336500,11336.50
2859,Exit long,2019-10-09 21:00,EOD,3497.25,349,1222983.25,-122150,-0.20,69800,0.11,-161412.5,-0.26,11214350,11214.35
2859,Entry long,2019-10-09 20:00,S1 Trend,3504.25,349,1222983.25,-122150,-0.20,69800,0.11,-161412.5,-0.26,11214350,11214.35
2860,Exit long,2019-10-10 21:00,EOD,3517.25,300,1054950,11250,0.02,157500,0.30,-172500,-0.33,11225600,11225.60
2860,Entry long,2019-10-10 15:00,S1 Trend,3516.5,300,1054950,11250,0.02,157500,0.30,-172500,-0.33,11225600,11225.60
2861,Exit long,2019-10-11 15:30,S1 Climax,3563.5,128,455424,35200,0.15,36800,0.16,0,0.00,11260800,11260.80
2861,Entry long,2019-10-11 15:00,S1 Trend,3558,128,455424,35200,0.15,36800,0.16,0,0.00,11260800,11260.80
2862,Exit long,2019-10-11 16:30,S1 Climax,3568.75,90,320220,48375,0.30,51750,0.32,0,0.00,11309175,11309.18
2862,Entry long,2019-10-11 15:00,S1 Trend,3558,90,320220,48375,0.30,51750,0.32,0,0.00,11309175,11309.18
2863,Exit long,2019-10-11 17:30,S1 Trail,3555,211,750738,-31650,-0.08,155612.5,0.41,-31650,-0.08,11277525,11277.53
2863,Entry long,2019-10-11 15:00,S1 Trend,3558,211,750738,-31650,-0.08,155612.5,0.41,-31650,-0.08,11277525,11277.53
2864,Exit long,2019-10-14 21:00,EOD,3545,417,1477848,20850,0.03,151162.5,0.20,-10425,-0.01,11298375,11298.38
2864,Entry long,2019-10-14 15:30,S1 Trend,3544,417,1477848,20850,0.03,151162.5,0.20,-10425,-0.01,11298375,11298.38
2865,Exit long,2019-10-15 21:00,EOD,3574,456,1632138,-119700,-0.15,62700,0.08,-136800,-0.17,11178675,11178.68
2865,Entry long,2019-10-15 16:00,S1 Trend,3579.25,456,1632138,-119700,-0.15,62700,0.08,-136800,-0.17,11178675,11178.68
2866,Exit long,2019-10-30 20:00,EOD,3624,476,1722525,124950,0.15,214200,0.25,-11900,-0.01,11303625,11303.63
2866,Entry long,2019-10-30 19:00,S1 Trend,3618.75,476,1722525,124950,0.15,214200,0.25,-11900,-0.01,11303625,11303.63
2867,Exit long,2019-11-11 15:30,S2 FairVal,3661.75,816,2987172,40800,0.03,71400,0.05,-61200,-0.04,11344425,11344.43
2867,Entry long,2019-11-11 15:00,S2 VWAP,3660.75,816,2987172,40800,0.03,71400,0.05,-61200,-0.04,11344425,11344.43
2868,Exit long,2019-11-14 15:30,S2 FairVal,3672,709,2603093.5,17725,0.01,97487.5,0.07,-26587.5,-0.02,11362150,11362.15
2868,Entry long,2019-11-14 15:00,S2 VWAP,3671.5,709,2603093.5,17725,0.01,97487.5,0.07,-26587.5,-0.02,11362150,11362.15
2869,Exit long,2019-11-14 18:00,S2 FairVal,3669.75,560,2053660,70000,0.07,91000,0.09,-14000,-0.01,11432150,11432.15
2869,Entry long,2019-11-14 17:30,S2 VWAP,3667.25,560,2053660,70000,0.07,91000,0.09,-14000,-0.01,11432150,11432.15
2870,Exit long,2019-12-01 23:30,S2 FairVal,3723.75,864,3218400,-54000,-0.03,75600,0.05,-86400,-0.05,11378150,11378.15
2870,Entry long,2019-12-01 23:00,S2 VWAP,3725,864,3218400,-54000,-0.03,75600,0.05,-86400,-0.05,11378150,11378.15
2871,Exit long,2019-12-04 21:00,EOD,3691.75,425,1569631.25,-31875,-0.04,106250,0.14,-63750,-0.08,11346275,11346.28
2871,Entry long,2019-12-04 15:00,S1 Trend,3693.25,425,1569631.25,-31875,-0.04,106250,0.14,-63750,-0.08,11346275,11346.28
2872,Exit long,2019-12-09 21:00,EOD,3715.25,808,3005356,-171700,-0.11,60600,0.04,-212100,-0.14,11174575,11174.58
2872,Entry long,2019-12-09 20:00,S2 VWAP,3719.5,808,3005356,-171700,-0.11,60600,0.04,-212100,-0.14,11174575,11174.58
2873,Exit long,2019-12-10 21:00,EOD,3711.5,394,1464695,-118200,-0.16,29550,0.04,-216700,-0.30,11056375,11056.38
2873,Entry long,2019-12-10 16:30,S1 Trend,3717.5,394,1464695,-118200,-0.16,29550,0.04,-216700,-0.30,11056375,11056.38
2874,Exit long,2019-12-12 16:30,S1 Trail,3737.25,435,1632663.75,-348000,-0.43,16312.5,0.02,-348000,-0.43,10708375,10708.38
2874,Entry long,2019-12-12 15:30,S1 Trend,3753.25,435,1632663.75,-348000,-0.43,16312.5,0.02,-348000,-0.43,10708375,10708.38
2875,Exit long,2019-12-13 17:30,S2 FairVal,3749.5,358,1342052.5,13425,0.02,250600,0.37,-237175,-0.35,10721800,10721.80
2875,Entry long,2019-12-13 15:00,S2 VWAP,3748.75,358,1342052.5,13425,0.02,250600,0.37,-237175,-0.35,10721800,10721.80
2876,Exit long,2020-01-03 21:00,EOD,3808.5,307,1170207.25,-49887.5,-0.09,138150,0.24,-111287.5,-0.19,10671912,10671.91
2876,Entry long,2020-01-03 15:00,S1 Trend,3811.75,307,1170207.25,-49887.5,-0.09,138150,0.24,-111287.5,-0.19,10671912,10671.91
2877,Exit long,2020-01-06 21:00,EOD,3821,396,1507473,282150,0.37,301950,0.40,-34650,-0.05,10954062,10954.06
2877,Entry long,2020-01-06 16:00,S1 Trend,3806.75,396,1507473,282150,0.37,301950,0.40,-34650,-0.05,10954062,10954.06
2878,Exit long,2020-01-08 21:00,EOD,3828.5,336,1283940,121800,0.19,352800,0.55,-142800,-0.22,11075862,11075.86
2878,Entry long,2020-01-08 15:00,S1 Trend,3821.25,336,1283940,121800,0.19,352800,0.55,-142800,-0.22,11075862,11075.86
2879,Exit long,2020-01-10 20:30,S2 FairVal,3840,593,2281864,-237200,-0.21,133425,0.12,-237200,-0.21,10838662,10838.66
2879,Entry long,2020-01-10 17:30,S2 VWAP,3848,593,2281864,-237200,-0.21,133425,0.12,-237200,-0.21,10838662,10838.66
2880,Exit long,2020-01-22 18:00,S2 FairVal,3905.75,628,2450770,102050,0.08,102050,0.08,-117750,-0.10,10940712,10940.71
2880,Entry long,2020-01-22 17:00,S2 VWAP,3902.5,628,2450770,102050,0.08,102050,0.08,-117750,-0.10,10940712,10940.71
2881,Exit long,2020-01-23 21:00,EOD,3899.5,426,1659802.5,69225,0.08,111825,0.13,-15975,-0.02,11009938,11009.94
2881,Entry long,2020-01-23 19:30,S1 Trend,3896.25,426,1659802.5,69225,0.08,111825,0.13,-15975,-0.02,11009938,11009.94
2882,Exit long,2020-01-28 21:00,EOD,3850.25,347,1335863.25,8675,0.01,169162.5,0.25,-78075,-0.12,11018612,11018.61
2882,Entry long,2020-01-28 16:00,S1 Trend,3849.75,347,1335863.25,8675,0.01,169162.5,0.25,-78075,-0.12,11018612,11018.61
2883,Exit long,2020-02-03 16:30,S1 Trail,3819.5,315,1207080,-196875,-0.33,153562.5,0.25,-196875,-0.33,10821738,10821.74
2883,Entry long,2020-02-03 15:00,S1 Trend,3832,315,1207080,-196875,-0.33,153562.5,0.25,-196875,-0.33,10821738,10821.74
2884,Exit long,2020-02-04 21:00,EOD,3870.75,378,1461726,70875,0.10,240975,0.33,-85050,-0.12,10892612,10892.61
2884,Entry long,2020-02-04 15:00,S1 Trend,3867,378,1461726,70875,0.10,240975,0.33,-85050,-0.12,10892612,10892.61
2885,Exit long,2020-02-05 21:00,EOD,3908,356,1390625,31150,0.04,75650,0.11,-84550,-0.12,10923762,10923.76
2885,Entry long,2020-02-05 20:00,S1 Trend,3906.25,356,1390625,31150,0.04,75650,0.11,-84550,-0.12,10923762,10923.76
2886,Exit long,2020-02-07 21:00,EOD,3901.25,369,1440022.5,-23062.5,-0.03,55350,0.08,-96862.5,-0.13,10900700,10900.70
2886,Entry long,2020-02-07 20:00,S2 VWAP,3902.5,369,1440022.5,-23062.5,-0.03,55350,0.08,-96862.5,-0.13,10900700,10900.70
2887,Exit long,2020-02-10 21:00,EOD,3926,354,1382901,345150,0.50,349575,0.51,-4425,-0.01,11245850,11245.85
2887,Entry long,2020-02-10 15:00,S1 Trend,3906.5,354,1382901,345150,0.50,349575,0.51,-4425,-0.01,11245850,11245.85
2888,Exit long,2020-02-13 21:00,EOD,3949.25,431,1697709,220887.5,0.26,436387.5,0.51,-107750,-0.13,11466738,11466.74
2888,Entry long,2020-02-13 15:00,S1 Trend,3939,431,1697709,220887.5,0.26,436387.5,0.51,-107750,-0.13,11466738,11466.74
2889,Exit short,2020-02-24 19:30,S3 Scalp,3820.5,193,733786,-178525,-0.49,132687.5,0.36,-178525,-0.49,11288212,11288.21
2889,Entry short,2020-02-24 17:30,S3 Hedge,3802,193,733786,-178525,-0.49,132687.5,0.36,-178525,-0.49,11288212,11288.21
2890,Exit short,2020-02-25 19:00,S3 Scalp,3700.75,153,573138,346162.5,1.21,346162.5,1.21,-51637.5,-0.18,11634375,11634.38
2890,Entry short,2020-02-25 18:00,S3 Hedge,3746,153,573138,346162.5,1.21,346162.5,1.21,-51637.5,-0.18,11634375,11634.38
2891,Exit short,2020-02-25 20:00,S3 Scalp,3726,147,544047,-183750,-0.68,38587.5,0.14,-183750,-0.68,11450625,11450.63
2891,Entry short,2020-02-25 19:30,S3 Hedge,3701,147,544047,-183750,-0.68,38587.5,0.14,-183750,-0.68,11450625,11450.63
2892,Exit short,2020-02-27 16:00,S3 Scalp,3629.5,138,496765.5,-205275,-0.83,132825,0.53,-208725,-0.84,11245350,11245.35
2892,Entry short,2020-02-27 15:30,S3 Hedge,3599.75,138,496765.5,-205275,-0.83,132825,0.53,-208725,-0.84,11245350,11245.35
2893,Exit short,2020-02-28 16:00,S3 Scalp,3482.75,76,261174,-175750,-1.35,7600,0.06,-175750,-1.35,11069600,11069.60
2893,Entry short,2020-02-28 15:30,S3 Hedge,3436.5,76,261174,-175750,-1.35,7600,0.06,-175750,-1.35,11069600,11069.60
2894,Exit long,2020-03-02 21:00,EOD,3664,78,279922.5,293475,2.10,298350,2.13,-103350,-0.74,11363075,11363.08
2894,Entry long,2020-03-02 16:30,S1 Trend,3588.75,78,279922.5,293475,2.10,298350,2.13,-103350,-0.74,11363075,11363.08
2895,Exit long,2020-03-03 16:00,S1 Trail,3606,87,319116,-269700,-1.69,75037.5,0.47,-269700,-1.69,11093375,11093.38
2895,Entry long,2020-03-03 15:30,S1 Trend,3668,87,319116,-269700,-1.69,75037.5,0.47,-269700,-1.69,11093375,11093.38
2896,Exit long,2020-03-03 18:30,S2 FairVal,3582.75,71,258830.5,-222762.5,-1.72,35500,0.27,-222762.5,-1.72,10870612,10870.61
2896,Entry long,2020-03-03 17:00,S2 VWAP,3645.5,71,258830.5,-222762.5,-1.72,35500,0.27,-222762.5,-1.72,10870612,10870.61
2897,Exit long,2020-03-04 21:00,EOD,3701.5,119,434558.25,296012.5,1.36,307912.5,1.42,-10412.5,-0.05,11166625,11166.63
2897,Entry long,2020-03-04 18:00,S1 Trend,3651.75,119,434558.25,296012.5,1.36,307912.5,1.42,-10412.5,-0.05,11166625,11166.63
2898,Exit long,2020-03-05 17:30,S1 Trail,3603.25,141,514826.25,-338400,-1.31,19387.5,0.08,-338400,-1.31,10828225,10828.23
2898,Entry long,2020-03-05 16:30,S1 Trend,3651.25,141,514826.25,-338400,-1.31,19387.5,0.08,-338400,-1.31,10828225,10828.23
2899,Exit long,2020-03-19 20:00,EOD,2983.75,51,153918,-87337.5,-1.13,63112.5,0.82,-154912.5,-2.01,10740888,10740.89
2899,Entry long,2020-03-19 15:30,S1 Trend,3018,51,153918,-87337.5,-1.13,63112.5,0.82,-154912.5,-2.01,10740888,10740.89
2900,Exit long,2020-03-24 18:00,S1 Trail,2937.25,98,287777,3675,0.03,373625,2.60,-49000,-0.34,10744562,10744.56
2900,Entry long,2020-03-24 14:00,S1 Trend,2936.5,98,287777,3675,0.03,373625,2.60,-49000,-0.34,10744562,10744.56
2901,Exit long,2020-03-25 19:30,S1 Trail,3050.75,70,215530,-98875,-0.92,235375,2.18,-98875,-0.92,10645688,10645.69
2901,Entry long,2020-03-25 16:30,S1 Trend,3079,70,215530,-98875,-0.92,235375,2.18,-98875,-0.92,10645688,10645.69
2902,Exit long,2020-03-26 20:00,EOD,3194.5,80,249560,300000,2.40,367000,2.94,-35000,-0.28,10945688,10945.69
2902,Entry long,2020-03-26 14:00,S1 Trend,3119.5,80,249560,300000,2.40,367000,2.94,-35000,-0.28,10945688,10945.69
2903,Exit long,2020-03-27 19:30,S1 Trail,3117.75,93,291857.25,-95325,-0.65,242962.5,1.66,-95325,-0.65,10850362,10850.36
2903,Entry long,2020-03-27 18:00,S1 Trend,3138.25,93,291857.25,-95325,-0.65,242962.5,1.66,-95325,-0.65,10850362,10850.36
2904,Exit long,2020-03-30 21:00,EOD,3199.75,101,316685.5,324462.5,2.05,362337.5,2.29,-29037.5,-0.18,11174825,11174.83
2904,Entry long,2020-03-30 15:00,S1 Trend,3135.5,101,316685.5,324462.5,2.05,362337.5,2.29,-29037.5,-0.18,11174825,11174.83
2905,Exit long,2020-03-31 20:00,S1 Trail,3156.5,135,432945,-340875,-1.57,13500,0.06,-340875,-1.57,10833950,10833.95
2905,Entry long,2020-03-31 17:00,S1 Trend,3207,135,432945,-340875,-1.57,13500,0.06,-340875,-1.57,10833950,10833.95
2906,Exit short,2020-04-01 21:00,EOD,3042,126,383449.5,7875,0.04,148050,0.77,-157500,-0.82,10841825,10841.83
2906,Entry short,2020-04-01 18:00,S3 Hedge,3043.25,126,383449.5,7875,0.04,148050,0.77,-157500,-0.82,10841825,10841.83
2907,Exit long,2020-04-03 17:00,S1 Trail,3054.5,124,384493,-286750,-1.49,57350,0.30,-286750,-1.49,10555075,10555.08
2907,Entry long,2020-04-03 15:00,S1 Trend,3100.75,124,384493,-286750,-1.49,57350,0.30,-286750,-1.49,10555075,10555.08
2908,Exit long,2020-04-06 21:00,EOD,3232.25,159,505938,399487.5,1.58,572400,2.26,-83475,-0.33,10954562,10954.56
2908,Entry long,2020-04-06 15:00,S1 Trend,3182,159,505938,399487.5,1.58,572400,2.26,-83475,-0.33,10954562,10954.56
2909,Exit long,2020-04-07 15:30,S1 Trail,3265,128,425056,-356800,-1.68,14400,0.07,-356800,-1.68,10597762,10597.76
2909,Entry long,2020-04-07 15:00,S1 Trend,3320.75,128,425056,-356800,-1.68,14400,0.07,-356800,-1.68,10597762,10597.76
2910,Exit long,2020-04-08 21:00,EOD,3323.75,123,399504,465862.5,2.33,553500,2.77,-55350,-0.28,11063625,11063.63
2910,Entry long,2020-04-08 15:00,S1 Trend,3248,123,399504,465862.5,2.33,553500,2.77,-55350,-0.28,11063625,11063.63
2911,Exit long,2020-04-09 21:00,EOD,3365.25,115,389591.25,-129375,-0.66,41687.5,0.21,-287500,-1.48,10934250,10934.25
2911,Entry long,2020-04-09 15:00,S1 Trend,3387.75,115,389591.25,-129375,-0.66,41687.5,0.21,-287500,-1.48,10934250,10934.25
2912,Exit long,2020-04-14 21:00,EOD,3422.5,177,603879.75,95137.5,0.32,174787.5,0.58,-247800,-0.82,11029388,11029.39
2912,Entry long,2020-04-14 15:00,S1 Trend,3411.75,177,603879.75,95137.5,0.32,174787.5,0.58,-247800,-0.82,11029388,11029.39
2913,Exit long,2020-04-15 21:00,EOD,3360.5,164,552639,-75850,-0.27,69700,0.25,-131200,-0.47,10953538,10953.54
2913,Entry long,2020-04-15 19:30,S1 Trend,3369.75,164,552639,-75850,-0.27,69700,0.25,-131200,-0.47,10953538,10953.54
2914,Exit long,2020-04-17 20:30,S2 FairVal,3433.25,167,570513.75,141950,0.50,141950,0.50,-81412.5,-0.29,11095488,11095.49
2914,Entry long,2020-04-17 16:00,S2 VWAP,3416.25,167,570513.75,141950,0.50,141950,0.50,-81412.5,-0.29,11095488,11095.49
2915,Exit long,2020-04-20 19:00,S1 Trail,3409.5,183,628467.75,-226462.5,-0.72,109800,0.35,-226462.5,-0.72,10869025,10869.03
2915,Entry long,2020-04-20 16:00,S1 Trend,3434.25,183,628467.75,-226462.5,-0.72,109800,0.35,-226462.5,-0.72,10869025,10869.03
2916,Exit long,2020-04-22 21:00,EOD,3374.5,183,616710,41175,0.13,215025,0.70,-45750,-0.15,10910200,10910.20
2916,Entry long,2020-04-22 17:00,S1 Trend,3370,183,616710,41175,0.13,215025,0.70,-45750,-0.15,10910200,10910.20
2917,Exit long,2020-04-23 17:30,S1 Trail,3388.75,210,713527.5,-94500,-0.26,257250,0.72,-94500,-0.26,10815700,10815.70
2917,Entry long,2020-04-23 15:00,S1 Trend,3397.75,210,713527.5,-94500,-0.26,257250,0.72,-94500,-0.26,10815700,10815.70
2918,Exit long,2020-04-24 21:00,EOD,3413.25,202,686446.5,151500,0.44,224725,0.65,-30300,-0.09,10967200,10967.20
2918,Entry long,2020-04-24 19:00,S1 Trend,3398.25,202,686446.5,151500,0.44,224725,0.65,-30300,-0.09,10967200,10967.20
2919,Exit long,2020-04-27 21:00,EOD,3454.75,241,831329.5,63262.5,0.15,207862.5,0.50,-57237.5,-0.14,11030462,11030.46
2919,Entry long,2020-04-27 16:30,S1 Trend,3449.5,241,831329.5,63262.5,0.15,207862.5,0.50,-57237.5,-0.14,11030462,11030.46
2920,Exit long,2020-04-29 21:00,EOD,3515.25,199,698788.5,37312.5,0.11,211437.5,0.61,-49750,-0.14,11067775,11067.78
2920,Entry long,2020-04-29 16:30,S1 Trend,3511.5,199,698788.5,37312.5,0.11,211437.5,0.61,-49750,-0.14,11067775,11067.78
2921,Exit long,2020-05-05 20:30,S1 Trail,3451,235,813863.75,-143937.5,-0.35,141000,0.35,-143937.5,-0.35,10923838,10923.84
2921,Entry long,2020-05-05 15:00,S1 Trend,3463.25,235,813863.75,-143937.5,-0.35,141000,0.35,-143937.5,-0.35,10923838,10923.84
2922,Exit long,2020-05-07 20:00,S1 Trail,3453.75,287,995531.25,-215250,-0.43,168612.5,0.34,-215250,-0.43,10708588,10708.59
2922,Entry long,2020-05-07 15:00,S1 Trend,3468.75,287,995531.25,-215250,-0.43,168612.5,0.34,-215250,-0.43,10708588,10708.59
2923,Exit long,2020-05-11 21:00,EOD,3507.75,271,948906.5,84687.5,0.18,284550,0.60,-30487.5,-0.06,10793275,10793.28
2923,Entry long,2020-05-11 17:00,S1 Trend,3501.5,271,948906.5,84687.5,0.18,284550,0.60,-30487.5,-0.06,10793275,10793.28
2924,Exit long,2020-05-12 19:00,S1 Trail,3486.25,243,851715,-227812.5,-0.53,106312.5,0.25,-227812.5,-0.53,10565462,10565.46
2924,Entry long,2020-05-12 15:00,S1 Trend,3505,243,851715,-227812.5,-0.53,106312.5,0.25,-227812.5,-0.53,10565462,10565.46
2925,Exit short,2020-05-14 15:30,S3 Scalp,3370.5,171,573021,-166725,-0.58,44887.5,0.16,-166725,-0.58,10398738,10398.74
2925,Entry short,2020-05-14 15:00,S3 Hedge,3351,171,573021,-166725,-0.58,44887.5,0.16,-166725,-0.58,10398738,10398.74
2926,Exit long,2020-05-15 21:00,EOD,3444.5,164,562561,116850,0.42,120950,0.43,-59450,-0.21,10515588,10515.59
2926,Entry long,2020-05-15 18:30,S1 Trend,3430.25,164,562561,116850,0.42,120950,0.43,-59450,-0.21,10515588,10515.59
2927,Exit long,2020-05-18 16:00,S1 Climax,3527.75,67,235488.25,43550,0.37,48575,0.41,-12562.5,-0.11,10559138,10559.14
2927,Entry long,2020-05-18 15:00,S1 Trend,3514.75,67,235488.25,43550,0.37,48575,0.41,-12562.5,-0.11,10559138,10559.14
2928,Exit long,2020-05-18 16:30,S1 Climax,3535,47,165193.25,47587.5,0.58,55225,0.67,-8812.5,-0.11,10606725,10606.73
2928,Entry long,2020-05-18 15:00,S1 Trend,3514.75,47,165193.25,47587.5,0.58,55225,0.67,-8812.5,-0.11,10606725,10606.73
2929,Exit long,2020-05-18 17:00,S1 Climax,3532.75,33,115986.75,29700,0.51,38775,0.67,-6187.5,-0.11,10636425,10636.43
2929,Entry long,2020-05-18 15:00,S1 Trend,3514.75,33,115986.75,29700,0.51,38775,0.67,-6187.5,-0.11,10636425,10636.43
2930,Exit long,2020-05-18 17:30,S1 Climax,3532.75,23,80839.25,20700,0.51,27025,0.67,-4312.5,-0.11,10657125,10657.13
2930,Entry long,2020-05-18 15:00,S1 Trend,3514.75,23,80839.25,20700,0.51,27025,0.67,-4312.5,-0.11,10657125,10657.13
2931,Exit long,2020-05-18 18:30,S1 Climax,3540.25,16,56236,20400,0.73,20400,0.73,-3000,-0.11,10677525,10677.53
2931,Entry long,2020-05-18 15:00,S1 Trend,3514.75,16,56236,20400,0.73,20400,0.73,-3000,-0.11,10677525,10677.53
2932,Exit long,2020-05-18 21:00,EOD,3531.75,39,137075.25,33150,0.48,69225,1.01,-7312.5,-0.11,10710675,10710.68
2932,Entry long,2020-05-18 15:00,S1 Trend,3514.75,39,137075.25,33150,0.48,69225,1.01,-7312.5,-0.11,10710675,10710.68
2933,Exit long,2020-05-19 20:30,S1 Trail,3515.5,223,787803.25,-192337.5,-0.49,125437.5,0.32,-192337.5,-0.49,10518338,10518.34
2933,Entry long,2020-05-19 15:30,S1 Trend,3532.75,223,787803.25,-192337.5,-0.49,125437.5,0.32,-192337.5,-0.49,10518338,10518.34
2934,Exit long,2020-05-20 21:00,EOD,3551.75,288,1021896,50400,0.10,187200,0.37,-111600,-0.22,10568738,10568.74
2934,Entry long,2020-05-20 15:00,S1 Trend,3548.25,288,1021896,50400,0.10,187200,0.37,-111600,-0.22,10568738,10568.74
2935,Exit long,2020-05-21 16:00,S1 Trail,3532.5,278,987734,-284950,-0.58,45175,0.09,-284950,-0.58,10283788,10283.79
2935,Entry long,2020-05-21 15:00,S1 Trend,3553,278,987734,-284950,-0.58,45175,0.09,-284950,-0.58,10283788,10283.79
2936,Exit long,2020-05-21 18:00,S2 FairVal,3539,218,769649,92650,0.24,114450,0.30,-32700,-0.08,10376438,10376.44
2936,Entry long,2020-05-21 17:00,S2 VWAP,3530.5,218,769649,92650,0.24,114450,0.30,-32700,-0.08,10376438,10376.44
2937,Exit long,2020-05-22 21:00,EOD,3535.75,265,936311.25,33125,0.07,66250,0.14,-119250,-0.25,10409562,10409.56
2937,Entry long,2020-05-22 19:30,S1 Trend,3533.25,265,936311.25,33125,0.07,66250,0.14,-119250,-0.25,10409562,10409.56
2938,Exit long,2020-05-26 15:00,S1 Trail,3588.5,405,1446862.5,324000,0.45,663187.5,0.92,-126562.5,-0.17,10733562,10733.56
2938,Entry long,2020-05-25 15:30,S1 Trend,3572.5,405,1446862.5,324000,0.45,663187.5,0.92,-126562.5,-0.17,10733562,10733.56
2939,Exit long,2020-05-28 20:30,S1 Trail,3624,225,817931.25,-126562.5,-0.31,177187.5,0.43,-126562.5,-0.31,10607000,10607.00
2939,Entry long,2020-05-28 16:30,S1 Trend,3635.25,225,817931.25,-126562.5,-0.31,177187.5,0.43,-126562.5,-0.31,10607000,10607.00
2940,Exit long,2020-05-29 21:00,EOD,3624,162,586116,48600,0.17,111375,0.38,-34425,-0.12,10655600,10655.60
2940,Entry long,2020-05-29 20:00,S1 Trend,3618,162,586116,48600,0.17,111375,0.38,-34425,-0.12,10655600,10655.60
2941,Exit long,2020-06-01 21:00,EOD,3638.25,213,773669.25,63900,0.17,130462.5,0.34,-79875,-0.21,10719500,10719.50
2941,Entry long,2020-06-01 15:30,S1 Trend,3632.25,213,773669.25,63900,0.17,130462.5,0.34,-79875,-0.21,10719500,10719.50
2942,Exit long,2020-06-03 21:00,EOD,3704.75,365,1346120,305687.5,0.45,492750,0.73,-22812.5,-0.03,11025188,11025.19
2942,Entry long,2020-06-03 15:00,S1 Trend,3688,365,1346120,305687.5,0.45,492750,0.73,-22812.5,-0.03,11025188,11025.19
2943,Exit long,2020-06-04 17:30,S1 Trail,3691.5,326,1207259.5,-191525,-0.32,146700,0.24,-191525,-0.32,10833662,10833.66
2943,Entry long,2020-06-04 15:00,S1 Trend,3703.25,326,1207259.5,-191525,-0.32,146700,0.24,-191525,-0.32,10833662,10833.66
2944,Exit long,2020-06-05 15:30,S1 Climax,3763.5,71,266889,15975,0.12,38162.5,0.29,-5325,-0.04,10849638,10849.64
2944,Entry long,2020-06-05 15:00,S1 Trend,3759,71,266889,15975,0.12,38162.5,0.29,-5325,-0.04,10849638,10849.64
2945,Exit long,2020-06-05 16:00,S1 Climax,3774.5,50,187950,38750,0.41,39375,0.42,-3750,-0.04,10888388,10888.39
2945,Entry long,2020-06-05 15:00,S1 Trend,3759,50,187950,38750,0.41,39375,0.42,-3750,-0.04,10888388,10888.39
2946,Exit long,2020-06-05 16:30,S1 Climax,3789.25,35,131565,52937.5,0.80,53812.5,0.82,-2625,-0.04,10941325,10941.33
2946,Entry long,2020-06-05 15:00,S1 Trend,3759,35,131565,52937.5,0.80,53812.5,0.82,-2625,-0.04,10941325,10941.33
2947,Exit long,2020-06-05 17:00,S1 Climax,3786.25,24,90216,32700,0.72,44400,0.98,-1800,-0.04,10974025,10974.03
2947,Entry long,2020-06-05 15:00,S1 Trend,3759,24,90216,32700,0.72,44400,0.98,-1800,-0.04,10974025,10974.03
2948,Exit long,2020-06-05 18:30,S1 Climax,3789.5,17,63903,25925,0.81,31450,0.98,-1275,-0.04,10999950,10999.95
2948,Entry long,2020-06-05 15:00,S1 Trend,3759,17,63903,25925,0.81,31450,0.98,-1275,-0.04,10999950,10999.95
2949,Exit long,2020-06-05 21:00,EOD,3775,41,154119,32800,0.43,75850,0.98,-3075,-0.04,11032750,11032.75
2949,Entry long,2020-06-05 15:00,S1 Trend,3759,41,154119,32800,0.43,75850,0.98,-3075,-0.04,11032750,11032.75
2950,Exit long,2020-06-08 21:00,EOD,3815.25,284,1079342,209450,0.39,230750,0.43,-21300,-0.04,11242200,11242.20
2950,Entry long,2020-06-08 19:00,S1 Trend,3800.5,284,1079342,209450,0.39,230750,0.43,-21300,-0.04,11242200,11242.20
2951,Exit long,2020-06-09 21:00,EOD,3791.5,262,994683,-65500,-0.13,131000,0.26,-157200,-0.32,11176700,11176.70
2951,Entry long,2020-06-09 16:00,S1 Trend,3796.5,262,994683,-65500,-0.13,131000,0.26,-157200,-0.32,11176700,11176.70
2952,Exit long,2020-06-10 21:00,EOD,3773.5,198,753142.5,-299475,-0.80,7425,0.02,-324225,-0.86,10877225,10877.23
2952,Entry long,2020-06-10 19:30,S1 Trend,3803.75,198,753142.5,-299475,-0.80,7425,0.02,-324225,-0.86,10877225,10877.23
2953,Exit short,2020-06-11 21:00,EOD,3589.25,123,442738.5,63037.5,0.28,109162.5,0.49,-67650,-0.31,10940262,10940.26
2953,Entry short,2020-06-11 20:00,S3 Hedge,3599.5,123,442738.5,63037.5,0.28,109162.5,0.49,-67650,-0.31,10940262,10940.26
2954,Exit long,2020-06-15 21:00,EOD,3652.25,123,450303,-53812.5,-0.24,23062.5,0.10,-206025,-0.92,10886450,10886.45
2954,Entry long,2020-06-15 19:30,S1 Trend,3661,123,450303,-53812.5,-0.24,23062.5,0.10,-206025,-0.92,10886450,10886.45
2955,Exit long,2020-06-22 21:00,EOD,3702.5,205,758090,46125,0.12,82000,0.22,-99937.5,-0.26,10932575,10932.58
2955,Entry long,2020-06-22 17:30,S1 Trend,3698,205,758090,46125,0.12,82000,0.22,-99937.5,-0.26,10932575,10932.58
2956,Exit long,2020-06-23 21:00,EOD,3716.5,235,878371.25,-249687.5,-0.57,2937.5,0.01,-302562.5,-0.69,10682888,10682.89
2956,Entry long,2020-06-23 19:00,S1 Trend,3737.75,235,878371.25,-249687.5,-0.57,2937.5,0.01,-302562.5,-0.69,10682888,10682.89
2957,Exit long,2020-06-30 21:00,EOD,3680.75,258,941700,396675,0.84,615975,1.31,-29025,-0.06,11079562,11079.56
2957,Entry long,2020-06-30 15:30,S1 Trend,3650,258,941700,396675,0.84,615975,1.31,-29025,-0.06,11079562,11079.56
2958,Exit long,2020-07-01 21:00,EOD,3701.25,240,886440,93000,0.21,249000,0.56,-93000,-0.21,11172562,11172.56
2958,Entry long,2020-07-01 15:00,S1 Trend,3693.5,240,886440,93000,0.21,249000,0.56,-93000,-0.21,11172562,11172.56
2959,Exit long,2020-07-02 15:30,S1 Trail,3727.25,298,1117276.5,-327800,-0.59,55875,0.10,-327800,-0.59,10844762,10844.76
2959,Entry long,2020-07-02 15:00,S1 Trend,3749.25,298,1117276.5,-327800,-0.59,55875,0.10,-327800,-0.59,10844762,10844.76
2960,Exit long,2020-07-06 21:00,EOD,3765.5,300,1126725,146250,0.26,195000,0.35,-60000,-0.11,10991012,10991.01
2960,Entry long,2020-07-06 15:30,S1 Trend,3755.75,300,1126725,146250,0.26,195000,0.35,-60000,-0.11,10991012,10991.01
2961,Exit long,2020-07-07 19:30,S1 Trail,3747.5,306,1149183,-122400,-0.21,233325,0.41,-122400,-0.21,10868612,10868.61
2961,Entry long,2020-07-07 15:00,S1 Trend,3755.5,306,1149183,-122400,-0.21,233325,0.41,-122400,-0.21,10868612,10868.61
2962,Exit long,2020-07-08 16:00,S1 Trail,3733,263,987959.5,-309025,-0.63,29587.5,0.06,-309025,-0.63,10559588,10559.59
2962,Entry long,2020-07-08 15:00,S1 Trend,3756.5,263,987959.5,-309025,-0.63,29587.5,0.06,-309025,-0.63,10559588,10559.59
2963,Exit long,2020-07-10 21:00,EOD,3771.5,205,767930,261375,0.68,289562.5,0.75,-58937.5,-0.15,10820962,10820.96
2963,Entry long,2020-07-10 16:00,S1 Trend,3746,205,767930,261375,0.68,289562.5,0.75,-58937.5,-0.15,10820962,10820.96
2964,Exit long,2020-07-13 19:00,S1 Trail,3800.5,318,1210467,-95400,-0.16,258375,0.43,-107325,-0.18,10725562,10725.56
2964,Entry long,2020-07-13 15:30,S1 Trend,3806.5,318,1210467,-95400,-0.16,258375,0.43,-107325,-0.18,10725562,10725.56
2965,Exit long,2020-07-14 21:00,EOD,3784.25,167,627753,210837.5,0.67,248412.5,0.79,-45925,-0.15,10936400,10936.40
2965,Entry long,2020-07-14 19:00,S1 Trend,3759,167,627753,210837.5,0.67,248412.5,0.79,-45925,-0.15,10936400,10936.40
2966,Exit long,2020-07-16 21:00,EOD,3804,300,1137900,165000,0.29,232500,0.41,-93750,-0.16,11101400,11101.40
2966,Entry long,2020-07-16 15:00,S1 Trend,3793,300,1137900,165000,0.29,232500,0.41,-93750,-0.16,11101400,11101.40
2967,Exit long,2020-07-17 21:00,EOD,3813,330,1259032.5,-37125,-0.06,107250,0.17,-53625,-0.09,11064275,11064.28
2967,Entry long,2020-07-17 19:30,S1 Trend,3815.25,330,1259032.5,-37125,-0.06,107250,0.17,-53625,-0.09,11064275,11064.28
2968,Exit long,2020-07-20 21:00,EOD,3839.25,334,1271538,538575,0.85,668000,1.05,-33400,-0.05,11602850,11602.85
2968,Entry long,2020-07-20 15:00,S1 Trend,3807,334,1271538,538575,0.85,668000,1.05,-33400,-0.05,11602850,11602.85
2969,Exit long,2020-07-22 21:00,EOD,3864.5,343,1321664.75,192937.5,0.29,257250,0.39,-210087.5,-0.32,11795788,11795.79
2969,Entry long,2020-07-22 15:00,S1 Trend,3853.25,343,1321664.75,192937.5,0.29,257250,0.39,-210087.5,-0.32,11795788,11795.79
2970,Exit long,2020-07-28 20:30,S1 Trail,3812.25,323,1235636.5,-213987.5,-0.35,117087.5,0.19,-213987.5,-0.35,11581800,11581.80
2970,Entry long,2020-07-28 16:30,S1 Trend,3825.5,323,1235636.5,-213987.5,-0.35,117087.5,0.19,-213987.5,-0.35,11581800,11581.80
2971,Exit long,2020-07-29 21:00,EOD,3846.5,446,1705392.5,507325,0.59,663425,0.78,-11150,-0.01,12089125,12089.13
2971,Entry long,2020-07-29 15:00,S1 Trend,3823.75,446,1705392.5,507325,0.59,663425,0.78,-11150,-0.01,12089125,12089.13
2972,Exit long,2020-07-30 21:00,EOD,3835.5,240,919080,72000,0.16,129000,0.28,-30000,-0.07,12161125,12161.13
2972,Entry long,2020-07-30 17:30,S1 Trend,3829.5,240,919080,72000,0.16,129000,0.28,-30000,-0.07,12161125,12161.13
2973,Exit long,2020-08-03 21:00,EOD,3883.25,384,1490688,24000,0.03,192000,0.26,-139200,-0.19,12185125,12185.13
2973,Entry long,2020-08-03 15:30,S1 Trend,3882,384,1490688,24000,0.03,192000,0.26,-139200,-0.19,12185125,12185.13
2974,Exit long,2020-08-04 21:00,EOD,3896.25,415,1611030,295687.5,0.37,311250,0.39,-140062.5,-0.17,12480812,12480.81
2974,Entry long,2020-08-04 15:00,S1 Trend,3882,415,1611030,295687.5,0.37,311250,0.39,-140062.5,-0.17,12480812,12480.81
2975,Exit long,2020-08-05 21:00,EOD,3916.25,477,1868051.25,0,0.00,71550,0.08,-202725,-0.22,12480812,12480.81
2975,Entry long,2020-08-05 16:30,S1 Trend,3916.25,477,1868051.25,0,0.00,71550,0.08,-202725,-0.22,12480812,12480.81
2976,Exit long,2020-08-06 21:00,EOD,3939.25,410,1606585,425375,0.53,451000,0.56,-235750,-0.29,12906188,12906.19
2976,Entry long,2020-08-06 15:00,S1 Trend,3918.5,410,1606585,425375,0.53,451000,0.56,-235750,-0.29,12906188,12906.19
2977,Exit long,2020-08-07 19:00,S1 Trail,3919.5,360,1416060,-252000,-0.36,153000,0.22,-252000,-0.36,12654188,12654.19
2977,Entry long,2020-08-07 16:30,S1 Trend,3933.5,360,1416060,-252000,-0.36,153000,0.22,-252000,-0.36,12654188,12654.19
2978,Exit long,2020-08-07 20:30,S2 FairVal,3931.25,300,1178700,33750,0.06,82500,0.14,-71250,-0.12,12687938,12687.94
2978,Entry long,2020-08-07 20:00,S2 VWAP,3929,300,1178700,33750,0.06,82500,0.14,-71250,-0.12,12687938,12687.94
2979,Exit long,2020-08-10 17:00,S2 FairVal,3945.25,381,1501044.75,104775,0.14,123825,0.16,-28575,-0.04,12792712,12792.71
2979,Entry long,2020-08-10 16:30,S2 VWAP,3939.75,381,1501044.75,104775,0.14,123825,0.16,-28575,-0.04,12792712,12792.71
2980,Exit long,2020-08-11 20:00,S1 Trail,3952.25,423,1679521.5,-385987.5,-0.46,5287.5,0.01,-385987.5,-0.46,12406725,12406.73
2980,Entry long,2020-08-11 18:30,S1 Trend,3970.5,423,1679521.5,-385987.5,-0.46,5287.5,0.01,-385987.5,-0.46,12406725,12406.73
2981,Exit long,2020-08-12 21:00,EOD,3969.75,390,1544302.5,195000,0.25,375375,0.49,-53625,-0.07,12601725,12601.73
2981,Entry long,2020-08-12 15:00,S1 Trend,3959.75,390,1544302.5,195000,0.25,375375,0.49,-53625,-0.07,12601725,12601.73
2982,Exit long,2020-08-13 19:00,S1 Trail,3962.5,462,1836334.5,-282975,-0.31,86625,0.09,-282975,-0.31,12318750,12318.75
2982,Entry long,2020-08-13 15:00,S1 Trend,3974.75,462,1836334.5,-282975,-0.31,86625,0.09,-282975,-0.31,12318750,12318.75
2983,Exit long,2020-08-14 20:30,S1 Trail,3952.75,392,1555260,-289100,-0.37,49000,0.06,-289100,-0.37,12029650,12029.65
2983,Entry long,2020-08-14 16:30,S1 Trend,3967.5,392,1555260,-289100,-0.37,49000,0.06,-289100,-0.37,12029650,12029.65
2984,Exit long,2020-08-18 16:30,S2 FairVal,3978.25,450,1788187.5,101250,0.11,118125,0.13,-28125,-0.03,12130900,12130.90
2984,Entry long,2020-08-18 16:00,S2 VWAP,3973.75,450,1788187.5,101250,0.11,118125,0.13,-28125,-0.03,12130900,12130.90
2985,Exit long,2020-08-19 20:30,S2 FairVal,3971.25,507,2018874,-272512.5,-0.27,44362.5,0.04,-272512.5,-0.27,11858388,11858.39
2985,Entry long,2020-08-19 20:00,S2 VWAP,3982,507,2018874,-272512.5,-0.27,44362.5,0.04,-272512.5,-0.27,11858388,11858.39
2986,Exit long,2020-08-20 21:00,EOD,3978.5,362,1438135.5,104075,0.14,194575,0.27,-104075,-0.14,11962462,11962.46
2986,Entry long,2020-08-20 17:00,S1 Trend,3972.75,362,1438135.5,104075,0.14,194575,0.27,-104075,-0.14,11962462,11962.46
2987,Exit long,2020-08-21 21:00,EOD,3990.25,368,1465376,151800,0.21,197800,0.27,-138000,-0.19,12114262,12114.26
2987,Entry long,2020-08-21 15:00,S1 Trend,3982,368,1465376,151800,0.21,197800,0.27,-138000,-0.19,12114262,12114.26
2988,Exit long,2020-08-25 15:30,S2 FairVal,4019.5,543,2187882.75,-264712.5,-0.24,6787.5,0.01,-264712.5,-0.24,11849550,11849.55
2988,Entry long,2020-08-25 15:00,S2 VWAP,4029.25,543,2187882.75,-264712.5,-0.24,6787.5,0.01,-264712.5,-0.24,11849550,11849.55
2989,Exit long,2020-08-27 17:30,S1 Trail,4071.5,374,1528912,-308550,-0.40,126225,0.17,-322575,-0.42,11541000,11541.00
2989,Entry long,2020-08-27 15:00,S1 Trend,4088,374,1528912,-308550,-0.40,126225,0.17,-322575,-0.42,11541000,11541.00
2990,Exit long,2020-08-28 21:00,EOD,4101.5,350,1432812.5,135625,0.19,166250,0.23,-21875,-0.03,11676625,11676.63
2990,Entry long,2020-08-28 20:00,S1 Trend,4093.75,350,1432812.5,135625,0.19,166250,0.23,-21875,-0.03,11676625,11676.63
2991,Exit long,2020-08-31 16:00,S2 FairVal,4103.25,529,2166916.25,185150,0.17,185150,0.17,-52900,-0.05,11861775,11861.78
2991,Entry long,2020-08-31 15:00,S2 VWAP,4096.25,529,2166916.25,185150,0.17,185150,0.17,-52900,-0.05,11861775,11861.78
2992,Exit long,2020-09-01 21:00,EOD,4121.75,374,1537046.5,224400,0.29,247775,0.32,-191675,-0.25,12086175,12086.18
2992,Entry long,2020-09-01 15:30,S1 Trend,4109.75,374,1537046.5,224400,0.29,247775,0.32,-191675,-0.25,12086175,12086.18
2993,Exit long,2020-09-02 21:00,EOD,4173,352,1460976,396000,0.54,580800,0.80,-17600,-0.02,12482175,12482.18
2993,Entry long,2020-09-02 17:30,S1 Trend,4150.5,352,1460976,396000,0.54,580800,0.80,-17600,-0.02,12482175,12482.18
2994,Exit long,2020-09-09 21:00,EOD,3993,206,823176,-30900,-0.08,252350,0.61,-41200,-0.10,12451275,12451.28
2994,Entry long,2020-09-09 16:30,S1 Trend,3996,206,823176,-30900,-0.08,252350,0.61,-41200,-0.10,12451275,12451.28
2995,Exit long,2020-09-10 15:30,S1 Trail,3988.5,237,950784.75,-275512.5,-0.58,106650,0.22,-275512.5,-0.58,12175762,12175.76
2995,Entry long,2020-09-10 15:00,S1 Trend,4011.75,237,950784.75,-275512.5,-0.58,106650,0.22,-275512.5,-0.58,12175762,12175.76
2996,Exit short,2020-09-11 21:00,EOD,3936.25,191,750057,-88337.5,-0.24,207712.5,0.55,-210100,-0.56,12087425,12087.43
2996,Entry short,2020-09-11 18:00,S3 Hedge,3927,191,750057,-88337.5,-0.24,207712.5,0.55,-210100,-0.56,12087425,12087.43
2997,Exit long,2020-09-14 20:00,S1 Trail,3974,312,1243398,-175500,-0.28,218400,0.35,-175500,-0.28,11911925,11911.93
2997,Entry long,2020-09-14 15:00,S1 Trend,3985.25,312,1243398,-175500,-0.28,218400,0.35,-175500,-0.28,11911925,11911.93
2998,Exit long,2020-09-15 20:00,S1 Trail,3996.25,397,1592565.5,-302712.5,-0.38,79400,0.10,-302712.5,-0.38,11609212,11609.21
2998,Entry long,2020-09-15 15:00,S1 Trend,4011.5,397,1592565.5,-302712.5,-0.38,79400,0.10,-302712.5,-0.38,11609212,11609.21
2999,Exit long,2020-09-16 20:00,S1 Trail,4000,298,1197736.5,-286825,-0.48,104300,0.17,-286825,-0.48,11322388,11322.39
2999,Entry long,2020-09-16 19:30,S1 Trend,4019.25,298,1197736.5,-286825,-0.48,104300,0.17,-286825,-0.48,11322388,11322.39
3000,Exit short,2020-09-21 20:00,S3 Scalp,3856.75,159,609685.5,-176887.5,-0.58,79500,0.26,-176887.5,-0.58,11145500,11145.50
3000,Entry short,2020-09-21 15:30,S3 Hedge,3834.5,159,609685.5,-176887.5,-0.58,79500,0.26,-176887.5,-0.58,11145500,11145.50
3001,Exit long,2020-09-25 21:00,EOD,3894,183,707981.25,231037.5,0.65,313387.5,0.89,-4575,-0.01,11376538,11376.54
3001,Entry long,2020-09-25 18:30,S1 Trend,3868.75,183,707981.25,231037.5,0.65,313387.5,0.89,-4575,-0.01,11376538,11376.54
3002,Exit long,2020-09-28 21:00,EOD,3949.75,321,1263054.75,240750,0.38,365137.5,0.58,-68212.5,-0.11,11617288,11617.29
3002,Entry long,2020-09-28 15:00,S1 Trend,3934.75,321,1263054.75,240750,0.38,365137.5,0.58,-68212.5,-0.11,11617288,11617.29
3003,Exit short,2020-09-29 21:00,EOD,3931.5,309,1216455.75,81112.5,0.13,208575,0.34,-146775,-0.24,11698400,11698.40
3003,Entry short,2020-09-29 16:00,S3 Hedge,3936.75,309,1216455.75,81112.5,0.13,208575,0.34,-146775,-0.24,11698400,11698.40
3004,Exit long,2020-09-30 19:30,S1 Trail,3955.5,209,827222,-26125,-0.06,342237.5,0.83,-26125,-0.06,11672275,11672.28
3004,Entry long,2020-09-30 15:00,S1 Trend,3958,209,827222,-26125,-0.06,342237.5,0.83,-26125,-0.06,11672275,11672.28
3005,Exit long,2020-10-02 21:00,EOD,3945.25,164,648907,-94300,-0.29,77900,0.24,-250100,-0.77,11577975,11577.98
3005,Entry long,2020-10-02 15:30,S1 Trend,3956.75,164,648907,-94300,-0.29,77900,0.24,-250100,-0.77,11577975,11577.98
3006,Exit long,2020-10-05 21:00,EOD,4004,340,1350650,535500,0.79,582250,0.86,0,0.00,12113475,12113.48
3006,Entry long,2020-10-05 15:00,S1 Trend,3972.5,340,1350650,535500,0.79,582250,0.86,0,0.00,12113475,12113.48
3007,Exit long,2020-10-06 19:30,S1 Trail,3996,381,1527810,-266700,-0.35,352425,0.46,-323850,-0.42,11846775,11846.78
3007,Entry long,2020-10-06 15:30,S1 Trend,4010,381,1527810,-266700,-0.35,352425,0.46,-323850,-0.42,11846775,11846.78
3008,Exit long,2020-10-07 21:00,EOD,4013.75,306,1223082,256275,0.42,405450,0.66,-103275,-0.17,12103050,12103.05
3008,Entry long,2020-10-07 15:00,S1 Trend,3997,306,1223082,256275,0.42,405450,0.66,-103275,-0.17,12103050,12103.05
3009,Exit long,2020-10-08 21:00,EOD,4044.25,386,1558764.5,115800,0.15,139925,0.18,-246075,-0.32,12218850,12218.85
3009,Entry long,2020-10-08 15:00,S1 Trend,4038.25,386,1558764.5,115800,0.15,139925,0.18,-246075,-0.32,12218850,12218.85
3010,Exit long,2020-10-09 21:00,EOD,4075.75,408,1663416,-25500,-0.03,76500,0.09,-214200,-0.26,12193350,12193.35
3010,Entry long,2020-10-09 17:00,S1 Trend,4077,408,1663416,-25500,-0.03,76500,0.09,-214200,-0.26,12193350,12193.35
3011,Exit long,2020-10-12 16:30,S1 Climax,4125,128,525984,100800,0.38,115200,0.44,-12800,-0.05,12294150,12294.15
3011,Entry long,2020-10-12 15:30,S1 Trend,4109.25,128,525984,100800,0.38,115200,0.44,-12800,-0.05,12294150,12294.15
3012,Exit long,2020-10-12 17:00,S1 Climax,4125,90,369832.5,70875,0.38,87750,0.47,-9000,-0.05,12365025,12365.03
3012,Entry long,2020-10-12 15:30,S1 Trend,4109.25,90,369832.5,70875,0.38,87750,0.47,-9000,-0.05,12365025,12365.03
3013,Exit long,2020-10-12 17:30,S1 Climax,4136.25,63,258882.75,85050,0.66,92925,0.72,-6300,-0.05,12450075,12450.08
3013,Entry long,2020-10-12 15:30,S1 Trend,4109.25,63,258882.75,85050,0.66,92925,0.72,-6300,-0.05,12450075,12450.08
3014,Exit long,2020-10-12 18:00,S1 Climax,4136.25,44,180807,59400,0.66,69300,0.77,-4400,-0.05,12509475,12509.48
3014,Entry long,2020-10-12 15:30,S1 Trend,4109.25,44,180807,59400,0.66,69300,0.77,-4400,-0.05,12509475,12509.48
3015,Exit long,2020-10-12 18:30,S1 Climax,4143,30,123277.5,50625,0.82,51750,0.84,-3000,-0.05,12560100,12560.10
3015,Entry long,2020-10-12 15:30,S1 Trend,4109.25,30,123277.5,50625,0.82,51750,0.84,-3000,-0.05,12560100,12560.10
3016,Exit long,2020-10-12 19:00,S1 Climax,4140.75,21,86294.25,33075,0.77,38325,0.89,-2100,-0.05,12593175,12593.18
3016,Entry long,2020-10-12 15:30,S1 Trend,4109.25,21,86294.25,33075,0.77,38325,0.89,-2100,-0.05,12593175,12593.18
3017,Exit long,2020-10-12 19:30,S1 Climax,4147.25,15,61638.75,28500,0.92,28500,0.92,-1500,-0.05,12621675,12621.68
3017,Entry long,2020-10-12 15:30,S1 Trend,4109.25,15,61638.75,28500,0.92,28500,0.92,-1500,-0.05,12621675,12621.68
3018,Exit long,2020-10-12 21:00,EOD,4132,37,152042.25,42087.5,0.55,71225,0.94,-3700,-0.05,12663762,12663.76
3018,Entry long,2020-10-12 15:30,S1 Trend,4109.25,37,152042.25,42087.5,0.55,71225,0.94,-3700,-0.05,12663762,12663.76
3019,Exit long,2020-10-13 20:00,S2 FairVal,4121.25,287,1177919.75,243950,0.41,243950,0.41,-86100,-0.15,12907712,12907.71
3019,Entry long,2020-10-13 19:30,S2 VWAP,4104.25,287,1177919.75,243950,0.41,243950,0.41,-86100,-0.15,12907712,12907.71
3020,Exit long,2020-10-16 17:30,S1 Trail,4092,381,1561528.5,-123825,-0.16,319087.5,0.41,-123825,-0.16,12783888,12783.89
3020,Entry long,2020-10-16 15:00,S1 Trend,4098.5,381,1561528.5,-123825,-0.16,319087.5,0.41,-123825,-0.16,12783888,12783.89
3021,Exit long,2020-10-20 20:00,S1 Trail,4046.25,266,1083085.5,-339150,-0.63,63175,0.12,-339150,-0.63,12444738,12444.74
3021,Entry long,2020-10-20 18:30,S1 Trend,4071.75,266,1083085.5,-339150,-0.63,63175,0.12,-339150,-0.63,12444738,12444.74
3022,Exit long,2020-10-21 16:00,S1 Trail,4036.25,269,1092476.25,-336250,-0.62,36987.5,0.07,-336250,-0.62,12108488,12108.49
3022,Entry long,2020-10-21 15:00,S1 Trend,4061.25,269,1092476.25,-336250,-0.62,36987.5,0.07,-336250,-0.62,12108488,12108.49
3023,Exit long,2020-10-22 21:00,EOD,4054,244,987163,100650,0.20,170800,0.35,-45750,-0.09,12209138,12209.14
3023,Entry long,2020-10-22 18:30,S1 Trend,4045.75,244,987163,100650,0.20,170800,0.35,-45750,-0.09,12209138,12209.14
3024,Exit short,2020-10-26 17:00,S3 Scalp,3976.25,315,1260945,421312.5,0.67,421312.5,0.67,-3937.5,-0.01,12630450,12630.45
3024,Entry short,2020-10-26 15:00,S3 Hedge,4003,315,1260945,421312.5,0.67,421312.5,0.67,-3937.5,-0.01,12630450,12630.45
3025,Exit short,2020-10-26 18:00,S3 Scalp,3983.5,273,1083400.5,-204750,-0.38,78487.5,0.14,-204750,-0.38,12425700,12425.70
3025,Entry short,2020-10-26 17:30,S3 Hedge,3968.5,273,1083400.5,-204750,-0.38,78487.5,0.14,-204750,-0.38,12425700,12425.70
3026,Exit short,2020-10-28 14:30,S3 Scalp,3886.5,270,1058265,445500,0.84,445500,0.84,-23625,-0.04,12871200,12871.20
3026,Entry short,2020-10-28 14:00,S3 Hedge,3919.5,270,1058265,445500,0.84,445500,0.84,-23625,-0.04,12871200,12871.20
3027,Exit long,2020-11-02 18:00,S1 Trail,3887,225,882506.25,-396562.5,-0.90,5625,0.01,-396562.5,-0.90,12474638,12474.64
3027,Entry long,2020-11-02 15:30,S1 Trend,3922.25,225,882506.25,-396562.5,-0.90,5625,0.01,-396562.5,-0.90,12474638,12474.64
3028,Exit long,2020-11-03 18:30,S1 Trail,3957.75,274,1085177,-37675,-0.07,397300,0.73,-37675,-0.07,12436962,12436.96
3028,Entry long,2020-11-03 15:00,S1 Trend,3960.5,274,1085177,-37675,-0.07,397300,0.73,-37675,-0.07,12436962,12436.96
3029,Exit long,2020-11-04 21:00,EOD,4041.75,97,393626,-78812.5,-0.40,139437.5,0.71,-94575,-0.48,12358150,12358.15
3029,Entry long,2020-11-04 15:30,S1 Trend,4058,97,393626,-78812.5,-0.40,139437.5,0.71,-94575,-0.48,12358150,12358.15
3030,Exit long,2020-11-05 21:00,EOD,4109,185,761460,-64750,-0.17,113312.5,0.30,-187312.5,-0.49,12293400,12293.40
3030,Entry long,2020-11-05 15:30,S1 Trend,4116,185,761460,-64750,-0.17,113312.5,0.30,-187312.5,-0.49,12293400,12293.40
3031,Exit long,2020-11-10 21:00,EOD,4148.5,156,647517,-17550,-0.05,40950,0.13,-165750,-0.51,12275850,12275.85
3031,Entry long,2020-11-10 17:30,S1 Trend,4150.75,156,647517,-17550,-0.05,40950,0.13,-165750,-0.51,12275850,12275.85
3032,Exit long,2020-11-11 19:30,S1 Trail,4158.75,286,1194550.5,-257400,-0.43,96525,0.16,-257400,-0.43,12018450,12018.45
3032,Entry long,2020-11-11 17:30,S1 Trend,4176.75,286,1194550.5,-257400,-0.43,96525,0.16,-257400,-0.43,12018450,12018.45
3033,Exit long,2020-11-13 21:00,EOD,4188.5,298,1242660,275650,0.44,398575,0.64,-26075,-0.04,12294100,12294.10
3033,Entry long,2020-11-13 17:00,S1 Trend,4170,298,1242660,275650,0.44,398575,0.64,-26075,-0.04,12294100,12294.10
3034,Exit long,2020-11-17 16:00,S2 FairVal,4213,343,1441457.5,180075,0.25,205800,0.29,-30012.5,-0.04,12474175,12474.18
3034,Entry long,2020-11-17 15:30,S2 VWAP,4202.5,343,1441457.5,180075,0.25,205800,0.29,-30012.5,-0.04,12474175,12474.18
3035,Exit long,2020-11-17 21:00,EOD,4214.25,334,1407810,-12525,-0.02,200400,0.28,-167000,-0.24,12461650,12461.65
3035,Entry long,2020-11-17 16:30,S1 Trend,4215,334,1407810,-12525,-0.02,200400,0.28,-167000,-0.24,12461650,12461.65
3036,Exit long,2020-11-23 15:30,S1 Trail,4166,374,1566499,-420750,-0.54,23375,0.03,-420750,-0.54,12040900,12040.90
3036,Entry long,2020-11-23 15:00,S1 Trend,4188.5,374,1566499,-420750,-0.54,23375,0.03,-420750,-0.54,12040900,12040.90
3037,Exit long,2020-11-24 21:00,EOD,4239,420,1770195,509250,0.58,645750,0.73,-63000,-0.07,12550150,12550.15
3037,Entry long,2020-11-24 15:30,S1 Trend,4214.75,420,1770195,509250,0.58,645750,0.73,-63000,-0.07,12550150,12550.15
3038,Exit long,2020-11-25 17:30,S2 FairVal,4234,346,1462801.5,108125,0.15,108125,0.15,-77850,-0.11,12658275,12658.28
3038,Entry long,2020-11-25 15:30,S2 VWAP,4227.75,346,1462801.5,108125,0.15,108125,0.15,-77850,-0.11,12658275,12658.28
3039,Exit long,2020-12-01 20:00,S1 Trail,4263.5,438,1869822,-120450,-0.13,333975,0.36,-120450,-0.13,12537825,12537.83
3039,Entry long,2020-12-01 15:00,S1 Trend,4269,438,1869822,-120450,-0.13,333975,0.36,-120450,-0.13,12537825,12537.83
3040,Exit long,2020-12-02 21:00,EOD,4274.75,424,1807724,238500,0.26,275600,0.30,-63600,-0.07,12776325,12776.33
3040,Entry long,2020-12-02 15:30,S1 Trend,4263.5,424,1807724,238500,0.26,275600,0.30,-63600,-0.07,12776325,12776.33
3041,Exit long,2020-12-08 21:00,EOD,4308.5,458,1964247.5,452275,0.46,595400,0.61,-45800,-0.05,13228600,13228.60
3041,Entry long,2020-12-08 15:30,S1 Trend,4288.75,458,1964247.5,452275,0.46,595400,0.61,-45800,-0.05,13228600,13228.60
3042,Exit long,2020-12-09 17:30,S2 FairVal,4293.5,540,2324160,-283500,-0.24,6750,0.01,-283500,-0.24,12945100,12945.10
3042,Entry long,2020-12-09 17:00,S2 VWAP,4304,540,2324160,-283500,-0.24,6750,0.01,-283500,-0.24,12945100,12945.10
3043,Exit long,2020-12-14 17:30,S1 Trail,4273.25,453,1942011,-311437.5,-0.32,101925,0.10,-311437.5,-0.32,12633662,12633.66
3043,Entry long,2020-12-14 16:00,S1 Trend,4287,453,1942011,-311437.5,-0.32,101925,0.10,-311437.5,-0.32,12633662,12633.66
3044,Exit long,2020-12-15 21:00,EOD,4301,416,1784952,213200,0.24,223600,0.25,-26000,-0.03,12846862,12846.86
3044,Entry long,2020-12-15 18:00,S1 Trend,4290.75,416,1784952,213200,0.24,223600,0.25,-26000,-0.03,12846862,12846.86
3045,Exit long,2020-12-16 21:00,EOD,4308,443,1910548.25,-105212.5,-0.11,110750,0.12,-160587.5,-0.17,12741650,12741.65
3045,Entry long,2020-12-16 20:00,S1 Trend,4312.75,443,1910548.25,-105212.5,-0.11,110750,0.12,-160587.5,-0.17,12741650,12741.65
3046,Exit long,2021-01-05 21:00,EOD,4330.75,247,1071918.25,-111150,-0.21,43225,0.08,-163637.5,-0.31,12630500,12630.50
3046,Entry long,2021-01-05 19:30,S1 Trend,4339.75,247,1071918.25,-111150,-0.21,43225,0.08,-163637.5,-0.31,12630500,12630.50
3047,Exit long,2021-01-06 19:30,S1 Trail,4350.5,190,824600,99750,0.24,456000,1.11,-28500,-0.07,12730250,12730.25
3047,Entry long,2021-01-06 15:00,S1 Trend,4340,190,824600,99750,0.24,456000,1.11,-28500,-0.07,12730250,12730.25
3048,Exit long,2021-01-07 21:00,EOD,4408.5,293,1288174.5,175800,0.27,303987.5,0.47,-21975,-0.03,12906050,12906.05
3048,Entry long,2021-01-07 15:00,S1 Trend,4396.5,293,1288174.5,175800,0.27,303987.5,0.47,-21975,-0.03,12906050,12906.05
3049,Exit long,2021-01-08 18:00,S1 Trail,4405.25,405,1791315,-359437.5,-0.40,101250,0.11,-359437.5,-0.40,12546612,12546.61
3049,Entry long,2021-01-08 15:00,S1 Trend,4423,405,1791315,-359437.5,-0.40,101250,0.11,-359437.5,-0.40,12546612,12546.61
3050,Exit long,2021-01-08 20:00,S2 FairVal,4417.5,243,1072298.25,57712.5,0.11,66825,0.12,-85050,-0.16,12604325,12604.33
3050,Entry long,2021-01-08 19:30,S2 VWAP,4412.75,243,1072298.25,57712.5,0.11,66825,0.12,-85050,-0.16,12604325,12604.33
3051,Exit long,2021-01-11 15:30,S2 FairVal,4414.25,339,1494312,105937.5,0.14,135600,0.18,-33900,-0.05,12710262,12710.26
3051,Entry long,2021-01-11 15:00,S2 VWAP,4408,339,1494312,105937.5,0.14,135600,0.18,-33900,-0.05,12710262,12710.26
3052,Exit long,2021-01-11 19:00,S1 Trail,4400.75,328,1447464,-200900,-0.28,176300,0.24,-200900,-0.28,12509362,12509.36
3052,Entry long,2021-01-11 16:00,S1 Trend,4413,328,1447464,-200900,-0.28,176300,0.24,-200900,-0.28,12509362,12509.36
3053,Exit long,2021-01-13 21:00,EOD,4415.75,390,1721850,14625,0.02,229125,0.27,-121875,-0.14,12523988,12523.99
3053,Entry long,2021-01-13 16:00,S1 Trend,4415,390,1721850,14625,0.02,229125,0.27,-121875,-0.14,12523988,12523.99
3054,Exit long,2021-01-19 21:00,EOD,4403.75,393,1731263.25,-29475,-0.03,98250,0.11,-39300,-0.05,12494512,12494.51
3054,Entry long,2021-01-19 18:00,S1 Trend,4405.25,393,1731263.25,-29475,-0.03,98250,0.11,-39300,-0.05,12494512,12494.51
3055,Exit long,2021-01-22 21:00,EOD,4446,399,1774053.75,-4987.5,-0.01,239400,0.27,-214462.5,-0.24,12489525,12489.53
3055,Entry long,2021-01-22 15:00,S1 Trend,4446.25,399,1774053.75,-4987.5,-0.01,239400,0.27,-214462.5,-0.24,12489525,12489.53
3056,Exit long,2021-01-25 16:00,S1 Trail,4430,404,1802749,-651450,-0.72,35350,0.04,-686800,-0.76,11838075,11838.08
3056,Entry long,2021-01-25 15:30,S1 Trend,4462.25,404,1802749,-651450,-0.72,35350,0.04,-686800,-0.76,11838075,11838.08
3057,Exit long,2021-01-26 21:00,EOD,4455.75,344,1535874,-154800,-0.20,98900,0.13,-197800,-0.26,11683275,11683.28
3057,Entry long,2021-01-26 15:00,S1 Trend,4464.75,344,1535874,-154800,-0.20,98900,0.13,-197800,-0.26,11683275,11683.28
3058,Exit short,2021-01-27 21:00,EOD,4362.5,143,623086.75,-37537.5,-0.12,148362.5,0.48,-78650,-0.25,11645738,11645.74
3058,Entry short,2021-01-27 20:00,S3 Hedge,4357.25,143,623086.75,-37537.5,-0.12,148362.5,0.48,-78650,-0.25,11645738,11645.74
3059,Exit long,2021-01-28 20:30,S1 Trail,4395,143,630093.75,-80437.5,-0.26,218075,0.69,-80437.5,-0.26,11565300,11565.30
3059,Entry long,2021-01-28 15:30,S1 Trend,4406.25,143,630093.75,-80437.5,-0.26,218075,0.69,-80437.5,-0.26,11565300,11565.30
3060,Exit long,2021-02-01 21:00,EOD,4378,172,751296,86000,0.23,191350,0.51,0,0.00,11651300,11651.30
3060,Entry long,2021-02-01 17:00,S1 Trend,4368,172,751296,86000,0.23,191350,0.51,0,0.00,11651300,11651.30
3061,Exit long,2021-02-02 17:00,S1 Climax,4447,95,420422.5,102125,0.49,105687.5,0.50,-1187.5,-0.01,11753425,11753.43
3061,Entry long,2021-02-02 15:00,S1 Trend,4425.5,95,420422.5,102125,0.49,105687.5,0.50,-1187.5,-0.01,11753425,11753.43
3062,Exit long,2021-02-02 21:00,EOD,4431.75,222,982461,69375,0.14,260850,0.53,-2775,-0.01,11822800,11822.80
3062,Entry long,2021-02-02 15:00,S1 Trend,4425.5,222,982461,69375,0.14,260850,0.53,-2775,-0.01,11822800,11822.80
3063,Exit long,2021-02-03 16:30,S2 FairVal,4438.5,298,1320959.5,85675,0.13,85675,0.13,-37250,-0.06,11908475,11908.48
3063,Entry long,2021-02-03 16:00,S2 VWAP,4432.75,298,1320959.5,85675,0.13,85675,0.13,-37250,-0.06,11908475,11908.48
3064,Exit long,2021-02-03 21:00,EOD,4435,319,1419390.5,-231275,-0.33,59812.5,0.08,-235262.5,-0.33,11677200,11677.20
3064,Entry long,2021-02-03 19:00,S1 Trend,4449.5,319,1419390.5,-231275,-0.33,59812.5,0.08,-235262.5,-0.33,11677200,11677.20
3065,Exit long,2021-02-04 21:00,EOD,4478.5,402,1791010.5,467325,0.52,477375,0.53,-70350,-0.08,12144525,12144.53
3065,Entry long,2021-02-04 15:00,S1 Trend,4455.25,402,1791010.5,467325,0.52,477375,0.53,-70350,-0.08,12144525,12144.53
3066,Exit long,2021-02-05 21:00,EOD,4493.25,416,1872416,-161200,-0.17,10400,0.01,-260000,-0.28,11983325,11983.33
3066,Entry long,2021-02-05 18:00,S1 Trend,4501,416,1872416,-161200,-0.17,10400,0.01,-260000,-0.28,11983325,11983.33
3067,Exit long,2021-02-10 19:00,S2 FairVal,4518.25,334,1507592.5,75150,0.10,75150,0.10,-175350,-0.23,12058475,12058.48
3067,Entry long,2021-02-10 16:00,S2 VWAP,4513.75,334,1507592.5,75150,0.10,75150,0.10,-175350,-0.23,12058475,12058.48
3068,Exit long,2021-02-24 21:00,EOD,4534,193,870478.25,229187.5,0.53,277437.5,0.64,-7237.5,-0.02,12287662,12287.66
3068,Entry long,2021-02-24 16:30,S1 Trend,4510.25,193,870478.25,229187.5,0.53,277437.5,0.64,-7237.5,-0.02,12287662,12287.66
3069,Exit long,2021-03-01 21:00,EOD,4510.75,278,1246969,350975,0.56,552525,0.89,-69500,-0.11,12638638,12638.64
3069,Entry long,2021-03-01 15:00,S1 Trend,4485.5,278,1246969,350975,0.56,552525,0.89,-69500,-0.11,12638638,12638.64
3070,Exit long,2021-03-02 16:30,S1 Trail,4483.75,291,1312046.25,-363750,-0.55,61837.5,0.09,-363750,-0.55,12274888,12274.89
3070,Entry long,2021-03-02 15:00,S1 Trend,4508.75,291,1312046.25,-363750,-0.55,61837.5,0.09,-363750,-0.55,12274888,12274.89
3071,Exit long,2021-03-05 21:00,EOD,4451.5,118,522622,132750,0.51,202075,0.77,-85550,-0.33,12407638,12407.64
3071,Entry long,2021-03-05 19:00,S1 Trend,4429,118,522622,132750,0.51,202075,0.77,-85550,-0.33,12407638,12407.64
3072,Exit long,2021-03-08 20:00,S1 Trail,4447.75,184,819674,-64400,-0.16,342700,0.84,-64400,-0.16,12343238,12343.24
3072,Entry long,2021-03-08 15:00,S1 Trend,4454.75,184,819674,-64400,-0.16,342700,0.84,-64400,-0.16,12343238,12343.24
3073,Exit long,2021-03-09 20:30,S1 Trail,4487.75,267,1198362.75,-6675,-0.01,350437.5,0.58,-30037.5,-0.05,12336562,12336.56
3073,Entry long,2021-03-09 15:00,S1 Trend,4488.25,267,1198362.75,-6675,-0.01,350437.5,0.58,-30037.5,-0.05,12336562,12336.56
3074,Exit long,2021-03-10 21:00,EOD,4510.75,269,1215476.5,-104237.5,-0.17,147950,0.24,-292537.5,-0.48,12232325,12232.33
3074,Entry long,2021-03-10 15:00,S1 Trend,4518.5,269,1215476.5,-104237.5,-0.17,147950,0.24,-292537.5,-0.48,12232325,12232.33
3075,Exit long,2021-03-11 16:30,S1 Climax,4563,117,531706.5,108225,0.41,124312.5,0.47,-57037.5,-0.21,12340550,12340.55
3075,Entry long,2021-03-11 15:00,S1 Trend,4544.5,117,531706.5,108225,0.41,124312.5,0.47,-57037.5,-0.21,12340550,12340.55
3076,Exit long,2021-03-11 17:00,S1 Climax,4563.75,82,372649,78925,0.42,95325,0.51,-39975,-0.21,12419475,12419.48
3076,Entry long,2021-03-11 15:00,S1 Trend,4544.5,82,372649,78925,0.42,95325,0.51,-39975,-0.21,12419475,12419.48
3077,Exit long,2021-03-11 17:30,S1 Climax,4564.75,58,263581,58725,0.45,72500,0.55,-28275,-0.21,12478200,12478.20
3077,Entry long,2021-03-11 15:00,S1 Trend,4544.5,58,263581,58725,0.45,72500,0.55,-28275,-0.21,12478200,12478.20
3078,Exit long,2021-03-11 20:30,S1 Trail,4549.25,136,618052,32300,0.10,185300,0.60,-66300,-0.21,12510500,12510.50
3078,Entry long,2021-03-11 15:00,S1 Trend,4544.5,136,618052,32300,0.10,185300,0.60,-66300,-0.21,12510500,12510.50
3079,Exit long,2021-03-12 21:00,EOD,4556.25,338,1535787.5,211250,0.28,232375,0.30,-283075,-0.37,12721750,12721.75
3079,Entry long,2021-03-12 15:00,S1 Trend,4543.75,338,1535787.5,211250,0.28,232375,0.30,-283075,-0.37,12721750,12721.75
3080,Exit long,2021-03-15 20:00,EOD,4580,386,1763344.5,226775,0.26,275025,0.31,-159225,-0.18,12948525,12948.53
3080,Entry long,2021-03-15 18:30,S1 Trend,4568.25,386,1763344.5,226775,0.26,275025,0.31,-159225,-0.18,12948525,12948.53
3081,Exit long,2021-03-16 18:00,S2 FairVal,4571,468,2144844,-280800,-0.26,140400,0.13,-280800,-0.26,12667725,12667.73
3081,Entry long,2021-03-16 17:00,S2 VWAP,4583,468,2144844,-280800,-0.26,140400,0.13,-280800,-0.26,12667725,12667.73
3082,Exit long,2021-03-16 19:30,S2 FairVal,4582.25,376,1719730,159800,0.19,159800,0.19,-89300,-0.10,12827525,12827.53
3082,Entry long,2021-03-16 19:00,S2 VWAP,4573.75,376,1719730,159800,0.19,159800,0.19,-89300,-0.10,12827525,12827.53
3083,Exit long,2021-03-17 20:00,EOD,4586.5,314,1434195,298300,0.42,447450,0.62,-39250,-0.05,13125825,13125.83
3083,Entry long,2021-03-17 18:30,S1 Trend,4567.5,314,1434195,298300,0.42,447450,0.62,-39250,-0.05,13125825,13125.83
3084,Exit long,2021-03-18 18:30,S1 Trail,4551.25,333,1524141,-428737.5,-0.56,12487.5,0.02,-428737.5,-0.56,12697088,12697.09
3084,Entry long,2021-03-18 16:30,S1 Trend,4577,333,1524141,-428737.5,-0.56,12487.5,0.02,-428737.5,-0.56,12697088,12697.09
3085,Exit long,2021-03-22 20:00,EOD,4552,393,1784514.75,221062.5,0.25,515812.5,0.58,-34387.5,-0.04,12918150,12918.15
3085,Entry long,2021-03-22 14:30,S1 Trend,4540.75,393,1784514.75,221062.5,0.25,515812.5,0.58,-34387.5,-0.04,12918150,12918.15
3086,Exit long,2021-03-23 18:30,S1 Trail,4539.5,383,1746288.5,-383000,-0.44,28725,0.03,-383000,-0.44,12535150,12535.15
3086,Entry long,2021-03-23 15:30,S1 Trend,4559.5,383,1746288.5,-383000,-0.44,28725,0.03,-383000,-0.44,12535150,12535.15
3087,Exit long,2021-03-24 17:00,S1 Trail,4529.5,312,1419210,-300300,-0.42,81900,0.12,-300300,-0.42,12234850,12234.85
3087,Entry long,2021-03-24 15:00,S1 Trend,4548.75,312,1419210,-300300,-0.42,81900,0.12,-300300,-0.42,12234850,12234.85
3088,Exit long,2021-03-26 18:00,S1 Trail,4534.75,416,1888328,-93600,-0.10,358800,0.38,-140400,-0.15,12141250,12141.25
3088,Entry long,2021-03-26 14:00,S1 Trend,4539.25,416,1888328,-93600,-0.10,358800,0.38,-140400,-0.15,12141250,12141.25
3089,Exit long,2021-03-29 21:00,EOD,4584.5,342,1562085,290700,0.37,448875,0.57,-226575,-0.29,12431950,12431.95
3089,Entry long,2021-03-29 15:00,S1 Trend,4567.5,342,1562085,290700,0.37,448875,0.57,-226575,-0.29,12431950,12431.95
3090,Exit long,2021-03-30 21:00,EOD,4574.5,334,1528885,-50100,-0.07,54275,0.07,-279725,-0.37,12381850,12381.85
3090,Entry long,2021-03-30 20:00,S1 Trend,4577.5,334,1528885,-50100,-0.07,54275,0.07,-279725,-0.37,12381850,12381.85
3091,Exit long,2021-04-14 20:00,S2 FairVal,4737.25,412,1957103,-267800,-0.27,25750,0.03,-267800,-0.27,12114050,12114.05
3091,Entry long,2021-04-14 19:30,S2 VWAP,4750.25,412,1957103,-267800,-0.27,25750,0.03,-267800,-0.27,12114050,12114.05
3092,Exit long,2021-04-21 21:00,EOD,4787.5,380,1811270,399000,0.44,441750,0.49,-109250,-0.12,12513050,12513.05
3092,Entry long,2021-04-21 15:30,S1 Trend,4766.5,380,1811270,399000,0.44,441750,0.49,-109250,-0.12,12513050,12513.05
3093,Exit long,2021-04-22 19:00,S1 Trail,4744.5,330,1575172.5,-474375,-0.60,16500,0.02,-528000,-0.67,12038675,12038.68
3093,Entry long,2021-04-22 18:30,S1 Trend,4773.25,330,1575172.5,-474375,-0.60,16500,0.02,-528000,-0.67,12038675,12038.68
3094,Exit long,2021-04-23 20:30,S1 Climax,4804.25,116,555234,102950,0.37,108750,0.39,-21750,-0.08,12141625,12141.63
3094,Entry long,2021-04-23 16:00,S1 Trend,4786.5,116,555234,102950,0.37,108750,0.39,-21750,-0.08,12141625,12141.63
3095,Exit long,2021-04-23 21:00,EOD,4793.5,271,1297141.5,94850,0.15,308262.5,0.48,-50812.5,-0.08,12236475,12236.48
3095,Entry long,2021-04-23 16:00,S1 Trend,4786.5,271,1297141.5,94850,0.15,308262.5,0.48,-50812.5,-0.08,12236475,12236.48
3096,Exit long,2021-04-28 19:00,S2 FairVal,4805.25,582,2795055,80025,0.06,80025,0.06,-210975,-0.15,12316500,12316.50
3096,Entry long,2021-04-28 17:30,S2 VWAP,4802.5,582,2795055,80025,0.06,80025,0.06,-210975,-0.15,12316500,12316.50
3097,Exit long,2021-04-28 20:00,S2 FairVal,4809.5,515,2473416.25,173812.5,0.14,347625,0.28,-115875,-0.09,12490312,12490.31
3097,Entry long,2021-04-28 19:30,S2 VWAP,4802.75,515,2473416.25,173812.5,0.14,347625,0.28,-115875,-0.09,12490312,12490.31
3098,Exit long,2021-05-05 20:00,S1 Trail,4782.5,373,1791146,-363675,-0.41,9325,0.01,-363675,-0.41,12126638,12126.64
3098,Entry long,2021-05-05 17:00,S1 Trend,4802,373,1791146,-363675,-0.41,9325,0.01,-363675,-0.41,12126638,12126.64
3099,Exit long,2021-05-06 21:00,EOD,4817,272,1304308,295800,0.45,312800,0.48,-173400,-0.27,12422438,12422.44
3099,Entry long,2021-05-06 17:00,S1 Trend,4795.25,272,1304308,295800,0.45,312800,0.48,-173400,-0.27,12422438,12422.44
3100,Exit long,2021-05-07 21:00,EOD,4847,372,1798899,209250,0.23,353400,0.39,-13950,-0.02,12631688,12631.69
3100,Entry long,2021-05-07 15:00,S1 Trend,4835.75,372,1798899,209250,0.23,353400,0.39,-13950,-0.02,12631688,12631.69
3101,Exit short,2021-05-11 16:00,S3 Scalp,4763.75,214,1015323,-205975,-0.41,195275,0.38,-205975,-0.41,12425712,12425.71
3101,Entry short,2021-05-11 15:30,S3 Hedge,4744.5,214,1015323,-205975,-0.41,195275,0.38,-205975,-0.41,12425712,12425.71
3102,Exit short,2021-05-12 21:00,EOD,4680.25,197,924422.5,120662.5,0.26,187150,0.40,-152675,-0.33,12546375,12546.38
3102,Entry short,2021-05-12 19:30,S3 Hedge,4692.5,197,924422.5,120662.5,0.26,187150,0.40,-152675,-0.33,12546375,12546.38
3103,Exit long,2021-05-13 18:30,S1 Trail,4709.75,213,1009194,-300862.5,-0.60,82537.5,0.16,-300862.5,-0.60,12245512,12245.51
3103,Entry long,2021-05-13 15:30,S1 Trend,4738,213,1009194,-300862.5,-0.60,82537.5,0.16,-300862.5,-0.60,12245512,12245.51
3104,Exit long,2021-05-14 20:00,S1 Climax,4798,100,477450,117500,0.49,131250,0.55,-41250,-0.17,12363012,12363.01
3104,Entry long,2021-05-14 15:00,S1 Trend,4774.5,100,477450,117500,0.49,131250,0.55,-41250,-0.17,12363012,12363.01
3105,Exit long,2021-05-14 21:00,EOD,4791.25,234,1117233,195975,0.35,307125,0.55,-96525,-0.17,12558988,12558.99
3105,Entry long,2021-05-14 15:00,S1 Trend,4774.5,234,1117233,195975,0.35,307125,0.55,-96525,-0.17,12558988,12558.99
3106,Exit long,2021-05-17 21:00,EOD,4781.25,364,1738009,118300,0.14,145600,0.17,-286650,-0.33,12677288,12677.29
3106,Entry long,2021-05-17 15:00,S1 Trend,4774.75,364,1738009,118300,0.14,145600,0.17,-286650,-0.33,12677288,12677.29
3107,Exit long,2021-05-20 17:00,S1 Climax,4781,99,470844,123750,0.53,153450,0.65,-7425,-0.03,12801038,12801.04
3107,Entry long,2021-05-20 15:00,S1 Trend,4756,99,470844,123750,0.53,153450,0.65,-7425,-0.03,12801038,12801.04
3108,Exit long,2021-05-20 21:00,EOD,4778,232,1103392,255200,0.46,414700,0.75,-17400,-0.03,13056238,13056.24
3108,Entry long,2021-05-20 15:00,S1 Trend,4756,232,1103392,255200,0.46,414700,0.75,-17400,-0.03,13056238,13056.24
3109,Exit long,2021-05-21 17:00,S1 Trail,4778.25,400,1917200,-295000,-0.31,115000,0.12,-295000,-0.31,12761238,12761.24
3109,Entry long,2021-05-21 15:30,S1 Trend,4793,400,1917200,-295000,-0.31,115000,0.12,-295000,-0.31,12761238,12761.24
3110,Exit long,2021-05-21 21:00,EOD,4775,328,1567676,-73800,-0.09,135300,0.17,-114800,-0.15,12687438,12687.44
3110,Entry long,2021-05-21 18:30,S2 VWAP,4779.5,328,1567676,-73800,-0.09,135300,0.17,-114800,-0.15,12687438,12687.44
3111,Exit long,2021-05-26 16:00,S2 FairVal,4814.5,429,2064669.75,37537.5,0.04,48262.5,0.05,-37537.5,-0.04,12724975,12724.98
3111,Entry long,2021-05-26 15:30,S2 VWAP,4812.75,429,2064669.75,37537.5,0.04,48262.5,0.05,-37537.5,-0.04,12724975,12724.98
3112,Exit long,2021-05-28 16:30,S2 FairVal,4832.5,573,2767590,71625,0.05,100275,0.07,-35812.5,-0.03,12796600,12796.60
3112,Entry long,2021-05-28 16:00,S2 VWAP,4830,573,2767590,71625,0.05,100275,0.07,-35812.5,-0.03,12796600,12796.60
3113,Exit long,2021-06-10 21:00,EOD,4861,391,1901335.25,-34212.5,-0.04,63537.5,0.07,-430100,-0.45,12762388,12762.39
3113,Entry long,2021-06-10 15:30,S1 Trend,4862.75,391,1901335.25,-34212.5,-0.04,63537.5,0.07,-430100,-0.45,12762388,12762.39
3114,Exit long,2021-06-14 20:30,S2 FairVal,4863.5,660,3209085,41250,0.03,99000,0.06,-206250,-0.13,12803638,12803.64
3114,Entry long,2021-06-14 16:00,S2 VWAP,4862.25,660,3209085,41250,0.03,99000,0.06,-206250,-0.13,12803638,12803.64
3115,Exit short,2021-06-18 17:00,S3 Scalp,4807.25,289,1385249.25,-202300,-0.29,10837.5,0.02,-202300,-0.29,12601338,12601.34
3115,Entry short,2021-06-18 16:30,S3 Hedge,4793.25,289,1385249.25,-202300,-0.29,10837.5,0.02,-202300,-0.29,12601338,12601.34
3116,Exit long,2021-06-21 21:00,EOD,4845.5,299,1443497.25,265362.5,0.37,299000,0.41,0,0.00,12866700,12866.70
3116,Entry long,2021-06-21 15:30,S1 Trend,4827.75,299,1443497.25,265362.5,0.37,299000,0.41,0,0.00,12866700,12866.70
3117,Exit long,2021-06-22 21:00,EOD,4867.5,402,1954122,130650,0.13,321600,0.33,-90450,-0.09,12997350,12997.35
3117,Entry long,2021-06-22 16:30,S1 Trend,4861,402,1954122,130650,0.13,321600,0.33,-90450,-0.09,12997350,12997.35
3118,Exit long,2021-07-09 20:00,S1 Climax,4992.75,115,571866.25,115000,0.40,119312.5,0.42,0,0.00,13112350,13112.35
3118,Entry long,2021-07-09 15:00,S1 Trend,4972.75,115,571866.25,115000,0.40,119312.5,0.42,0,0.00,13112350,13112.35
3119,Exit long,2021-07-09 20:30,S1 Climax,4992.25,81,402792.75,78975,0.39,86062.5,0.43,0,0.00,13191325,13191.33
3119,Entry long,2021-07-09 15:00,S1 Trend,4972.75,81,402792.75,78975,0.39,86062.5,0.43,0,0.00,13191325,13191.33
3120,Exit long,2021-07-09 21:00,EOD,4991.5,189,939849.75,177187.5,0.38,214987.5,0.46,0,0.00,13368512,13368.51
3120,Entry long,2021-07-09 15:00,S1 Trend,4972.75,189,939849.75,177187.5,0.38,214987.5,0.46,0,0.00,13368512,13368.51
3121,Exit short,2021-07-19 21:00,EOD,4886.75,288,1405152,-111600,-0.16,338400,0.48,-158400,-0.23,13256912,13256.91
3121,Entry short,2021-07-19 15:00,S3 Hedge,4879,288,1405152,-111600,-0.16,338400,0.48,-158400,-0.23,13256912,13256.91
3122,Exit long,2021-07-20 21:00,EOD,4946.5,249,1229686.5,99600,0.16,273900,0.45,-46687.5,-0.08,13356512,13356.51
3122,Entry long,2021-07-20 16:00,S1 Trend,4938.5,249,1229686.5,99600,0.16,273900,0.45,-46687.5,-0.08,13356512,13356.51
3123,Exit long,2021-07-21 21:00,EOD,4982.5,374,1859808.5,182325,0.20,205700,0.22,-149600,-0.16,13538838,13538.84
3123,Entry long,2021-07-21 15:00,S1 Trend,4972.75,374,1859808.5,182325,0.20,205700,0.22,-149600,-0.16,13538838,13538.84
3124,Exit long,2021-07-28 21:00,EOD,5024,311,1565340.75,-143837.5,-0.18,42762.5,0.05,-151612.5,-0.19,13395000,13395.00
3124,Entry long,2021-07-28 20:00,S1 Trend,5033.25,311,1565340.75,-143837.5,-0.18,42762.5,0.05,-151612.5,-0.19,13395000,13395.00
3125,Exit long,2021-07-30 19:30,S1 Trail,5014,392,1971662,-308700,-0.31,132300,0.13,-308700,-0.31,13086300,13086.30
3125,Entry long,2021-07-30 15:00,S1 Trend,5029.75,392,1971662,-308700,-0.31,132300,0.13,-308700,-0.31,13086300,13086.30
3126,Exit long,2021-08-03 21:00,EOD,5046.75,323,1625659,222062.5,0.27,250325,0.31,-104975,-0.13,13308362,13308.36
3126,Entry long,2021-08-03 17:00,S1 Trend,5033,323,1625659,222062.5,0.27,250325,0.31,-104975,-0.13,13308362,13308.36
3127,Exit long,2021-08-20 21:00,EOD,5067.75,282,1425087,200925,0.28,260850,0.37,-17625,-0.02,13509288,13509.29
3127,Entry long,2021-08-20 15:00,S1 Trend,5053.5,282,1425087,200925,0.28,260850,0.37,-17625,-0.02,13509288,13509.29
3128,Exit short,2021-09-13 20:00,S3 Scalp,5093.25,304,1544244,-205200,-0.27,53200,0.07,-205200,-0.27,13304088,13304.09
3128,Entry short,2021-09-13 19:30,S3 Hedge,5079.75,304,1544244,-205200,-0.27,53200,0.07,-205200,-0.27,13304088,13304.09
3129,Exit long,2021-09-15 21:00,EOD,5113.5,337,1720048,160075,0.19,248537.5,0.29,-4212.5,0.00,13464162,13464.16
3129,Entry long,2021-09-15 18:00,S1 Trend,5104,337,1720048,160075,0.19,248537.5,0.29,-4212.5,0.00,13464162,13464.16
3130,Exit short,2021-09-20 20:00,S3 Scalp,4936.25,215,1069678.75,419250,0.78,419250,0.78,-16125,-0.03,13883412,13883.41
3130,Entry short,2021-09-20 17:00,S3 Hedge,4975.25,215,1069678.75,419250,0.78,419250,0.78,-16125,-0.03,13883412,13883.41
3131,Exit long,2021-09-22 19:00,S1 Trail,5017.25,331,1662033.75,-66200,-0.08,359962.5,0.43,-66200,-0.08,13817212,13817.21
3131,Entry long,2021-09-22 15:30,S1 Trend,5021.25,331,1662033.75,-66200,-0.08,359962.5,0.43,-66200,-0.08,13817212,13817.21
3132,Exit long,2021-09-22 21:00,EOD,5025,281,1416661.5,-231825,-0.33,42150,0.06,-403937.5,-0.57,13585388,13585.39
3132,Entry long,2021-09-22 19:30,S1 Trend,5041.5,281,1416661.5,-231825,-0.33,42150,0.06,-403937.5,-0.57,13585388,13585.39
3133,Exit long,2021-09-23 21:00,EOD,5078.25,278,1409251.5,125100,0.18,371825,0.53,-3475,0.00,13710488,13710.49
3133,Entry long,2021-09-23 15:00,S1 Trend,5069.25,278,1409251.5,125100,0.18,371825,0.53,-3475,0.00,13710488,13710.49
3134,Exit long,2021-09-24 21:00,EOD,5086.75,328,1667142,65600,0.08,184500,0.22,-241900,-0.29,13776088,13776.09
3134,Entry long,2021-09-24 15:00,S1 Trend,5082.75,328,1667142,65600,0.08,184500,0.22,-241900,-0.29,13776088,13776.09
3135,Exit short,2021-09-28 19:30,S3 Scalp,5001,210,1045695,-225750,-0.43,39375,0.08,-225750,-0.43,13550338,13550.34
3135,Entry short,2021-09-28 18:00,S3 Hedge,4979.5,210,1045695,-225750,-0.43,39375,0.08,-225750,-0.43,13550338,13550.34
3136,Exit long,2021-10-01 21:00,EOD,4987.75,183,911202.75,77775,0.17,251625,0.55,0,0.00,13628112,13628.11
3136,Entry long,2021-10-01 19:00,S1 Trend,4979.25,183,911202.75,77775,0.17,251625,0.55,0,0.00,13628112,13628.11
3137,Exit long,2021-10-05 21:00,EOD,4976,267,1330594.5,-100125,-0.15,230287.5,0.35,-130162.5,-0.20,13527988,13527.99
3137,Entry long,2021-10-05 15:30,S1 Trend,4983.5,267,1330594.5,-100125,-0.15,230287.5,0.35,-130162.5,-0.20,13527988,13527.99
3138,Exit long,2021-10-06 21:00,EOD,4994.5,181,899796.25,210412.5,0.47,230775,0.51,-52037.5,-0.12,13738400,13738.40
3138,Entry long,2021-10-06 19:00,S1 Trend,4971.25,181,899796.25,210412.5,0.47,230775,0.51,-52037.5,-0.12,13738400,13738.40
3139,Exit long,2021-10-07 19:30,S1 Trail,5036,322,1626824.5,-261625,-0.32,165025,0.20,-261625,-0.32,13476775,13476.78
3139,Entry long,2021-10-07 15:00,S1 Trend,5052.25,322,1626824.5,-261625,-0.32,165025,0.20,-261625,-0.32,13476775,13476.78
3140,Exit short,2021-10-08 19:00,S3 Scalp,5034,286,1435648.5,-203775,-0.28,25025,0.03,-203775,-0.28,13273000,13273.00
3140,Entry short,2021-10-08 18:30,S3 Hedge,5019.75,286,1435648.5,-203775,-0.28,25025,0.03,-203775,-0.28,13273000,13273.00
3141,Exit long,2021-10-11 18:00,S1 Trail,5020.25,284,1431218,-273350,-0.38,127800,0.18,-273350,-0.38,12999650,12999.65
3141,Entry long,2021-10-11 15:00,S1 Trend,5039.5,284,1431218,-273350,-0.38,127800,0.18,-273350,-0.38,12999650,12999.65
3142,Exit long,2021-10-13 21:00,EOD,4996.25,239,1192968.5,56762.5,0.10,83650,0.14,-86637.5,-0.15,13056412,13056.41
3142,Entry long,2021-10-13 19:30,S1 Trend,4991.5,239,1192968.5,56762.5,0.10,83650,0.14,-86637.5,-0.15,13056412,13056.41
3143,Exit long,2021-10-14 16:00,S1 Climax,5057.5,119,601098.75,37187.5,0.12,38675,0.13,-16362.5,-0.05,13093600,13093.60
3143,Entry long,2021-10-14 15:30,S1 Trend,5051.25,119,601098.75,37187.5,0.12,38675,0.13,-16362.5,-0.05,13093600,13093.60
3144,Exit long,2021-10-14 16:30,S1 Climax,5056.75,84,424305,23100,0.11,31500,0.15,-11550,-0.05,13116700,13116.70
3144,Entry long,2021-10-14 15:30,S1 Trend,5051.25,84,424305,23100,0.11,31500,0.15,-11550,-0.05,13116700,13116.70
3145,Exit long,2021-10-14 17:00,S1 Climax,5062.75,58,292972.5,33350,0.23,34800,0.24,-7975,-0.05,13150050,13150.05
3145,Entry long,2021-10-14 15:30,S1 Trend,5051.25,58,292972.5,33350,0.23,34800,0.24,-7975,-0.05,13150050,13150.05
3146,Exit long,2021-10-14 17:30,S1 Climax,5064.5,41,207101.25,27162.5,0.26,32800,0.32,-5637.5,-0.05,13177212,13177.21
3146,Entry long,2021-10-14 15:30,S1 Trend,5051.25,41,207101.25,27162.5,0.26,32800,0.32,-5637.5,-0.05,13177212,13177.21
3147,Exit long,2021-10-14 18:00,S1 Climax,5066.5,29,146486.25,22112.5,0.30,23200,0.32,-3987.5,-0.05,13199325,13199.33
3147,Entry long,2021-10-14 15:30,S1 Trend,5051.25,29,146486.25,22112.5,0.30,23200,0.32,-3987.5,-0.05,13199325,13199.33
3148,Exit long,2021-10-14 18:30,S1 Climax,5062.25,20,101025,11000,0.22,16750,0.33,-2750,-0.05,13210325,13210.33
3148,Entry long,2021-10-14 15:30,S1 Trend,5051.25,20,101025,11000,0.22,16750,0.33,-2750,-0.05,13210325,13210.33
3149,Exit long,2021-10-14 19:00,S1 Climax,5068.25,14,70717.5,11900,0.34,12950,0.37,-1925,-0.05,13222225,13222.23
3149,Entry long,2021-10-14 15:30,S1 Trend,5051.25,14,70717.5,11900,0.34,12950,0.37,-1925,-0.05,13222225,13222.23
3150,Exit long,2021-10-14 19:30,S1 Climax,5070.25,10,50512.5,9500,0.38,9625,0.38,-1375,-0.05,13231725,13231.73
3150,Entry long,2021-10-14 15:30,S1 Trend,5051.25,10,50512.5,9500,0.38,9625,0.38,-1375,-0.05,13231725,13231.73
3151,Exit long,2021-10-14 20:00,S1 Climax,5070.25,7,35358.75,6650,0.38,7000,0.40,-962.5,-0.05,13238375,13238.38
3151,Entry long,2021-10-14 15:30,S1 Trend,5051.25,7,35358.75,6650,0.38,7000,0.40,-962.5,-0.05,13238375,13238.38
3152,Exit long,2021-10-14 21:00,EOD,5070,17,85871.25,15937.5,0.37,17637.5,0.41,-2337.5,-0.05,13254312,13254.31
3152,Entry long,2021-10-14 15:30,S1 Trend,5051.25,17,85871.25,15937.5,0.37,17637.5,0.41,-2337.5,-0.05,13254312,13254.31
3153,Exit long,2021-10-18 21:00,EOD,5118,363,1850755.5,353925,0.38,403837.5,0.44,-40837.5,-0.04,13608238,13608.24
3153,Entry long,2021-10-18 15:00,S1 Trend,5098.5,363,1850755.5,353925,0.38,403837.5,0.44,-40837.5,-0.04,13608238,13608.24
3154,Exit long,2021-10-22 18:00,S2 FairVal,5176.5,350,1809237.5,126875,0.14,183750,0.20,-13125,-0.01,13735112,13735.11
3154,Entry long,2021-10-22 17:30,S2 VWAP,5169.25,350,1809237.5,126875,0.14,183750,0.20,-13125,-0.01,13735112,13735.11
3155,Exit long,2021-10-26 19:30,S2 FairVal,5217.5,456,2375076,205200,0.17,205200,0.17,-22800,-0.02,13940312,13940.31
3155,Entry long,2021-10-26 18:30,S2 VWAP,5208.5,456,2375076,205200,0.17,205200,0.17,-22800,-0.02,13940312,13940.31
3156,Exit long,2021-10-29 21:00,EOD,5238.25,398,2076366,422875,0.41,497500,0.48,-129350,-0.12,14363188,14363.19
3156,Entry long,2021-10-29 15:00,S1 Trend,5217,398,2076366,422875,0.41,497500,0.48,-129350,-0.12,14363188,14363.19
3157,Exit long,2021-11-19 18:30,S1 Trail,5331.75,371,1984850,-338537.5,-0.34,97387.5,0.10,-338537.5,-0.34,14024650,14024.65
3157,Entry long,2021-11-19 17:30,S1 Trend,5350,371,1984850,-338537.5,-0.34,97387.5,0.10,-338537.5,-0.34,14024650,14024.65
3158,Exit long,2021-11-24 21:00,EOD,5339.25,296,1577606,140600,0.18,177600,0.23,-162800,-0.21,14165250,14165.25
3158,Entry long,2021-11-24 16:30,S1 Trend,5329.75,296,1577606,140600,0.18,177600,0.23,-162800,-0.21,14165250,14165.25
3159,Exit short,2021-11-26 17:30,S3 Scalp,5257,194,1015444.5,-220675,-0.43,60625,0.12,-220675,-0.43,13944575,13944.58
3159,Entry short,2021-11-26 16:30,S3 Hedge,5234.25,194,1015444.5,-220675,-0.43,60625,0.12,-220675,-0.43,13944575,13944.58
3160,Exit short,2021-11-28 23:30,S3 Scalp,5261.5,163,852490,-256725,-0.60,2037.5,0.00,-344337.5,-0.81,13687850,13687.85
3160,Entry short,2021-11-28 23:00,S3 Hedge,5230,163,852490,-256725,-0.60,2037.5,0.00,-344337.5,-0.81,13687850,13687.85
3161,Exit long,2021-11-29 21:00,EOD,5291.25,232,1230006,-121800,-0.20,104400,0.17,-156600,-0.25,13566050,13566.05
3161,Entry long,2021-11-29 17:30,S1 Trend,5301.75,232,1230006,-121800,-0.20,104400,0.17,-156600,-0.25,13566050,13566.05
3162,Exit long,2021-12-01 17:30,S1 Trail,5258.25,279,1469632.5,-129037.5,-0.18,338287.5,0.46,-149962.5,-0.20,13437012,13437.01
3162,Entry long,2021-12-01 15:30,S1 Trend,5267.5,279,1469632.5,-129037.5,-0.18,338287.5,0.46,-149962.5,-0.20,13437012,13437.01
3163,Exit long,2021-12-02 21:00,EOD,5218.5,135,705543.75,-52312.5,-0.15,57375,0.16,-138375,-0.39,13384700,13384.70
3163,Entry long,2021-12-02 17:30,S1 Trend,5226.25,135,705543.75,-52312.5,-0.15,57375,0.16,-138375,-0.39,13384700,13384.70
3164,Exit long,2021-12-06 21:00,EOD,5232.25,213,1109037.75,271575,0.49,489900,0.88,-149100,-0.27,13656275,13656.28
3164,Entry long,2021-12-06 15:00,S1 Trend,5206.75,213,1109037.75,271575,0.49,489900,0.88,-149100,-0.27,13656275,13656.28
3165,Exit long,2021-12-07 15:30,S1 Climax,5320.25,95,505138.75,14250,0.06,41562.5,0.16,-14250,-0.06,13670525,13670.53
3165,Entry long,2021-12-07 15:00,S1 Trend,5317.25,95,505138.75,14250,0.06,41562.5,0.16,-14250,-0.06,13670525,13670.53
3166,Exit long,2021-12-07 16:00,S1 Climax,5329.5,67,356255.75,41037.5,0.23,51087.5,0.29,-10050,-0.06,13711562,13711.56
3166,Entry long,2021-12-07 15:00,S1 Trend,5317.25,67,356255.75,41037.5,0.23,51087.5,0.29,-10050,-0.06,13711562,13711.56
3167,Exit long,2021-12-07 16:30,S1 Climax,5328,47,249910.75,25262.5,0.20,38187.5,0.31,-7050,-0.06,13736825,13736.83
3167,Entry long,2021-12-07 15:00,S1 Trend,5317.25,47,249910.75,25262.5,0.20,38187.5,0.31,-7050,-0.06,13736825,13736.83
3168,Exit long,2021-12-07 17:00,S1 Climax,5326.25,33,175469.25,14850,0.17,26812.5,0.31,-4950,-0.06,13751675,13751.68
3168,Entry long,2021-12-07 15:00,S1 Trend,5317.25,33,175469.25,14850,0.17,26812.5,0.31,-4950,-0.06,13751675,13751.68
3169,Exit long,2021-12-07 17:30,S1 Climax,5326,23,122296.75,10062.5,0.16,18687.5,0.31,-3450,-0.06,13761738,13761.74
3169,Entry long,2021-12-07 15:00,S1 Trend,5317.25,23,122296.75,10062.5,0.16,18687.5,0.31,-3450,-0.06,13761738,13761.74
3170,Exit long,2021-12-07 18:00,S1 Climax,5331,16,85076,11000,0.26,13000,0.31,-2400,-0.06,13772738,13772.74
3170,Entry long,2021-12-07 15:00,S1 Trend,5317.25,16,85076,11000,0.26,13000,0.31,-2400,-0.06,13772738,13772.74
3171,Exit long,2021-12-07 20:30,S1 Trail,5308.25,38,202055.5,-17100,-0.17,30875,0.31,-17100,-0.17,13755638,13755.64
3171,Entry long,2021-12-07 15:00,S1 Trend,5317.25,38,202055.5,-17100,-0.17,30875,0.31,-17100,-0.17,13755638,13755.64
3172,Exit long,2021-12-09 20:00,S1 Trail,5307.75,344,1833176,-365500,-0.40,47300,0.05,-365500,-0.40,13390138,13390.14
3172,Entry long,2021-12-09 19:00,S1 Trend,5329,344,1833176,-365500,-0.40,47300,0.05,-365500,-0.40,13390138,13390.14
3173,Exit short,2021-12-14 20:00,S3 Scalp,5272,226,1187517,-197750,-0.33,90400,0.15,-197750,-0.33,13192388,13192.39
3173,Entry short,2021-12-14 17:00,S3 Hedge,5254.5,226,1187517,-197750,-0.33,90400,0.15,-197750,-0.33,13192388,13192.39
3174,Exit short,2021-12-17 15:30,S3 Scalp,5283,226,1189664,-214700,-0.36,268375,0.45,-214700,-0.36,12977688,12977.69
3174,Entry short,2021-12-17 15:00,S3 Hedge,5264,226,1189664,-214700,-0.36,268375,0.45,-214700,-0.36,12977688,12977.69
3175,Exit long,2021-12-21 21:00,EOD,5290.75,226,1188138.5,378550,0.64,398325,0.67,-5650,-0.01,13356238,13356.24
3175,Entry long,2021-12-21 17:00,S1 Trend,5257.25,226,1188138.5,378550,0.64,398325,0.67,-5650,-0.01,13356238,13356.24
3176,Exit long,2021-12-22 21:00,EOD,5336.5,367,1942898,779875,0.80,802812.5,0.83,-64225,-0.07,14136112,14136.11
3176,Entry long,2021-12-22 15:00,S1 Trend,5294,367,1942898,779875,0.80,802812.5,0.83,-64225,-0.07,14136112,14136.11
3177,Exit long,2022-01-04 18:30,S2 FairVal,5418.25,390,2119065,-297375,-0.28,97500,0.09,-297375,-0.28,13838738,13838.74
3177,Entry long,2022-01-04 17:00,S2 VWAP,5433.5,390,2119065,-297375,-0.28,97500,0.09,-297375,-0.28,13838738,13838.74
3178,Exit long,2022-01-11 21:00,EOD,5355.5,198,1055934,222750,0.42,235125,0.45,-89100,-0.17,14061488,14061.49
3178,Entry long,2022-01-11 17:00,S1 Trend,5333,198,1055934,222750,0.42,235125,0.45,-89100,-0.17,14061488,14061.49
3179,Exit long,2022-01-12 15:30,S1 Trail,5363.5,332,1787488,-340300,-0.38,95450,0.11,-340300,-0.38,13721188,13721.19
3179,Entry long,2022-01-12 15:00,S1 Trend,5384,332,1787488,-340300,-0.38,95450,0.11,-340300,-0.38,13721188,13721.19
3180,Exit short,2022-01-18 21:00,EOD,5222.75,254,1330452,193675,0.29,352425,0.53,-184150,-0.28,13914862,13914.86
3180,Entry short,2022-01-18 15:00,S3 Hedge,5238,254,1330452,193675,0.29,352425,0.53,-184150,-0.28,13914862,13914.86
3181,Exit long,2022-01-20 18:30,S1 Trail,5209.5,246,1288486.5,-347475,-0.54,83025,0.13,-347475,-0.54,13567388,13567.39
3181,Entry long,2022-01-20 16:00,S1 Trend,5237.75,246,1288486.5,-347475,-0.54,83025,0.13,-347475,-0.54,13567388,13567.39
3182,Exit short,2022-01-21 16:00,S3 Scalp,5117.25,161,818644.75,-261625,-0.64,40250,0.10,-348162.5,-0.85,13305762,13305.76
3182,Entry short,2022-01-21 15:30,S3 Hedge,5084.75,161,818644.75,-261625,-0.64,40250,0.10,-348162.5,-0.85,13305762,13305.76
3183,Exit short,2022-01-21 21:00,EOD,5035.75,122,616832,123525,0.40,125050,0.41,-79300,-0.26,13429288,13429.29
3183,Entry short,2022-01-21 20:00,S3 Hedge,5056,122,616832,123525,0.40,125050,0.41,-79300,-0.26,13429288,13429.29
3184,Exit short,2022-01-24 18:00,S3 Scalp,4922,107,522293.75,-218012.5,-0.83,65537.5,0.25,-218012.5,-0.83,13211275,13211.28
3184,Entry short,2022-01-24 17:30,S3 Hedge,4881.25,107,522293.75,-218012.5,-0.83,65537.5,0.25,-218012.5,-0.83,13211275,13211.28
3185,Exit long,2022-01-25 21:00,EOD,5001.25,92,464669,-227700,-0.98,4600,0.02,-278300,-1.20,12983575,12983.58
3185,Entry long,2022-01-25 20:00,S1 Trend,5050.75,92,464669,-227700,-0.98,4600,0.02,-278300,-1.20,12983575,12983.58
3186,Exit long,2022-01-26 19:30,S1 Trail,5035.25,155,786741.25,-313875,-0.80,160812.5,0.41,-344875,-0.88,12669700,12669.70
3186,Entry long,2022-01-26 15:00,S1 Trend,5075.75,155,786741.25,-313875,-0.80,160812.5,0.41,-344875,-0.88,12669700,12669.70
3187,Exit short,2022-01-26 21:00,EOD,4990.25,104,521976,149500,0.57,387400,1.48,-2600,-0.01,12819200,12819.20
3187,Entry short,2022-01-26 20:00,S3 Hedge,5019,104,521976,149500,0.57,387400,1.48,-2600,-0.01,12819200,12819.20
3188,Exit long,2022-01-27 17:30,S1 Trail,5000,114,576669,-333450,-1.16,78375,0.27,-333450,-1.16,12485750,12485.75
3188,Entry long,2022-01-27 15:00,S1 Trend,5058.5,114,576669,-333450,-1.16,78375,0.27,-333450,-1.16,12485750,12485.75
3189,Exit long,2022-01-28 21:00,EOD,5074.25,94,470517,323125,1.37,327825,1.39,-152750,-0.65,12808875,12808.88
3189,Entry long,2022-01-28 16:30,S1 Trend,5005.5,94,470517,323125,1.37,327825,1.39,-152750,-0.65,12808875,12808.88
3190,Exit long,2022-01-31 21:00,EOD,5151.75,187,951549.5,591387.5,1.24,649825,1.37,-7012.5,-0.01,13400262,13400.26
3190,Entry long,2022-01-31 15:00,S1 Trend,5088.5,187,951549.5,591387.5,1.24,649825,1.37,-7012.5,-0.01,13400262,13400.26
3191,Exit long,2022-02-01 21:00,EOD,5184.25,251,1293277.5,398462.5,0.62,486312.5,0.75,-354537.5,-0.55,13798725,13798.72
3191,Entry long,2022-02-01 15:00,S1 Trend,5152.5,251,1293277.5,398462.5,0.62,486312.5,0.75,-354537.5,-0.55,13798725,13798.72
3192,Exit long,2022-02-02 21:00,EOD,5227.25,208,1086748,26000,0.05,119600,0.22,-41600,-0.08,13824725,13824.73
3192,Entry long,2022-02-02 20:00,S1 Trend,5224.75,208,1086748,26000,0.05,119600,0.22,-41600,-0.08,13824725,13824.73
3193,Exit long,2022-02-04 21:00,EOD,5141.5,156,805116,-152100,-0.38,169650,0.42,-165750,-0.41,13672625,13672.63
3193,Entry long,2022-02-04 19:00,S1 Trend,5161,156,805116,-152100,-0.38,169650,0.42,-165750,-0.41,13672625,13672.63
3194,Exit long,2022-02-07 16:30,S1 Trail,5125.75,236,1216285,-330400,-0.54,112100,0.18,-330400,-0.54,13342225,13342.22
3194,Entry long,2022-02-07 15:00,S1 Trend,5153.75,236,1216285,-330400,-0.54,112100,0.18,-330400,-0.54,13342225,13342.22
3195,Exit long,2022-02-08 21:00,EOD,5163.5,249,1281042.75,233437.5,0.36,364162.5,0.57,-112050,-0.17,13575662,13575.66
3195,Entry long,2022-02-08 16:30,S1 Trend,5144.75,249,1281042.75,233437.5,0.36,364162.5,0.57,-112050,-0.17,13575662,13575.66
3196,Exit long,2022-02-09 15:30,S1 Climax,5214.5,112,583408,30800,0.11,56000,0.19,-15400,-0.05,13606462,13606.46
3196,Entry long,2022-02-09 15:00,S1 Trend,5209,112,583408,30800,0.11,56000,0.19,-15400,-0.05,13606462,13606.46
3197,Exit long,2022-02-09 16:00,S1 Climax,5223,78,406302,54600,0.27,54600,0.27,-10725,-0.05,13661062,13661.06
3197,Entry long,2022-02-09 15:00,S1 Trend,5209,78,406302,54600,0.27,54600,0.27,-10725,-0.05,13661062,13661.06
3198,Exit long,2022-02-09 21:00,EOD,5229.75,184,958456,190900,0.40,218500,0.46,-25300,-0.05,13851962,13851.96
3198,Entry long,2022-02-09 15:00,S1 Trend,5209,184,958456,190900,0.40,218500,0.46,-25300,-0.05,13851962,13851.96
3199,Exit short,2022-02-11 19:30,S3 Scalp,5053.75,177,904735.5,511087.5,1.13,511087.5,1.13,-4425,-0.01,14363050,14363.05
3199,Entry short,2022-02-11 18:30,S3 Hedge,5111.5,177,904735.5,511087.5,1.13,511087.5,1.13,-4425,-0.01,14363050,14363.05
3200,Exit long,2022-02-16 21:00,EOD,5120.5,235,1202142.5,58750,0.10,226187.5,0.38,-102812.5,-0.17,14421800,14421.80
3200,Entry long,2022-02-16 19:30,S1 Trend,5115.5,235,1202142.5,58750,0.10,226187.5,0.38,-102812.5,-0.17,14421800,14421.80
3201,Exit short,2022-02-17 16:30,S3 Scalp,5074.25,214,1081556,-216675,-0.40,26750,0.05,-216675,-0.40,14205125,14205.13
3201,Entry short,2022-02-17 15:30,S3 Hedge,5054,214,1081556,-216675,-0.40,26750,0.05,-216675,-0.40,14205125,14205.13
3202,Exit short,2022-02-17 21:00,EOD,5025.25,227,1145271.75,227000,0.40,309287.5,0.54,-19862.5,-0.03,14432125,14432.13
3202,Entry short,2022-02-17 19:30,S3 Hedge,5045.25,227,1145271.75,227000,0.40,309287.5,0.54,-19862.5,-0.03,14432125,14432.13
3203,Exit short,2022-02-18 19:00,S3 Scalp,5001.5,189,940842,-222075,-0.47,63787.5,0.14,-222075,-0.47,14210050,14210.05
3203,Entry short,2022-02-18 18:00,S3 Hedge,4978,189,940842,-222075,-0.47,63787.5,0.14,-222075,-0.47,14210050,14210.05
3204,Exit short,2022-02-21 23:00,S3 Scalp,4902,177,876105.75,422587.5,0.96,422587.5,0.96,-46462.5,-0.11,14632638,14632.64
3204,Entry short,2022-02-21 17:00,S3 Hedge,4949.75,177,876105.75,422587.5,0.96,422587.5,0.96,-46462.5,-0.11,14632638,14632.64
3205,Exit long,2022-02-22 17:30,S1 Trail,4946.25,150,751237.5,-465000,-1.24,5625,0.01,-465000,-1.24,14167638,14167.64
3205,Entry long,2022-02-22 15:30,S1 Trend,5008.25,150,751237.5,-465000,-1.24,5625,0.01,-465000,-1.24,14167638,14167.64
3206,Exit long,2022-02-25 21:00,EOD,5030,131,651266.5,383175,1.18,396275,1.22,-88425,-0.27,14550812,14550.81
3206,Entry long,2022-02-25 15:30,S1 Trend,4971.5,131,651266.5,383175,1.18,396275,1.22,-88425,-0.27,14550812,14550.81
3207,Exit long,2022-02-28 19:00,S1 Trail,4972.25,151,754358.25,-177425,-0.47,302000,0.80,-181200,-0.48,14373388,14373.39
3207,Entry long,2022-02-28 15:00,S1 Trend,4995.75,151,754358.25,-177425,-0.47,302000,0.80,-181200,-0.48,14373388,14373.39
3208,Exit long,2022-03-01 16:30,S1 Trail,4963.75,175,875350,-334687.5,-0.76,124687.5,0.28,-334687.5,-0.76,14038700,14038.70
3208,Entry long,2022-03-01 15:00,S1 Trend,5002,175,875350,-334687.5,-0.76,124687.5,0.28,-334687.5,-0.76,14038700,14038.70
3209,Exit long,2022-03-02 21:00,EOD,5031.75,170,848215,359125,0.85,510000,1.20,-174250,-0.41,14397825,14397.83
3209,Entry long,2022-03-02 15:00,S1 Trend,4989.5,170,848215,359125,0.85,510000,1.20,-174250,-0.41,14397825,14397.83
3210,Exit long,2022-03-03 17:30,S2 FairVal,5027,184,922024,147200,0.32,147200,0.32,-69000,-0.15,14545025,14545.03
3210,Entry long,2022-03-03 16:30,S2 VWAP,5011,184,922024,147200,0.32,147200,0.32,-69000,-0.15,14545025,14545.03
3211,Exit long,2022-03-09 21:00,EOD,4927.25,153,751344.75,126225,0.34,288787.5,0.77,-78412.5,-0.21,14671250,14671.25
3211,Entry long,2022-03-09 15:30,S1 Trend,4910.75,153,751344.75,126225,0.34,288787.5,0.77,-78412.5,-0.21,14671250,14671.25
3212,Exit long,2022-03-10 21:00,EOD,4908,181,888664.75,-15837.5,-0.04,72400,0.16,-142537.5,-0.32,14655412,14655.41
3212,Entry long,2022-03-10 20:00,S1 Trend,4909.75,181,888664.75,-15837.5,-0.04,72400,0.16,-142537.5,-0.32,14655412,14655.41
3213,Exit long,2022-03-15 20:00,EOD,4915,187,910923.75,409062.5,0.90,474512.5,1.04,-42075,-0.09,15064475,15064.47
3213,Entry long,2022-03-15 14:30,S1 Trend,4871.25,187,910923.75,409062.5,0.90,474512.5,1.04,-42075,-0.09,15064475,15064.47
3214,Exit long,2022-03-16 17:00,S1 Trail,4957.25,256,1273088,-201600,-0.32,326400,0.51,-201600,-0.32,14862875,14862.88
3214,Entry long,2022-03-16 14:00,S1 Trend,4973,256,1273088,-201600,-0.32,326400,0.51,-201600,-0.32,14862875,14862.88
3215,Exit short,2022-03-16 19:00,S3 Scalp,4952.75,178,875226,-318175,-0.73,142400,0.33,-451675,-1.03,14544700,14544.70
3215,Entry short,2022-03-16 18:30,S3 Hedge,4917,178,875226,-318175,-0.73,142400,0.33,-451675,-1.03,14544700,14544.70
3216,Exit long,2022-03-17 20:00,EOD,5063.75,228,1143306,561450,0.98,578550,1.01,-247950,-0.43,15106150,15106.15
3216,Entry long,2022-03-17 14:00,S1 Trend,5014.5,228,1143306,561450,0.98,578550,1.01,-247950,-0.43,15106150,15106.15
3217,Exit long,2022-03-18 19:30,S1 Climax,5107.75,84,424809,212100,1.00,220500,1.04,-26250,-0.12,15318250,15318.25
3217,Entry long,2022-03-18 14:00,S1 Trend,5057.25,84,424809,212100,1.00,220500,1.04,-26250,-0.12,15318250,15318.25
3218,Exit long,2022-03-18 20:00,EOD,5111.75,196,991221,534100,1.08,573300,1.16,-61250,-0.12,15852350,15852.35
3218,Entry long,2022-03-18 14:00,S1 Trend,5057.25,196,991221,534100,1.08,573300,1.16,-61250,-0.12,15852350,15852.35
3219,Exit long,2022-03-21 16:30,S1 Trail,5092.75,346,1766849,-237875,-0.27,333025,0.38,-237875,-0.27,15614475,15614.47
3219,Entry long,2022-03-21 14:00,S1 Trend,5106.5,346,1766849,-237875,-0.27,333025,0.38,-237875,-0.27,15614475,15614.47
3220,Exit long,2022-03-21 18:30,S2 FairVal,5103.75,239,1217047.75,137425,0.23,137425,0.23,-95600,-0.16,15751900,15751.90
3220,Entry long,2022-03-21 18:00,S2 VWAP,5092.25,239,1217047.75,137425,0.23,137425,0.23,-95600,-0.16,15751900,15751.90
3221,Exit long,2022-03-22 20:00,EOD,5164,410,2107195,502250,0.48,697000,0.66,0,0.00,16254150,16254.15
3221,Entry long,2022-03-22 14:00,S1 Trend,5139.5,410,2107195,502250,0.48,697000,0.66,0,0.00,16254150,16254.15
3222,Exit long,2022-03-23 19:30,S1 Trail,5114.25,343,1763277.25,-454475,-0.52,60025,0.07,-454475,-0.52,15799675,15799.68
3222,Entry long,2022-03-23 16:30,S1 Trend,5140.75,343,1763277.25,-454475,-0.52,60025,0.07,-454475,-0.52,15799675,15799.68
3223,Exit long,2022-03-24 20:00,EOD,5171.75,310,1596422.5,341000,0.43,348750,0.44,-224750,-0.28,16140675,16140.68
3223,Entry long,2022-03-24 15:30,S1 Trend,5149.75,310,1596422.5,341000,0.43,348750,0.44,-224750,-0.28,16140675,16140.68
3224,Exit long,2022-03-25 15:00,S1 Trail,5170.25,364,1887886,-295750,-0.31,204750,0.22,-295750,-0.31,15844925,15844.93
3224,Entry long,2022-03-25 14:30,S1 Trend,5186.5,364,1887886,-295750,-0.31,204750,0.22,-295750,-0.31,15844925,15844.93
3225,Exit long,2022-03-25 17:00,S2 FairVal,5173.75,275,1419206.25,178750,0.25,178750,0.25,-48125,-0.07,16023675,16023.68
3225,Entry long,2022-03-25 16:00,S2 VWAP,5160.75,275,1419206.25,178750,0.25,178750,0.25,-48125,-0.07,16023675,16023.68
3226,Exit long,2022-03-28 18:00,S2 FairVal,5191.25,292,1510808,251850,0.33,251850,0.33,-14600,-0.02,16275525,16275.53
3226,Entry long,2022-03-28 17:30,S2 VWAP,5174,292,1510808,251850,0.33,251850,0.33,-14600,-0.02,16275525,16275.53
3227,Exit long,2022-03-28 21:00,EOD,5227.75,300,1563675,232500,0.30,232500,0.30,-75000,-0.10,16508025,16508.03
3227,Entry long,2022-03-28 20:00,S1 Trend,5212.25,300,1563675,232500,0.30,232500,0.30,-75000,-0.10,16508025,16508.03
3228,Exit long,2022-03-29 21:00,EOD,5285.75,348,1831089,417600,0.46,487200,0.53,-369750,-0.40,16925624,16925.62
3228,Entry long,2022-03-29 15:00,S1 Trend,5261.75,348,1831089,417600,0.46,487200,0.53,-369750,-0.40,16925624,16925.62
3229,Exit long,2022-03-30 16:00,S1 Trail,5257.75,453,2391047.25,-464325,-0.39,67950,0.06,-464325,-0.39,16461300,16461.30
3229,Entry long,2022-03-30 15:00,S1 Trend,5278.25,453,2391047.25,-464325,-0.39,67950,0.06,-464325,-0.39,16461300,16461.30
3230,Exit long,2022-03-31 15:30,S2 FairVal,5251,495,2597636.25,80437.5,0.06,80437.5,0.06,-346500,-0.27,16541738,16541.74
3230,Entry long,2022-03-31 15:00,S2 VWAP,5247.75,495,2597636.25,80437.5,0.06,80437.5,0.06,-346500,-0.27,16541738,16541.74
3231,Exit long,2022-04-04 21:00,EOD,5236.5,411,2142851.25,467512.5,0.44,488062.5,0.46,-215775,-0.20,17009250,17009.25
3231,Entry long,2022-04-04 15:00,S1 Trend,5213.75,411,2142851.25,467512.5,0.44,488062.5,0.46,-215775,-0.20,17009250,17009.25
3232,Exit long,2022-04-07 21:00,EOD,5156.5,242,1248841,-48400,-0.08,187550,0.30,-90750,-0.15,16960850,16960.85
3232,Entry long,2022-04-07 20:00,S1 Trend,5160.5,242,1248841,-48400,-0.08,187550,0.30,-90750,-0.15,16960850,16960.85
3233,Exit long,2022-04-08 20:30,S1 Trail,5139.5,305,1577612.5,-503250,-0.64,3812.5,0.00,-503250,-0.64,16457600,16457.60
3233,Entry long,2022-04-08 17:30,S1 Trend,5172.5,305,1577612.5,-503250,-0.64,3812.5,0.00,-503250,-0.64,16457600,16457.60
3234,Exit long,2022-04-12 17:30,S1 Trail,5081.75,261,1335928.5,-479587.5,-0.72,32625,0.05,-479587.5,-0.72,15978012,15978.01
3234,Entry long,2022-04-12 15:00,S1 Trend,5118.5,261,1335928.5,-479587.5,-0.72,32625,0.05,-479587.5,-0.72,15978012,15978.01
3235,Exit long,2022-04-13 21:00,EOD,5101.25,273,1389843,139912.5,0.20,235462.5,0.34,-116025,-0.17,16117925,16117.93
3235,Entry long,2022-04-13 18:30,S1 Trend,5091,273,1389843,139912.5,0.20,235462.5,0.34,-116025,-0.17,16117925,16117.93
3236,Exit long,2022-04-19 21:00,EOD,5117.75,296,1504050,540200,0.72,658600,0.88,-37000,-0.05,16658125,16658.13
3236,Entry long,2022-04-19 15:00,S1 Trend,5081.25,296,1504050,540200,0.72,658600,0.88,-37000,-0.05,16658125,16658.13
3237,Exit long,2022-04-20 19:30,S1 Trail,5108,346,1770828,-173000,-0.20,389250,0.44,-173000,-0.20,16485125,16485.13
3237,Entry long,2022-04-20 15:00,S1 Trend,5118,346,1770828,-173000,-0.20,389250,0.44,-173000,-0.20,16485125,16485.13
3238,Exit long,2022-04-21 15:30,S1 Trail,5137.75,443,2286544.5,-526062.5,-0.46,11075,0.01,-526062.5,-0.46,15959062,15959.06
3238,Entry long,2022-04-21 15:00,S1 Trend,5161.5,443,2286544.5,-526062.5,-0.46,11075,0.01,-526062.5,-0.46,15959062,15959.06
3239,Exit short,2022-04-22 17:00,S3 Scalp,4966.25,279,1397790,610312.5,0.87,610312.5,0.87,-230175,-0.33,16569375,16569.38
3239,Entry short,2022-04-22 15:00,S3 Hedge,5010,279,1397790,610312.5,0.87,610312.5,0.87,-230175,-0.33,16569375,16569.38
3240,Exit short,2022-04-22 21:00,EOD,4928.25,229,1134408.75,291975,0.51,374987.5,0.66,-191787.5,-0.34,16861350,16861.35
3240,Entry short,2022-04-22 19:00,S3 Hedge,4953.75,229,1134408.75,291975,0.51,374987.5,0.66,-191787.5,-0.34,16861350,16861.35
3241,Exit short,2022-04-25 15:30,S3 Scalp,4895,209,1017621,-271700,-0.53,31350,0.06,-287375,-0.56,16589650,16589.65
3241,Entry short,2022-04-25 15:00,S3 Hedge,4869,209,1017621,-271700,-0.53,31350,0.06,-287375,-0.56,16589650,16589.65
3242,Exit short,2022-04-25 17:30,S3 Scalp,4895,168,817068,-264600,-0.65,52500,0.13,-264600,-0.65,16325050,16325.05
3242,Entry short,2022-04-25 17:00,S3 Hedge,4863.5,168,817068,-264600,-0.65,52500,0.13,-264600,-0.65,16325050,16325.05
3243,Exit short,2022-04-26 21:00,EOD,4826.75,203,986021.75,309575,0.63,317187.5,0.64,-210612.5,-0.43,16634625,16634.63
3243,Entry short,2022-04-26 18:30,S3 Hedge,4857.25,203,986021.75,309575,0.63,317187.5,0.64,-210612.5,-0.43,16634625,16634.63
3244,Exit long,2022-04-28 21:00,EOD,4943.75,197,969584.75,216700,0.45,398925,0.82,-36937.5,-0.08,16851324,16851.32
3244,Entry long,2022-04-28 18:00,S1 Trend,4921.75,197,969584.75,216700,0.45,398925,0.82,-36937.5,-0.08,16851324,16851.32
3245,Exit short,2022-05-02 20:00,S3 Scalp,4789.25,155,736986.25,-267375,-0.73,310000,0.84,-267375,-0.73,16583950,16583.95
3245,Entry short,2022-05-02 18:00,S3 Hedge,4754.75,155,736986.25,-267375,-0.73,310000,0.84,-267375,-0.73,16583950,16583.95
3246,Exit long,2022-05-03 19:30,S1 Trail,4805.75,206,998018.5,-401700,-0.80,100425,0.20,-401700,-0.80,16182250,16182.25
3246,Entry long,2022-05-03 16:30,S1 Trend,4844.75,206,998018.5,-401700,-0.80,100425,0.20,-401700,-0.80,16182250,16182.25
3247,Exit long,2022-05-04 19:30,S1 Trail,4823,284,1374063,-216550,-0.32,401150,0.58,-237850,-0.35,15965700,15965.70
3247,Entry long,2022-05-04 18:30,S1 Trend,4838.25,284,1374063,-216550,-0.32,401150,0.58,-237850,-0.35,15965700,15965.70
3248,Exit long,2022-05-04 20:30,S1 Climax,4935.25,46,225492,76475,0.68,78200,0.69,-14375,-0.13,16042175,16042.18
3248,Entry long,2022-05-04 20:00,S1 Trend,4902,46,225492,76475,0.68,78200,0.69,-14375,-0.13,16042175,16042.18
3249,Exit long,2022-05-04 21:00,EOD,4955.5,109,534318,291575,1.09,325637.5,1.22,-34062.5,-0.13,16333750,16333.75
3249,Entry long,2022-05-04 20:00,S1 Trend,4902,109,534318,291575,1.09,325637.5,1.22,-34062.5,-0.13,16333750,16333.75
3250,Exit long,2022-05-13 19:00,S1 Trail,4650,247,1148179.5,18525,0.03,571187.5,0.99,-21612.5,-0.04,16352275,16352.28
3250,Entry long,2022-05-13 15:00,S1 Trend,4648.5,247,1148179.5,18525,0.03,571187.5,0.99,-21612.5,-0.04,16352275,16352.28
3251,Exit long,2022-05-16 21:00,EOD,4665,171,801049.5,-166725,-0.42,151762.5,0.38,-245812.5,-0.61,16185550,16185.55
3251,Entry long,2022-05-16 18:30,S1 Trend,4684.5,171,801049.5,-166725,-0.42,151762.5,0.38,-245812.5,-0.61,16185550,16185.55
3252,Exit long,2022-05-17 21:00,EOD,4745,247,1167692.5,216125,0.37,259350,0.44,-367412.5,-0.63,16401675,16401.68
3252,Entry long,2022-05-17 18:30,S1 Trend,4727.5,247,1167692.5,216125,0.37,259350,0.44,-367412.5,-0.63,16401675,16401.68
3253,Exit short,2022-05-18 21:00,EOD,4582.5,210,967102.5,238875,0.49,404250,0.84,-60375,-0.12,16640550,16640.55
3253,Entry short,2022-05-18 18:30,S3 Hedge,4605.25,210,967102.5,238875,0.49,404250,0.84,-60375,-0.12,16640550,16640.55
3254,Exit long,2022-05-23 21:00,EOD,4631,203,933850.75,312112.5,0.67,395850,0.85,-38062.5,-0.08,16952662,16952.66
3254,Entry long,2022-05-23 16:00,S1 Trend,4600.25,203,933850.75,312112.5,0.67,395850,0.85,-38062.5,-0.08,16952662,16952.66
3255,Exit long,2022-05-25 17:30,S1 Trail,4593,265,1220656.25,-175562.5,-0.29,397500,0.65,-175562.5,-0.29,16777100,16777.10
3255,Entry long,2022-05-25 15:00,S1 Trend,4606.25,265,1220656.25,-175562.5,-0.29,397500,0.65,-175562.5,-0.29,16777100,16777.10
3256,Exit long,2022-05-25 21:00,EOD,4637.75,200,927700,-7500,-0.02,180000,0.39,-125000,-0.27,16769600,16769.60
3256,Entry long,2022-05-25 20:00,S1 Trend,4638.5,200,927700,-7500,-0.02,180000,0.39,-125000,-0.27,16769600,16769.60
3257,Exit long,2022-05-26 21:00,EOD,4714.5,234,1096699.5,324675,0.59,532350,0.97,-17550,-0.03,17094276,17094.28
3257,Entry long,2022-05-26 15:00,S1 Trend,4686.75,234,1096699.5,324675,0.59,532350,0.97,-17550,-0.03,17094276,17094.28
3258,Exit long,2022-05-27 21:00,EOD,4815,278,1326546.5,601175,0.91,615075,0.93,-69500,-0.10,17695450,17695.45
3258,Entry long,2022-05-27 15:00,S1 Trend,4771.75,278,1326546.5,601175,0.91,615075,0.93,-69500,-0.10,17695450,17695.45
3259,Exit long,2022-05-31 16:30,S2 FairVal,4798.5,230,1099112.5,227125,0.41,227125,0.41,-57500,-0.10,17922576,17922.58
3259,Entry long,2022-05-31 15:30,S2 VWAP,4778.75,230,1099112.5,227125,0.41,227125,0.41,-57500,-0.10,17922576,17922.58
3260,Exit long,2022-05-31 21:00,EOD,4791,204,980730,-168300,-0.34,193800,0.40,-260100,-0.53,17754276,17754.28
3260,Entry long,2022-05-31 17:00,S1 Trend,4807.5,204,980730,-168300,-0.34,193800,0.40,-260100,-0.53,17754276,17754.28
3261,Exit long,2022-06-01 15:30,S1 Trail,4764.25,333,1601563.5,-753412.5,-0.94,70762.5,0.09,-761737.5,-0.95,17000862,17000.86
3261,Entry long,2022-06-01 15:00,S1 Trend,4809.5,333,1601563.5,-753412.5,-0.94,70762.5,0.09,-761737.5,-0.95,17000862,17000.86
3262,Exit long,2022-06-02 21:00,EOD,4834.5,224,1071672,562800,1.05,571200,1.07,-30800,-0.06,17563662,17563.66
3262,Entry long,2022-06-02 17:00,S1 Trend,4784.25,224,1071672,562800,1.05,571200,1.07,-30800,-0.06,17563662,17563.66
3263,Exit short,2022-06-03 17:30,S3 Scalp,4780.75,275,1309275,-271562.5,-0.41,44687.5,0.07,-271562.5,-0.41,17292100,17292.10
3263,Entry short,2022-06-03 16:30,S3 Hedge,4761,275,1309275,-271562.5,-0.41,44687.5,0.07,-271562.5,-0.41,17292100,17292.10
3264,Exit long,2022-06-06 16:00,S1 Trail,4799.5,401,1932920.25,-416037.5,-0.43,115287.5,0.12,-416037.5,-0.43,16876062,16876.06
3264,Entry long,2022-06-06 15:30,S1 Trend,4820.25,401,1932920.25,-416037.5,-0.43,115287.5,0.12,-416037.5,-0.43,16876062,16876.06
3265,Exit long,2022-06-07 21:00,EOD,4817.5,260,1245660,344500,0.55,412750,0.66,-312000,-0.50,17220562,17220.56
3265,Entry long,2022-06-07 16:00,S1 Trend,4791,260,1245660,344500,0.55,412750,0.66,-312000,-0.50,17220562,17220.56
3266,Exit long,2022-06-08 17:30,S1 Trail,4783.5,362,1742396.5,-538475,-0.62,76925,0.09,-538475,-0.62,16682088,16682.09
3266,Entry long,2022-06-08 15:00,S1 Trend,4813.25,362,1742396.5,-538475,-0.62,76925,0.09,-538475,-0.62,16682088,16682.09
3267,Exit short,2022-06-13 17:30,S3 Scalp,4458.25,208,921492,-291200,-0.63,234000,0.51,-291200,-0.63,16390888,16390.89
3267,Entry short,2022-06-13 15:30,S3 Hedge,4430.25,208,921492,-291200,-0.63,234000,0.51,-291200,-0.63,16390888,16390.89
3268,Exit short,2022-06-14 21:00,EOD,4397.5,170,744727.5,-142375,-0.38,140250,0.38,-242250,-0.65,16248512,16248.51
3268,Entry short,2022-06-14 20:00,S3 Hedge,4380.75,170,744727.5,-142375,-0.38,140250,0.38,-242250,-0.65,16248512,16248.51
3269,Exit short,2022-06-16 21:00,EOD,4329.5,188,817001,152750,0.37,451200,1.10,-30550,-0.07,16401262,16401.26
3269,Entry short,2022-06-16 15:00,S3 Hedge,4345.75,188,817001,152750,0.37,451200,1.10,-30550,-0.07,16401262,16401.26
3270,Exit long,2022-06-21 13:00,S1 Trail,4382.25,359,1570445.5,139112.5,0.18,542987.5,0.69,-148087.5,-0.19,16540375,16540.38
3270,Entry long,2022-06-20 17:00,S1 Trend,4374.5,359,1570445.5,139112.5,0.18,542987.5,0.69,-148087.5,-0.19,16540375,16540.38
3271,Exit long,2022-06-21 21:00,EOD,4424.25,340,1503565,34000,0.05,293250,0.39,-157250,-0.21,16574375,16574.38
3271,Entry long,2022-06-21 15:00,S1 Trend,4422.25,340,1503565,34000,0.05,293250,0.39,-157250,-0.21,16574375,16574.38
3272,Exit long,2022-06-22 21:00,EOD,4416.5,257,1132984.5,102800,0.18,677837.5,1.20,-96375,-0.17,16677175,16677.18
3272,Entry long,2022-06-22 15:00,S1 Trend,4408.5,257,1132984.5,102800,0.18,677837.5,1.20,-96375,-0.17,16677175,16677.18
3273,Exit long,2022-06-23 17:00,S1 Trail,4411.75,231,1028354.25,-462000,-0.90,43312.5,0.08,-462000,-0.90,16215175,16215.18
3273,Entry long,2022-06-23 16:00,S1 Trend,4451.75,231,1028354.25,-462000,-0.90,43312.5,0.08,-462000,-0.90,16215175,16215.18
3274,Exit long,2022-06-24 15:30,S1 Climax,4539.25,99,446638.5,137362.5,0.62,168300,0.75,0,0.00,16352538,16352.54
3274,Entry long,2022-06-24 15:00,S1 Trend,4511.5,99,446638.5,137362.5,0.62,168300,0.75,0,0.00,16352538,16352.54
3275,Exit long,2022-06-24 16:00,S1 Climax,4538.75,69,311293.5,94012.5,0.60,117300,0.75,0,0.00,16446550,16446.55
3275,Entry long,2022-06-24 15:00,S1 Trend,4511.5,69,311293.5,94012.5,0.60,117300,0.75,0,0.00,16446550,16446.55
3276,Exit long,2022-06-24 16:30,S1 Climax,4543,49,221063.5,77175,0.70,83912.5,0.76,0,0.00,16523725,16523.72
3276,Entry long,2022-06-24 15:00,S1 Trend,4511.5,49,221063.5,77175,0.70,83912.5,0.76,0,0.00,16523725,16523.72
3277,Exit long,2022-06-24 17:00,S1 Climax,4544,34,153391,55250,0.72,59500,0.78,0,0.00,16578975,16578.97
3277,Entry long,2022-06-24 15:00,S1 Trend,4511.5,34,153391,55250,0.72,59500,0.78,0,0.00,16578975,16578.97
3278,Exit long,2022-06-24 17:30,S1 Climax,4543,24,108276,37800,0.70,45000,0.83,0,0.00,16616775,16616.78
3278,Entry long,2022-06-24 15:00,S1 Trend,4511.5,24,108276,37800,0.70,45000,0.83,0,0.00,16616775,16616.78
3279,Exit long,2022-06-24 18:00,S1 Climax,4546.5,17,76695.5,29750,0.78,31875,0.83,0,0.00,16646525,16646.53
3279,Entry long,2022-06-24 15:00,S1 Trend,4511.5,17,76695.5,29750,0.78,31875,0.83,0,0.00,16646525,16646.53
3280,Exit long,2022-06-24 18:30,S1 Climax,4546.75,12,54138,21150,0.78,23400,0.86,0,0.00,16667675,16667.68
3280,Entry long,2022-06-24 15:00,S1 Trend,4511.5,12,54138,21150,0.78,23400,0.86,0,0.00,16667675,16667.68
3281,Exit long,2022-06-24 19:30,S1 Climax,4547.75,8,36092,14500,0.80,15600,0.86,0,0.00,16682175,16682.18
3281,Entry long,2022-06-24 15:00,S1 Trend,4511.5,8,36092,14500,0.80,15600,0.86,0,0.00,16682175,16682.18
3282,Exit long,2022-06-24 20:00,S1 Climax,4553,6,27069,12450,0.92,12600,0.93,0,0.00,16694625,16694.63
3282,Entry long,2022-06-24 15:00,S1 Trend,4511.5,6,27069,12450,0.92,12600,0.93,0,0.00,16694625,16694.63
3283,Exit long,2022-06-24 20:30,S1 Climax,4555.25,4,18046,8750,0.97,8850,0.98,0,0.00,16703375,16703.38
3283,Entry long,2022-06-24 15:00,S1 Trend,4511.5,4,18046,8750,0.97,8850,0.98,0,0.00,16703375,16703.38
3284,Exit long,2022-06-24 21:00,EOD,4575,10,45115,31750,1.41,31875,1.41,0,0.00,16735125,16735.13
3284,Entry long,2022-06-24 15:00,S1 Trend,4511.5,10,45115,31750,1.41,31875,1.41,0,0.00,16735125,16735.13
3285,Exit long,2022-06-28 15:30,S1 Trail,4562,324,1488213,-506250,-0.68,64800,0.09,-506250,-0.68,16228875,16228.88
3285,Entry long,2022-06-28 15:00,S1 Trend,4593.25,324,1488213,-506250,-0.68,64800,0.09,-506250,-0.68,16228875,16228.88
3286,Exit short,2022-06-30 15:30,S3 Scalp,4425.5,242,1066010,-248050,-0.47,96800,0.18,-248050,-0.47,15980825,15980.83
3286,Entry short,2022-06-30 15:00,S3 Hedge,4405,242,1066010,-248050,-0.47,96800,0.18,-248050,-0.47,15980825,15980.83
3287,Exit long,2022-07-01 21:00,EOD,4483.75,179,800309,114112.5,0.29,163337.5,0.41,-89500,-0.22,16094938,16094.94
3287,Entry long,2022-07-01 20:00,S1 Trend,4471,179,800309,114112.5,0.29,163337.5,0.41,-89500,-0.22,16094938,16094.94
3288,Exit long,2022-07-05 21:00,EOD,4491.25,212,947693,222600,0.47,225250,0.48,-66250,-0.14,16317538,16317.54
3288,Entry long,2022-07-05 20:00,S1 Trend,4470.25,212,947693,222600,0.47,225250,0.48,-66250,-0.14,16317538,16317.54
3289,Exit long,2022-07-06 21:00,EOD,4505.25,276,1239999,172500,0.28,524400,0.85,-351900,-0.57,16490038,16490.04
3289,Entry long,2022-07-06 15:00,S1 Trend,4492.75,276,1239999,172500,0.28,524400,0.85,-351900,-0.57,16490038,16490.04
3290,Exit long,2022-07-07 21:00,EOD,4560.5,342,1554561,256500,0.33,418950,0.54,-230850,-0.30,16746538,16746.54
3290,Entry long,2022-07-07 15:00,S1 Trend,4545.5,342,1554561,256500,0.33,418950,0.54,-230850,-0.30,16746538,16746.54
3291,Exit long,2022-07-08 18:00,S1 Trail,4538.75,261,1191791.25,-358875,-0.60,150075,0.25,-358875,-0.60,16387662,16387.66
3291,Entry long,2022-07-08 16:00,S1 Trend,4566.25,261,1191791.25,-358875,-0.60,150075,0.25,-358875,-0.60,16387662,16387.66
3292,Exit long,2022-07-15 21:00,EOD,4521.25,255,1143483.75,471750,0.83,490875,0.86,0,0.00,16859412,16859.41
3292,Entry long,2022-07-15 15:00,S1 Trend,4484.25,255,1143483.75,471750,0.83,490875,0.86,0,0.00,16859412,16859.41
3293,Exit short,2022-07-18 20:30,S3 Scalp,4482,337,1521555,556050,0.73,556050,0.73,-105312.5,-0.14,17415462,17415.46
3293,Entry short,2022-07-18 19:00,S3 Hedge,4515,337,1521555,556050,0.73,556050,0.73,-105312.5,-0.14,17415462,17415.46
3294,Exit long,2022-07-19 17:00,S1 Climax,4567.5,113,512907,161025,0.63,173737.5,0.68,-38137.5,-0.15,17576488,17576.49
3294,Entry long,2022-07-19 15:00,S1 Trend,4539,113,512907,161025,0.63,173737.5,0.68,-38137.5,-0.15,17576488,17576.49
3295,Exit long,2022-07-19 17:30,S1 Climax,4568.5,79,358581,116525,0.65,121462.5,0.68,-26662.5,-0.15,17693012,17693.01
3295,Entry long,2022-07-19 15:00,S1 Trend,4539,79,358581,116525,0.65,121462.5,0.68,-26662.5,-0.15,17693012,17693.01
3296,Exit long,2022-07-19 18:00,S1 Climax,4575.75,55,249645,101062.5,0.81,101062.5,0.81,-18562.5,-0.15,17794076,17794.08
3296,Entry long,2022-07-19 15:00,S1 Trend,4539,55,249645,101062.5,0.81,101062.5,0.81,-18562.5,-0.15,17794076,17794.08
3297,Exit long,2022-07-19 19:00,S1 Climax,4586.75,39,177021,93112.5,1.05,94087.5,1.06,-13162.5,-0.15,17887188,17887.19
3297,Entry long,2022-07-19 15:00,S1 Trend,4539,39,177021,93112.5,1.05,94087.5,1.06,-13162.5,-0.15,17887188,17887.19
3298,Exit long,2022-07-19 20:00,S1 Climax,4588.25,27,122553,66487.5,1.09,74925,1.22,-9112.5,-0.15,17953676,17953.68
3298,Entry long,2022-07-19 15:00,S1 Trend,4539,27,122553,66487.5,1.09,74925,1.22,-9112.5,-0.15,17953676,17953.68
3299,Exit long,2022-07-19 20:30,S1 Climax,4590,19,86241,48450,1.12,52725,1.22,-6412.5,-0.15,18002124,18002.12
3299,Entry long,2022-07-19 15:00,S1 Trend,4539,19,86241,48450,1.12,52725,1.22,-6412.5,-0.15,18002124,18002.12
3300,Exit long,2022-07-19 21:00,EOD,4592,46,208794,121900,1.17,138000,1.32,-15525,-0.15,18124024,18124.02
3300,Entry long,2022-07-19 15:00,S1 Trend,4539,46,208794,121900,1.17,138000,1.32,-15525,-0.15,18124024,18124.02
3301,Exit long,2022-07-20 18:00,S1 Trail,4598.25,348,1602627,-121800,-0.15,482850,0.60,-121800,-0.15,18002224,18002.22
3301,Entry long,2022-07-20 15:30,S1 Trend,4605.25,348,1602627,-121800,-0.15,482850,0.60,-121800,-0.15,18002224,18002.22
3302,Exit long,2022-07-21 16:30,S2 FairVal,4618,241,1111913.75,51212.5,0.09,66275,0.12,-57237.5,-0.10,18053438,18053.44
3302,Entry long,2022-07-21 16:00,S2 VWAP,4613.75,241,1111913.75,51212.5,0.09,66275,0.12,-57237.5,-0.10,18053438,18053.44
3303,Exit long,2022-07-21 21:00,EOD,4658.25,240,1114440,177000,0.32,183000,0.33,-201000,-0.36,18230438,18230.44
3303,Entry long,2022-07-21 17:30,S1 Trend,4643.5,240,1114440,177000,0.32,183000,0.33,-201000,-0.36,18230438,18230.44
3304,Exit long,2022-07-22 16:30,S1 Trail,4635.25,456,2120286,-330600,-0.31,290700,0.27,-330600,-0.31,17899838,17899.84
3304,Entry long,2022-07-22 15:00,S1 Trend,4649.75,456,2120286,-330600,-0.31,290700,0.27,-330600,-0.31,17899838,17899.84
3305,Exit long,2022-07-27 20:00,S1 Climax,4668.75,154,711942,352275,0.99,433125,1.22,-28875,-0.08,18252112,18252.11
3305,Entry long,2022-07-27 15:00,S1 Trend,4623,154,711942,352275,0.99,433125,1.22,-28875,-0.08,18252112,18252.11
3306,Exit long,2022-07-27 20:30,S1 Climax,4697.75,108,499284,403650,1.62,403650,1.62,-20250,-0.08,18655762,18655.76
3306,Entry long,2022-07-27 15:00,S1 Trend,4623,108,499284,403650,1.62,403650,1.62,-20250,-0.08,18655762,18655.76
3307,Exit long,2022-07-27 21:00,EOD,4679.75,253,1169619,717887.5,1.23,955075,1.63,-47437.5,-0.08,19373650,19373.65
3307,Entry long,2022-07-27 15:00,S1 Trend,4623,253,1169619,717887.5,1.23,955075,1.63,-47437.5,-0.08,19373650,19373.65
3308,Exit long,2022-07-28 21:00,EOD,4728.75,379,1767277,1245962.5,1.41,1402300,1.59,-241612.5,-0.27,20619612,20619.61
3308,Entry long,2022-07-28 15:00,S1 Trend,4663,379,1767277,1245962.5,1.41,1402300,1.59,-241612.5,-0.27,20619612,20619.61
3309,Exit long,2022-07-29 16:00,S1 Trail,4750,478,2275877.5,-268875,-0.24,424225,0.37,-268875,-0.24,20350738,20350.74
3309,Entry long,2022-07-29 15:00,S1 Trend,4761.25,478,2275877.5,-268875,-0.24,424225,0.37,-268875,-0.24,20350738,20350.74
3310,Exit long,2022-07-29 21:00,EOD,4789.5,375,1791750,215625,0.24,407812.5,0.46,-46875,-0.05,20566362,20566.36
3310,Entry long,2022-07-29 19:00,S1 Trend,4778,375,1791750,215625,0.24,407812.5,0.46,-46875,-0.05,20566362,20566.36
3311,Exit long,2022-08-01 18:30,S1 Trail,4767.75,404,1928090,-95950,-0.10,616100,0.64,-95950,-0.10,20470412,20470.41
3311,Entry long,2022-08-01 15:30,S1 Trend,4772.5,404,1928090,-95950,-0.10,616100,0.64,-95950,-0.10,20470412,20470.41
3312,Exit long,2022-08-02 18:30,S1 Trail,4764,496,2358108,241800,0.21,1103600,0.94,-446400,-0.38,20712212,20712.21
3312,Entry long,2022-08-02 15:00,S1 Trend,4754.25,496,2358108,241800,0.21,1103600,0.94,-446400,-0.38,20712212,20712.21
3313,Exit long,2022-08-03 18:00,S1 Climax,4812.25,157,751009.5,225687.5,0.60,251200,0.67,-105975,-0.28,20937900,20937.90
3313,Entry long,2022-08-03 15:00,S1 Trend,4783.5,157,751009.5,225687.5,0.60,251200,0.67,-105975,-0.28,20937900,20937.90
3314,Exit long,2022-08-03 18:30,S1 Climax,4815,110,526185,173250,0.66,182875,0.70,-74250,-0.28,21111150,21111.15
3314,Entry long,2022-08-03 15:00,S1 Trend,4783.5,110,526185,173250,0.66,182875,0.70,-74250,-0.28,21111150,21111.15
3315,Exit long,2022-08-03 19:00,S1 Climax,4814.5,77,368329.5,119350,0.65,128975,0.70,-51975,-0.28,21230500,21230.50
3315,Entry long,2022-08-03 15:00,S1 Trend,4783.5,77,368329.5,119350,0.65,128975,0.70,-51975,-0.28,21230500,21230.50
3316,Exit long,2022-08-03 19:30,S1 Climax,4818,54,258309,93150,0.72,101925,0.79,-36450,-0.28,21323650,21323.65
3316,Entry long,2022-08-03 15:00,S1 Trend,4783.5,54,258309,93150,0.72,101925,0.79,-36450,-0.28,21323650,21323.65
3317,Exit long,2022-08-03 20:00,S1 Climax,4817,38,181773,63650,0.70,71725,0.79,-25650,-0.28,21387300,21387.30
3317,Entry long,2022-08-03 15:00,S1 Trend,4783.5,38,181773,63650,0.70,71725,0.79,-25650,-0.28,21387300,21387.30
3318,Exit long,2022-08-03 20:30,S1 Climax,4817,27,129154.5,45225,0.70,52650,0.82,-18225,-0.28,21432524,21432.52
3318,Entry long,2022-08-03 15:00,S1 Trend,4783.5,27,129154.5,45225,0.70,52650,0.82,-18225,-0.28,21432524,21432.52
3319,Exit long,2022-08-03 21:00,EOD,4812.5,63,301360.5,91350,0.61,133087.5,0.88,-42525,-0.28,21523876,21523.88
3319,Entry long,2022-08-03 15:00,S1 Trend,4783.5,63,301360.5,91350,0.61,133087.5,0.88,-42525,-0.28,21523876,21523.88
3320,Exit long,2022-08-08 16:30,S1 Trail,4815.75,486,2351875.5,-571050,-0.49,109350,0.09,-571050,-0.49,20952824,20952.82
3320,Entry long,2022-08-08 15:00,S1 Trend,4839.25,486,2351875.5,-571050,-0.49,109350,0.09,-571050,-0.49,20952824,20952.82
3321,Exit long,2022-08-10 17:00,S1 Climax,4863.5,112,544376,16800,0.06,19600,0.07,-23800,-0.09,20969624,20969.62
3321,Entry long,2022-08-10 16:30,S1 Trend,4860.5,112,544376,16800,0.06,19600,0.07,-23800,-0.09,20969624,20969.62
3322,Exit long,2022-08-10 21:00,EOD,4866.25,262,1273451,75325,0.12,108075,0.17,-131000,-0.21,21044950,21044.95
3322,Entry long,2022-08-10 16:30,S1 Trend,4860.5,262,1273451,75325,0.12,108075,0.17,-131000,-0.21,21044950,21044.95
3323,Exit long,2022-08-11 16:00,S1 Trail,4889.5,552,2708112,-455400,-0.34,227700,0.17,-455400,-0.34,20589550,20589.55
3323,Entry long,2022-08-11 15:30,S1 Trend,4906,552,2708112,-455400,-0.34,227700,0.17,-455400,-0.34,20589550,20589.55
3324,Exit long,2022-08-12 19:30,S1 Climax,4918.5,188,919790,244400,0.53,249100,0.54,-148050,-0.32,20833950,20833.95
3324,Entry long,2022-08-12 15:00,S1 Trend,4892.5,188,919790,244400,0.53,249100,0.54,-148050,-0.32,20833950,20833.95
3325,Exit long,2022-08-12 20:00,S1 Climax,4924,132,645810,207900,0.64,216150,0.67,-103950,-0.32,21041850,21041.85
3325,Entry long,2022-08-12 15:00,S1 Trend,4892.5,132,645810,207900,0.64,216150,0.67,-103950,-0.32,21041850,21041.85
3326,Exit long,2022-08-12 20:30,S1 Climax,4930,92,450110,172500,0.77,182850,0.81,-72450,-0.32,21214350,21214.35
3326,Entry long,2022-08-12 15:00,S1 Trend,4892.5,92,450110,172500,0.77,182850,0.81,-72450,-0.32,21214350,21214.35
3327,Exit long,2022-08-12 21:00,EOD,4937,217,1061672.5,482825,0.91,499100,0.94,-170887.5,-0.32,21697176,21697.18
3327,Entry long,2022-08-12 15:00,S1 Trend,4892.5,217,1061672.5,482825,0.91,499100,0.94,-170887.5,-0.32,21697176,21697.18
3328,Exit long,2022-08-15 21:00,EOD,4954.5,568,2803506,532500,0.38,702900,0.50,-433100,-0.31,22229676,22229.68
3328,Entry long,2022-08-15 15:00,S1 Trend,4935.75,568,2803506,532500,0.38,702900,0.50,-433100,-0.31,22229676,22229.68
3329,Exit long,2022-08-16 19:30,S1 Trail,4959.5,596,2954372,74500,0.05,782250,0.53,-37250,-0.03,22304176,22304.18
3329,Entry long,2022-08-16 16:30,S1 Trend,4957,596,2954372,74500,0.05,782250,0.53,-37250,-0.03,22304176,22304.18
3330,Exit long,2022-08-17 20:30,S1 Trail,4927.5,423,2094696,-518175,-0.49,190350,0.18,-518175,-0.49,21786000,21786.00
3330,Entry long,2022-08-17 19:30,S1 Trend,4952,423,2094696,-518175,-0.49,190350,0.18,-518175,-0.49,21786000,21786.00
3331,Exit long,2022-08-25 16:00,S1 Trail,4813.75,489,2364926.25,-550125,-0.47,110025,0.09,-550125,-0.47,21235876,21235.88
3331,Entry long,2022-08-25 15:30,S1 Trend,4836.25,489,2364926.25,-550125,-0.47,110025,0.09,-550125,-0.47,21235876,21235.88
3332,Exit short,2022-09-01 16:30,S3 Scalp,4581,354,1614948,-336300,-0.42,48675,0.06,-336300,-0.42,20899576,20899.58
3332,Entry short,2022-09-01 16:00,S3 Hedge,4562,354,1614948,-336300,-0.42,48675,0.06,-336300,-0.42,20899576,20899.58
3333,Exit long,2022-09-02 17:30,S1 Trail,4632.25,303,1412813.25,-462075,-0.65,159075,0.23,-462075,-0.65,20437500,20437.50
3333,Entry long,2022-09-02 16:00,S1 Trend,4662.75,303,1412813.25,-462075,-0.65,159075,0.23,-462075,-0.65,20437500,20437.50
3334,Exit long,2022-09-07 20:30,S1 Climax,4644,106,486169,304750,1.25,307400,1.26,-23850,-0.10,20742250,20742.25
3334,Entry long,2022-09-07 16:00,S1 Trend,4586.5,106,486169,304750,1.25,307400,1.26,-23850,-0.10,20742250,20742.25
3335,Exit long,2022-09-07 21:00,EOD,4636.25,250,1146625,621875,1.08,725000,1.26,-56250,-0.10,21364124,21364.12
3335,Entry long,2022-09-07 16:00,S1 Trend,4586.5,250,1146625,621875,1.08,725000,1.26,-56250,-0.10,21364124,21364.12
3336,Exit long,2022-09-08 15:30,S2 FairVal,4636,399,1847769,99750,0.11,234412.5,0.25,-319200,-0.35,21463876,21463.88
3336,Entry long,2022-09-08 15:00,S2 VWAP,4631,399,1847769,99750,0.11,234412.5,0.25,-319200,-0.35,21463876,21463.88
3337,Exit long,2022-09-08 17:00,S1 Trail,4628,334,1555354.5,-480125,-0.62,162825,0.21,-480125,-0.62,20983750,20983.75
3337,Entry long,2022-09-08 16:00,S1 Trend,4656.75,334,1555354.5,-480125,-0.62,162825,0.21,-480125,-0.62,20983750,20983.75
3338,Exit long,2022-09-09 21:00,EOD,4722.5,452,2128694,293800,0.28,531100,0.50,-192100,-0.18,21277550,21277.55
3338,Entry long,2022-09-09 15:30,S1 Trend,4709.5,452,2128694,293800,0.28,531100,0.50,-192100,-0.18,21277550,21277.55
3339,Exit long,2022-09-12 16:30,S1 Trail,4748.5,487,2322016,-474825,-0.41,182625,0.16,-474825,-0.41,20802724,20802.72
3339,Entry long,2022-09-12 15:00,S1 Trend,4768,487,2322016,-474825,-0.41,182625,0.16,-474825,-0.41,20802724,20802.72
3340,Exit short,2022-09-13 20:30,S3 Scalp,4582.5,281,1300678.75,649812.5,1.00,649812.5,1.00,-21075,-0.03,21452538,21452.54
3340,Entry short,2022-09-13 19:30,S3 Hedge,4628.75,281,1300678.75,649812.5,1.00,649812.5,1.00,-21075,-0.03,21452538,21452.54
3341,Exit short,2022-09-14 16:00,S3 Scalp,4610.25,324,1482462,-562950,-0.76,40500,0.05,-603450,-0.81,20889588,20889.59
3341,Entry short,2022-09-14 15:30,S3 Hedge,4575.5,324,1482462,-562950,-0.76,40500,0.05,-603450,-0.81,20889588,20889.59
3342,Exit short,2022-09-16 15:30,S3 Scalp,4512,428,1923646,-374500,-0.39,16050,0.02,-604550,-0.63,20515088,20515.09
3342,Entry short,2022-09-16 15:00,S3 Hedge,4494.5,428,1923646,-374500,-0.39,16050,0.02,-604550,-0.63,20515088,20515.09
3343,Exit short,2022-09-20 20:30,S3 Scalp,4514.5,357,1604536.5,-357000,-0.44,263287.5,0.33,-357000,-0.44,20158088,20158.09
3343,Entry short,2022-09-20 18:30,S3 Hedge,4494.5,357,1604536.5,-357000,-0.44,263287.5,0.33,-357000,-0.44,20158088,20158.09
3344,Exit long,2022-09-21 19:00,S1 Trail,4513,439,1993279.5,-603625,-0.61,21950,0.02,-603625,-0.61,19554462,19554.46
3344,Entry long,2022-09-21 15:30,S1 Trend,4540.5,439,1993279.5,-603625,-0.61,21950,0.02,-603625,-0.61,19554462,19554.46
3345,Exit long,2022-09-21 20:30,S1 Trail,4481.75,206,935858,-630875,-1.35,61800,0.13,-630875,-1.35,18923588,18923.59
3345,Entry long,2022-09-21 20:00,S1 Trend,4543,206,935858,-630875,-1.35,61800,0.13,-630875,-1.35,18923588,18923.59
3346,Exit short,2022-09-23 19:30,S3 Scalp,4299.25,317,1376731,693437.5,1.01,693437.5,1.01,-162462.5,-0.24,19617024,19617.02
3346,Entry short,2022-09-23 15:00,S3 Hedge,4343,317,1376731,693437.5,1.01,693437.5,1.01,-162462.5,-0.24,19617024,19617.02
3347,Exit short,2022-09-23 20:30,S3 Scalp,4326.5,269,1156363.75,-373237.5,-0.65,10087.5,0.02,-410225,-0.71,19243788,19243.79
3347,Entry short,2022-09-23 20:00,S3 Hedge,4298.75,269,1156363.75,-373237.5,-0.65,10087.5,0.02,-410225,-0.71,19243788,19243.79
3348,Exit long,2022-09-28 21:00,EOD,4369,193,835304,395650,0.95,576587.5,1.38,-50662.5,-0.12,19639438,19639.44
3348,Entry long,2022-09-28 15:30,S1 Trend,4328,193,835304,395650,0.95,576587.5,1.38,-50662.5,-0.12,19639438,19639.44
3349,Exit short,2022-09-29 20:30,S3 Scalp,4293.25,225,960075,-295312.5,-0.62,95625,0.20,-295312.5,-0.62,19344124,19344.12
3349,Entry short,2022-09-29 19:00,S3 Hedge,4267,225,960075,-295312.5,-0.62,95625,0.20,-295312.5,-0.62,19344124,19344.12
3350,Exit long,2022-10-03 20:00,S1 Climax,4343.75,75,322912.5,143437.5,0.89,160312.5,0.99,-35625,-0.22,19487562,19487.56
3350,Entry long,2022-10-03 15:30,S1 Trend,4305.5,75,322912.5,143437.5,0.89,160312.5,0.99,-35625,-0.22,19487562,19487.56
3351,Exit long,2022-10-03 21:00,EOD,4328,177,762073.5,199125,0.52,378337.5,0.99,-84075,-0.22,19686688,19686.69
3351,Entry long,2022-10-03 15:30,S1 Trend,4305.5,177,762073.5,199125,0.52,378337.5,0.99,-84075,-0.22,19686688,19686.69
3352,Exit long,2022-10-04 15:30,S1 Climax,4423,105,464362.5,2625,0.01,64312.5,0.28,-1312.5,-0.01,19689312,19689.31
3352,Entry long,2022-10-04 15:00,S1 Trend,4422.5,105,464362.5,2625,0.01,64312.5,0.28,-1312.5,-0.01,19689312,19689.31
3353,Exit long,2022-10-04 16:00,S1 Climax,4434.75,74,327265,45325,0.28,51800,0.32,-5550,-0.03,19734638,19734.64
3353,Entry long,2022-10-04 15:00,S1 Trend,4422.5,74,327265,45325,0.28,51800,0.32,-5550,-0.03,19734638,19734.64
3354,Exit long,2022-10-04 16:30,S1 Climax,4436,51,225547.5,34425,0.31,37612.5,0.33,-3825,-0.03,19769062,19769.06
3354,Entry long,2022-10-04 15:00,S1 Trend,4422.5,51,225547.5,34425,0.31,37612.5,0.33,-3825,-0.03,19769062,19769.06
3355,Exit long,2022-10-04 17:00,S1 Climax,4432.75,36,159210,18450,0.23,29700,0.37,-2700,-0.03,19787512,19787.51
3355,Entry long,2022-10-04 15:00,S1 Trend,4422.5,36,159210,18450,0.23,29700,0.37,-2700,-0.03,19787512,19787.51
3356,Exit long,2022-10-04 17:30,S1 Climax,4435.5,25,110562.5,16250,0.29,20625,0.37,-1875,-0.03,19803762,19803.76
3356,Entry long,2022-10-04 15:00,S1 Trend,4422.5,25,110562.5,16250,0.29,20625,0.37,-1875,-0.03,19803762,19803.76
3357,Exit long,2022-10-04 18:00,S1 Trail,4404,61,269772.5,-56425,-0.42,50325,0.37,-56425,-0.42,19747338,19747.34
3357,Entry long,2022-10-04 15:00,S1 Trend,4422.5,61,269772.5,-56425,-0.42,50325,0.37,-56425,-0.42,19747338,19747.34
3358,Exit long,2022-10-05 15:30,S2 FairVal,4376.5,397,1747891.75,-521062.5,-0.60,44662.5,0.05,-530987.5,-0.61,19226276,19226.28
3358,Entry long,2022-10-05 15:00,S2 VWAP,4402.75,397,1747891.75,-521062.5,-0.60,44662.5,0.05,-530987.5,-0.61,19226276,19226.28
3359,Exit long,2022-10-05 16:00,S3 Hedge,4375,335,1465625,0,0.00,0,0.00,0,0.00,19226276,19226.28
3359,Entry long,2022-10-05 16:00,S2 VWAP,4375,335,1465625,0,0.00,0,0.00,0,0.00,19226276,19226.28
3360,Exit short,2022-10-05 16:30,S3 Scalp,4393,335,1465625,-301500,-0.41,25125,0.03,-301500,-0.41,18924776,18924.78
3360,Entry short,2022-10-05 16:00,S3 Hedge,4375,335,1465625,-301500,-0.41,25125,0.03,-301500,-0.41,18924776,18924.78
3361,Exit long,2022-10-05 21:00,EOD,4433.5,280,1236060,266000,0.43,588000,0.95,-21000,-0.03,19190776,19190.78
3361,Entry long,2022-10-05 18:00,S1 Trend,4414.5,280,1236060,266000,0.43,588000,0.95,-21000,-0.03,19190776,19190.78
3362,Exit long,2022-10-06 21:00,EOD,4392.75,317,1402091,-479462.5,-0.68,118875,0.17,-566637.5,-0.81,18711312,18711.31
3362,Entry long,2022-10-06 15:00,S1 Trend,4423,317,1402091,-479462.5,-0.68,118875,0.17,-566637.5,-0.81,18711312,18711.31
3363,Exit short,2022-10-07 21:00,EOD,4287.5,250,1071562.5,-15625,-0.03,215625,0.40,-106250,-0.20,18695688,18695.69
3363,Entry short,2022-10-07 19:30,S3 Hedge,4286.25,250,1071562.5,-15625,-0.03,215625,0.40,-106250,-0.20,18695688,18695.69
3364,Exit long,2022-10-13 21:00,EOD,4318.75,144,613548,417600,1.36,529200,1.73,-36000,-0.12,19113288,19113.29
3364,Entry long,2022-10-13 16:30,S1 Trend,4260.75,144,613548,417600,1.36,529200,1.73,-36000,-0.12,19113288,19113.29
3365,Exit long,2022-10-17 15:30,S1 Climax,4326.25,93,401527.5,40687.5,0.20,99975,0.50,-13950,-0.07,19153976,19153.98
3365,Entry long,2022-10-17 15:00,S1 Trend,4317.5,93,401527.5,40687.5,0.20,99975,0.50,-13950,-0.07,19153976,19153.98
3366,Exit long,2022-10-17 21:00,EOD,4326.75,218,941215,100825,0.21,234350,0.50,-138975,-0.30,19254800,19254.80
3366,Entry long,2022-10-17 15:00,S1 Trend,4317.5,218,941215,100825,0.21,234350,0.50,-138975,-0.30,19254800,19254.80
3367,Exit long,2022-10-18 16:00,S1 Trail,4358.75,279,1224810,-435937.5,-0.71,177862.5,0.29,-435937.5,-0.71,18818862,18818.86
3367,Entry long,2022-10-18 15:00,S1 Trend,4390,279,1224810,-435937.5,-0.71,177862.5,0.29,-435937.5,-0.71,18818862,18818.86
3368,Exit short,2022-10-18 17:30,S3 Scalp,4371.25,230,999522.5,-293250,-0.59,138000,0.28,-293250,-0.59,18525612,18525.61
3368,Entry short,2022-10-18 16:30,S3 Hedge,4345.75,230,999522.5,-293250,-0.59,138000,0.28,-293250,-0.59,18525612,18525.61
3369,Exit long,2022-10-20 17:30,S1 Trail,4330.5,217,950297.25,-528937.5,-1.11,35262.5,0.07,-528937.5,-1.11,17996676,17996.68
3369,Entry long,2022-10-20 15:30,S1 Trend,4379.25,217,950297.25,-528937.5,-1.11,35262.5,0.07,-528937.5,-1.11,17996676,17996.68
3370,Exit long,2022-10-21 21:00,EOD,4400.25,233,1013084,608712.5,1.20,675700,1.33,-393187.5,-0.78,18605388,18605.39
3370,Entry long,2022-10-21 15:00,S1 Trend,4348,233,1013084,608712.5,1.20,675700,1.33,-393187.5,-0.78,18605388,18605.39
3371,Exit long,2022-10-24 21:00,EOD,4446,218,966666.5,128075,0.26,264325,0.55,-501400,-1.04,18733462,18733.46
3371,Entry long,2022-10-24 15:00,S1 Trend,4434.25,218,966666.5,128075,0.26,264325,0.55,-501400,-1.04,18733462,18733.46
3372,Exit long,2022-10-25 21:00,EOD,4506.75,337,1510181.25,429675,0.57,497075,0.66,-181137.5,-0.24,19163138,19163.14
3372,Entry long,2022-10-25 15:00,S1 Trend,4481.25,337,1510181.25,429675,0.57,497075,0.66,-181137.5,-0.24,19163138,19163.14
3373,Exit long,2022-10-26 18:00,S1 Trail,4497.25,351,1580904,-118462.5,-0.15,526500,0.67,-118462.5,-0.15,19044676,19044.68
3373,Entry long,2022-10-26 15:30,S1 Trend,4504,351,1580904,-118462.5,-0.15,526500,0.67,-118462.5,-0.15,19044676,19044.68
3374,Exit long,2022-10-27 17:00,S1 Trail,4461.25,268,1206670,-552750,-0.92,63650,0.11,-552750,-0.92,18491924,18491.92
3374,Entry long,2022-10-27 15:30,S1 Trend,4502.5,268,1206670,-552750,-0.92,63650,0.11,-552750,-0.92,18491924,18491.92
3375,Exit long,2022-10-27 21:00,EOD,4456.5,229,1024145.25,-180337.5,-0.35,143125,0.28,-254762.5,-0.50,18311588,18311.59
3375,Entry long,2022-10-27 18:00,S2 VWAP,4472.25,229,1024145.25,-180337.5,-0.35,143125,0.28,-254762.5,-0.50,18311588,18311.59
3376,Exit long,2022-10-28 18:00,S1 Climax,4529,76,340670,176700,1.04,186200,1.09,-62700,-0.37,18488288,18488.29
3376,Entry long,2022-10-28 15:00,S1 Trend,4482.5,76,340670,176700,1.04,186200,1.09,-62700,-0.37,18488288,18488.29
3377,Exit long,2022-10-28 18:30,S1 Climax,4531.5,54,242055,132300,1.09,142425,1.18,-44550,-0.37,18620588,18620.59
3377,Entry long,2022-10-28 15:00,S1 Trend,4482.5,54,242055,132300,1.09,142425,1.18,-44550,-0.37,18620588,18620.59
3378,Exit long,2022-10-28 19:00,S1 Climax,4532.75,37,165852.5,92962.5,1.12,103600,1.25,-30525,-0.37,18713550,18713.55
3378,Entry long,2022-10-28 15:00,S1 Trend,4482.5,37,165852.5,92962.5,1.12,103600,1.25,-30525,-0.37,18713550,18713.55
3379,Exit long,2022-10-28 19:30,S1 Climax,4535.5,26,116545,68900,1.18,72800,1.25,-21450,-0.37,18782450,18782.45
3379,Entry long,2022-10-28 15:00,S1 Trend,4482.5,26,116545,68900,1.18,72800,1.25,-21450,-0.37,18782450,18782.45
3380,Exit long,2022-10-28 20:00,S1 Climax,4546.25,18,80685,57375,1.42,59175,1.47,-14850,-0.37,18839824,18839.82
3380,Entry long,2022-10-28 15:00,S1 Trend,4482.5,18,80685,57375,1.42,59175,1.47,-14850,-0.37,18839824,18839.82
3381,Exit long,2022-10-28 20:30,S1 Climax,4547.5,13,58272.5,42250,1.45,44037.5,1.51,-10725,-0.37,18882076,18882.08
3381,Entry long,2022-10-28 15:00,S1 Trend,4482.5,13,58272.5,42250,1.45,44037.5,1.51,-10725,-0.37,18882076,18882.08
3382,Exit long,2022-10-28 21:00,EOD,4547.25,32,143440,103600,1.44,112800,1.57,-26400,-0.37,18985676,18985.68
3382,Entry long,2022-10-28 15:00,S1 Trend,4482.5,32,143440,103600,1.44,112800,1.57,-26400,-0.37,18985676,18985.68
3383,Exit long,2022-10-31 20:00,EOD,4519.25,351,1589064.75,-140400,-0.18,162337.5,0.20,-272025,-0.34,18845276,18845.28
3383,Entry long,2022-10-31 16:00,S1 Trend,4527.25,351,1589064.75,-140400,-0.18,162337.5,0.20,-272025,-0.34,18845276,18845.28
3384,Exit long,2022-11-02 19:00,S1 Trail,4460.75,291,1319685,-1080337.5,-1.64,123675,0.19,-1309500,-1.98,17764938,17764.94
3384,Entry long,2022-11-02 18:30,S1 Trend,4535,291,1319685,-1080337.5,-1.64,123675,0.19,-1309500,-1.98,17764938,17764.94
3385,Exit long,2022-11-04 15:30,S1 Trail,4388.25,206,912528.5,-427450,-0.94,126175,0.28,-427450,-0.94,17337488,17337.49
3385,Entry long,2022-11-04 14:30,S1 Trend,4429.75,206,912528.5,-427450,-0.94,126175,0.28,-427450,-0.94,17337488,17337.49
3386,Exit long,2022-11-07 21:00,EOD,4452.5,278,1236405,69500,0.11,149425,0.24,-38225,-0.06,17406988,17406.99
3386,Entry long,2022-11-07 19:30,S1 Trend,4447.5,278,1236405,69500,0.11,149425,0.24,-38225,-0.06,17406988,17406.99
3387,Exit long,2022-11-08 18:00,S1 Trail,4473.25,387,1730664,24187.5,0.03,609525,0.70,-19350,-0.02,17431176,17431.18
3387,Entry long,2022-11-08 15:30,S1 Trend,4472,387,1730664,24187.5,0.03,609525,0.70,-19350,-0.02,17431176,17431.18
3388,Exit long,2022-11-08 20:30,S2 FairVal,4481.25,228,1016538,259350,0.51,265050,0.52,-11400,-0.02,17690524,17690.52
3388,Entry long,2022-11-08 20:00,S2 VWAP,4458.5,228,1016538,259350,0.51,265050,0.52,-11400,-0.02,17690524,17690.52
3389,Exit long,2022-11-10 15:30,S1 Climax,4549,57,259307.25,-712.5,-0.01,19237.5,0.15,-27787.5,-0.21,17689812,17689.81
3389,Entry long,2022-11-10 15:00,S1 Trend,4549.25,57,259307.25,-712.5,-0.01,19237.5,0.15,-27787.5,-0.21,17689812,17689.81
3390,Exit long,2022-11-10 16:00,S1 Climax,4556,39,177420.75,13162.5,0.15,18037.5,0.20,-36075,-0.41,17702976,17702.98
3390,Entry long,2022-11-10 15:00,S1 Trend,4549.25,39,177420.75,13162.5,0.15,18037.5,0.20,-36075,-0.41,17702976,17702.98
3391,Exit long,2022-11-10 16:30,S1 Climax,4559.5,28,127379,14350,0.23,15400,0.24,-25900,-0.41,17717324,17717.32
3391,Entry long,2022-11-10 15:00,S1 Trend,4549.25,28,127379,14350,0.23,15400,0.24,-25900,-0.41,17717324,17717.32
3392,Exit long,2022-11-10 17:00,S1 Climax,4570.5,19,86435.75,20187.5,0.47,21850,0.51,-17575,-0.41,17737512,17737.51
3392,Entry long,2022-11-10 15:00,S1 Trend,4549.25,19,86435.75,20187.5,0.47,21850,0.51,-17575,-0.41,17737512,17737.51
3393,Exit long,2022-11-10 17:30,S1 Climax,4558,14,63689.5,6125,0.19,16100,0.51,-12950,-0.41,17743638,17743.64
3393,Entry long,2022-11-10 15:00,S1 Trend,4549.25,14,63689.5,6125,0.19,16100,0.51,-12950,-0.41,17743638,17743.64
3394,Exit long,2022-11-10 20:30,S1 Climax,4586.5,9,40943.25,16762.5,0.82,16987.5,0.83,-8325,-0.41,17760400,17760.40
3394,Entry long,2022-11-10 15:00,S1 Trend,4549.25,9,40943.25,16762.5,0.82,16987.5,0.83,-8325,-0.41,17760400,17760.40
3395,Exit long,2022-11-10 21:00,EOD,4597.75,24,109182,58200,1.07,63300,1.16,-22200,-0.41,17818600,17818.60
3395,Entry long,2022-11-10 15:00,S1 Trend,4549.25,24,109182,58200,1.07,63300,1.16,-22200,-0.41,17818600,17818.60
3396,Exit long,2022-11-11 21:00,EOD,4637.5,277,1280155.5,221600,0.35,342787.5,0.54,-405112.5,-0.63,18040200,18040.20
3396,Entry long,2022-11-11 15:30,S1 Trend,4621.5,277,1280155.5,221600,0.35,342787.5,0.54,-405112.5,-0.63,18040200,18040.20
3397,Exit long,2022-11-14 20:30,S1 Trail,4620.75,387,1792293.75,-203175,-0.23,440212.5,0.49,-304762.5,-0.34,17837024,17837.02
3397,Entry long,2022-11-14 15:30,S1 Trend,4631.25,387,1792293.75,-203175,-0.23,440212.5,0.49,-304762.5,-0.34,17837024,17837.02
3398,Exit long,2022-11-15 20:00,S2 FairVal,4645.25,227,1047832,331987.5,0.63,331987.5,0.63,-175925,-0.34,18169012,18169.01
3398,Entry long,2022-11-15 19:00,S2 VWAP,4616,227,1047832,331987.5,0.63,331987.5,0.63,-175925,-0.34,18169012,18169.01
3399,Exit long,2022-11-21 16:30,S1 Trail,4579.5,506,2327979.5,-537625,-0.46,82225,0.07,-537625,-0.46,17631388,17631.39
3399,Entry long,2022-11-21 15:00,S1 Trend,4600.75,506,2327979.5,-537625,-0.46,82225,0.07,-537625,-0.46,17631388,17631.39
3400,Exit long,2022-11-22 21:00,EOD,4646.75,493,2271251,979837.5,0.86,1035300,0.91,-55462.5,-0.05,18611224,18611.22
3400,Entry long,2022-11-22 15:00,S1 Trend,4607,493,2271251,979837.5,0.86,1035300,0.91,-55462.5,-0.05,18611224,18611.22
3401,Exit long,2022-11-23 16:30,S1 Trail,4651.75,548,2554228,-253450,-0.20,369900,0.29,-253450,-0.20,18357776,18357.78
3401,Entry long,2022-11-23 15:00,S1 Trend,4661,548,2554228,-253450,-0.20,369900,0.29,-253450,-0.20,18357776,18357.78
3402,Exit long,2022-11-23 21:00,EOD,4671,356,1662609,13350,0.02,102350,0.12,-200250,-0.24,18371124,18371.12
3402,Entry long,2022-11-23 19:30,S1 Trend,4670.25,356,1662609,13350,0.02,102350,0.12,-200250,-0.24,18371124,18371.12
3403,Exit long,2022-11-25 16:00,S2 FairVal,4674.75,764,3568835,133700,0.07,133700,0.07,-66850,-0.04,18504824,18504.82
3403,Entry long,2022-11-25 15:00,S2 VWAP,4671.25,764,3568835,133700,0.07,133700,0.07,-66850,-0.04,18504824,18504.82
3404,Exit long,2022-11-30 20:30,S1 Climax,4699.5,87,403854,250125,1.24,251212.5,1.24,-2175,-0.01,18754950,18754.95
3404,Entry long,2022-11-30 19:00,S1 Trend,4642,87,403854,250125,1.24,251212.5,1.24,-2175,-0.01,18754950,18754.95
3405,Exit long,2022-11-30 21:00,EOD,4719,206,956252,793100,1.66,803400,1.68,-5150,-0.01,19548050,19548.05
3405,Entry long,2022-11-30 19:00,S1 Trend,4642,206,956252,793100,1.66,803400,1.68,-5150,-0.01,19548050,19548.05
3406,Exit long,2022-12-01 21:00,EOD,4717.25,340,1596895,348500,0.44,548250,0.69,-97750,-0.12,19896550,19896.55
3406,Entry long,2022-12-01 15:30,S1 Trend,4696.75,340,1596895,348500,0.44,548250,0.69,-97750,-0.12,19896550,19896.55
3407,Exit long,2022-12-02 21:00,EOD,4712,332,1563305,53950,0.07,219950,0.28,-124500,-0.16,19950500,19950.50
3407,Entry long,2022-12-02 20:00,S1 Trend,4708.75,332,1563305,53950,0.07,219950,0.28,-124500,-0.16,19950500,19950.50
3408,Exit short,2022-12-06 21:00,EOD,4580.5,368,1682036,-179400,-0.21,234600,0.28,-248400,-0.30,19771100,19771.10
3408,Entry short,2022-12-06 18:30,S3 Hedge,4570.75,368,1682036,-179400,-0.21,234600,0.28,-248400,-0.30,19771100,19771.10
3409,Exit long,2022-12-08 19:00,S1 Trail,4586.75,450,2074500,-523125,-0.50,84375,0.08,-523125,-0.50,19247976,19247.98
3409,Entry long,2022-12-08 15:30,S1 Trend,4610,450,2074500,-523125,-0.50,84375,0.08,-523125,-0.50,19247976,19247.98
3410,Exit long,2022-12-12 20:30,S1 Climax,4621,171,785403,239400,0.61,252225,0.64,-38475,-0.10,19487376,19487.38
3410,Entry long,2022-12-12 16:30,S1 Trend,4593,171,785403,239400,0.61,252225,0.64,-38475,-0.10,19487376,19487.38
3411,Exit long,2022-12-12 21:00,EOD,4629,400,1837200,720000,0.78,725000,0.79,-90000,-0.10,20207376,20207.38
3411,Entry long,2022-12-12 16:30,S1 Trend,4593,400,1837200,720000,0.78,725000,0.79,-90000,-0.10,20207376,20207.38
3412,Exit long,2022-12-14 19:00,S1 Trail,4666,440,2058210,-258500,-0.25,357500,0.35,-258500,-0.25,19948876,19948.88
3412,Entry long,2022-12-14 15:00,S1 Trend,4677.75,440,2058210,-258500,-0.25,357500,0.35,-258500,-0.25,19948876,19948.88
3413,Exit short,2022-12-15 21:00,EOD,4530.25,307,1396850,303162.5,0.43,594812.5,0.85,-57562.5,-0.08,20252038,20252.04
3413,Entry short,2022-12-15 15:00,S3 Hedge,4550,307,1396850,303162.5,0.43,594812.5,0.85,-57562.5,-0.08,20252038,20252.04
3414,Exit short,2022-12-16 20:00,S3 Scalp,4484.75,296,1321418,-303400,-0.46,85100,0.13,-303400,-0.46,19948638,19948.64
3414,Entry short,2022-12-16 17:00,S3 Hedge,4464.25,296,1321418,-303400,-0.46,85100,0.13,-303400,-0.46,19948638,19948.64
3415,Exit short,2022-12-19 21:00,EOD,4447.5,414,1840954.5,-15525,-0.02,336375,0.37,-103500,-0.11,19933112,19933.11
3415,Entry short,2022-12-19 19:00,S3 Hedge,4446.75,414,1840954.5,-15525,-0.02,336375,0.37,-103500,-0.11,19933112,19933.11
3416,Exit long,2022-12-21 21:00,EOD,4509.75,448,2015328,252000,0.25,526400,0.52,-33600,-0.03,20185112,20185.11
3416,Entry long,2022-12-21 15:30,S1 Trend,4498.5,448,2015328,252000,0.25,526400,0.52,-33600,-0.03,20185112,20185.11
3417,Exit long,2022-12-29 15:30,S1 Climax,4465,168,748944,58800,0.16,111300,0.30,-23100,-0.06,20243912,20243.91
3417,Entry long,2022-12-29 15:00,S1 Trend,4458,168,748944,58800,0.16,111300,0.30,-23100,-0.06,20243912,20243.91
3418,Exit long,2022-12-29 16:00,S1 Climax,4473.25,118,526044,89975,0.34,98825,0.38,-16225,-0.06,20333888,20333.89
3418,Entry long,2022-12-29 15:00,S1 Trend,4458,118,526044,89975,0.34,98825,0.38,-16225,-0.06,20333888,20333.89
3419,Exit long,2022-12-29 16:30,S1 Climax,4470.75,83,370014,52912.5,0.29,69512.5,0.38,-11412.5,-0.06,20386800,20386.80
3419,Entry long,2022-12-29 15:00,S1 Trend,4458,83,370014,52912.5,0.29,69512.5,0.38,-11412.5,-0.06,20386800,20386.80
3420,Exit long,2022-12-29 17:00,S1 Climax,4481.25,58,258564,67425,0.52,77575,0.60,-7975,-0.06,20454224,20454.22
3420,Entry long,2022-12-29 15:00,S1 Trend,4458,58,258564,67425,0.52,77575,0.60,-7975,-0.06,20454224,20454.22
3421,Exit long,2022-12-29 17:30,S1 Climax,4480.5,40,178320,45000,0.50,53500,0.60,-5500,-0.06,20499224,20499.22
3421,Entry long,2022-12-29 15:00,S1 Trend,4458,40,178320,45000,0.50,53500,0.60,-5500,-0.06,20499224,20499.22
3422,Exit long,2022-12-29 18:00,S1 Climax,4480.25,28,124824,31150,0.50,37450,0.60,-3850,-0.06,20530376,20530.38
3422,Entry long,2022-12-29 15:00,S1 Trend,4458,28,124824,31150,0.50,37450,0.60,-3850,-0.06,20530376,20530.38
3423,Exit long,2022-12-29 18:30,S1 Climax,4478.5,20,89160,20500,0.46,26750,0.60,-2750,-0.06,20550876,20550.88
3423,Entry long,2022-12-29 15:00,S1 Trend,4458,20,89160,20500,0.46,26750,0.60,-2750,-0.06,20550876,20550.88
3424,Exit long,2022-12-29 19:00,S1 Climax,4481,14,62412,16100,0.52,18725,0.60,-1925,-0.06,20566976,20566.98
3424,Entry long,2022-12-29 15:00,S1 Trend,4458,14,62412,16100,0.52,18725,0.60,-1925,-0.06,20566976,20566.98
3425,Exit long,2022-12-29 21:00,EOD,4475.5,34,151572,29750,0.39,47600,0.63,-4675,-0.06,20596724,20596.72
3425,Entry long,2022-12-29 15:00,S1 Trend,4458,34,151572,29750,0.39,47600,0.63,-4675,-0.06,20596724,20596.72
3426,Exit long,2023-01-04 15:30,S1 Trail,4449.25,471,2106547.5,-547537.5,-0.52,253162.5,0.24,-771262.5,-0.73,20049188,20049.19
3426,Entry long,2023-01-04 15:00,S1 Trend,4472.5,471,2106547.5,-547537.5,-0.52,253162.5,0.24,-771262.5,-0.73,20049188,20049.19
3427,Exit long,2023-01-04 19:00,S1 Trail,4460.5,311,1398178.25,-548137.5,-0.78,38875,0.06,-548137.5,-0.78,19501050,19501.05
3427,Entry long,2023-01-04 17:00,S1 Trend,4495.75,311,1398178.25,-548137.5,-0.78,38875,0.06,-548137.5,-0.78,19501050,19501.05
3428,Exit long,2023-01-06 21:00,EOD,4519.25,252,1131858,349650,0.62,510300,0.90,-34650,-0.06,19850700,19850.70
3428,Entry long,2023-01-06 16:00,S1 Trend,4491.5,252,1131858,349650,0.62,510300,0.90,-34650,-0.06,19850700,19850.70
3429,Exit long,2023-01-09 16:30,S1 Climax,4574.75,150,683250,148125,0.43,161250,0.47,-30000,-0.09,19998824,19998.82
3429,Entry long,2023-01-09 15:00,S1 Trend,4555,150,683250,148125,0.43,161250,0.47,-30000,-0.09,19998824,19998.82
3430,Exit long,2023-01-09 18:30,S1 Trail,4549.25,352,1603360,-101200,-0.13,378400,0.47,-101200,-0.13,19897624,19897.62
3430,Entry long,2023-01-09 15:00,S1 Trend,4555,352,1603360,-101200,-0.13,378400,0.47,-101200,-0.13,19897624,19897.62
3431,Exit long,2023-01-10 15:30,S1 Trail,4509.5,464,2098208,-290000,-0.28,377000,0.36,-290000,-0.28,19607624,19607.62
3431,Entry long,2023-01-10 15:00,S1 Trend,4522,464,2098208,-290000,-0.28,377000,0.36,-290000,-0.28,19607624,19607.62
3432,Exit long,2023-01-10 21:00,EOD,4545,375,1701562.5,140625,0.17,145312.5,0.17,-215625,-0.25,19748250,19748.25
3432,Entry long,2023-01-10 19:30,S1 Trend,4537.5,375,1701562.5,140625,0.17,145312.5,0.17,-215625,-0.25,19748250,19748.25
3433,Exit long,2023-01-11 21:00,EOD,4592.75,590,2691285,921875,0.69,958750,0.71,-280250,-0.21,20670124,20670.12
3433,Entry long,2023-01-11 15:00,S1 Trend,4561.5,590,2691285,921875,0.69,958750,0.71,-280250,-0.21,20670124,20670.12
3434,Exit long,2023-01-12 16:00,S2 FairVal,4595,261,1199490.75,-9787.5,-0.02,143550,0.24,-169650,-0.28,20660338,20660.34
3434,Entry long,2023-01-12 15:30,S2 VWAP,4595.75,261,1199490.75,-9787.5,-0.02,143550,0.24,-169650,-0.28,20660338,20660.34
3435,Exit long,2023-01-13 21:00,EOD,4621,436,2007017,386950,0.39,528650,0.53,-136250,-0.14,21047288,21047.29
3435,Entry long,2023-01-13 18:00,S1 Trend,4603.25,436,2007017,386950,0.39,528650,0.53,-136250,-0.14,21047288,21047.29
3436,Exit long,2023-01-17 15:30,S1 Trail,4615.75,619,2860863.25,-185700,-0.13,518412.5,0.36,-185700,-0.13,20861588,20861.59
3436,Entry long,2023-01-17 15:00,S1 Trend,4621.75,619,2860863.25,-185700,-0.13,518412.5,0.36,-185700,-0.13,20861588,20861.59
3437,Exit long,2023-01-18 16:00,S1 Trail,4601,515,2384192.5,-733875,-0.62,19312.5,0.02,-766062.5,-0.64,20127712,20127.71
3437,Entry long,2023-01-18 15:30,S1 Trend,4629.5,515,2384192.5,-733875,-0.62,19312.5,0.02,-766062.5,-0.64,20127712,20127.71
3438,Exit long,2023-01-20 21:00,EOD,4591,441,2009196,771750,0.77,832387.5,0.83,-275625,-0.27,20899462,20899.46
3438,Entry long,2023-01-20 16:30,S1 Trend,4556,441,2009196,771750,0.77,832387.5,0.83,-275625,-0.27,20899462,20899.46
3439,Exit long,2023-01-23 15:30,S1 Climax,4625.5,166,765509,116200,0.30,134875,0.35,-22825,-0.06,21015662,21015.66
3439,Entry long,2023-01-23 15:00,S1 Trend,4611.5,166,765509,116200,0.30,134875,0.35,-22825,-0.06,21015662,21015.66
3440,Exit long,2023-01-23 16:00,S1 Climax,4632,116,534934,118900,0.44,142100,0.53,-15950,-0.06,21134562,21134.56
3440,Entry long,2023-01-23 15:00,S1 Trend,4611.5,116,534934,118900,0.44,142100,0.53,-15950,-0.06,21134562,21134.56
3441,Exit long,2023-01-23 16:30,S1 Climax,4642,81,373531.5,123525,0.66,173137.5,0.93,-11137.5,-0.06,21258088,21258.09
3441,Entry long,2023-01-23 15:00,S1 Trend,4611.5,81,373531.5,123525,0.66,173137.5,0.93,-11137.5,-0.06,21258088,21258.09
3442,Exit long,2023-01-23 17:00,S1 Climax,4648.75,57,262855.5,106162.5,0.81,121837.5,0.93,-7837.5,-0.06,21364250,21364.25
3442,Entry long,2023-01-23 15:00,S1 Trend,4611.5,57,262855.5,106162.5,0.81,121837.5,0.93,-7837.5,-0.06,21364250,21364.25
3443,Exit long,2023-01-23 17:30,S1 Climax,4643.75,40,184460,64500,0.70,85500,0.93,-5500,-0.06,21428750,21428.75
3443,Entry long,2023-01-23 15:00,S1 Trend,4611.5,40,184460,64500,0.70,85500,0.93,-5500,-0.06,21428750,21428.75
3444,Exit long,2023-01-23 18:00,S1 Climax,4648.25,28,129122,51450,0.80,59850,0.93,-3850,-0.06,21480200,21480.20
3444,Entry long,2023-01-23 15:00,S1 Trend,4611.5,28,129122,51450,0.80,59850,0.93,-3850,-0.06,21480200,21480.20
3445,Exit long,2023-01-23 18:30,S1 Climax,4652.25,20,92230,40750,0.88,42750,0.93,-2750,-0.06,21520950,21520.95
3445,Entry long,2023-01-23 15:00,S1 Trend,4611.5,20,92230,40750,0.88,42750,0.93,-2750,-0.06,21520950,21520.95
3446,Exit long,2023-01-23 19:00,S1 Climax,4653.5,14,64561,29400,0.91,33950,1.05,-1925,-0.06,21550350,21550.35
3446,Entry long,2023-01-23 15:00,S1 Trend,4611.5,14,64561,29400,0.91,33950,1.05,-1925,-0.06,21550350,21550.35
3447,Exit long,2023-01-23 19:30,S1 Trail,4631.75,33,152179.5,33412.5,0.44,80025,1.05,-4537.5,-0.06,21583762,21583.76
3447,Entry long,2023-01-23 15:00,S1 Trend,4611.5,33,152179.5,33412.5,0.44,80025,1.05,-4537.5,-0.06,21583762,21583.76
3448,Exit long,2023-01-24 21:00,EOD,4633.75,472,2189018,-94400,-0.09,153400,0.14,-306800,-0.28,21489362,21489.36
3448,Entry long,2023-01-24 16:00,S1 Trend,4637.75,472,2189018,-94400,-0.09,153400,0.14,-306800,-0.28,21489362,21489.36
3449,Exit long,2023-01-25 21:00,EOD,4635.75,403,1861557.75,332475,0.36,397962.5,0.43,-70525,-0.08,21821838,21821.84
3449,Entry long,2023-01-25 18:30,S1 Trend,4619.25,403,1861557.75,332475,0.36,397962.5,0.43,-70525,-0.08,21821838,21821.84
3450,Exit long,2023-01-26 15:30,S1 Trail,4632,469,2178974,-328300,-0.30,404512.5,0.37,-328300,-0.30,21493538,21493.54
3450,Entry long,2023-01-26 15:00,S1 Trend,4646,469,2178974,-328300,-0.30,404512.5,0.37,-328300,-0.30,21493538,21493.54
3451,Exit long,2023-01-27 15:30,S1 Trail,4673.5,640,2995680,-232000,-0.15,520000,0.35,-232000,-0.15,21261538,21261.54
3451,Entry long,2023-01-27 15:00,S1 Trend,4680.75,640,2995680,-232000,-0.15,520000,0.35,-232000,-0.15,21261538,21261.54
3452,Exit long,2023-01-27 21:00,EOD,4687.25,448,2103360,-173600,-0.17,392000,0.37,-207200,-0.20,21087938,21087.94
3452,Entry long,2023-01-27 18:00,S1 Trend,4695,448,2103360,-173600,-0.17,392000,0.37,-207200,-0.20,21087938,21087.94
3453,Exit long,2023-01-30 15:30,S1 Trail,4656.75,582,2719831.5,-480150,-0.35,232800,0.17,-480150,-0.35,20607788,20607.79
3453,Entry long,2023-01-30 15:00,S1 Trend,4673.25,582,2719831.5,-480150,-0.35,232800,0.17,-480150,-0.35,20607788,20607.79
3454,Exit long,2023-01-31 21:00,EOD,4693.75,447,2081455.5,832537.5,0.80,849300,0.82,-67050,-0.06,21440324,21440.32
3454,Entry long,2023-01-31 15:30,S1 Trend,4656.5,447,2081455.5,832537.5,0.80,849300,0.82,-67050,-0.06,21440324,21440.32
3455,Exit long,2023-02-01 15:30,S1 Trail,4672.25,706,3312022.5,-670700,-0.41,61775,0.04,-670700,-0.41,20769624,20769.62
3455,Entry long,2023-02-01 15:00,S1 Trend,4691.25,706,3312022.5,-670700,-0.41,61775,0.04,-670700,-0.41,20769624,20769.62
3456,Exit long,2023-02-01 18:30,S2 FairVal,4680.5,508,2378202,-25400,-0.02,69850,0.06,-387350,-0.33,20744224,20744.22
3456,Entry long,2023-02-01 16:30,S2 VWAP,4681.5,508,2378202,-25400,-0.02,69850,0.06,-387350,-0.33,20744224,20744.22
3457,Exit long,2023-02-01 21:00,EOD,4737.5,273,1288764.75,228637.5,0.35,624487.5,0.97,-3412.5,-0.01,20972862,20972.86
3457,Entry long,2023-02-01 20:00,S1 Trend,4720.75,273,1288764.75,228637.5,0.35,624487.5,0.97,-3412.5,-0.01,20972862,20972.86
3458,Exit long,2023-02-02 19:30,S1 Trail,4775.75,377,1807715,-362862.5,-0.40,315737.5,0.35,-362862.5,-0.40,20610000,20610.00
3458,Entry long,2023-02-02 16:00,S1 Trend,4795,377,1807715,-362862.5,-0.40,315737.5,0.35,-362862.5,-0.40,20610000,20610.00
3459,Exit long,2023-02-03 18:00,S1 Trail,4756,326,1557465,-350450,-0.45,321925,0.41,-350450,-0.45,20259550,20259.55
3459,Entry long,2023-02-03 15:30,S1 Trend,4777.5,326,1557465,-350450,-0.45,321925,0.41,-350450,-0.45,20259550,20259.55
3460,Exit long,2023-02-06 21:00,EOD,4725.75,398,1885226.5,-218900,-0.23,59700,0.06,-452725,-0.48,20040650,20040.65
3460,Entry long,2023-02-06 16:30,S1 Trend,4736.75,398,1885226.5,-218900,-0.23,59700,0.06,-452725,-0.48,20040650,20040.65
3461,Exit long,2023-02-07 18:30,S1 Trail,4724,364,1736280,-837200,-0.96,113750,0.13,-846300,-0.97,19203450,19203.45
3461,Entry long,2023-02-07 18:00,S1 Trend,4770,364,1736280,-837200,-0.96,113750,0.13,-846300,-0.97,19203450,19203.45
3462,Exit long,2023-02-08 16:00,S1 Trail,4732.75,462,2198658,-606375,-0.55,0,0.00,-606375,-0.55,18597076,18597.08
3462,Entry long,2023-02-08 15:30,S1 Trend,4759,462,2198658,-606375,-0.55,0,0.00,-606375,-0.55,18597076,18597.08
3463,Exit long,2023-02-13 19:00,S1 Climax,4751,155,732568.75,191812.5,0.52,191812.5,0.52,-31000,-0.08,18788888,18788.89
3463,Entry long,2023-02-13 15:00,S1 Trend,4726.25,155,732568.75,191812.5,0.52,191812.5,0.52,-31000,-0.08,18788888,18788.89
3464,Exit long,2023-02-13 21:00,EOD,4751.5,364,1720355,459550,0.53,482300,0.56,-72800,-0.08,19248438,19248.44
3464,Entry long,2023-02-13 15:00,S1 Trend,4726.25,364,1720355,459550,0.53,482300,0.56,-72800,-0.08,19248438,19248.44
3465,Exit long,2023-02-15 21:00,EOD,4762,369,1750351.5,341325,0.39,350550,0.40,-253687.5,-0.29,19589762,19589.76
3465,Entry long,2023-02-15 17:00,S1 Trend,4743.5,369,1750351.5,341325,0.39,350550,0.40,-253687.5,-0.29,19589762,19589.76
3466,Exit short,2023-02-17 15:30,S3 Scalp,4680.25,470,2192902.5,-340750,-0.31,23500,0.02,-546375,-0.50,19249012,19249.01
3466,Entry short,2023-02-17 15:00,S3 Hedge,4665.75,470,2192902.5,-340750,-0.31,23500,0.02,-546375,-0.50,19249012,19249.01
3467,Exit short,2023-02-21 18:00,S3 Scalp,4617.5,515,2391016.25,650187.5,0.54,650187.5,0.54,-103000,-0.09,19899200,19899.20
3467,Entry short,2023-02-21 15:00,S3 Hedge,4642.75,515,2391016.25,650187.5,0.54,650187.5,0.54,-103000,-0.09,19899200,19899.20
3468,Exit short,2023-02-21 21:00,EOD,4609.5,467,2156606,198475,0.18,297712.5,0.28,-29187.5,-0.03,20097676,20097.68
3468,Entry short,2023-02-21 18:30,S3 Hedge,4618,467,2156606,198475,0.18,297712.5,0.28,-29187.5,-0.03,20097676,20097.68
3469,Exit long,2023-02-27 15:30,S1 Climax,4621.5,187,863472.5,37400,0.09,98175,0.23,-18700,-0.04,20135076,20135.08
3469,Entry long,2023-02-27 15:00,S1 Trend,4617.5,187,863472.5,37400,0.09,98175,0.23,-18700,-0.04,20135076,20135.08
3470,Exit long,2023-02-27 15:30,S1 Trail,4607.25,438,2022465,-224475,-0.22,229950,0.23,-224475,-0.22,19910600,19910.60
3470,Entry long,2023-02-27 15:00,S1 Trend,4617.5,438,2022465,-224475,-0.22,229950,0.23,-224475,-0.22,19910600,19910.60
3471,Exit long,2023-02-28 20:30,S1 Trail,4580.75,478,2200473,-543725,-0.49,65725,0.06,-543725,-0.49,19366876,19366.88
3471,Entry long,2023-02-28 19:00,S1 Trend,4603.5,478,2200473,-543725,-0.49,65725,0.06,-543725,-0.49,19366876,19366.88
3472,Exit long,2023-03-02 21:00,EOD,4589.25,446,2039335,373525,0.37,579800,0.57,-22300,-0.02,19740400,19740.40
3472,Entry long,2023-03-02 19:00,S1 Trend,4572.5,446,2039335,373525,0.37,579800,0.57,-22300,-0.02,19740400,19740.40
3473,Exit long,2023-03-03 15:30,S1 Climax,4625,180,831015,74250,0.18,76500,0.18,-139500,-0.34,19814650,19814.65
3473,Entry long,2023-03-03 15:00,S1 Trend,4616.75,180,831015,74250,0.18,76500,0.18,-139500,-0.34,19814650,19814.65
3474,Exit long,2023-03-03 18:00,S1 Climax,4641,126,581710.5,152775,0.53,155925,0.54,-97650,-0.34,19967424,19967.42
3474,Entry long,2023-03-03 15:00,S1 Trend,4616.75,126,581710.5,152775,0.53,155925,0.54,-97650,-0.34,19967424,19967.42
3475,Exit long,2023-03-03 18:30,S1 Climax,4641.25,88,406274,107800,0.53,118800,0.58,-68200,-0.34,20075224,20075.22
3475,Entry long,2023-03-03 15:00,S1 Trend,4616.75,88,406274,107800,0.53,118800,0.58,-68200,-0.34,20075224,20075.22
3476,Exit long,2023-03-03 19:30,S1 Climax,4648.75,62,286238.5,99200,0.69,100750,0.70,-48050,-0.34,20174424,20174.42
3476,Entry long,2023-03-03 15:00,S1 Trend,4616.75,62,286238.5,99200,0.69,100750,0.70,-48050,-0.34,20174424,20174.42
3477,Exit long,2023-03-03 20:00,S1 Climax,4650,43,198520.25,71487.5,0.72,72025,0.73,-33325,-0.34,20245912,20245.91
3477,Entry long,2023-03-03 15:00,S1 Trend,4616.75,43,198520.25,71487.5,0.72,72025,0.73,-33325,-0.34,20245912,20245.91
3478,Exit long,2023-03-03 20:30,S1 Climax,4651.5,30,138502.5,52125,0.75,59250,0.86,-23250,-0.34,20298038,20298.04
3478,Entry long,2023-03-03 15:00,S1 Trend,4616.75,30,138502.5,52125,0.75,59250,0.86,-23250,-0.34,20298038,20298.04
3479,Exit long,2023-03-03 21:00,EOD,4652.5,72,332406,128700,0.77,142200,0.86,-55800,-0.34,20426738,20426.74
3479,Entry long,2023-03-03 15:00,S1 Trend,4616.75,72,332406,128700,0.77,142200,0.86,-55800,-0.34,20426738,20426.74
3480,Exit long,2023-03-06 18:00,S1 Trail,4664.25,609,2848445.25,-395850,-0.28,258825,0.18,-395850,-0.28,20030888,20030.89
3480,Entry long,2023-03-06 15:30,S1 Trend,4677.25,609,2848445.25,-395850,-0.28,258825,0.18,-395850,-0.28,20030888,20030.89
3481,Exit long,2023-03-07 15:30,S2 FairVal,4627,910,4234912.5,-1217125,-0.57,0,0.00,-1740375,-0.82,18813762,18813.76
3481,Entry long,2023-03-07 15:00,S2 VWAP,4653.75,910,4234912.5,-1217125,-0.57,0,0.00,-1740375,-0.82,18813762,18813.76
3482,Exit short,2023-03-07 21:00,EOD,4592.75,365,1674255,-104937.5,-0.13,9125,0.01,-260062.5,-0.31,18708824,18708.82
3482,Entry short,2023-03-07 20:00,S3 Hedge,4587,365,1674255,-104937.5,-0.13,9125,0.01,-260062.5,-0.31,18708824,18708.82
3483,Exit long,2023-03-09 17:00,S1 Trail,4597.5,539,2487889.25,-491837.5,-0.40,141487.5,0.11,-491837.5,-0.40,18216988,18216.99
3483,Entry long,2023-03-09 15:00,S1 Trend,4615.75,539,2487889.25,-491837.5,-0.40,141487.5,0.11,-491837.5,-0.40,18216988,18216.99
3484,Exit long,2023-03-14 17:00,S1 Trail,4499.75,248,1121022,-254200,-0.45,291400,0.52,-254200,-0.45,17962788,17962.79
3484,Entry long,2023-03-14 14:00,S1 Trend,4520.25,248,1121022,-254200,-0.45,291400,0.52,-254200,-0.45,17962788,17962.79
3485,Exit long,2023-03-16 20:00,EOD,4566.25,222,1003551,507825,1.01,552225,1.10,-88800,-0.18,18470612,18470.61
3485,Entry long,2023-03-16 15:00,S1 Trend,4520.5,222,1003551,507825,1.01,552225,1.10,-88800,-0.18,18470612,18470.61
3486,Exit long,2023-03-20 20:00,EOD,4555.5,248,1124618,257300,0.46,322400,0.57,-117800,-0.21,18727912,18727.91
3486,Entry long,2023-03-20 14:00,S1 Trend,4534.75,248,1124618,257300,0.46,322400,0.57,-117800,-0.21,18727912,18727.91
3487,Exit long,2023-03-21 14:30,S1 Trail,4578.25,542,2492116,-535225,-0.43,128725,0.10,-535225,-0.43,18192688,18192.69
3487,Entry long,2023-03-21 14:00,S1 Trend,4598,542,2492116,-535225,-0.43,128725,0.10,-535225,-0.43,18192688,18192.69
3488,Exit long,2023-03-22 16:30,S1 Trail,4599.5,580,2678005,-514750,-0.38,43500,0.03,-514750,-0.38,17677938,17677.94
3488,Entry long,2023-03-22 14:30,S1 Trend,4617.25,580,2678005,-514750,-0.38,43500,0.03,-514750,-0.38,17677938,17677.94
3489,Exit long,2023-03-22 19:00,S1 Trail,4605.25,404,1866076,-277750,-0.30,525200,0.56,-515100,-0.55,17400188,17400.19
3489,Entry long,2023-03-22 18:30,S1 Trend,4619,404,1866076,-277750,-0.30,525200,0.56,-515100,-0.55,17400188,17400.19
3490,Exit long,2023-03-23 17:00,S1 Trail,4579.75,408,1867212,66300,0.07,698700,0.75,-15300,-0.02,17466488,17466.49
3490,Entry long,2023-03-23 14:00,S1 Trend,4576.5,408,1867212,66300,0.07,698700,0.75,-15300,-0.02,17466488,17466.49
3491,Exit long,2023-03-24 20:00,EOD,4573.5,225,1026562.5,123750,0.24,137812.5,0.27,-70312.5,-0.14,17590238,17590.24
3491,Entry long,2023-03-24 19:00,S1 Trend,4562.5,225,1026562.5,123750,0.24,137812.5,0.27,-70312.5,-0.14,17590238,17590.24
3492,Exit long,2023-03-27 16:30,S1 Trail,4572.25,422,1939723,-511675,-0.53,36925,0.04,-511675,-0.53,17078562,17078.56
3492,Entry long,2023-03-27 15:00,S1 Trend,4596.5,422,1939723,-511675,-0.53,36925,0.04,-511675,-0.53,17078562,17078.56
3493,Exit short,2023-03-28 16:30,S3 Scalp,4574.25,502,2290751.5,-276100,-0.24,12550,0.01,-294925,-0.26,16802462,16802.46
3493,Entry short,2023-03-28 16:00,S3 Hedge,4563.25,502,2290751.5,-276100,-0.24,12550,0.01,-294925,-0.26,16802462,16802.46
3494,Exit long,2023-03-29 21:00,EOD,4629.75,549,2536517.25,260775,0.21,336262.5,0.27,-322537.5,-0.25,17063238,17063.24
3494,Entry long,2023-03-29 18:30,S1 Trend,4620.25,549,2536517.25,260775,0.21,336262.5,0.27,-322537.5,-0.25,17063238,17063.24
3495,Exit long,2023-03-31 17:00,S1 Climax,4687,165,772612.5,37125,0.10,39187.5,0.10,-4125,-0.01,17100362,17100.36
3495,Entry long,2023-03-31 16:30,S1 Trend,4682.5,165,772612.5,37125,0.10,39187.5,0.10,-4125,-0.01,17100362,17100.36
3496,Exit long,2023-03-31 17:30,S1 Climax,4691.5,116,543170,52200,0.19,60900,0.22,-2900,-0.01,17152562,17152.56
3496,Entry long,2023-03-31 16:30,S1 Trend,4682.5,116,543170,52200,0.19,60900,0.22,-2900,-0.01,17152562,17152.56
3497,Exit long,2023-03-31 20:30,S1 Climax,4705.5,81,379282.5,93150,0.49,98212.5,0.52,-2025,-0.01,17245712,17245.71
3497,Entry long,2023-03-31 16:30,S1 Trend,4682.5,81,379282.5,93150,0.49,98212.5,0.52,-2025,-0.01,17245712,17245.71
3498,Exit long,2023-03-31 21:00,EOD,4709,190,889675,251750,0.57,285000,0.64,-4750,-0.01,17497462,17497.46
3498,Entry long,2023-03-31 16:30,S1 Trend,4682.5,190,889675,251750,0.57,285000,0.64,-4750,-0.01,17497462,17497.46
3499,Exit long,2023-04-03 15:30,S1 Trail,4708.25,564,2659965,-225600,-0.17,359550,0.27,-225600,-0.17,17271862,17271.86
3499,Entry long,2023-04-03 15:00,S1 Trend,4716.25,564,2659965,-225600,-0.17,359550,0.27,-225600,-0.17,17271862,17271.86
3500,Exit long,2023-04-03 21:00,EOD,4724.5,435,2046675,424125,0.41,489375,0.48,-130500,-0.13,17695988,17695.99
3500,Entry long,2023-04-03 16:00,S1 Trend,4705,435,2046675,424125,0.41,489375,0.48,-130500,-0.13,17695988,17695.99
3501,Exit long,2023-04-06 21:00,EOD,4703.5,520,2442050,188500,0.15,266500,0.22,-13000,-0.01,17884488,17884.49
3501,Entry long,2023-04-06 17:30,S1 Trend,4696.25,520,2442050,188500,0.15,266500,0.22,-13000,-0.01,17884488,17884.49
3502,Exit long,2023-04-10 21:00,EOD,4708.75,545,2560682.5,279312.5,0.22,286125,0.22,-143062.5,-0.11,18163800,18163.80
3502,Entry long,2023-04-10 18:30,S1 Trend,4698.5,545,2560682.5,279312.5,0.22,286125,0.22,-143062.5,-0.11,18163800,18163.80
3503,Exit long,2023-04-13 21:00,EOD,4744.5,492,2320518,688800,0.59,781050,0.67,-159900,-0.14,18852600,18852.60
3503,Entry long,2023-04-13 15:30,S1 Trend,4716.5,492,2320518,688800,0.59,781050,0.67,-159900,-0.14,18852600,18852.60
3504,Exit long,2023-04-14 15:30,S1 Trail,4732.5,588,2797263,-727650,-0.52,51450,0.04,-786450,-0.56,18124950,18124.95
3504,Entry long,2023-04-14 15:00,S1 Trend,4757.25,588,2797263,-727650,-0.52,51450,0.04,-786450,-0.56,18124950,18124.95
3505,Exit long,2023-04-14 17:30,S2 FairVal,4715,444,2100786,-366300,-0.35,49950,0.05,-366300,-0.35,17758650,17758.65
3505,Entry long,2023-04-14 16:00,S2 VWAP,4731.5,444,2100786,-366300,-0.35,49950,0.05,-366300,-0.35,17758650,17758.65
3506,Exit long,2023-04-17 15:30,S2 FairVal,4737.25,735,3480592.5,64312.5,0.04,183750,0.11,-137812.5,-0.08,17822962,17822.96
3506,Entry long,2023-04-17 15:00,S2 VWAP,4735.5,735,3480592.5,64312.5,0.04,183750,0.11,-137812.5,-0.08,17822962,17822.96
3507,Exit long,2023-04-20 19:30,S1 Trail,4723.5,542,2568131.5,-399725,-0.31,128725,0.10,-399725,-0.31,17423238,17423.24
3507,Entry long,2023-04-20 18:00,S1 Trend,4738.25,542,2568131.5,-399725,-0.31,128725,0.10,-399725,-0.31,17423238,17423.24
3508,Exit short,2023-04-25 21:00,EOD,4664.75,491,2294320.25,196400,0.17,227087.5,0.20,-122750,-0.11,17619638,17619.64
3508,Entry short,2023-04-25 19:00,S3 Hedge,4672.75,491,2294320.25,196400,0.17,227087.5,0.20,-122750,-0.11,17619638,17619.64
3509,Exit short,2023-04-26 16:00,S3 Scalp,4668.75,427,1988112,-272212.5,-0.27,5337.5,0.01,-272212.5,-0.27,17347424,17347.42
3509,Entry short,2023-04-26 15:30,S3 Hedge,4656,427,1988112,-272212.5,-0.27,5337.5,0.01,-272212.5,-0.27,17347424,17347.42
3510,Exit short,2023-04-26 21:00,EOD,4646,381,1770030.75,-4762.5,-0.01,109537.5,0.12,-119062.5,-0.13,17342662,17342.66
3510,Entry short,2023-04-26 20:00,S3 Hedge,4645.75,381,1770030.75,-4762.5,-0.01,109537.5,0.12,-119062.5,-0.13,17342662,17342.66
3511,Exit long,2023-04-27 18:00,S1 Climax,4699,150,703350,75000,0.21,82500,0.23,-20625,-0.06,17417662,17417.66
3511,Entry long,2023-04-27 16:30,S1 Trend,4689,150,703350,75000,0.21,82500,0.23,-20625,-0.06,17417662,17417.66
3512,Exit long,2023-04-27 18:30,S1 Climax,4702.25,105,492345,69562.5,0.28,72187.5,0.29,-14437.5,-0.06,17487224,17487.22
3512,Entry long,2023-04-27 16:30,S1 Trend,4689,105,492345,69562.5,0.28,72187.5,0.29,-14437.5,-0.06,17487224,17487.22
3513,Exit long,2023-04-27 19:00,S1 Climax,4709.5,73,342297,74825,0.44,88512.5,0.52,-10037.5,-0.06,17562050,17562.05
3513,Entry long,2023-04-27 16:30,S1 Trend,4689,73,342297,74825,0.44,88512.5,0.52,-10037.5,-0.06,17562050,17562.05
3514,Exit long,2023-04-27 19:30,S1 Climax,4718.5,51,239139,75225,0.63,79050,0.66,-7012.5,-0.06,17637276,17637.28
3514,Entry long,2023-04-27 16:30,S1 Trend,4689,51,239139,75225,0.63,79050,0.66,-7012.5,-0.06,17637276,17637.28
3515,Exit long,2023-04-27 20:00,S1 Climax,4726.75,36,168804,67950,0.81,68400,0.81,-4950,-0.06,17705224,17705.22
3515,Entry long,2023-04-27 16:30,S1 Trend,4689,36,168804,67950,0.81,68400,0.81,-4950,-0.06,17705224,17705.22
3516,Exit long,2023-04-27 20:30,S1 Climax,4725,25,117225,45000,0.77,49687.5,0.85,-3437.5,-0.06,17750224,17750.22
3516,Entry long,2023-04-27 16:30,S1 Trend,4689,25,117225,45000,0.77,49687.5,0.85,-3437.5,-0.06,17750224,17750.22
3517,Exit long,2023-04-27 21:00,EOD,4725.25,60,281340,108750,0.77,119250,0.85,-8250,-0.06,17858976,17858.98
3517,Entry long,2023-04-27 16:30,S1 Trend,4689,60,281340,108750,0.77,119250,0.85,-8250,-0.06,17858976,17858.98
3518,Exit long,2023-04-28 16:00,S1 Trail,4726.75,583,2755549.5,7287.5,0.01,670450,0.49,-65587.5,-0.05,17866262,17866.26
3518,Entry long,2023-04-28 15:00,S1 Trend,4726.5,583,2755549.5,7287.5,0.01,670450,0.49,-65587.5,-0.05,17866262,17866.26
3519,Exit long,2023-04-28 21:00,EOD,4760.75,393,1866357,230887.5,0.25,240712.5,0.26,-127725,-0.14,18097150,18097.15
3519,Entry long,2023-04-28 17:00,S1 Trend,4749,393,1866357,230887.5,0.25,240712.5,0.26,-127725,-0.14,18097150,18097.15
3520,Exit long,2023-05-01 19:30,S1 Trail,4757.25,554,2636763,-62325,-0.05,498600,0.38,-62325,-0.05,18034824,18034.82
3520,Entry long,2023-05-01 16:30,S1 Trend,4759.5,554,2636763,-62325,-0.05,498600,0.38,-62325,-0.05,18034824,18034.82
3521,Exit long,2023-05-03 20:00,S1 Trail,4707.75,445,2102736.25,-389375,-0.37,289250,0.28,-511750,-0.49,17645450,17645.45
3521,Entry long,2023-05-03 19:30,S1 Trend,4725.25,445,2102736.25,-389375,-0.37,289250,0.28,-511750,-0.49,17645450,17645.45
3522,Exit long,2023-05-05 15:30,S1 Climax,4704.75,135,634196.25,47250,0.15,69187.5,0.22,-5062.5,-0.02,17692700,17692.70
3522,Entry long,2023-05-05 15:00,S1 Trend,4697.75,135,634196.25,47250,0.15,69187.5,0.22,-5062.5,-0.02,17692700,17692.70
3523,Exit long,2023-05-05 16:00,S1 Climax,4707.25,95,446286.25,45125,0.20,72437.5,0.32,-3562.5,-0.02,17737824,17737.82
3523,Entry long,2023-05-05 15:00,S1 Trend,4697.75,95,446286.25,45125,0.20,72437.5,0.32,-3562.5,-0.02,17737824,17737.82
3524,Exit long,2023-05-05 16:30,S1 Climax,4709.75,66,310051.5,39600,0.26,50325,0.32,-2475,-0.02,17777424,17777.42
3524,Entry long,2023-05-05 15:00,S1 Trend,4697.75,66,310051.5,39600,0.26,50325,0.32,-2475,-0.02,17777424,17777.42
3525,Exit long,2023-05-05 17:00,S1 Climax,4707,46,216096.5,21275,0.20,35075,0.32,-1725,-0.02,17798700,17798.70
3525,Entry long,2023-05-05 15:00,S1 Trend,4697.75,46,216096.5,21275,0.20,35075,0.32,-1725,-0.02,17798700,17798.70
3526,Exit long,2023-05-05 18:30,S1 Climax,4711.75,33,155025.75,23100,0.30,25162.5,0.32,-1237.5,-0.02,17821800,17821.80
3526,Entry long,2023-05-05 15:00,S1 Trend,4697.75,33,155025.75,23100,0.30,25162.5,0.32,-1237.5,-0.02,17821800,17821.80
3527,Exit long,2023-05-05 19:00,S1 Climax,4715.75,23,108048.25,20700,0.38,22137.5,0.41,-862.5,-0.02,17842500,17842.50
3527,Entry long,2023-05-05 15:00,S1 Trend,4697.75,23,108048.25,20700,0.38,22137.5,0.41,-862.5,-0.02,17842500,17842.50
3528,Exit long,2023-05-05 19:30,S1 Climax,4722,16,75164,19400,0.52,20800,0.55,-600,-0.02,17861900,17861.90
3528,Entry long,2023-05-05 15:00,S1 Trend,4697.75,16,75164,19400,0.52,20800,0.55,-600,-0.02,17861900,17861.90
3529,Exit long,2023-05-05 20:00,S1 Climax,4730,11,51675.25,17737.5,0.69,20212.5,0.78,-412.5,-0.02,17879638,17879.64
3529,Entry long,2023-05-05 15:00,S1 Trend,4697.75,11,51675.25,17737.5,0.69,20212.5,0.78,-412.5,-0.02,17879638,17879.64
3530,Exit long,2023-05-05 20:30,S1 Climax,4728.25,8,37582,12200,0.65,14700,0.78,-300,-0.02,17891838,17891.84
3530,Entry long,2023-05-05 15:00,S1 Trend,4697.75,8,37582,12200,0.65,14700,0.78,-300,-0.02,17891838,17891.84
3531,Exit long,2023-05-05 21:00,EOD,4722.75,19,89257.25,23750,0.53,34912.5,0.78,-712.5,-0.02,17915588,17915.59
3531,Entry long,2023-05-05 15:00,S1 Trend,4697.75,19,89257.25,23750,0.53,34912.5,0.78,-712.5,-0.02,17915588,17915.59
3532,Exit long,2023-05-08 21:00,EOD,4724.25,570,2694675,-92625,-0.07,21375,0.02,-199500,-0.15,17822962,17822.96
3532,Entry long,2023-05-08 20:00,S1 Trend,4727.5,570,2694675,-92625,-0.07,21375,0.02,-199500,-0.15,17822962,17822.96
3533,Exit long,2023-05-11 21:00,EOD,4715.25,399,1881584.25,-9975,-0.01,19950,0.02,-159600,-0.17,17812988,17812.99
3533,Entry long,2023-05-11 20:00,S1 Trend,4715.75,399,1881584.25,-9975,-0.01,19950,0.02,-159600,-0.17,17812988,17812.99
3534,Exit long,2023-05-15 21:00,EOD,4722.5,537,2532089.25,194662.5,0.15,214800,0.17,-201375,-0.16,18007650,18007.65
3534,Entry long,2023-05-15 18:30,S1 Trend,4715.25,537,2532089.25,194662.5,0.15,214800,0.17,-201375,-0.16,18007650,18007.65
3535,Exit long,2023-05-17 21:00,EOD,4743.25,539,2539902.75,835450,0.66,1024100,0.81,-53900,-0.04,18843100,18843.10
3535,Entry long,2023-05-17 16:30,S1 Trend,4712.25,539,2539902.75,835450,0.66,1024100,0.81,-53900,-0.04,18843100,18843.10
3536,Exit long,2023-05-18 17:00,S1 Trail,4749.25,593,2824310.75,-400275,-0.28,229787.5,0.16,-400275,-0.28,18442824,18442.82
3536,Entry long,2023-05-18 16:00,S1 Trend,4762.75,593,2824310.75,-400275,-0.28,229787.5,0.16,-400275,-0.28,18442824,18442.82
3537,Exit long,2023-05-19 21:00,EOD,4776,472,2253564,35400,0.03,135700,0.12,-241900,-0.21,18478224,18478.22
3537,Entry long,2023-05-19 17:00,S2 VWAP,4774.5,472,2253564,35400,0.03,135700,0.12,-241900,-0.21,18478224,18478.22
3538,Exit short,2023-05-24 20:30,S3 Scalp,4713.25,583,2739079.75,-437250,-0.32,378950,0.28,-437250,-0.32,18040976,18040.98
3538,Entry short,2023-05-24 15:00,S3 Hedge,4698.25,583,2739079.75,-437250,-0.32,378950,0.28,-437250,-0.32,18040976,18040.98
3539,Exit long,2023-05-25 21:00,EOD,4731,359,1700224,-89750,-0.11,103212.5,0.12,-228862.5,-0.27,17951224,17951.22
3539,Entry long,2023-05-25 19:30,S1 Trend,4736,359,1700224,-89750,-0.11,103212.5,0.12,-228862.5,-0.27,17951224,17951.22
3540,Exit long,2023-05-26 15:30,S1 Climax,4776.75,140,665665,154000,0.46,154000,0.46,-8750,-0.03,18105224,18105.22
3540,Entry long,2023-05-26 15:00,S1 Trend,4754.75,140,665665,154000,0.46,154000,0.46,-8750,-0.03,18105224,18105.22
3541,Exit long,2023-05-26 16:00,S1 Climax,4778.5,98,465965.5,116375,0.50,138425,0.59,-6125,-0.03,18221600,18221.60
3541,Entry long,2023-05-26 15:00,S1 Trend,4754.75,98,465965.5,116375,0.50,138425,0.59,-6125,-0.03,18221600,18221.60
3542,Exit long,2023-05-26 21:00,EOD,4784.75,231,1098347.25,346500,0.63,436012.5,0.79,-14437.5,-0.03,18568100,18568.10
3542,Entry long,2023-05-26 15:00,S1 Trend,4754.75,231,1098347.25,346500,0.63,436012.5,0.79,-14437.5,-0.03,18568100,18568.10
3543,Exit long,2023-06-01 21:00,EOD,4799.75,467,2230041.75,572075,0.51,834762.5,0.75,-52537.5,-0.05,19140176,19140.18
3543,Entry long,2023-06-01 16:00,S1 Trend,4775.25,467,2230041.75,572075,0.51,834762.5,0.75,-52537.5,-0.05,19140176,19140.18
3544,Exit long,2023-06-02 16:00,S1 Climax,4849.75,168,810600,207900,0.51,207900,0.51,-39900,-0.10,19348076,19348.08
3544,Entry long,2023-06-02 15:00,S1 Trend,4825,168,810600,207900,0.51,207900,0.51,-39900,-0.10,19348076,19348.08
3545,Exit long,2023-06-02 16:30,S1 Climax,4857,118,569350,188800,0.66,197650,0.69,-28025,-0.10,19536876,19536.88
3545,Entry long,2023-06-02 15:00,S1 Trend,4825,118,569350,188800,0.66,197650,0.69,-28025,-0.10,19536876,19536.88
3546,Exit long,2023-06-02 17:00,S1 Climax,4855.75,83,400475,127612.5,0.64,139025,0.69,-19712.5,-0.10,19664488,19664.49
3546,Entry long,2023-06-02 15:00,S1 Trend,4825,83,400475,127612.5,0.64,139025,0.69,-19712.5,-0.10,19664488,19664.49
3547,Exit long,2023-06-02 17:30,S1 Climax,4856,58,279850,89900,0.64,97150,0.69,-13775,-0.10,19754388,19754.39
3547,Entry long,2023-06-02 15:00,S1 Trend,4825,58,279850,89900,0.64,97150,0.69,-13775,-0.10,19754388,19754.39
3548,Exit long,2023-06-02 18:00,S1 Climax,4861.75,40,193000,73500,0.76,75500,0.78,-9500,-0.10,19827888,19827.89
3548,Entry long,2023-06-02 15:00,S1 Trend,4825,40,193000,73500,0.76,75500,0.78,-9500,-0.10,19827888,19827.89
3549,Exit long,2023-06-02 18:30,S1 Climax,4864.25,28,135100,54950,0.81,56350,0.83,-6650,-0.10,19882838,19882.84
3549,Entry long,2023-06-02 15:00,S1 Trend,4825,28,135100,54950,0.81,56350,0.83,-6650,-0.10,19882838,19882.84
3550,Exit long,2023-06-02 19:00,S1 Climax,4863,20,96500,38000,0.79,40250,0.83,-4750,-0.10,19920838,19920.84
3550,Entry long,2023-06-02 15:00,S1 Trend,4825,20,96500,38000,0.79,40250,0.83,-4750,-0.10,19920838,19920.84
3551,Exit long,2023-06-02 20:00,S1 Climax,4864.75,14,67550,27825,0.82,28700,0.85,-3325,-0.10,19948662,19948.66
3551,Entry long,2023-06-02 15:00,S1 Trend,4825,14,67550,27825,0.82,28700,0.85,-3325,-0.10,19948662,19948.66
3552,Exit long,2023-06-02 21:00,EOD,4860.25,34,164050,59925,0.73,74800,0.91,-8075,-0.10,20008588,20008.59
3552,Entry long,2023-06-02 15:00,S1 Trend,4825,34,164050,59925,0.73,74800,0.91,-8075,-0.10,20008588,20008.59
3553,Exit long,2023-06-05 19:30,S1 Trail,4847,617,3002322,-586150,-0.39,15425,0.01,-586150,-0.39,19422438,19422.44
3553,Entry long,2023-06-05 18:30,S1 Trend,4866,617,3002322,-586150,-0.39,15425,0.01,-586150,-0.39,19422438,19422.44
3554,Exit long,2023-06-06 21:00,EOD,4860.75,596,2894474,126650,0.09,283100,0.20,-320350,-0.22,19549088,19549.09
3554,Entry long,2023-06-06 17:30,S1 Trend,4856.5,596,2894474,126650,0.09,283100,0.20,-320350,-0.22,19549088,19549.09
3555,Exit long,2023-06-08 21:00,EOD,4869,617,2997077.5,354775,0.24,501312.5,0.33,-84837.5,-0.06,19903862,19903.86
3555,Entry long,2023-06-08 16:00,S1 Trend,4857.5,617,2997077.5,354775,0.24,501312.5,0.33,-84837.5,-0.06,19903862,19903.86
3556,Exit long,2023-06-13 21:00,EOD,4942.5,525,2589825,249375,0.19,426562.5,0.33,-288750,-0.22,20153238,20153.24
3556,Entry long,2023-06-13 15:00,S1 Trend,4933,525,2589825,249375,0.19,426562.5,0.33,-288750,-0.22,20153238,20153.24
3557,Exit long,2023-06-14 20:30,S2 FairVal,4942.75,400,1975000,105000,0.11,360000,0.36,-135000,-0.14,20258238,20258.24
3557,Entry long,2023-06-14 20:00,S2 VWAP,4937.5,400,1975000,105000,0.11,360000,0.36,-135000,-0.14,20258238,20258.24
3558,Exit long,2023-06-15 19:00,S1 Climax,4989.75,162,803317.5,251100,0.63,265275,0.66,-28350,-0.07,20509338,20509.34
3558,Entry long,2023-06-15 15:00,S1 Trend,4958.75,162,803317.5,251100,0.63,265275,0.66,-28350,-0.07,20509338,20509.34
3559,Exit long,2023-06-15 19:30,S1 Climax,4991,113,560338.75,182212.5,0.65,190687.5,0.68,-19775,-0.07,20691550,20691.55
3559,Entry long,2023-06-15 15:00,S1 Trend,4958.75,113,560338.75,182212.5,0.65,190687.5,0.68,-19775,-0.07,20691550,20691.55
3560,Exit long,2023-06-15 20:00,S1 Climax,5009,79,391741.25,198487.5,1.01,208362.5,1.06,-13825,-0.07,20890038,20890.04
3560,Entry long,2023-06-15 15:00,S1 Trend,4958.75,79,391741.25,198487.5,1.01,208362.5,1.06,-13825,-0.07,20890038,20890.04
3561,Exit long,2023-06-15 20:30,S1 Climax,5004,55,272731.25,124437.5,0.91,145062.5,1.06,-9625,-0.07,21014476,21014.48
3561,Entry long,2023-06-15 15:00,S1 Trend,4958.75,55,272731.25,124437.5,0.91,145062.5,1.06,-9625,-0.07,21014476,21014.48
3562,Exit long,2023-06-15 21:00,EOD,4998.75,131,649596.25,262000,0.81,345512.5,1.06,-22925,-0.07,21276476,21276.48
3562,Entry long,2023-06-15 15:00,S1 Trend,4958.75,131,649596.25,262000,0.81,345512.5,1.06,-22925,-0.07,21276476,21276.48
3563,Exit long,2023-06-19 23:00,S2 FairVal,4976.75,1053,5235779.25,236925,0.09,236925,0.09,-105300,-0.04,21513400,21513.40
3563,Entry long,2023-06-19 15:30,S2 VWAP,4972.25,1053,5235779.25,236925,0.09,236925,0.09,-105300,-0.04,21513400,21513.40
3564,Exit long,2023-06-22 21:00,EOD,4949.75,569,2815696.5,35562.5,0.03,56900,0.04,-312950,-0.22,21548962,21548.96
3564,Entry long,2023-06-22 20:00,S1 Trend,4948.5,569,2815696.5,35562.5,0.03,56900,0.04,-312950,-0.22,21548962,21548.96
3565,Exit long,2023-06-27 19:00,S1 Climax,4945,196,967848,68600,0.14,73500,0.15,-2450,-0.01,21617562,21617.56
3565,Entry long,2023-06-27 18:30,S1 Trend,4938,196,967848,68600,0.14,73500,0.15,-2450,-0.01,21617562,21617.56
3566,Exit long,2023-06-27 19:30,S1 Climax,4947.75,137,676506,66787.5,0.20,71925,0.21,-1712.5,-0.01,21684350,21684.35
3566,Entry long,2023-06-27 18:30,S1 Trend,4938,137,676506,66787.5,0.20,71925,0.21,-1712.5,-0.01,21684350,21684.35
3567,Exit long,2023-06-27 20:30,S1 Climax,4950.25,96,474048,58800,0.25,60000,0.25,-1200,-0.01,21743150,21743.15
3567,Entry long,2023-06-27 18:30,S1 Trend,4938,96,474048,58800,0.25,60000,0.25,-1200,-0.01,21743150,21743.15
3568,Exit long,2023-06-27 21:00,EOD,4944,225,1111050,67500,0.12,143437.5,0.26,-2812.5,-0.01,21810650,21810.65
3568,Entry long,2023-06-27 18:30,S1 Trend,4938,225,1111050,67500,0.12,143437.5,0.26,-2812.5,-0.01,21810650,21810.65
3569,Exit long,2023-06-28 15:30,S2 FairVal,4937,971,4790428.5,169925,0.07,242750,0.10,-376262.5,-0.16,21980576,21980.58
3569,Entry long,2023-06-28 15:00,S2 VWAP,4933.5,971,4790428.5,169925,0.07,242750,0.10,-376262.5,-0.16,21980576,21980.58
3570,Exit long,2023-06-29 21:00,EOD,4962.25,567,2810760.75,141750,0.10,155925,0.11,-375637.5,-0.27,22122324,22122.32
3570,Entry long,2023-06-29 18:00,S1 Trend,4957.25,567,2810760.75,141750,0.10,155925,0.11,-375637.5,-0.27,22122324,22122.32
3571,Exit long,2023-07-07 20:00,S1 Trail,4981.5,682,3400281.5,-144925,-0.09,554125,0.33,-144925,-0.09,21977400,21977.40
3571,Entry long,2023-07-07 17:30,S1 Trend,4985.75,682,3400281.5,-144925,-0.09,554125,0.33,-144925,-0.09,21977400,21977.40
3572,Exit long,2023-07-11 21:00,EOD,4999,669,3333292.5,551925,0.33,735900,0.44,-200700,-0.12,22529324,22529.32
3572,Entry long,2023-07-11 17:30,S1 Trend,4982.5,669,3333292.5,551925,0.33,735900,0.44,-200700,-0.12,22529324,22529.32
3573,Exit long,2023-07-20 16:30,S2 FairVal,5110,772,3941253,183350,0.09,202650,0.10,-86850,-0.04,22712676,22712.68
3573,Entry long,2023-07-20 16:00,S2 VWAP,5105.25,772,3941253,183350,0.09,202650,0.10,-86850,-0.04,22712676,22712.68
3574,Exit long,2023-07-26 21:00,EOD,5122,656,3363148,-155800,-0.09,65600,0.04,-885600,-0.53,22556876,22556.88
3574,Entry long,2023-07-26 20:00,S1 Trend,5126.75,656,3363148,-155800,-0.09,65600,0.04,-885600,-0.53,22556876,22556.88
3575,Exit long,2023-07-28 18:30,S1 Trail,5120,634,3249725.5,-182275,-0.11,530975,0.33,-182275,-0.11,22374600,22374.60
3575,Entry long,2023-07-28 15:00,S1 Trend,5125.75,634,3249725.5,-182275,-0.11,530975,0.33,-182275,-0.11,22374600,22374.60
3576,Exit short,2023-08-03 16:00,S3 Scalp,5046.25,506,2546445,-347875,-0.27,18975,0.01,-347875,-0.27,22026724,22026.72
3576,Entry short,2023-08-03 15:30,S3 Hedge,5032.5,506,2546445,-347875,-0.27,18975,0.01,-347875,-0.27,22026724,22026.72
3577,Exit long,2023-08-04 19:00,S1 Trail,5060.25,497,2522647.75,-385175,-0.31,273350,0.22,-385175,-0.31,21641550,21641.55
3577,Entry long,2023-08-04 17:00,S1 Trend,5075.75,497,2522647.75,-385175,-0.31,273350,0.22,-385175,-0.31,21641550,21641.55
3578,Exit long,2023-08-07 21:00,EOD,5064,557,2818002.25,132287.5,0.09,181025,0.13,-208875,-0.15,21773838,21773.84
3578,Entry long,2023-08-07 19:00,S1 Trend,5059.25,557,2818002.25,132287.5,0.09,181025,0.13,-208875,-0.15,21773838,21773.84
3579,Exit short,2023-08-09 16:00,S3 Scalp,5018,717,3612604.5,734925,0.41,734925,0.41,-161325,-0.09,22508762,22508.76
3579,Entry short,2023-08-09 15:00,S3 Hedge,5038.5,717,3612604.5,734925,0.41,734925,0.41,-161325,-0.09,22508762,22508.76
3580,Exit long,2023-08-10 15:30,S1 Trail,5042,484,2451823,-574750,-0.47,121000,0.10,-574750,-0.47,21934012,21934.01
3580,Entry long,2023-08-10 15:00,S1 Trend,5065.75,484,2451823,-574750,-0.47,121000,0.10,-574750,-0.47,21934012,21934.01
3581,Exit long,2023-08-14 21:00,EOD,5032.75,514,2582079,237725,0.18,244150,0.19,-237725,-0.18,22171738,22171.74
3581,Entry long,2023-08-14 16:00,S1 Trend,5023.5,514,2582079,237725,0.18,244150,0.19,-237725,-0.18,22171738,22171.74
3582,Exit short,2023-08-15 21:00,EOD,4980,482,2405300.5,247025,0.21,415725,0.35,-331375,-0.28,22418762,22418.76
3582,Entry short,2023-08-15 15:30,S3 Hedge,4990.25,482,2405300.5,247025,0.21,415725,0.35,-331375,-0.28,22418762,22418.76
3583,Exit long,2023-08-21 21:00,EOD,4938.75,512,2526976,83200,0.07,294400,0.23,0,0.00,22501962,22501.96
3583,Entry long,2023-08-21 20:00,S1 Trend,4935.5,512,2526976,83200,0.07,294400,0.23,0,0.00,22501962,22501.96
3584,Exit long,2023-08-23 21:00,EOD,4974,630,3120547.5,653625,0.42,882000,0.57,-86625,-0.06,23155588,23155.59
3584,Entry long,2023-08-23 15:30,S1 Trend,4953.25,630,3120547.5,653625,0.42,882000,0.57,-86625,-0.06,23155588,23155.59
3585,Exit short,2023-08-24 16:30,S3 Scalp,4936.75,542,2690352.5,731700,0.54,731700,0.54,-33875,-0.03,23887288,23887.29
3585,Entry short,2023-08-24 15:30,S3 Hedge,4963.75,542,2690352.5,731700,0.54,731700,0.54,-33875,-0.03,23887288,23887.29
3586,Exit long,2023-08-28 21:00,EOD,4967.75,584,2901604,-21900,-0.02,204400,0.14,-562100,-0.39,23865388,23865.39
3586,Entry long,2023-08-28 18:30,S1 Trend,4968.5,584,2901604,-21900,-0.02,204400,0.14,-562100,-0.39,23865388,23865.39
3587,Exit long,2023-08-29 17:30,S1 Climax,5024,214,1065452.5,484175,0.91,497550,0.93,-5350,-0.01,24349562,24349.56
3587,Entry long,2023-08-29 15:00,S1 Trend,4978.75,214,1065452.5,484175,0.91,497550,0.93,-5350,-0.01,24349562,24349.56
3588,Exit long,2023-08-29 21:00,EOD,5031.75,501,2494353.75,1327650,1.06,1409062.5,1.13,-12525,-0.01,25677212,25677.21
3588,Entry long,2023-08-29 15:00,S1 Trend,4978.75,501,2494353.75,1327650,1.06,1409062.5,1.13,-12525,-0.01,25677212,25677.21
3589,Exit long,2023-08-30 21:00,EOD,5050.25,669,3366742.5,593737.5,0.35,811162.5,0.48,-16725,-0.01,26270950,26270.95
3589,Entry long,2023-08-30 15:30,S1 Trend,5032.5,669,3366742.5,593737.5,0.35,811162.5,0.48,-16725,-0.01,26270950,26270.95
3590,Exit long,2023-08-31 19:00,S2 FairVal,5057.25,728,3680040,81900,0.04,81900,0.04,-227500,-0.12,26352850,26352.85
3590,Entry long,2023-08-31 18:30,S2 VWAP,5055,728,3680040,81900,0.04,81900,0.04,-227500,-0.12,26352850,26352.85
3591,Exit long,2023-09-01 21:00,EOD,5049,569,2869040.25,192037.5,0.13,213375,0.15,-199150,-0.14,26544888,26544.89
3591,Entry long,2023-09-01 17:30,S2 VWAP,5042.25,569,2869040.25,192037.5,0.13,213375,0.15,-199150,-0.14,26544888,26544.89
3592,Exit long,2023-09-05 07:30,S2 FairVal,5037.25,1480,7464010,-444000,-0.12,314500,0.08,-444000,-0.12,26100888,26100.89
3592,Entry long,2023-09-04 16:30,S2 VWAP,5043.25,1480,7464010,-444000,-0.12,314500,0.08,-444000,-0.12,26100888,26100.89
3593,Exit short,2023-09-06 21:00,EOD,4997,851,4248192,-212750,-0.10,808450,0.38,-308487.5,-0.15,25888138,25888.14
3593,Entry short,2023-09-06 16:00,S3 Hedge,4992,851,4248192,-212750,-0.10,808450,0.38,-308487.5,-0.15,25888138,25888.14
3594,Exit long,2023-09-13 20:00,S1 Trail,4983,727,3634273,-581600,-0.32,290800,0.16,-699737.5,-0.39,25306538,25306.54
3594,Entry long,2023-09-13 15:00,S1 Trend,4999,727,3634273,-581600,-0.32,290800,0.16,-699737.5,-0.39,25306538,25306.54
3595,Exit long,2023-09-14 21:00,EOD,5031.75,715,3591445,312812.5,0.17,563062.5,0.31,-169812.5,-0.09,25619350,25619.35
3595,Entry long,2023-09-14 16:30,S1 Trend,5023,715,3591445,312812.5,0.17,563062.5,0.31,-169812.5,-0.09,25619350,25619.35
3596,Exit short,2023-09-15 21:00,EOD,4974.5,659,3279184,49425,0.03,172987.5,0.11,-255362.5,-0.16,25668776,25668.78
3596,Entry short,2023-09-15 18:30,S3 Hedge,4976,659,3279184,49425,0.03,172987.5,0.11,-255362.5,-0.16,25668776,25668.78
3597,Exit short,2023-09-21 15:30,S3 Scalp,4888.5,748,3647996,-430100,-0.24,56100,0.03,-542300,-0.30,25238676,25238.68
3597,Entry short,2023-09-21 15:00,S3 Hedge,4877,748,3647996,-430100,-0.24,56100,0.03,-542300,-0.30,25238676,25238.68
3598,Exit short,2023-09-21 21:00,EOD,4849.75,621,3026288.25,729675,0.48,799537.5,0.53,-349312.5,-0.23,25968350,25968.35
3598,Entry short,2023-09-21 16:30,S3 Hedge,4873.25,621,3026288.25,729675,0.48,799537.5,0.53,-349312.5,-0.23,25968350,25968.35
3599,Exit short,2023-09-26 21:00,EOD,4790.75,578,2769198,7225,0.01,252875,0.18,-86700,-0.06,25975576,25975.58
3599,Entry short,2023-09-26 19:30,S3 Hedge,4791,578,2769198,7225,0.01,252875,0.18,-86700,-0.06,25975576,25975.58
3600,Exit short,2023-09-27 19:00,S3 Scalp,4773.5,564,2684217,-401850,-0.30,155100,0.12,-401850,-0.30,25573724,25573.72
3600,Entry short,2023-09-27 18:30,S3 Hedge,4759.25,564,2684217,-401850,-0.30,155100,0.12,-401850,-0.30,25573724,25573.72
3601,Exit long,2023-09-28 21:00,EOD,4815.25,465,2237812.5,63937.5,0.06,465000,0.42,-191812.5,-0.17,25637662,25637.66
3601,Entry long,2023-09-28 16:30,S1 Trend,4812.5,465,2237812.5,63937.5,0.06,465000,0.42,-191812.5,-0.17,25637662,25637.66
3602,Exit long,2023-09-29 16:30,S1 Trail,4822.75,714,3457902,-722925,-0.42,133875,0.08,-722925,-0.42,24914738,24914.74
3602,Entry long,2023-09-29 15:00,S1 Trend,4843,714,3457902,-722925,-0.42,133875,0.08,-722925,-0.42,24914738,24914.74
3603,Exit long,2023-10-05 21:00,EOD,4768.25,456,2176944,-131100,-0.12,34200,0.03,-199500,-0.18,24783638,24783.64
3603,Entry long,2023-10-05 20:00,S1 Trend,4774,456,2176944,-131100,-0.12,34200,0.03,-199500,-0.18,24783638,24783.64
3604,Exit long,2023-10-06 21:00,EOD,4818.75,384,1836000,720000,0.78,1036800,1.13,0,0.00,25503638,25503.64
3604,Entry long,2023-10-06 16:30,S1 Trend,4781.25,384,1836000,720000,0.78,1036800,1.13,0,0.00,25503638,25503.64
3605,Exit long,2023-10-09 21:00,EOD,4846.5,605,2910957.5,1058750,0.73,1240250,0.85,-567187.5,-0.39,26562388,26562.39
3605,Entry long,2023-10-09 15:00,S1 Trend,4811.5,605,2910957.5,1058750,0.73,1240250,0.85,-567187.5,-0.39,26562388,26562.39
3606,Exit long,2023-10-10 16:30,S1 Climax,4887.5,236,1150146,165200,0.29,194700,0.34,-17700,-0.03,26727588,26727.59
3606,Entry long,2023-10-10 15:30,S1 Trend,4873.5,236,1150146,165200,0.29,194700,0.34,-17700,-0.03,26727588,26727.59
3607,Exit long,2023-10-10 17:00,S1 Climax,4893.5,165,804127.5,165000,0.41,175312.5,0.44,-12375,-0.03,26892588,26892.59
3607,Entry long,2023-10-10 15:30,S1 Trend,4873.5,165,804127.5,165000,0.41,175312.5,0.44,-12375,-0.03,26892588,26892.59
3608,Exit long,2023-10-10 17:30,S1 Climax,4894,116,565326,118900,0.42,129050,0.46,-8700,-0.03,27011488,27011.49
3608,Entry long,2023-10-10 15:30,S1 Trend,4873.5,116,565326,118900,0.42,129050,0.46,-8700,-0.03,27011488,27011.49
3609,Exit long,2023-10-10 18:00,S1 Trail,4873.25,272,1325592,-3400,-0.01,302600,0.46,-20400,-0.03,27008088,27008.09
3609,Entry long,2023-10-10 15:30,S1 Trend,4873.5,272,1325592,-3400,-0.01,302600,0.46,-20400,-0.03,27008088,27008.09
3610,Exit long,2023-10-11 19:00,S2 FairVal,4871.5,715,3477581.25,277062.5,0.16,277062.5,0.16,-348562.5,-0.20,27285150,27285.15
3610,Entry long,2023-10-11 18:00,S2 VWAP,4863.75,715,3477581.25,277062.5,0.16,277062.5,0.16,-348562.5,-0.20,27285150,27285.15
3611,Exit long,2023-10-13 15:30,S1 Trail,4854.25,745,3634482.5,-903312.5,-0.50,9312.5,0.01,-903312.5,-0.50,26381838,26381.84
3611,Entry long,2023-10-13 15:00,S1 Trend,4878.5,745,3634482.5,-903312.5,-0.50,9312.5,0.01,-903312.5,-0.50,26381838,26381.84
3612,Exit long,2023-10-16 18:00,S1 Trail,4865,715,3476330,107250,0.06,1036750,0.60,-178750,-0.10,26489088,26489.09
3612,Entry long,2023-10-16 15:00,S1 Trend,4862,715,3476330,107250,0.06,1036750,0.60,-178750,-0.10,26489088,26489.09
3613,Exit long,2023-10-17 18:30,S1 Trail,4870.5,604,2941178,30200,0.02,921100,0.63,-60400,-0.04,26519288,26519.29
3613,Entry long,2023-10-17 16:00,S1 Trend,4869.5,604,2941178,30200,0.02,921100,0.63,-60400,-0.04,26519288,26519.29
3614,Exit long,2023-10-24 17:00,S1 Trail,4736.75,697,3315106.25,-679575,-0.41,139400,0.08,-679575,-0.41,25839712,25839.71
3614,Entry long,2023-10-24 15:30,S1 Trend,4756.25,697,3315106.25,-679575,-0.41,139400,0.08,-679575,-0.41,25839712,25839.71
3615,Exit long,2023-10-30 20:00,EOD,4663,502,2341328,-25100,-0.02,257275,0.22,-169425,-0.14,25814612,25814.61
3615,Entry long,2023-10-30 18:00,S1 Trend,4664,502,2341328,-25100,-0.02,257275,0.22,-169425,-0.14,25814612,25814.61
3616,Exit long,2023-10-31 20:00,EOD,4689,520,2431780,325000,0.27,396500,0.33,-6500,-0.01,26139612,26139.61
3616,Entry long,2023-10-31 17:30,S1 Trend,4676.5,520,2431780,325000,0.27,396500,0.33,-6500,-0.01,26139612,26139.61
3617,Exit long,2023-11-01 18:30,S1 Trail,4698.5,676,3178045,-92950,-0.06,811200,0.51,-118300,-0.07,26046662,26046.66
3617,Entry long,2023-11-01 14:00,S1 Trend,4701.25,676,3178045,-92950,-0.06,811200,0.51,-118300,-0.07,26046662,26046.66
3618,Exit long,2023-11-02 14:30,S1 Climax,4787.25,250,1194937.5,93750,0.16,118750,0.20,-90625,-0.15,26140412,26140.41
3618,Entry long,2023-11-02 14:00,S1 Trend,4779.75,250,1194937.5,93750,0.16,118750,0.20,-90625,-0.15,26140412,26140.41
3619,Exit long,2023-11-02 15:00,S1 Climax,4798.5,175,836456.25,164062.5,0.39,164062.5,0.39,-63437.5,-0.15,26304476,26304.48
3619,Entry long,2023-11-02 14:00,S1 Trend,4779.75,175,836456.25,164062.5,0.39,164062.5,0.39,-63437.5,-0.15,26304476,26304.48
3620,Exit long,2023-11-02 17:00,S1 Climax,4796.25,123,587909.25,101475,0.35,129150,0.44,-44587.5,-0.15,26405950,26405.95
3620,Entry long,2023-11-02 14:00,S1 Trend,4779.75,123,587909.25,101475,0.35,129150,0.44,-44587.5,-0.15,26405950,26405.95
3621,Exit long,2023-11-02 17:30,S1 Climax,4801.5,86,411058.5,93525,0.46,101050,0.49,-31175,-0.15,26499476,26499.48
3621,Entry long,2023-11-02 14:00,S1 Trend,4779.75,86,411058.5,93525,0.46,101050,0.49,-31175,-0.15,26499476,26499.48
3622,Exit long,2023-11-02 18:00,S1 Climax,4808.25,60,286785,85500,0.60,95250,0.66,-21750,-0.15,26584976,26584.98
3622,Entry long,2023-11-02 14:00,S1 Trend,4779.75,60,286785,85500,0.60,95250,0.66,-21750,-0.15,26584976,26584.98
3623,Exit long,2023-11-02 18:30,S1 Climax,4806.75,42,200749.5,56700,0.56,66675,0.66,-15225,-0.15,26641676,26641.68
3623,Entry long,2023-11-02 14:00,S1 Trend,4779.75,42,200749.5,56700,0.56,66675,0.66,-15225,-0.15,26641676,26641.68
3624,Exit long,2023-11-02 19:00,S1 Climax,4807.75,29,138612.75,40600,0.59,46037.5,0.66,-10512.5,-0.15,26682276,26682.28
3624,Entry long,2023-11-02 14:00,S1 Trend,4779.75,29,138612.75,40600,0.59,46037.5,0.66,-10512.5,-0.15,26682276,26682.28
3625,Exit long,2023-11-02 19:30,S1 Climax,4807.75,21,100374.75,29400,0.59,33337.5,0.66,-7612.5,-0.15,26711676,26711.68
3625,Entry long,2023-11-02 14:00,S1 Trend,4779.75,21,100374.75,29400,0.59,33337.5,0.66,-7612.5,-0.15,26711676,26711.68
3626,Exit long,2023-11-02 20:00,EOD,4812.75,49,234207.75,80850,0.69,85137.5,0.73,-17762.5,-0.15,26792524,26792.52
3626,Entry long,2023-11-02 14:00,S1 Trend,4779.75,49,234207.75,80850,0.69,85137.5,0.73,-17762.5,-0.15,26792524,26792.52
3627,Exit long,2023-11-03 16:30,S1 Climax,4861,224,1086848,100800,0.19,120400,0.22,-168000,-0.31,26893324,26893.32
3627,Entry long,2023-11-03 14:00,S1 Trend,4852,224,1086848,100800,0.19,120400,0.22,-168000,-0.31,26893324,26893.32
3628,Exit long,2023-11-03 17:00,S1 Climax,4863,157,761764,86350,0.23,94200,0.25,-117750,-0.31,26979676,26979.68
3628,Entry long,2023-11-03 14:00,S1 Trend,4852,157,761764,86350,0.23,94200,0.25,-117750,-0.31,26979676,26979.68
3629,Exit long,2023-11-03 20:00,EOD,4851.5,368,1785536,-9200,-0.01,303600,0.34,-276000,-0.31,26970476,26970.48
3629,Entry long,2023-11-03 14:00,S1 Trend,4852,368,1785536,-9200,-0.01,303600,0.34,-276000,-0.31,26970476,26970.48
3630,Exit long,2023-11-06 19:00,S2 FairVal,4841.75,994,4824876,-608825,-0.25,24850,0.01,-646100,-0.27,26361650,26361.65
3630,Entry long,2023-11-06 18:00,S2 VWAP,4854,994,4824876,-608825,-0.25,24850,0.01,-646100,-0.27,26361650,26361.65
3631,Exit long,2023-11-06 20:00,S2 FairVal,4855.75,861,4173697.5,355162.5,0.17,376687.5,0.18,-53812.5,-0.03,26716812,26716.81
3631,Entry long,2023-11-06 19:30,S2 VWAP,4847.5,861,4173697.5,355162.5,0.17,376687.5,0.18,-53812.5,-0.03,26716812,26716.81
3632,Exit long,2023-11-08 18:30,S2 FairVal,4869.5,896,4355904,358400,0.16,358400,0.16,-100800,-0.05,27075212,27075.21
3632,Entry long,2023-11-08 18:00,S2 VWAP,4861.5,896,4355904,358400,0.16,358400,0.16,-100800,-0.05,27075212,27075.21
3633,Exit long,2023-11-10 21:00,EOD,4907,826,4013327.5,1992725,0.99,2126950,1.06,-588525,-0.29,29067938,29067.94
3633,Entry long,2023-11-10 15:00,S1 Trend,4858.75,826,4013327.5,1992725,0.99,2126950,1.06,-588525,-0.29,29067938,29067.94
3634,Exit long,2023-11-14 15:30,S1 Climax,4988.75,187,931119.75,88825,0.19,93500,0.20,-28050,-0.06,29156762,29156.76
3634,Entry long,2023-11-14 15:00,S1 Trend,4979.25,187,931119.75,88825,0.19,93500,0.20,-28050,-0.06,29156762,29156.76
3635,Exit long,2023-11-14 16:00,S1 Climax,4990,131,652281.75,70412.5,0.22,96612.5,0.30,-19650,-0.06,29227176,29227.18
3635,Entry long,2023-11-14 15:00,S1 Trend,4979.25,131,652281.75,70412.5,0.22,96612.5,0.30,-19650,-0.06,29227176,29227.18
3636,Exit long,2023-11-14 16:30,S1 Climax,4994.75,92,458091,71300,0.31,83950,0.37,-13800,-0.06,29298476,29298.48
3636,Entry long,2023-11-14 15:00,S1 Trend,4979.25,92,458091,71300,0.31,83950,0.37,-13800,-0.06,29298476,29298.48
3637,Exit long,2023-11-14 21:00,EOD,4987.25,215,1070538.75,86000,0.16,233812.5,0.44,-32250,-0.06,29384476,29384.48
3637,Entry long,2023-11-14 15:00,S1 Trend,4979.25,215,1070538.75,86000,0.16,233812.5,0.44,-32250,-0.06,29384476,29384.48
3638,Exit long,2023-11-16 16:30,S1 Trail,4978.5,881,4402357,-814925,-0.37,154175,0.07,-814925,-0.37,28569550,28569.55
3638,Entry long,2023-11-16 15:30,S1 Trend,4997,881,4402357,-814925,-0.37,154175,0.07,-814925,-0.37,28569550,28569.55
3639,Exit long,2023-11-16 17:30,S2 FairVal,4991.5,757,3773645,246025,0.13,246025,0.13,-47312.5,-0.03,28815576,28815.58
3639,Entry long,2023-11-16 17:00,S2 VWAP,4985,757,3773645,246025,0.13,246025,0.13,-47312.5,-0.03,28815576,28815.58
3640,Exit long,2023-12-01 21:00,EOD,5078,813,4115609.25,640237.5,0.31,904462.5,0.44,-254062.5,-0.12,29455812,29455.81
3640,Entry long,2023-12-01 16:30,S1 Trend,5062.25,813,4115609.25,640237.5,0.31,904462.5,0.44,-254062.5,-0.12,29455812,29455.81
3641,Exit long,2023-12-05 17:30,S1 Trail,5039,875,4427718.75,-929687.5,-0.42,87500,0.04,-929687.5,-0.42,28526124,28526.12
3641,Entry long,2023-12-05 16:00,S1 Trend,5060.25,875,4427718.75,-929687.5,-0.42,87500,0.04,-929687.5,-0.42,28526124,28526.12
3642,Exit long,2023-12-07 21:00,EOD,5065.25,828,4194648,-31050,-0.01,279450,0.13,-134550,-0.06,28495076,28495.08
3642,Entry long,2023-12-07 17:30,S1 Trend,5066,828,4194648,-31050,-0.01,279450,0.13,-134550,-0.06,28495076,28495.08
3643,Exit long,2023-12-08 17:00,S1 Trail,5058.75,742,3770473,-844025,-0.45,92750,0.05,-844025,-0.45,27651050,27651.05
3643,Entry long,2023-12-08 15:30,S1 Trend,5081.5,742,3770473,-844025,-0.45,92750,0.05,-844025,-0.45,27651050,27651.05
3644,Exit long,2023-12-08 21:00,EOD,5084.25,653,3321811,-89787.5,-0.05,114275,0.07,-163250,-0.10,27561262,27561.26
3644,Entry long,2023-12-08 20:00,S1 Trend,5087,653,3321811,-89787.5,-0.05,114275,0.07,-163250,-0.10,27561262,27561.26
3645,Exit long,2023-12-13 19:30,S2 FairVal,5155.25,1358,6957713,2155825,0.62,2410450,0.69,-16975,0.00,29717088,29717.09
3645,Entry long,2023-12-13 19:00,S2 VWAP,5123.5,1358,6957713,2155825,0.62,2410450,0.69,-16975,0.00,29717088,29717.09
3646,Exit long,2023-12-13 21:00,EOD,5185,739,3827096.25,230937.5,0.12,360262.5,0.19,-637387.5,-0.33,29948024,29948.02
3646,Entry long,2023-12-13 20:00,S1 Trend,5178.75,739,3827096.25,230937.5,0.12,360262.5,0.19,-637387.5,-0.33,29948024,29948.02
3647,Exit long,2023-12-14 18:00,S1 Trail,5187.5,839,4371190,-943875,-0.43,94387.5,0.04,-943875,-0.43,29004150,29004.15
3647,Entry long,2023-12-14 15:00,S1 Trend,5210,839,4371190,-943875,-0.43,94387.5,0.04,-943875,-0.43,29004150,29004.15
3648,Exit long,2023-12-14 20:30,S2 FairVal,5198.5,587,3046530,249475,0.16,249475,0.16,-73375,-0.05,29253624,29253.62
3648,Entry long,2023-12-14 19:30,S2 VWAP,5190,587,3046530,249475,0.16,249475,0.16,-73375,-0.05,29253624,29253.62
3649,Exit long,2024-01-08 19:30,S1 Climax,5209.75,255,1324533.75,197625,0.30,200812.5,0.30,-31875,-0.05,29451250,29451.25
3649,Entry long,2024-01-08 18:00,S1 Trend,5194.25,255,1324533.75,197625,0.30,200812.5,0.30,-31875,-0.05,29451250,29451.25
3650,Exit long,2024-01-08 20:00,S1 Climax,5217.5,179,929770.75,208087.5,0.45,232700,0.50,-22375,-0.05,29659338,29659.34
3650,Entry long,2024-01-08 18:00,S1 Trend,5194.25,179,929770.75,208087.5,0.45,232700,0.50,-22375,-0.05,29659338,29659.34
3651,Exit long,2024-01-08 20:30,S1 Climax,5216.75,125,649281.25,140625,0.43,162500,0.50,-15625,-0.05,29799962,29799.96
3651,Entry long,2024-01-08 18:00,S1 Trend,5194.25,125,649281.25,140625,0.43,162500,0.50,-15625,-0.05,29799962,29799.96
3652,Exit long,2024-01-08 21:00,EOD,5225.75,294,1527109.5,463050,0.61,488775,0.64,-36750,-0.05,30263012,30263.01
3652,Entry long,2024-01-08 18:00,S1 Trend,5194.25,294,1527109.5,463050,0.61,488775,0.64,-36750,-0.05,30263012,30263.01
3653,Exit long,2024-01-12 21:00,EOD,5241,676,3546296,-169000,-0.10,118300,0.07,-659100,-0.37,30094012,30094.01
3653,Entry long,2024-01-12 15:00,S1 Trend,5246,676,3546296,-169000,-0.10,118300,0.07,-659100,-0.37,30094012,30094.01
3654,Exit long,2024-01-16 17:30,S1 Trail,5213.75,723,3783278.25,-686850,-0.36,262087.5,0.14,-686850,-0.36,29407162,29407.16
3654,Entry long,2024-01-16 15:30,S1 Trend,5232.75,723,3783278.25,-686850,-0.36,262087.5,0.14,-686850,-0.36,29407162,29407.16
3655,Exit short,2024-01-17 20:30,S3 Scalp,5191,752,3894608,-451200,-0.23,319600,0.16,-451200,-0.23,28955962,28955.96
3655,Entry short,2024-01-17 18:30,S3 Hedge,5179,752,3894608,-451200,-0.23,319600,0.16,-451200,-0.23,28955962,28955.96
3656,Exit long,2024-01-18 21:00,EOD,5235.25,651,3402614.25,276675,0.16,471975,0.28,-227850,-0.13,29232638,29232.64
3656,Entry long,2024-01-18 19:30,S1 Trend,5226.75,651,3402614.25,276675,0.16,471975,0.28,-227850,-0.13,29232638,29232.64
3657,Exit long,2024-01-19 19:30,S1 Climax,5290.75,219,1154732.25,197100,0.34,281962.5,0.49,-54750,-0.09,29429738,29429.74
3657,Entry long,2024-01-19 18:00,S1 Trend,5272.75,219,1154732.25,197100,0.34,281962.5,0.49,-54750,-0.09,29429738,29429.74
3658,Exit long,2024-01-19 20:00,S1 Climax,5293.25,153,806730.75,156825,0.39,196987.5,0.49,-38250,-0.09,29586562,29586.56
3658,Entry long,2024-01-19 18:00,S1 Trend,5272.75,153,806730.75,156825,0.39,196987.5,0.49,-38250,-0.09,29586562,29586.56
3659,Exit long,2024-01-19 20:30,S1 Climax,5292.25,108,569457,105300,0.37,139050,0.49,-27000,-0.09,29691862,29691.86
3659,Entry long,2024-01-19 18:00,S1 Trend,5272.75,108,569457,105300,0.37,139050,0.49,-27000,-0.09,29691862,29691.86
3660,Exit long,2024-01-19 21:00,EOD,5295,252,1328733,280350,0.42,324450,0.49,-63000,-0.09,29972212,29972.21
3660,Entry long,2024-01-19 18:00,S1 Trend,5272.75,252,1328733,280350,0.42,324450,0.49,-63000,-0.09,29972212,29972.21
3661,Exit long,2024-01-22 20:00,S2 FairVal,5310.5,861,4570618.5,86100,0.04,86100,0.04,-355162.5,-0.16,30058312,30058.31
3661,Entry long,2024-01-22 19:00,S2 VWAP,5308.5,861,4570618.5,86100,0.04,86100,0.04,-355162.5,-0.16,30058312,30058.31
3662,Exit long,2024-01-24 21:00,EOD,5323,825,4401375,-495000,-0.22,144375,0.07,-639375,-0.29,29563312,29563.31
3662,Entry long,2024-01-24 20:00,S2 VWAP,5335,825,4401375,-495000,-0.22,144375,0.07,-639375,-0.29,29563312,29563.31
3663,Exit long,2024-01-26 17:30,S1 Trail,5336.25,810,4339575,-860625,-0.40,40500,0.02,-860625,-0.40,28702688,28702.69
3663,Entry long,2024-01-26 16:00,S1 Trend,5357.5,810,4339575,-860625,-0.40,40500,0.02,-860625,-0.40,28702688,28702.69
3664,Exit long,2024-02-01 21:00,EOD,5353.75,578,3083630,541875,0.35,549100,0.36,-339575,-0.22,29244562,29244.56
3664,Entry long,2024-02-01 18:00,S1 Trend,5335,578,3083630,541875,0.35,549100,0.36,-339575,-0.22,29244562,29244.56
3665,Exit long,2024-02-02 21:00,EOD,5403.75,630,3395857.5,425250,0.25,1000125,0.59,-228375,-0.13,29669812,29669.81
3665,Entry long,2024-02-02 16:30,S1 Trend,5390.25,630,3395857.5,425250,0.25,1000125,0.59,-228375,-0.13,29669812,29669.81
3666,Exit long,2024-02-05 17:00,S2 FairVal,5382.5,755,4056615,358625,0.18,358625,0.18,0,0.00,30028438,30028.44
3666,Entry long,2024-02-05 16:30,S2 VWAP,5373,755,4056615,358625,0.18,358625,0.18,0,0.00,30028438,30028.44
3667,Exit long,2024-02-05 21:00,EOD,5385.25,772,4168800,-569350,-0.27,9650,0.00,-588650,-0.28,29459088,29459.09
3667,Entry long,2024-02-05 20:00,S1 Trend,5400,772,4168800,-569350,-0.27,9650,0.00,-588650,-0.28,29459088,29459.09
3668,Exit long,2024-02-07 21:00,EOD,5439.75,794,4320154,-49625,-0.02,129025,0.06,-238200,-0.11,29409462,29409.46
3668,Entry long,2024-02-07 18:30,S1 Trend,5441,794,4320154,-49625,-0.02,129025,0.06,-238200,-0.11,29409462,29409.46
3669,Exit long,2024-02-15 21:00,EOD,5470.75,828,4525227,227700,0.10,310500,0.14,-238050,-0.11,29637162,29637.16
3669,Entry long,2024-02-15 18:30,S1 Trend,5465.25,828,4525227,227700,0.10,310500,0.14,-238050,-0.11,29637162,29637.16
3670,Exit long,2024-02-16 20:30,S1 Trail,5449,755,4134568.75,-1028687.5,-0.50,28312.5,0.01,-1028687.5,-0.50,28608476,28608.48
3670,Entry long,2024-02-16 19:30,S1 Trend,5476.25,755,4134568.75,-1028687.5,-0.50,28312.5,0.01,-1028687.5,-0.50,28608476,28608.48
3671,Exit long,2024-02-22 19:00,S1 Climax,5519.25,220,1209285,247500,0.41,250250,0.41,-55000,-0.09,28855976,28855.98
3671,Entry long,2024-02-22 15:00,S1 Trend,5496.75,220,1209285,247500,0.41,250250,0.41,-55000,-0.09,28855976,28855.98
3672,Exit long,2024-02-22 19:30,S1 Climax,5531.5,154,846499.5,267575,0.63,271425,0.64,-38500,-0.09,29123550,29123.55
3672,Entry long,2024-02-22 15:00,S1 Trend,5496.75,154,846499.5,267575,0.63,271425,0.64,-38500,-0.09,29123550,29123.55
3673,Exit long,2024-02-22 21:00,EOD,5521.75,361,1984326.75,451250,0.45,636262.5,0.64,-90250,-0.09,29574800,29574.80
3673,Entry long,2024-02-22 15:00,S1 Trend,5496.75,361,1984326.75,451250,0.45,636262.5,0.64,-90250,-0.09,29574800,29574.80
3674,Exit long,2024-02-26 21:00,EOD,5504.25,940,5182455,-423000,-0.16,270250,0.10,-481750,-0.19,29151800,29151.80
3674,Entry long,2024-02-26 19:00,S2 VWAP,5513.25,940,5182455,-423000,-0.16,270250,0.10,-481750,-0.19,29151800,29151.80
3675,Exit long,2024-03-01 19:30,S1 Climax,5572.5,242,1342858,284350,0.42,287375,0.43,-84700,-0.13,29436150,29436.15
3675,Entry long,2024-03-01 16:30,S1 Trend,5549,242,1342858,284350,0.42,287375,0.43,-84700,-0.13,29436150,29436.15
3676,Exit long,2024-03-01 21:00,EOD,5569.25,566,3140734,573075,0.36,693350,0.44,-198100,-0.13,30009224,30009.22
3676,Entry long,2024-03-01 16:30,S1 Trend,5549,566,3140734,573075,0.36,693350,0.44,-198100,-0.13,30009224,30009.22
3677,Exit long,2024-03-06 18:30,S1 Trail,5535,817,4535575.5,-674025,-0.30,296162.5,0.13,-674025,-0.30,29335200,29335.20
3677,Entry long,2024-03-06 16:30,S1 Trend,5551.5,817,4535575.5,-674025,-0.30,296162.5,0.13,-674025,-0.30,29335200,29335.20
3678,Exit long,2024-03-07 16:00,S1 Climax,5579.25,230,1281042.5,109250,0.17,169625,0.26,-48875,-0.08,29444450,29444.45
3678,Entry long,2024-03-07 15:00,S1 Trend,5569.75,230,1281042.5,109250,0.17,169625,0.26,-48875,-0.08,29444450,29444.45
3679,Exit long,2024-03-07 16:30,S1 Climax,5580.25,161,896729.75,84525,0.19,118737.5,0.26,-34212.5,-0.08,29528976,29528.98
3679,Entry long,2024-03-07 15:00,S1 Trend,5569.75,161,896729.75,84525,0.19,118737.5,0.26,-34212.5,-0.08,29528976,29528.98
3680,Exit long,2024-03-07 17:00,S1 Climax,5582.25,113,629381.75,70625,0.22,83337.5,0.26,-24012.5,-0.08,29599600,29599.60
3680,Entry long,2024-03-07 15:00,S1 Trend,5569.75,113,629381.75,70625,0.22,83337.5,0.26,-24012.5,-0.08,29599600,29599.60
3681,Exit long,2024-03-07 18:30,S1 Climax,5585.75,79,440010.25,63200,0.29,63200,0.29,-16787.5,-0.08,29662800,29662.80
3681,Entry long,2024-03-07 15:00,S1 Trend,5569.75,79,440010.25,63200,0.29,63200,0.29,-16787.5,-0.08,29662800,29662.80
3682,Exit long,2024-03-07 19:00,S1 Climax,5593,55,306336.25,63937.5,0.42,68750,0.45,-11687.5,-0.08,29726738,29726.74
3682,Entry long,2024-03-07 15:00,S1 Trend,5569.75,55,306336.25,63937.5,0.42,68750,0.45,-11687.5,-0.08,29726738,29726.74
3683,Exit long,2024-03-07 21:00,EOD,5583.75,130,724067.5,91000,0.25,162500,0.45,-27625,-0.08,29817738,29817.74
3683,Entry long,2024-03-07 15:00,S1 Trend,5569.75,130,724067.5,91000,0.25,162500,0.45,-27625,-0.08,29817738,29817.74
3684,Exit long,2024-03-08 16:00,S1 Trail,5589.75,642,3603225,-730275,-0.41,152475,0.08,-730275,-0.41,29087462,29087.46
3684,Entry long,2024-03-08 15:00,S1 Trend,5612.5,642,3603225,-730275,-0.41,152475,0.08,-730275,-0.41,29087462,29087.46
3685,Exit long,2024-03-08 21:00,EOD,5552.75,449,2500705.5,-376037.5,-0.30,224500,0.18,-398487.5,-0.32,28711424,28711.42
3685,Entry long,2024-03-08 19:30,S2 VWAP,5569.5,449,2500705.5,-376037.5,-0.30,224500,0.18,-398487.5,-0.32,28711424,28711.42
3686,Exit long,2024-03-12 20:00,EOD,5603,542,3026663.5,508125,0.34,650400,0.43,-413275,-0.27,29219550,29219.55
3686,Entry long,2024-03-12 14:30,S1 Trend,5584.25,542,3026663.5,508125,0.34,650400,0.43,-413275,-0.27,29219550,29219.55
3687,Exit long,2024-03-19 20:00,EOD,5604,749,4173615.25,1189037.5,0.57,1273300,0.61,0,0.00,30408588,30408.59
3687,Entry long,2024-03-19 15:30,S1 Trend,5572.25,749,4173615.25,1189037.5,0.57,1273300,0.61,0,0.00,30408588,30408.59
3688,Exit long,2024-03-20 20:00,EOD,5649,798,4485358.5,1127175,0.50,1206975,0.54,-728175,-0.32,31535762,31535.76
3688,Entry long,2024-03-20 18:30,S1 Trend,5620.75,798,4485358.5,1127175,0.50,1206975,0.54,-728175,-0.32,31535762,31535.76
3689,Exit long,2024-04-05 19:00,S1 Trail,5598.75,534,3003216,-674175,-0.45,267000,0.18,-674175,-0.45,30861588,30861.59
3689,Entry long,2024-04-05 17:00,S1 Trend,5624,534,3003216,-674175,-0.45,267000,0.18,-674175,-0.45,30861588,30861.59
3690,Exit long,2024-04-08 21:00,EOD,5616,719,4046891.5,-449375,-0.22,53925,0.03,-781912.5,-0.39,30412212,30412.21
3690,Entry long,2024-04-08 16:00,S1 Trend,5628.5,719,4046891.5,-449375,-0.22,53925,0.03,-781912.5,-0.39,30412212,30412.21
3691,Exit long,2024-04-11 21:00,EOD,5603.75,454,2541946,107825,0.08,454000,0.36,-124850,-0.10,30520038,30520.04
3691,Entry long,2024-04-11 18:30,S1 Trend,5599,454,2541946,107825,0.08,454000,0.36,-124850,-0.10,30520038,30520.04
3692,Exit long,2024-04-22 20:30,S1 Trail,5404,589,3189140.5,-309225,-0.19,699437.5,0.44,-309225,-0.19,30210812,30210.81
3692,Entry long,2024-04-22 18:30,S1 Trend,5414.5,589,3189140.5,-309225,-0.19,699437.5,0.44,-309225,-0.19,30210812,30210.81
3693,Exit long,2024-04-23 16:00,S1 Climax,5465.75,226,1230344,245775,0.40,259900,0.42,-45200,-0.07,30456588,30456.59
3693,Entry long,2024-04-23 15:00,S1 Trend,5444,226,1230344,245775,0.40,259900,0.42,-45200,-0.07,30456588,30456.59
3694,Exit long,2024-04-23 21:00,EOD,5469.25,528,2874432,666600,0.46,798600,0.56,-105600,-0.07,31123188,31123.19
3694,Entry long,2024-04-23 15:00,S1 Trend,5444,528,2874432,666600,0.46,798600,0.56,-105600,-0.07,31123188,31123.19
3695,Exit short,2024-04-24 21:00,EOD,5467,813,4442638.5,-101625,-0.05,853650,0.38,-548775,-0.25,31021562,31021.56
3695,Entry short,2024-04-24 16:00,S3 Hedge,5464.5,813,4442638.5,-101625,-0.05,853650,0.38,-548775,-0.25,31021562,31021.56
3696,Exit long,2024-04-25 21:00,EOD,5444.25,482,2624369.5,-12050,-0.01,180750,0.14,-451875,-0.34,31009512,31009.51
3696,Entry long,2024-04-25 19:00,S1 Trend,5444.75,482,2624369.5,-12050,-0.01,180750,0.14,-451875,-0.34,31009512,31009.51
3697,Exit long,2024-04-26 21:00,EOD,5491,567,3113680.5,-14175,-0.01,467775,0.30,-70875,-0.05,30995338,30995.34
3697,Entry long,2024-04-26 16:30,S1 Trend,5491.5,567,3113680.5,-14175,-0.01,467775,0.30,-70875,-0.05,30995338,30995.34
3698,Exit long,2024-05-01 20:30,S1 Trail,5443.5,448,2454816,-806400,-0.66,196000,0.16,-806400,-0.66,30188938,30188.94
3698,Entry long,2024-05-01 20:00,S1 Trend,5479.5,448,2454816,-806400,-0.66,196000,0.16,-806400,-0.66,30188938,30188.94
3699,Exit long,2024-05-02 21:00,EOD,5453,508,2772537,-120650,-0.09,114300,0.08,-412750,-0.30,30068288,30068.29
3699,Entry long,2024-05-02 20:00,S1 Trend,5457.75,508,2772537,-120650,-0.09,114300,0.08,-412750,-0.30,30068288,30068.29
3700,Exit long,2024-05-03 15:30,S1 Trail,5491.75,601,3316919,-818862.5,-0.49,277962.5,0.17,-893987.5,-0.54,29249424,29249.42
3700,Entry long,2024-05-03 15:00,S1 Trend,5519,601,3316919,-818862.5,-0.49,277962.5,0.17,-893987.5,-0.54,29249424,29249.42
3701,Exit long,2024-05-16 20:30,S2 FairVal,5683,879,5006784,-571350,-0.23,54937.5,0.02,-571350,-0.23,28678076,28678.08
3701,Entry long,2024-05-16 20:00,S2 VWAP,5696,879,5006784,-571350,-0.23,54937.5,0.02,-571350,-0.23,28678076,28678.08
3702,Exit long,2024-05-17 20:30,S2 FairVal,5686.75,958,5443835,203575,0.07,239500,0.09,-107775,-0.04,28881650,28881.65
3702,Entry long,2024-05-17 20:00,S2 VWAP,5682.5,958,5443835,203575,0.07,239500,0.09,-107775,-0.04,28881650,28881.65
3703,Exit long,2024-05-20 15:30,S2 FairVal,5707,1420,8101810,106500,0.03,159750,0.04,-319500,-0.08,28988150,28988.15
3703,Entry long,2024-05-20 15:00,S2 VWAP,5705.5,1420,8101810,106500,0.03,159750,0.04,-319500,-0.08,28988150,28988.15
3704,Exit long,2024-05-24 21:00,EOD,5683,782,4445865.5,-87975,-0.04,156400,0.07,-566950,-0.26,28900176,28900.18
3704,Entry long,2024-05-24 16:30,S1 Trend,5685.25,782,4445865.5,-87975,-0.04,156400,0.07,-566950,-0.26,28900176,28900.18
3705,Exit long,2024-06-03 17:00,S2 FairVal,5628,632,3568588,-584600,-0.33,94800,0.05,-584600,-0.33,28315576,28315.58
3705,Entry long,2024-06-03 16:30,S2 VWAP,5646.5,632,3568588,-584600,-0.33,94800,0.05,-584600,-0.33,28315576,28315.58
3706,Exit long,2024-06-04 21:00,EOD,5665.5,697,3939269.75,479187.5,0.24,766700,0.39,-723137.5,-0.37,28794762,28794.76
3706,Entry long,2024-06-04 15:30,S1 Trend,5651.75,697,3939269.75,479187.5,0.24,766700,0.39,-723137.5,-0.37,28794762,28794.76
3707,Exit long,2024-06-06 19:00,S2 FairVal,5710,996,5698614,-572700,-0.20,174300,0.06,-572700,-0.20,28222062,28222.06
3707,Entry long,2024-06-06 18:30,S2 VWAP,5721.5,996,5698614,-572700,-0.20,174300,0.06,-572700,-0.20,28222062,28222.06
3708,Exit long,2024-06-07 19:00,S1 Trail,5716,597,3421556.25,-455212.5,-0.27,470137.5,0.27,-455212.5,-0.27,27766850,27766.85
3708,Entry long,2024-06-07 16:00,S1 Trend,5731.25,597,3421556.25,-455212.5,-0.27,470137.5,0.27,-455212.5,-0.27,27766850,27766.85
3709,Exit long,2024-06-11 21:00,EOD,5745.5,747,4278816,653625,0.31,700312.5,0.33,-102712.5,-0.05,28420476,28420.48
3709,Entry long,2024-06-11 19:00,S1 Trend,5728,747,4278816,653625,0.31,700312.5,0.33,-102712.5,-0.05,28420476,28420.48
3710,Exit long,2024-06-12 16:00,S1 Climax,5806.25,221,1285004.5,-91162.5,-0.14,5525,0.01,-124312.5,-0.19,28329312,28329.31
3710,Entry long,2024-06-12 15:30,S1 Trend,5814.5,221,1285004.5,-91162.5,-0.14,5525,0.01,-124312.5,-0.19,28329312,28329.31
3711,Exit long,2024-06-12 16:30,S1 Climax,5807.75,155,901247.5,-52312.5,-0.12,3875,0.01,-104625,-0.23,28277000,28277.00
3711,Entry long,2024-06-12 15:30,S1 Trend,5814.5,155,901247.5,-52312.5,-0.12,3875,0.01,-104625,-0.23,28277000,28277.00
3712,Exit long,2024-06-12 19:00,S1 Trail,5790.75,362,2104849,-429875,-0.41,9050,0.01,-429875,-0.41,27847124,27847.12
3712,Entry long,2024-06-12 15:30,S1 Trend,5814.5,362,2104849,-429875,-0.41,9050,0.01,-429875,-0.41,27847124,27847.12
3713,Exit long,2024-06-13 18:30,S2 FairVal,5791.5,646,3734687.5,331075,0.18,403750,0.22,-48450,-0.03,28178200,28178.20
3713,Entry long,2024-06-13 18:00,S2 VWAP,5781.25,646,3734687.5,331075,0.18,403750,0.22,-48450,-0.03,28178200,28178.20
3714,Exit long,2024-06-14 21:00,EOD,5799,688,3980768,447200,0.22,481600,0.24,-395600,-0.20,28625400,28625.40
3714,Entry long,2024-06-14 16:30,S1 Trend,5786,688,3980768,447200,0.22,481600,0.24,-395600,-0.20,28625400,28625.40
3715,Exit long,2024-06-17 20:00,S1 Climax,5851,219,1281861.75,-24637.5,-0.04,19162.5,0.03,-60225,-0.09,28600762,28600.76
3715,Entry long,2024-06-17 19:30,S1 Trend,5853.25,219,1281861.75,-24637.5,-0.04,19162.5,0.03,-60225,-0.09,28600762,28600.76
3716,Exit long,2024-06-17 20:30,S1 Climax,5856.5,153,895547.25,24862.5,0.06,30600,0.07,-42075,-0.09,28625624,28625.62
3716,Entry long,2024-06-17 19:30,S1 Trend,5853.25,153,895547.25,24862.5,0.06,30600,0.07,-42075,-0.09,28625624,28625.62
3717,Exit long,2024-06-17 21:00,EOD,5844.25,358,2095463.5,-161100,-0.15,71600,0.07,-219275,-0.21,28464524,28464.52
3717,Entry long,2024-06-17 19:30,S1 Trend,5853.25,358,2095463.5,-161100,-0.15,71600,0.07,-219275,-0.21,28464524,28464.52
3718,Exit long,2024-07-02 21:00,EOD,5866.25,749,4380713.75,655375,0.30,664737.5,0.30,-18725,-0.01,29119900,29119.90
3718,Entry long,2024-07-02 19:00,S1 Trend,5848.75,749,4380713.75,655375,0.30,664737.5,0.30,-18725,-0.01,29119900,29119.90
3719,Exit long,2024-07-09 21:00,EOD,5928.75,1064,6308456,-13300,0.00,93100,0.03,-212800,-0.07,29106600,29106.60
3719,Entry long,2024-07-09 20:00,S2 VWAP,5929,1064,6308456,-13300,0.00,93100,0.03,-212800,-0.07,29106600,29106.60
3720,Exit long,2024-07-12 16:30,S1 Climax,5984.75,213,1273580.25,58575,0.09,61237.5,0.10,-18637.5,-0.03,29165176,29165.18
3720,Entry long,2024-07-12 16:00,S1 Trend,5979.25,213,1273580.25,58575,0.09,61237.5,0.10,-18637.5,-0.03,29165176,29165.18
3721,Exit long,2024-07-12 20:30,S1 Trail,5977.25,499,2983645.75,-49900,-0.03,642462.5,0.43,-268212.5,-0.18,29115276,29115.28
3721,Entry long,2024-07-12 16:00,S1 Trend,5979.25,499,2983645.75,-49900,-0.03,642462.5,0.43,-268212.5,-0.18,29115276,29115.28
3722,Exit long,2024-07-16 21:00,EOD,6014.75,669,4022028,91987.5,0.05,200700,0.10,-200700,-0.10,29207262,29207.26
3722,Entry long,2024-07-16 20:00,S1 Trend,6012,669,4022028,91987.5,0.05,200700,0.10,-200700,-0.10,29207262,29207.26
3723,Exit short,2024-07-19 21:00,EOD,5850.5,463,2711675.25,144687.5,0.11,416700,0.31,-428275,-0.32,29351950,29351.95
3723,Entry short,2024-07-19 16:30,S3 Hedge,5856.75,463,2711675.25,144687.5,0.11,416700,0.31,-428275,-0.32,29351950,29351.95
3724,Exit long,2024-07-22 21:00,EOD,5906.5,537,3171253.5,26850,0.02,194662.5,0.12,-107400,-0.07,29378800,29378.80
3724,Entry long,2024-07-22 19:00,S1 Trend,5905.5,537,3171253.5,26850,0.02,194662.5,0.12,-107400,-0.07,29378800,29378.80
3725,Exit long,2024-07-23 20:30,S1 Trail,5898,744,4403922,-790500,-0.36,269700,0.12,-790500,-0.36,28588300,28588.30
3725,Entry long,2024-07-23 15:30,S1 Trend,5919.25,744,4403922,-790500,-0.36,269700,0.12,-790500,-0.36,28588300,28588.30
3726,Exit short,2024-07-24 17:30,S3 Scalp,5793,614,3575782.5,944025,0.53,944025,0.53,-53725,-0.03,29532324,29532.32
3726,Entry short,2024-07-24 15:00,S3 Hedge,5823.75,614,3575782.5,944025,0.53,944025,0.53,-53725,-0.03,29532324,29532.32
3727,Exit short,2024-07-24 21:00,EOD,5768.75,567,3282363,574087.5,0.35,857587.5,0.52,-77962.5,-0.05,30106412,30106.41
3727,Entry short,2024-07-24 19:30,S3 Hedge,5789,567,3282363,574087.5,0.35,857587.5,0.52,-77962.5,-0.05,30106412,30106.41
3728,Exit long,2024-07-26 19:30,S1 Trail,5788.75,508,2950591,-495300,-0.34,425450,0.29,-495300,-0.34,29611112,29611.11
3728,Entry long,2024-07-26 17:30,S1 Trend,5808.25,508,2950591,-495300,-0.34,425450,0.29,-495300,-0.34,29611112,29611.11
3729,Exit long,2024-07-31 16:00,S1 Climax,5856,181,1059483.5,22625,0.04,90500,0.17,-63350,-0.12,29633738,29633.74
3729,Entry long,2024-07-31 15:30,S1 Trend,5853.5,181,1059483.5,22625,0.04,90500,0.17,-63350,-0.12,29633738,29633.74
3730,Exit long,2024-07-31 16:30,S1 Climax,5861.5,126,737541,50400,0.14,63000,0.17,-44100,-0.12,29684138,29684.14
3730,Entry long,2024-07-31 15:30,S1 Trend,5853.5,126,737541,50400,0.14,63000,0.17,-44100,-0.12,29684138,29684.14
3731,Exit long,2024-07-31 20:00,S1 Climax,5880.75,89,520961.5,121262.5,0.47,141287.5,0.54,-76762.5,-0.29,29805400,29805.40
3731,Entry long,2024-07-31 15:30,S1 Trend,5853.5,89,520961.5,121262.5,0.47,141287.5,0.54,-76762.5,-0.29,29805400,29805.40
3732,Exit long,2024-07-31 20:00,S1 Trail,5845.75,208,1217528,-80600,-0.13,330200,0.54,-179400,-0.29,29724800,29724.80
3732,Entry long,2024-07-31 15:30,S1 Trend,5853.5,208,1217528,-80600,-0.13,330200,0.54,-179400,-0.29,29724800,29724.80
3733,Exit long,2024-08-01 15:30,S1 Trail,5847.25,513,3021057,-1070887.5,-0.71,89775,0.06,-1090125,-0.72,28653912,28653.91
3733,Entry long,2024-08-01 15:00,S1 Trend,5889,513,3021057,-1070887.5,-0.71,89775,0.06,-1090125,-0.72,28653912,28653.91
3734,Exit short,2024-08-02 21:00,EOD,5673.25,282,1592736,-356025,-0.45,274950,0.35,-430050,-0.54,28297888,28297.89
3734,Entry short,2024-08-02 15:30,S3 Hedge,5648,282,1592736,-356025,-0.45,274950,0.35,-430050,-0.54,28297888,28297.89
3735,Exit long,2024-08-06 20:30,S1 Trail,5570.5,251,1413067.25,-743587.5,-1.05,112950,0.16,-743587.5,-1.05,27554300,27554.30
3735,Entry long,2024-08-06 19:30,S1 Trend,5629.75,251,1413067.25,-743587.5,-1.05,112950,0.16,-743587.5,-1.05,27554300,27554.30
3736,Exit long,2024-08-07 17:00,S1 Trail,5608,379,2141350,-795900,-0.74,113700,0.11,-795900,-0.74,26758400,26758.40
3736,Entry long,2024-08-07 15:00,S1 Trend,5650,379,2141350,-795900,-0.74,113700,0.11,-795900,-0.74,26758400,26758.40
3737,Exit long,2024-08-08 21:00,EOD,5645.25,280,1564990,784000,1.00,882000,1.13,-59500,-0.08,27542400,27542.40
3737,Entry long,2024-08-08 15:00,S1 Trend,5589.25,280,1564990,784000,1.00,882000,1.13,-59500,-0.08,27542400,27542.40
3738,Exit long,2024-08-09 21:00,EOD,5665.5,354,1998418.5,358425,0.36,650475,0.65,-190275,-0.19,27900824,27900.82
3738,Entry long,2024-08-09 16:30,S1 Trend,5645.25,354,1998418.5,358425,0.36,650475,0.65,-190275,-0.19,27900824,27900.82
3739,Exit long,2024-08-12 21:00,EOD,5668.5,473,2690542.25,-467087.5,-0.35,124162.5,0.09,-833662.5,-0.62,27433738,27433.74
3739,Entry long,2024-08-12 16:00,S1 Trend,5688.25,473,2690542.25,-467087.5,-0.35,124162.5,0.09,-833662.5,-0.62,27433738,27433.74
3740,Exit long,2024-08-13 18:00,S1 Climax,5745.75,162,925506,265275,0.57,275400,0.60,-119475,-0.26,27699012,27699.01
3740,Entry long,2024-08-13 15:00,S1 Trend,5713,162,925506,265275,0.57,275400,0.60,-119475,-0.26,27699012,27699.01
3741,Exit long,2024-08-13 21:00,EOD,5755.25,379,2165227,800637.5,0.74,852750,0.79,-279512.5,-0.26,28499650,28499.65
3741,Entry long,2024-08-13 15:00,S1 Trend,5713,379,2165227,800637.5,0.74,852750,0.79,-279512.5,-0.26,28499650,28499.65
3742,Exit long,2024-08-14 21:00,EOD,5772,607,3509522.25,-295912.5,-0.17,83462.5,0.05,-887737.5,-0.51,28203738,28203.74
3742,Entry long,2024-08-14 17:00,S1 Trend,5781.75,607,3509522.25,-295912.5,-0.17,83462.5,0.05,-887737.5,-0.51,28203738,28203.74
3743,Exit long,2024-08-15 16:00,S1 Climax,5844,172,1003878,64500,0.13,96750,0.19,-116100,-0.23,28268238,28268.24
3743,Entry long,2024-08-15 15:00,S1 Trend,5836.5,172,1003878,64500,0.13,96750,0.19,-116100,-0.23,28268238,28268.24
3744,Exit long,2024-08-15 16:30,S1 Climax,5849,120,700380,75000,0.21,103500,0.30,-81000,-0.23,28343238,28343.24
3744,Entry long,2024-08-15 15:00,S1 Trend,5836.5,120,700380,75000,0.21,103500,0.30,-81000,-0.23,28343238,28343.24
3745,Exit long,2024-08-15 17:00,S1 Climax,5850.75,84,490266,59850,0.24,82950,0.34,-56700,-0.23,28403088,28403.09
3745,Entry long,2024-08-15 15:00,S1 Trend,5836.5,84,490266,59850,0.24,82950,0.34,-56700,-0.23,28403088,28403.09
3746,Exit long,2024-08-15 17:30,S1 Climax,5860.75,59,344353.5,71537.5,0.42,75225,0.44,-39825,-0.23,28474624,28474.62
3746,Entry long,2024-08-15 15:00,S1 Trend,5836.5,59,344353.5,71537.5,0.42,75225,0.44,-39825,-0.23,28474624,28474.62
3747,Exit long,2024-08-15 19:00,S1 Climax,5861.5,42,245133,52500,0.43,53550,0.44,-28350,-0.23,28527124,28527.12
3747,Entry long,2024-08-15 15:00,S1 Trend,5836.5,42,245133,52500,0.43,53550,0.44,-28350,-0.23,28527124,28527.12
3748,Exit long,2024-08-15 19:30,S1 Climax,5863,29,169258.5,38425,0.45,39875,0.47,-19575,-0.23,28565550,28565.55
3748,Entry long,2024-08-15 15:00,S1 Trend,5836.5,29,169258.5,38425,0.45,39875,0.47,-19575,-0.23,28565550,28565.55
3749,Exit long,2024-08-15 20:00,S1 Climax,5863.75,20,116730,27250,0.47,29250,0.50,-13500,-0.23,28592800,28592.80
3749,Entry long,2024-08-15 15:00,S1 Trend,5836.5,20,116730,27250,0.47,29250,0.50,-13500,-0.23,28592800,28592.80
3750,Exit long,2024-08-15 20:30,S1 Climax,5865.5,14,81711,20300,0.50,21000,0.51,-9450,-0.23,28613100,28613.10
3750,Entry long,2024-08-15 15:00,S1 Trend,5836.5,14,81711,20300,0.50,21000,0.51,-9450,-0.23,28613100,28613.10
3751,Exit long,2024-08-15 21:00,EOD,5865.5,35,204277.5,50750,0.50,56000,0.55,-23625,-0.23,28663850,28663.85
3751,Entry long,2024-08-15 15:00,S1 Trend,5836.5,35,204277.5,50750,0.50,56000,0.55,-23625,-0.23,28663850,28663.85
3752,Exit long,2024-08-16 21:00,EOD,5875,655,3845996.25,106437.5,0.06,368437.5,0.19,-122812.5,-0.06,28770288,28770.29
3752,Entry long,2024-08-16 17:30,S1 Trend,5871.75,655,3845996.25,106437.5,0.06,368437.5,0.19,-122812.5,-0.06,28770288,28770.29
3753,Exit long,2024-08-19 21:00,EOD,5927.75,751,4426769.5,1248537.5,0.56,1257925,0.57,-122037.5,-0.06,30018824,30018.82
3753,Entry long,2024-08-19 17:00,S1 Trend,5894.5,751,4426769.5,1248537.5,0.56,1257925,0.57,-122037.5,-0.06,30018824,30018.82
3754,Exit long,2024-08-20 18:00,S2 FairVal,5908.25,785,4650536.25,-628000,-0.27,58875,0.03,-628000,-0.27,29390824,29390.82
3754,Entry long,2024-08-20 17:00,S2 VWAP,5924.25,785,4650536.25,-628000,-0.27,58875,0.03,-628000,-0.27,29390824,29390.82
3755,Exit long,2024-08-21 21:00,EOD,5936.75,727,4305839.25,508900,0.24,908750,0.42,-454375,-0.21,29899724,29899.72
3755,Entry long,2024-08-21 16:00,S1 Trend,5922.75,727,4305839.25,508900,0.24,908750,0.42,-454375,-0.21,29899724,29899.72
3756,Exit long,2024-08-22 18:00,S2 FairVal,5903.25,587,3478855.5,-682387.5,-0.39,110062.5,0.06,-719075,-0.41,29217338,29217.34
3756,Entry long,2024-08-22 17:30,S2 VWAP,5926.5,587,3478855.5,-682387.5,-0.39,110062.5,0.06,-719075,-0.41,29217338,29217.34
3757,Exit long,2024-08-27 21:00,EOD,5940.5,697,4141225.5,-34850,-0.02,165537.5,0.08,-627300,-0.30,29182488,29182.49
3757,Entry long,2024-08-27 16:00,S1 Trend,5941.5,697,4141225.5,-34850,-0.02,165537.5,0.08,-627300,-0.30,29182488,29182.49
3758,Exit long,2024-08-29 17:30,S1 Climax,5956.5,186,1103863.5,202275,0.37,227850,0.41,-93000,-0.17,29384762,29384.76
3758,Entry long,2024-08-29 15:00,S1 Trend,5934.75,186,1103863.5,202275,0.37,227850,0.41,-93000,-0.17,29384762,29384.76
3759,Exit long,2024-08-29 19:00,S1 Trail,5929,436,2587551,-125350,-0.10,561350,0.43,-218000,-0.17,29259412,29259.41
3759,Entry long,2024-08-29 15:00,S1 Trend,5934.75,436,2587551,-125350,-0.10,561350,0.43,-218000,-0.17,29259412,29259.41
3760,Exit long,2024-08-30 16:00,S1 Trail,5914,709,4206497,-673550,-0.32,319050,0.15,-673550,-0.32,28585862,28585.86
3760,Entry long,2024-08-30 15:30,S1 Trend,5933,709,4206497,-673550,-0.32,319050,0.15,-673550,-0.32,28585862,28585.86
3761,Exit short,2024-09-03 21:00,EOD,5840,474,2772426,213300,0.15,841350,0.61,-189600,-0.14,28799162,28799.16
3761,Entry short,2024-09-03 19:30,S3 Hedge,5849,474,2772426,213300,0.15,841350,0.61,-189600,-0.14,28799162,28799.16
3762,Exit short,2024-09-06 21:00,EOD,5717.5,362,2084939,760200,0.73,950250,0.91,-158375,-0.15,29559362,29559.36
3762,Entry short,2024-09-06 15:30,S3 Hedge,5759.5,362,2084939,760200,0.73,950250,0.91,-158375,-0.15,29559362,29559.36
3763,Exit long,2024-09-09 19:30,S1 Trail,5758.5,552,3194700,-800400,-0.50,62100,0.04,-800400,-0.50,28758962,28758.96
3763,Entry long,2024-09-09 18:00,S1 Trend,5787.5,552,3194700,-800400,-0.50,62100,0.04,-800400,-0.50,28758962,28758.96
3764,Exit long,2024-09-10 16:30,S1 Trail,5764,692,4007026,-916900,-0.46,77850,0.04,-916900,-0.46,27842062,27842.06
3764,Entry long,2024-09-10 15:00,S1 Trend,5790.5,692,4007026,-916900,-0.46,77850,0.04,-916900,-0.46,27842062,27842.06
3765,Exit long,2024-09-11 21:00,EOD,5853.5,347,2016070,754725,0.75,941237.5,0.93,-52050,-0.05,28596788,28596.79
3765,Entry long,2024-09-11 19:00,S1 Trend,5810,347,2016070,754725,0.75,941237.5,0.93,-52050,-0.05,28596788,28596.79
3766,Exit long,2024-09-12 21:00,EOD,5900.25,434,2552354,417725,0.33,493675,0.39,-135625,-0.11,29014512,29014.51
3766,Entry long,2024-09-12 18:00,S1 Trend,5881,434,2552354,417725,0.33,493675,0.39,-135625,-0.11,29014512,29014.51
3767,Exit long,2024-09-13 21:00,EOD,5926.75,684,4048425,273600,0.14,666900,0.33,-299250,-0.15,29288112,29288.11
3767,Entry long,2024-09-13 15:30,S1 Trend,5918.75,684,4048425,273600,0.14,666900,0.33,-299250,-0.15,29288112,29288.11
3768,Exit long,2024-09-16 17:30,S2 FairVal,5922.75,741,4383200.25,277875,0.13,277875,0.13,-194512.5,-0.09,29565988,29565.99
3768,Entry long,2024-09-16 16:30,S2 VWAP,5915.25,741,4383200.25,277875,0.13,277875,0.13,-194512.5,-0.09,29565988,29565.99
3769,Exit long,2024-09-17 17:00,S1 Trail,5941,716,4265928,-608600,-0.29,295350,0.14,-608600,-0.29,28957388,28957.39
3769,Entry long,2024-09-17 16:00,S1 Trend,5958,716,4265928,-608600,-0.29,295350,0.14,-608600,-0.29,28957388,28957.39
3770,Exit long,2024-09-17 21:00,EOD,5937.75,524,3108761,131000,0.08,144100,0.09,-510900,-0.33,29088388,29088.39
3770,Entry long,2024-09-17 18:30,S2 VWAP,5932.75,524,3108761,131000,0.08,144100,0.09,-510900,-0.33,29088388,29088.39
3771,Exit long,2024-09-18 18:00,S2 FairVal,5940.75,757,4492605.75,227100,0.10,255487.5,0.11,-85162.5,-0.04,29315488,29315.49
3771,Entry long,2024-09-18 17:30,S2 VWAP,5934.75,757,4492605.75,227100,0.10,255487.5,0.11,-85162.5,-0.04,29315488,29315.49
3772,Exit long,2024-09-18 19:30,S1 Trail,5952.75,708,4202511,601800,0.29,1964700,0.94,-539850,-0.26,29917288,29917.29
3772,Entry long,2024-09-18 19:00,S1 Trend,5935.75,708,4202511,601800,0.29,1964700,0.94,-539850,-0.26,29917288,29917.29
3773,Exit long,2024-09-19 21:00,EOD,6013.25,551,3305449,392587.5,0.24,936700,0.57,-61987.5,-0.04,30309876,30309.88
3773,Entry long,2024-09-19 15:00,S1 Trend,5999,551,3305449,392587.5,0.24,936700,0.57,-61987.5,-0.04,30309876,30309.88
3774,Exit long,2024-09-23 21:00,EOD,6011.75,749,4504860.5,-102987.5,-0.05,131075,0.06,-674100,-0.30,30206888,30206.89
3774,Entry long,2024-09-23 15:30,S1 Trend,6014.5,749,4504860.5,-102987.5,-0.05,131075,0.06,-674100,-0.30,30206888,30206.89
3775,Exit long,2024-09-24 21:00,EOD,6028.5,679,4088259,254625,0.12,297062.5,0.15,-407400,-0.20,30461512,30461.51
3775,Entry long,2024-09-24 17:00,S1 Trend,6021,679,4088259,254625,0.12,297062.5,0.15,-407400,-0.20,30461512,30461.51
3776,Exit long,2024-09-25 21:00,EOD,6015,872,5247260,-109000,-0.04,43600,0.02,-566800,-0.22,30352512,30352.51
3776,Entry long,2024-09-25 19:00,S2 VWAP,6017.5,872,5247260,-109000,-0.04,43600,0.02,-566800,-0.22,30352512,30352.51
3777,Exit long,2024-09-27 21:00,EOD,6026.5,685,4134488.75,-316812.5,-0.15,34250,0.02,-351062.5,-0.17,30035700,30035.70
3777,Entry long,2024-09-27 20:00,S2 VWAP,6035.75,685,4134488.75,-316812.5,-0.15,34250,0.02,-351062.5,-0.17,30035700,30035.70
3778,Exit long,2024-10-08 21:00,EOD,6036.25,754,4533048,914225,0.40,1140425,0.50,-131950,-0.06,30949924,30949.92
3778,Entry long,2024-10-08 15:00,S1 Trend,6012,754,4533048,914225,0.40,1140425,0.50,-131950,-0.06,30949924,30949.92
3779,Exit long,2024-10-11 21:00,EOD,6095,720,4390920,-126000,-0.06,189000,0.09,-648000,-0.30,30823924,30823.92
3779,Entry long,2024-10-11 15:30,S1 Trend,6098.5,720,4390920,-126000,-0.06,189000,0.09,-648000,-0.30,30823924,30823.92
3780,Exit long,2024-10-15 18:00,S2 FairVal,6109.25,963,5897412,-710212.5,-0.24,156487.5,0.05,-710212.5,-0.24,30113712,30113.71
3780,Entry long,2024-10-15 16:30,S2 VWAP,6124,963,5897412,-710212.5,-0.24,156487.5,0.05,-710212.5,-0.24,30113712,30113.71
3781,Exit long,2024-10-22 21:00,EOD,6128,754,4625413,-245050,-0.11,197925,0.09,-433550,-0.19,29868662,29868.66
3781,Entry long,2024-10-22 19:00,S1 Trend,6134.5,754,4625413,-245050,-0.11,197925,0.09,-433550,-0.19,29868662,29868.66
3782,Exit long,2024-10-29 20:00,EOD,6107.25,731,4461475.75,146200,0.07,566525,0.25,-210162.5,-0.09,30014862,30014.86
3782,Entry long,2024-10-29 16:30,S1 Trend,6103.25,731,4461475.75,146200,0.07,566525,0.25,-210162.5,-0.09,30014862,30014.86
3783,Exit long,2024-10-30 17:30,S1 Trail,6095,696,4259520,-870000,-0.41,34800,0.02,-870000,-0.41,29144862,29144.86
3783,Entry long,2024-10-30 16:00,S1 Trend,6120,696,4259520,-870000,-0.41,34800,0.02,-870000,-0.41,29144862,29144.86
3784,Exit short,2024-10-31 14:30,S3 Scalp,5996.75,736,4433296,984400,0.44,984400,0.44,-27600,-0.01,30129262,30129.26
3784,Entry short,2024-10-31 14:00,S3 Hedge,6023.5,736,4433296,984400,0.44,984400,0.44,-27600,-0.01,30129262,30129.26
3785,Exit short,2024-10-31 20:00,EOD,5971,646,3873900.5,831725,0.43,864025,0.45,-298775,-0.15,30960988,30960.99
3785,Entry short,2024-10-31 15:00,S3 Hedge,5996.75,646,3873900.5,831725,0.43,864025,0.45,-298775,-0.15,30960988,30960.99
3786,Exit long,2024-11-05 17:00,S1 Climax,6036.5,225,1354893.75,165937.5,0.24,185625,0.27,-59062.5,-0.09,31126924,31126.92
3786,Entry long,2024-11-05 15:00,S1 Trend,6021.75,225,1354893.75,165937.5,0.24,185625,0.27,-59062.5,-0.09,31126924,31126.92
3787,Exit long,2024-11-05 17:30,S1 Climax,6039,157,945414.75,135412.5,0.29,178587.5,0.38,-41212.5,-0.09,31262338,31262.34
3787,Entry long,2024-11-05 15:00,S1 Trend,6021.75,157,945414.75,135412.5,0.29,178587.5,0.38,-41212.5,-0.09,31262338,31262.34
3788,Exit long,2024-11-05 18:00,S1 Climax,6042.75,110,662392.5,115500,0.35,136125,0.41,-28875,-0.09,31377838,31377.84
3788,Entry long,2024-11-05 15:00,S1 Trend,6021.75,110,662392.5,115500,0.35,136125,0.41,-28875,-0.09,31377838,31377.84
3789,Exit long,2024-11-05 21:00,EOD,6048.5,259,1559633.25,346412.5,0.44,352887.5,0.45,-67987.5,-0.09,31724250,31724.25
3789,Entry long,2024-11-05 15:00,S1 Trend,6021.75,259,1559633.25,346412.5,0.44,352887.5,0.45,-67987.5,-0.09,31724250,31724.25
3790,Exit long,2024-11-06 21:00,EOD,6193,391,2418628.25,141737.5,0.12,327462.5,0.27,-92862.5,-0.08,31865988,31865.99
3790,Entry long,2024-11-06 18:30,S1 Trend,6185.75,391,2418628.25,141737.5,0.12,327462.5,0.27,-92862.5,-0.08,31865988,31865.99
3791,Exit long,2024-11-07 21:00,EOD,6237.75,729,4550600.25,-164025,-0.07,227812.5,0.10,-300712.5,-0.13,31701962,31701.96
3791,Entry long,2024-11-07 20:00,S1 Trend,6242.25,729,4550600.25,-164025,-0.07,227812.5,0.10,-300712.5,-0.13,31701962,31701.96
3792,Exit long,2024-11-12 18:00,S2 FairVal,6225.75,905,5650593.75,-814500,-0.29,79187.5,0.03,-882375,-0.31,30887462,30887.46
3792,Entry long,2024-11-12 17:30,S2 VWAP,6243.75,905,5650593.75,-814500,-0.29,79187.5,0.03,-882375,-0.31,30887462,30887.46
3793,Exit long,2024-11-13 21:00,EOD,6251.25,629,3939427,-369537.5,-0.19,243737.5,0.12,-613275,-0.31,30517924,30517.92
3793,Entry long,2024-11-13 17:30,S1 Trend,6263,629,3939427,-369537.5,-0.19,243737.5,0.12,-613275,-0.31,30517924,30517.92
3794,Exit short,2024-11-15 21:00,EOD,6132.5,609,3732408.75,-114187.5,-0.06,502425,0.27,-266437.5,-0.14,30403738,30403.74
3794,Entry short,2024-11-15 17:30,S3 Hedge,6128.75,609,3732408.75,-114187.5,-0.06,502425,0.27,-266437.5,-0.14,30403738,30403.74
3795,Exit long,2024-11-19 21:00,EOD,6174.5,485,2991358.75,163687.5,0.11,369812.5,0.25,-127312.5,-0.09,30567424,30567.42
3795,Entry long,2024-11-19 18:30,S1 Trend,6167.75,485,2991358.75,163687.5,0.11,369812.5,0.25,-127312.5,-0.09,30567424,30567.42
3796,Exit long,2024-11-21 21:00,EOD,6205.5,334,2073054.5,-20875,-0.02,229625,0.22,-33400,-0.03,30546550,30546.55
3796,Entry long,2024-11-21 18:00,S1 Trend,6206.75,334,2073054.5,-20875,-0.02,229625,0.22,-33400,-0.03,30546550,30546.55
3797,Exit long,2024-11-22 21:00,EOD,6221.5,599,3729523.75,-142262.5,-0.08,82362.5,0.04,-838600,-0.45,30404288,30404.29
3797,Entry long,2024-11-22 15:00,S1 Trend,6226.25,599,3729523.75,-142262.5,-0.08,82362.5,0.04,-838600,-0.45,30404288,30404.29
3798,Exit long,2024-11-25 21:00,EOD,6241.25,642,4000141.5,337050,0.17,441375,0.22,-16050,-0.01,30741338,30741.34
3798,Entry long,2024-11-25 18:00,S2 VWAP,6230.75,642,4000141.5,337050,0.17,441375,0.22,-16050,-0.01,30741338,30741.34
3799,Exit long,2024-12-03 16:30,S2 FairVal,6293.75,1194,7508469,313425,0.08,358200,0.10,-44775,-0.01,31054762,31054.76
3799,Entry long,2024-12-03 16:00,S2 VWAP,6288.5,1194,7508469,313425,0.08,358200,0.10,-44775,-0.01,31054762,31054.76
3800,Exit long,2024-12-05 17:00,S2 FairVal,6335.5,1458,9235336.5,91125,0.02,91125,0.02,-236925,-0.05,31145888,31145.89
3800,Entry long,2024-12-05 16:30,S2 VWAP,6334.25,1458,9235336.5,91125,0.02,91125,0.02,-236925,-0.05,31145888,31145.89
3801,Exit long,2024-12-12 18:00,S2 FairVal,6319.25,967,6108055.5,132962.5,0.04,169225,0.06,-302187.5,-0.10,31278850,31278.85
3801,Entry long,2024-12-12 17:30,S2 VWAP,6316.5,967,6108055.5,132962.5,0.04,169225,0.06,-302187.5,-0.10,31278850,31278.85
3802,Exit long,2024-12-20 17:00,S1 Climax,6198,94,580567.5,102225,0.35,124550,0.43,-4700,-0.02,31381076,31381.08
3802,Entry long,2024-12-20 16:30,S1 Trend,6176.25,94,580567.5,102225,0.35,124550,0.43,-4700,-0.02,31381076,31381.08
3803,Exit long,2024-12-20 17:30,S1 Climax,6211,66,407632.5,114675,0.56,120450,0.59,-3300,-0.02,31495750,31495.75
3803,Entry long,2024-12-20 16:30,S1 Trend,6176.25,66,407632.5,114675,0.56,120450,0.59,-3300,-0.02,31495750,31495.75
3804,Exit long,2024-12-20 20:30,S1 Trail,6151.5,156,963495,-193050,-0.40,284700,0.59,-193050,-0.40,31302700,31302.70
3804,Entry long,2024-12-20 16:30,S1 Trend,6176.25,156,963495,-193050,-0.40,284700,0.59,-193050,-0.40,31302700,31302.70
3805,Exit long,2024-12-23 21:00,EOD,6199,441,2723836.5,496125,0.36,628425,0.46,-264600,-0.19,31798824,31798.82
3805,Entry long,2024-12-23 17:00,S1 Trend,6176.5,441,2723836.5,496125,0.36,628425,0.46,-264600,-0.19,31798824,31798.82
3806,Exit long,2024-12-25 23:00,S1 Climax,6261.25,218,1364789,8175,0.01,8175,0.01,-46325,-0.07,31807000,31807.00
3806,Entry long,2024-12-24 18:00,S1 Trend,6260.5,218,1364789,8175,0.01,8175,0.01,-46325,-0.07,31807000,31807.00
3807,Exit long,2024-12-25 23:30,S1 Climax,6259.75,152,951596,-5700,-0.01,30400,0.06,-32300,-0.07,31801300,31801.30
3807,Entry long,2024-12-24 18:00,S1 Trend,6260.5,152,951596,-5700,-0.01,30400,0.06,-32300,-0.07,31801300,31801.30
3808,Exit long,2024-12-26 00:00,S1 Climax,6259.5,107,669873.5,-5350,-0.02,21400,0.06,-22737.5,-0.07,31795950,31795.95
3808,Entry long,2024-12-24 18:00,S1 Trend,6260.5,107,669873.5,-5350,-0.02,21400,0.06,-22737.5,-0.07,31795950,31795.95
3809,Exit long,2024-12-26 00:30,S1 Climax,6258.5,75,469537.5,-7500,-0.03,15000,0.06,-15937.5,-0.07,31788450,31788.45
3809,Entry long,2024-12-24 18:00,S1 Trend,6260.5,75,469537.5,-7500,-0.03,15000,0.06,-15937.5,-0.07,31788450,31788.45
3810,Exit long,2024-12-26 01:00,S1 Climax,6258.5,52,325546,-5200,-0.03,10400,0.06,-11050,-0.07,31783250,31783.25
3810,Entry long,2024-12-24 18:00,S1 Trend,6260.5,52,325546,-5200,-0.03,10400,0.06,-11050,-0.07,31783250,31783.25
3811,Exit long,2024-12-26 01:30,S1 Climax,6261,36,225378,900,0.01,7200,0.06,-7650,-0.07,31784150,31784.15
3811,Entry long,2024-12-24 18:00,S1 Trend,6260.5,36,225378,900,0.01,7200,0.06,-7650,-0.07,31784150,31784.15
3812,Exit long,2024-12-26 02:00,S1 Climax,6261.5,26,162773,1300,0.02,5200,0.06,-5525,-0.07,31785450,31785.45
3812,Entry long,2024-12-24 18:00,S1 Trend,6260.5,26,162773,1300,0.02,5200,0.06,-5525,-0.07,31785450,31785.45
3813,Exit long,2024-12-26 02:30,S1 Climax,6261.25,18,112689,675,0.01,3600,0.06,-3825,-0.07,31786124,31786.12
3813,Entry long,2024-12-24 18:00,S1 Trend,6260.5,18,112689,675,0.01,3600,0.06,-3825,-0.07,31786124,31786.12
3814,Exit long,2024-12-26 03:00,S1 Climax,6261.75,12,75126,750,0.02,2400,0.06,-2550,-0.07,31786876,31786.88
3814,Entry long,2024-12-24 18:00,S1 Trend,6260.5,12,75126,750,0.02,2400,0.06,-2550,-0.07,31786876,31786.88
3815,Exit long,2024-12-26 03:30,S1 Climax,6266.5,9,56344.5,2700,0.10,2812.5,0.10,-1912.5,-0.07,31789576,31789.58
3815,Entry long,2024-12-24 18:00,S1 Trend,6260.5,9,56344.5,2700,0.10,2812.5,0.10,-1912.5,-0.07,31789576,31789.58
3816,Exit long,2024-12-26 04:00,S1 Climax,6266.75,6,37563,1875,0.10,1950,0.10,-1275,-0.07,31791450,31791.45
3816,Entry long,2024-12-24 18:00,S1 Trend,6260.5,6,37563,1875,0.10,1950,0.10,-1275,-0.07,31791450,31791.45
3817,Exit long,2024-12-26 04:30,S1 Climax,6264.75,4,25042,850,0.07,1300,0.10,-850,-0.07,31792300,31792.30
3817,Entry long,2024-12-24 18:00,S1 Trend,6260.5,4,25042,850,0.07,1300,0.10,-850,-0.07,31792300,31792.30
3818,Exit long,2024-12-26 08:00,S1 Trail,6251.25,12,75126,-5550,-0.15,3900,0.10,-5550,-0.15,31786750,31786.75
3818,Entry long,2024-12-24 18:00,S1 Trend,6260.5,12,75126,-5550,-0.15,3900,0.10,-5550,-0.15,31786750,31786.75
3819,Exit short,2024-12-27 18:30,S3 Scalp,6177.25,522,3214476,-502425,-0.31,345825,0.22,-502425,-0.31,31284324,31284.32
3819,Entry short,2024-12-27 17:00,S3 Hedge,6158,522,3214476,-502425,-0.31,345825,0.22,-502425,-0.31,31284324,31284.32
3820,Exit long,2025-01-03 21:00,EOD,6150.25,515,3156306.25,553625,0.35,772500,0.49,-12875,-0.01,31837950,31837.95
3820,Entry long,2025-01-03 16:30,S1 Trend,6128.75,515,3156306.25,553625,0.35,772500,0.49,-12875,-0.01,31837950,31837.95
3821,Exit long,2025-01-06 15:30,S1 Climax,6221.5,195,1211193.75,99937.5,0.17,112125,0.19,-21937.5,-0.04,31937888,31937.89
3821,Entry long,2025-01-06 15:00,S1 Trend,6211.25,195,1211193.75,99937.5,0.17,112125,0.19,-21937.5,-0.04,31937888,31937.89
3822,Exit long,2025-01-06 16:00,S1 Climax,6221.75,136,844730,71400,0.17,95200,0.23,-15300,-0.04,32009288,32009.29
3822,Entry long,2025-01-06 15:00,S1 Trend,6211.25,136,844730,71400,0.17,95200,0.23,-15300,-0.04,32009288,32009.29
3823,Exit long,2025-01-06 16:30,S1 Climax,6227.75,96,596280,79200,0.27,81600,0.27,-10800,-0.04,32088488,32088.49
3823,Entry long,2025-01-06 15:00,S1 Trend,6211.25,96,596280,79200,0.27,81600,0.27,-10800,-0.04,32088488,32088.49
3824,Exit long,2025-01-06 17:00,S1 Climax,6227.5,67,416153.75,54437.5,0.26,63650,0.31,-7537.5,-0.04,32142924,32142.92
3824,Entry long,2025-01-06 15:00,S1 Trend,6211.25,67,416153.75,54437.5,0.26,63650,0.31,-7537.5,-0.04,32142924,32142.92
3825,Exit long,2025-01-06 18:00,S1 Trail,6200.5,157,975166.25,-84387.5,-0.17,149150,0.31,-84387.5,-0.17,32058538,32058.54
3825,Entry long,2025-01-06 15:00,S1 Trend,6211.25,157,975166.25,-84387.5,-0.17,149150,0.31,-84387.5,-0.17,32058538,32058.54
3826,Exit short,2025-01-08 18:00,S3 Scalp,6109.5,384,2336160,-494400,-0.42,91200,0.08,-494400,-0.42,31564138,31564.14
3826,Entry short,2025-01-08 17:30,S3 Hedge,6083.75,384,2336160,-494400,-0.42,91200,0.08,-494400,-0.42,31564138,31564.14
3827,Exit long,2025-01-15 15:30,S1 Climax,6147.5,146,896878,32850,0.07,78475,0.17,-29200,-0.07,31596988,31596.99
3827,Entry long,2025-01-15 15:00,S1 Trend,6143,146,896878,32850,0.07,78475,0.17,-29200,-0.07,31596988,31596.99
3828,Exit long,2025-01-15 21:00,EOD,6150.5,343,2107049,128625,0.12,347287.5,0.33,-433037.5,-0.41,31725612,31725.61
3828,Entry long,2025-01-15 15:00,S1 Trend,6143,343,2107049,128625,0.12,347287.5,0.33,-433037.5,-0.41,31725612,31725.61
3829,Exit long,2025-01-17 21:00,EOD,6195.25,667,4136067,-191762.5,-0.09,416875,0.20,-266800,-0.13,31533850,31533.85
3829,Entry long,2025-01-17 16:00,S1 Trend,6201,667,4136067,-191762.5,-0.09,416875,0.20,-266800,-0.13,31533850,31533.85
3830,Exit long,2025-01-20 17:00,S1 Trail,6201.75,705,4391797.5,-978187.5,-0.45,0,0.00,-978187.5,-0.45,30555662,30555.66
3830,Entry long,2025-01-20 15:00,S1 Trend,6229.5,705,4391797.5,-978187.5,-0.45,0,0.00,-978187.5,-0.45,30555662,30555.66
3831,Exit long,2025-01-21 21:00,EOD,6248.5,621,3865414.5,745200,0.39,768487.5,0.40,-589950,-0.31,31300862,31300.86
3831,Entry long,2025-01-21 15:00,S1 Trend,6224.5,621,3865414.5,745200,0.39,768487.5,0.40,-589950,-0.31,31300862,31300.86
3832,Exit long,2025-01-28 21:00,EOD,6258,428,2669864,428000,0.32,631300,0.47,-337050,-0.25,31728862,31728.86
3832,Entry long,2025-01-28 15:30,S1 Trend,6238,428,2669864,428000,0.32,631300,0.47,-337050,-0.25,31728862,31728.86
3833,Exit long,2025-01-30 15:30,S1 Trail,6228.25,635,3975893.75,-1047750,-0.53,23812.5,0.01,-1047750,-0.53,30681112,30681.11
3833,Entry long,2025-01-30 15:00,S1 Trend,6261.25,635,3975893.75,-1047750,-0.53,23812.5,0.01,-1047750,-0.53,30681112,30681.11
3834,Exit long,2025-02-04 21:00,EOD,6224.75,491,3050583,288462.5,0.19,435762.5,0.29,-288462.5,-0.19,30969576,30969.58
3834,Entry long,2025-02-04 15:30,S1 Trend,6213,491,3050583,288462.5,0.19,435762.5,0.29,-288462.5,-0.19,30969576,30969.58
3835,Exit long,2025-02-05 21:00,EOD,6248,738,4580950.5,1503675,0.66,1595925,0.70,-581175,-0.25,32473250,32473.25
3835,Entry long,2025-02-05 15:00,S1 Trend,6207.25,738,4580950.5,1503675,0.66,1595925,0.70,-581175,-0.25,32473250,32473.25
3836,Exit long,2025-02-11 21:00,EOD,6254.75,765,4779528.75,267750,0.11,497250,0.21,-76500,-0.03,32741000,32741.00
3836,Entry long,2025-02-11 19:00,S1 Trend,6247.75,765,4779528.75,267750,0.11,497250,0.21,-76500,-0.03,32741000,32741.00
3837,Exit long,2025-02-13 21:00,EOD,6297.25,709,4430186.5,1728187.5,0.78,1825675,0.82,-212700,-0.10,34469188,34469.19
3837,Entry long,2025-02-13 15:00,S1 Trend,6248.5,709,4430186.5,1728187.5,0.78,1825675,0.82,-212700,-0.10,34469188,34469.19
3838,Exit short,2025-02-27 21:00,EOD,6039.75,333,2024973,686812.5,0.68,765900,0.76,-12487.5,-0.01,35156000,35156.00
3838,Entry short,2025-02-27 20:00,S3 Hedge,6081,333,2024973,686812.5,0.68,765900,0.76,-12487.5,-0.01,35156000,35156.00
3839,Exit short,2025-03-04 18:00,S3 Scalp,5974.5,404,2400164,-676700,-0.56,707000,0.59,-676700,-0.56,34479300,34479.30
3839,Entry short,2025-03-04 15:00,S3 Hedge,5941,404,2400164,-676700,-0.56,707000,0.59,-676700,-0.56,34479300,34479.30
3840,Exit short,2025-03-05 17:30,S3 Scalp,5977.5,361,2144971.75,-645287.5,-0.60,523450,0.49,-672362.5,-0.63,33834012,33834.01
3840,Entry short,2025-03-05 15:00,S3 Hedge,5941.75,361,2144971.75,-645287.5,-0.60,523450,0.49,-672362.5,-0.63,33834012,33834.01
3841,Exit short,2025-03-06 15:30,S3 Scalp,5965.75,438,2595369,-881475,-0.68,82125,0.06,-941700,-0.73,32952538,32952.54
3841,Entry short,2025-03-06 15:00,S3 Hedge,5925.5,438,2595369,-881475,-0.68,82125,0.06,-941700,-0.73,32952538,32952.54
3842,Exit short,2025-03-06 21:00,EOD,5910,293,1730531.25,-54937.5,-0.06,355262.5,0.41,-355262.5,-0.41,32897600,32897.60
3842,Entry short,2025-03-06 17:30,S3 Hedge,5906.25,293,1730531.25,-54937.5,-0.06,355262.5,0.41,-355262.5,-0.41,32897600,32897.60
3843,Exit short,2025-03-10 18:00,S3 Scalp,5773.75,372,2169876,1102050,1.02,1102050,1.02,-204600,-0.19,33999650,33999.65
3843,Entry short,2025-03-10 14:30,S3 Hedge,5833,372,2169876,1102050,1.02,1102050,1.02,-204600,-0.19,33999650,33999.65
3844,Exit short,2025-03-10 20:00,EOD,5785.5,344,1986944,-163400,-0.16,731000,0.74,-464400,-0.47,33836250,33836.25
3844,Entry short,2025-03-10 18:30,S3 Hedge,5776,344,1986944,-163400,-0.16,731000,0.74,-464400,-0.47,33836250,33836.25
3845,Exit short,2025-03-11 18:00,S3 Scalp,5736.5,271,1544158,-521675,-0.68,16937.5,0.02,-521675,-0.68,33314576,33314.58
3845,Entry short,2025-03-11 17:30,S3 Hedge,5698,271,1544158,-521675,-0.68,16937.5,0.02,-521675,-0.68,33314576,33314.58
3846,Exit long,2025-03-14 20:00,EOD,5799.75,508,2924683,1079500,0.74,1358900,0.93,-793750,-0.54,34394076,34394.08
3846,Entry long,2025-03-14 14:00,S1 Trend,5757.25,508,2924683,1079500,0.74,1358900,0.93,-793750,-0.54,34394076,34394.08
3847,Exit long,2025-03-17 20:00,EOD,5842.5,554,3229266,373950,0.23,1121850,0.69,-803300,-0.50,34768024,34768.02
3847,Entry long,2025-03-17 14:00,S1 Trend,5829,554,3229266,373950,0.23,1121850,0.69,-803300,-0.50,34768024,34768.02
3848,Exit long,2025-03-19 17:30,S1 Trail,5798,695,4037602.5,-399625,-0.20,825312.5,0.41,-399625,-0.20,34368400,34368.40
3848,Entry long,2025-03-19 14:00,S1 Trend,5809.5,695,4037602.5,-399625,-0.20,825312.5,0.41,-399625,-0.20,34368400,34368.40
3849,Exit long,2025-03-19 20:00,EOD,5841,428,2504977,-251450,-0.20,593850,0.47,-358450,-0.29,34116950,34116.95
3849,Entry long,2025-03-19 19:00,S1 Trend,5852.75,428,2504977,-251450,-0.20,593850,0.47,-358450,-0.29,34116950,34116.95
3850,Exit long,2025-03-20 16:00,S1 Trail,5827.75,438,2568432,-793875,-0.62,246375,0.19,-793875,-0.62,33323076,33323.08
3850,Entry long,2025-03-20 14:30,S1 Trend,5864,438,2568432,-793875,-0.62,246375,0.19,-793875,-0.62,33323076,33323.08
3851,Exit long,2025-03-21 20:00,EOD,5824.5,391,2275522.25,92862.5,0.08,244375,0.21,-430100,-0.38,33415938,33415.94
3851,Entry long,2025-03-21 17:00,S1 Trend,5819.75,391,2275522.25,92862.5,0.08,244375,0.21,-430100,-0.38,33415938,33415.94
3852,Exit long,2025-03-24 14:30,S1 Climax,5916,233,1377496,46600,0.07,69900,0.10,-87375,-0.13,33462538,33462.54
3852,Entry long,2025-03-24 14:00,S1 Trend,5912,233,1377496,46600,0.07,69900,0.10,-87375,-0.13,33462538,33462.54
3853,Exit long,2025-03-24 15:00,S1 Climax,5920.5,163,963656,69275,0.14,77425,0.16,-61125,-0.13,33531812,33531.81
3853,Entry long,2025-03-24 14:00,S1 Trend,5912,163,963656,69275,0.14,77425,0.16,-61125,-0.13,33531812,33531.81
3854,Exit long,2025-03-24 15:30,S1 Climax,5922.25,114,673968,58425,0.17,74100,0.22,-42750,-0.13,33590236,33590.24
3854,Entry long,2025-03-24 14:00,S1 Trend,5912,114,673968,58425,0.17,74100,0.22,-42750,-0.13,33590236,33590.24
3855,Exit long,2025-03-24 16:00,S1 Climax,5923.75,80,472960,47000,0.20,52000,0.22,-30000,-0.13,33637236,33637.24
3855,Entry long,2025-03-24 14:00,S1 Trend,5912,80,472960,47000,0.20,52000,0.22,-30000,-0.13,33637236,33637.24
3856,Exit long,2025-03-24 20:00,EOD,5923.75,189,1117368,111037.5,0.20,222075,0.40,-70875,-0.13,33748276,33748.28
3856,Entry long,2025-03-24 14:00,S1 Trend,5912,189,1117368,111037.5,0.20,222075,0.40,-70875,-0.13,33748276,33748.28
3857,Exit long,2025-03-25 18:00,S1 Trail,5921.25,842,5003585,-894625,-0.36,105250,0.04,-894625,-0.36,32853650,32853.65
3857,Entry long,2025-03-25 15:00,S1 Trend,5942.5,842,5003585,-894625,-0.36,105250,0.04,-894625,-0.36,32853650,32853.65
3858,Exit long,2025-03-26 15:00,S1 Trail,5901,845,5001132.5,-739375,-0.30,369687.5,0.15,-739375,-0.30,32114276,32114.28
3858,Entry long,2025-03-26 14:00,S1 Trend,5918.5,845,5001132.5,-739375,-0.30,369687.5,0.15,-739375,-0.30,32114276,32114.28
3859,Exit short,2025-03-26 19:30,S3 Scalp,5875,498,2915914.5,-491775,-0.34,49800,0.03,-491775,-0.34,31622500,31622.50
3859,Entry short,2025-03-26 19:00,S3 Hedge,5855.25,498,2915914.5,-491775,-0.34,49800,0.03,-491775,-0.34,31622500,31622.50
3860,Exit long,2025-03-27 16:30,S1 Trail,5851.75,497,2926708.75,-919450,-0.63,24850,0.02,-919450,-0.63,30703050,30703.05
3860,Entry long,2025-03-27 15:00,S1 Trend,5888.75,497,2926708.75,-919450,-0.63,24850,0.02,-919450,-0.63,30703050,30703.05
3861,Exit short,2025-03-28 20:00,EOD,5734.75,399,2291058,144637.5,0.13,294262.5,0.26,-89775,-0.08,30847688,30847.69
3861,Entry short,2025-03-28 17:00,S3 Hedge,5742,399,2291058,144637.5,0.13,294262.5,0.26,-89775,-0.08,30847688,30847.69
3862,Exit long,2025-04-01 19:00,S1 Trail,5749,336,1943004,-567000,-0.58,369600,0.38,-567000,-0.58,30280688,30280.69
3862,Entry long,2025-04-01 16:30,S1 Trend,5782.75,336,1943004,-567000,-0.58,369600,0.38,-567000,-0.58,30280688,30280.69
3863,Exit long,2025-04-02 19:00,S1 Trail,5794.75,402,2324665.5,241200,0.21,1336650,1.15,-105525,-0.09,30521888,30521.89
3863,Entry long,2025-04-02 15:30,S1 Trend,5782.75,402,2324665.5,241200,0.21,1336650,1.15,-105525,-0.09,30521888,30521.89
3864,Exit short,2025-04-03 21:00,EOD,5546.25,247,1383323.5,669987.5,0.97,765700,1.11,-419900,-0.61,31191876,31191.88
3864,Entry short,2025-04-03 15:30,S3 Hedge,5600.5,247,1383323.5,669987.5,0.97,765700,1.11,-419900,-0.61,31191876,31191.88
3865,Exit short,2025-04-04 21:00,EOD,5218.5,149,792419.25,743137.5,1.88,784112.5,1.98,-540125,-1.36,31935012,31935.01
3865,Entry short,2025-04-04 16:00,S3 Hedge,5318.25,149,792419.25,743137.5,1.88,784112.5,1.98,-540125,-1.36,31935012,31935.01
3866,Exit long,2025-04-08 16:00,S1 Trail,5313,186,1002586.5,-718425,-1.43,232500,0.46,-718425,-1.43,31216588,31216.59
3866,Entry long,2025-04-08 15:00,S1 Trend,5390.25,186,1002586.5,-718425,-1.43,232500,0.46,-718425,-1.43,31216588,31216.59
3867,Exit short,2025-04-08 20:30,S3 Scalp,5084,148,774521,1104450,2.85,1104450,2.85,-144300,-0.37,32321038,32321.04
3867,Entry short,2025-04-08 18:00,S3 Hedge,5233.25,148,774521,1104450,2.85,1104450,2.85,-144300,-0.37,32321038,32321.04
3868,Exit long,2025-04-09 21:00,EOD,5599.5,81,437663.25,794812.5,3.63,918337.5,4.20,-40500,-0.19,33115850,33115.85
3868,Entry long,2025-04-09 18:30,S1 Trend,5403.25,81,437663.25,794812.5,3.63,918337.5,4.20,-40500,-0.19,33115850,33115.85
3869,Exit short,2025-04-10 17:00,S3 Scalp,5329,180,981630,1120500,2.28,1120500,2.28,-272250,-0.55,34236350,34236.35
3869,Entry short,2025-04-10 15:00,S3 Hedge,5453.5,180,981630,1120500,2.28,1120500,2.28,-272250,-0.55,34236350,34236.35
3870,Exit long,2025-04-10 19:00,S2 FairVal,5429.25,138,739542,484725,1.31,484725,1.31,-474375,-1.28,34721076,34721.08
3870,Entry long,2025-04-10 18:00,S2 VWAP,5359,138,739542,484725,1.31,484725,1.31,-474375,-1.28,34721076,34721.08
3871,Exit long,2025-04-11 21:00,EOD,5500.25,150,822000,151875,0.37,361875,0.88,-223125,-0.54,34872950,34872.95
3871,Entry long,2025-04-11 18:00,S1 Trend,5480,150,822000,151875,0.37,361875,0.88,-223125,-0.54,34872950,34872.95
3872,Exit short,2025-04-14 20:00,S3 Scalp,5588,287,1592419.5,-566825,-0.71,681625,0.86,-566825,-0.71,34306124,34306.12
3872,Entry short,2025-04-14 16:30,S3 Hedge,5548.5,287,1592419.5,-566825,-0.71,681625,0.86,-566825,-0.71,34306124,34306.12
3873,Exit long,2025-04-15 19:00,S1 Trail,5534.25,386,2152915,-834725,-0.78,337750,0.31,-834725,-0.78,33471400,33471.40
3873,Entry long,2025-04-15 15:00,S1 Trend,5577.5,386,2152915,-834725,-0.78,337750,0.31,-834725,-0.78,33471400,33471.40
3874,Exit long,2025-04-16 18:30,S1 Trail,5444,335,1844677.5,-1046875,-1.14,12562.5,0.01,-1046875,-1.14,32424524,32424.52
3874,Entry long,2025-04-16 16:30,S1 Trend,5506.5,335,1844677.5,-1046875,-1.14,12562.5,0.01,-1046875,-1.14,32424524,32424.52
3875,Exit short,2025-04-21 16:00,S3 Scalp,5282.5,450,2398612.5,1074375,0.90,1074375,0.90,0,0.00,33498900,33498.90
3875,Entry short,2025-04-21 15:00,S3 Hedge,5330.25,450,2398612.5,1074375,0.90,1074375,0.90,0,0.00,33498900,33498.90
3876,Exit short,2025-04-21 21:00,EOD,5293.5,410,2166850,-174250,-0.16,978875,0.90,-369000,-0.34,33324650,33324.65
3876,Entry short,2025-04-21 16:30,S3 Hedge,5285,410,2166850,-174250,-0.16,978875,0.90,-369000,-0.34,33324650,33324.65
3877,Exit long,2025-04-22 17:30,S1 Climax,5444,142,764776.5,413575,1.08,450850,1.18,-58575,-0.15,33738224,33738.22
3877,Entry long,2025-04-22 15:30,S1 Trend,5385.75,142,764776.5,413575,1.08,450850,1.18,-58575,-0.15,33738224,33738.22
3878,Exit long,2025-04-22 18:00,S1 Trail,5398.25,333,1793454.75,208125,0.23,1057275,1.18,-137362.5,-0.15,33946350,33946.35
3878,Entry long,2025-04-22 15:30,S1 Trend,5385.75,333,1793454.75,208125,0.23,1057275,1.18,-137362.5,-0.15,33946350,33946.35
3879,Exit long,2025-04-23 16:00,S1 Trail,5550.5,386,2158608.5,-805775,-0.75,337750,0.31,-805775,-0.75,33140576,33140.58
3879,Entry long,2025-04-23 15:00,S1 Trend,5592.25,386,2158608.5,-805775,-0.75,337750,0.31,-805775,-0.75,33140576,33140.58
3880,Exit long,2025-04-24 21:00,EOD,5620.5,368,2042308,1301800,1.27,1476600,1.45,-92000,-0.09,34442376,34442.38
3880,Entry long,2025-04-24 15:00,S1 Trend,5549.75,368,2042308,1301800,1.27,1476600,1.45,-92000,-0.09,34442376,34442.38
3881,Exit long,2025-04-25 21:00,EOD,5658.25,352,1984224,374000,0.38,484000,0.49,-277200,-0.28,34816376,34816.38
3881,Entry long,2025-04-25 17:30,S1 Trend,5637,352,1984224,374000,0.38,484000,0.49,-277200,-0.28,34816376,34816.38
3882,Exit long,2025-04-28 16:00,S1 Trail,5635.25,580,3280190,-587250,-0.36,543750,0.33,-587250,-0.36,34229124,34229.12
3882,Entry long,2025-04-28 15:00,S1 Trend,5655.5,580,3280190,-587250,-0.36,543750,0.33,-587250,-0.36,34229124,34229.12
3883,Exit long,2025-04-28 19:00,S2 FairVal,5639.75,441,2481837.75,264600,0.21,264600,0.21,-567787.5,-0.46,34493724,34493.72
3883,Entry long,2025-04-28 17:00,S2 VWAP,5627.75,441,2481837.75,264600,0.21,264600,0.21,-567787.5,-0.46,34493724,34493.72
3884,Exit long,2025-04-29 21:00,EOD,5693.5,452,2554365,954850,0.75,1265600,0.99,-28250,-0.02,35448576,35448.58
3884,Entry long,2025-04-29 15:30,S1 Trend,5651.25,452,2554365,954850,0.75,1265600,0.99,-28250,-0.02,35448576,35448.58
3885,Exit long,2025-04-30 21:00,EOD,5694,331,1872136,628900,0.67,1005412.5,1.07,-227562.5,-0.24,36077476,36077.48
3885,Entry long,2025-04-30 19:30,S1 Trend,5656,331,1872136,628900,0.67,1005412.5,1.07,-227562.5,-0.24,36077476,36077.48
3886,Exit long,2025-05-01 16:30,S1 Trail,5748,508,2931922,-596900,-0.41,533400,0.36,-596900,-0.41,35480576,35480.58
3886,Entry long,2025-05-01 15:30,S1 Trend,5771.5,508,2931922,-596900,-0.41,533400,0.36,-596900,-0.41,35480576,35480.58
3887,Exit long,2025-05-02 21:00,EOD,5816,432,2511324,59400,0.05,464400,0.37,-399600,-0.32,35539976,35539.98
3887,Entry long,2025-05-02 15:30,S1 Trend,5813.25,432,2511324,59400,0.05,464400,0.37,-399600,-0.32,35539976,35539.98
3888,Exit long,2025-05-05 20:30,S1 Trail,5784.75,763,4409567.75,209825,0.10,1411550,0.64,-247975,-0.11,35749800,35749.80
3888,Entry long,2025-05-05 15:00,S1 Trend,5779.25,763,4409567.75,209825,0.10,1411550,0.64,-247975,-0.11,35749800,35749.80
3889,Exit long,2025-05-06 18:30,S1 Trail,5736.75,542,3124223.5,-745250,-0.48,474250,0.30,-745250,-0.48,35004550,35004.55
3889,Entry long,2025-05-06 16:30,S1 Trend,5764.25,542,3124223.5,-745250,-0.48,474250,0.30,-745250,-0.48,35004550,35004.55
3890,Exit long,2025-05-08 20:30,S1 Trail,5795.75,373,2175056.25,-662075,-0.61,368337.5,0.34,-662075,-0.61,34342476,34342.48
3890,Entry long,2025-05-08 17:00,S1 Trend,5831.25,373,2175056.25,-662075,-0.61,368337.5,0.34,-662075,-0.61,34342476,34342.48
3891,Exit long,2025-05-12 21:00,EOD,5974.25,421,2509896.75,263125,0.21,305225,0.24,-163137.5,-0.13,34605600,34605.60
3891,Entry long,2025-05-12 20:00,S1 Trend,5961.75,421,2509896.75,263125,0.21,305225,0.24,-163137.5,-0.13,34605600,34605.60
3892,Exit long,2025-05-13 15:30,S1 Climax,6013.75,193,1157710.5,147162.5,0.25,255725,0.44,-7237.5,-0.01,34752764,34752.76
3892,Entry long,2025-05-13 15:00,S1 Trend,5998.5,193,1157710.5,147162.5,0.25,255725,0.44,-7237.5,-0.01,34752764,34752.76
3893,Exit long,2025-05-13 16:00,S1 Climax,6016.75,135,809797.5,123187.5,0.30,178875,0.44,-5062.5,-0.01,34875950,34875.95
3893,Entry long,2025-05-13 15:00,S1 Trend,5998.5,135,809797.5,123187.5,0.30,178875,0.44,-5062.5,-0.01,34875950,34875.95
3894,Exit long,2025-05-13 16:30,S1 Climax,6022.75,95,569857.5,115187.5,0.40,135375,0.48,-3562.5,-0.01,34991136,34991.14
3894,Entry long,2025-05-13 15:00,S1 Trend,5998.5,95,569857.5,115187.5,0.40,135375,0.48,-3562.5,-0.01,34991136,34991.14
3895,Exit long,2025-05-13 17:00,S1 Climax,6022.5,66,395901,79200,0.40,104775,0.53,-2475,-0.01,35070336,35070.34
3895,Entry long,2025-05-13 15:00,S1 Trend,5998.5,66,395901,79200,0.40,104775,0.53,-2475,-0.01,35070336,35070.34
3896,Exit long,2025-05-13 17:30,S1 Climax,6022.5,46,275931,55200,0.40,73025,0.53,-1725,-0.01,35125536,35125.54
3896,Entry long,2025-05-13 15:00,S1 Trend,5998.5,46,275931,55200,0.40,73025,0.53,-1725,-0.01,35125536,35125.54
3897,Exit long,2025-05-13 18:00,S1 Climax,6025.75,33,197950.5,44962.5,0.45,52387.5,0.53,-1237.5,-0.01,35170500,35170.50
3897,Entry long,2025-05-13 15:00,S1 Trend,5998.5,33,197950.5,44962.5,0.45,52387.5,0.53,-1237.5,-0.01,35170500,35170.50
3898,Exit long,2025-05-13 18:30,S1 Climax,6029.25,23,137965.5,35362.5,0.51,36512.5,0.53,-862.5,-0.01,35205864,35205.86
3898,Entry long,2025-05-13 15:00,S1 Trend,5998.5,23,137965.5,35362.5,0.51,36512.5,0.53,-862.5,-0.01,35205864,35205.86
3899,Exit long,2025-05-13 20:00,S1 Climax,6031.75,16,95976,26600,0.55,30800,0.64,-600,-0.01,35232464,35232.46
3899,Entry long,2025-05-13 15:00,S1 Trend,5998.5,16,95976,26600,0.55,30800,0.64,-600,-0.01,35232464,35232.46
3900,Exit long,2025-05-13 21:00,EOD,6013.75,38,227943,28975,0.25,73150,0.64,-1425,-0.01,35261436,35261.44
3900,Entry long,2025-05-13 15:00,S1 Trend,5998.5,38,227943,28975,0.25,73150,0.64,-1425,-0.01,35261436,35261.44
3901,Exit long,2025-05-14 21:00,EOD,6019.75,754,4539457,-28275,-0.01,395850,0.17,-772850,-0.34,35233164,35233.16
3901,Entry long,2025-05-14 15:00,S1 Trend,6020.5,754,4539457,-28275,-0.01,395850,0.17,-772850,-0.34,35233164,35233.16
3902,Exit long,2025-05-15 21:00,EOD,6048.5,766,4600021.5,1656475,0.72,1886275,0.82,-315975,-0.14,36889636,36889.64
3902,Entry long,2025-05-15 15:00,S1 Trend,6005.25,766,4600021.5,1656475,0.72,1886275,0.82,-315975,-0.14,36889636,36889.64
3903,Exit long,2025-05-16 21:00,EOD,6085.25,818,4968123,480575,0.19,572600,0.23,-235175,-0.09,37370212,37370.21
3903,Entry long,2025-05-16 18:30,S1 Trend,6073.5,818,4968123,480575,0.19,572600,0.23,-235175,-0.09,37370212,37370.21
3904,Exit long,2025-05-19 21:00,EOD,6091.25,635,3843972.5,1198562.5,0.62,1397000,0.73,-55562.5,-0.03,38568776,38568.78
3904,Entry long,2025-05-19 15:00,S1 Trend,6053.5,635,3843972.5,1198562.5,0.62,1397000,0.73,-55562.5,-0.03,38568776,38568.78
3905,Exit long,2025-05-21 18:00,S1 Trail,6031.25,639,3871062,-854662.5,-0.44,263587.5,0.14,-854662.5,-0.44,37714110,37714.11
3905,Entry long,2025-05-21 16:30,S1 Trend,6058,639,3871062,-854662.5,-0.44,263587.5,0.14,-854662.5,-0.44,37714110,37714.11
3906,Exit long,2025-05-27 03:00,S1 Trail,5978,897,5378187.75,-796087.5,-0.30,302737.5,0.11,-796087.5,-0.30,36918024,36918.02
3906,Entry long,2025-05-26 15:00,S1 Trend,5995.75,897,5378187.75,-796087.5,-0.30,302737.5,0.11,-796087.5,-0.30,36918024,36918.02
3907,Exit long,2025-05-27 21:00,EOD,6046,705,4240927.5,1075125,0.51,1172062.5,0.55,-26437.5,-0.01,37993150,37993.15
3907,Entry long,2025-05-27 16:00,S1 Trend,6015.5,705,4240927.5,1075125,0.51,1172062.5,0.55,-26437.5,-0.01,37993150,37993.15
3908,Exit long,2025-06-02 21:00,EOD,6057,545,3285668.75,769812.5,0.47,824312.5,0.50,-231625,-0.14,38762964,38762.96
3908,Entry long,2025-06-02 17:00,S1 Trend,6028.75,545,3285668.75,769812.5,0.47,824312.5,0.50,-231625,-0.14,38762964,38762.96
3909,Exit long,2025-06-03 17:30,S1 Climax,6091,290,1755805,529250,0.60,558250,0.64,-90625,-0.10,39292212,39292.21
3909,Entry long,2025-06-03 15:00,S1 Trend,6054.5,290,1755805,529250,0.60,558250,0.64,-90625,-0.10,39292212,39292.21
3910,Exit long,2025-06-03 18:00,S1 Climax,6095.5,203,1229063.5,416150,0.68,433912.5,0.71,-63437.5,-0.10,39708364,39708.36
3910,Entry long,2025-06-03 15:00,S1 Trend,6054.5,203,1229063.5,416150,0.68,433912.5,0.71,-63437.5,-0.10,39708364,39708.36
3911,Exit long,2025-06-03 18:30,S1 Climax,6098,142,859739,308850,0.72,331925,0.77,-44375,-0.10,40017212,40017.21
3911,Entry long,2025-06-03 15:00,S1 Trend,6054.5,142,859739,308850,0.72,331925,0.77,-44375,-0.10,40017212,40017.21
3912,Exit long,2025-06-03 21:00,EOD,6091.75,332,2010094,618350,0.62,776050,0.77,-103750,-0.10,40635564,40635.56
3912,Entry long,2025-06-03 15:00,S1 Trend,6054.5,332,2010094,618350,0.62,776050,0.77,-103750,-0.10,40635564,40635.56
3913,Exit long,2025-06-04 18:30,S2 FairVal,6102.5,890,5426107.5,255875,0.09,311500,0.11,0,0.00,40891436,40891.44
3913,Entry long,2025-06-04 18:00,S2 VWAP,6096.75,890,5426107.5,255875,0.09,311500,0.11,0,0.00,40891436,40891.44
3914,Exit long,2025-06-04 21:00,EOD,6088.25,946,5775566.5,-804100,-0.28,47300,0.02,-815925,-0.28,40087336,40087.34
3914,Entry long,2025-06-04 19:30,S1 Trend,6105.25,946,5775566.5,-804100,-0.28,47300,0.02,-815925,-0.28,40087336,40087.34
3915,Exit long,2025-06-06 16:00,S1 Trail,6098.75,769,4713777.75,-1191950,-0.51,67287.5,0.03,-1191950,-0.51,38895388,38895.39
3915,Entry long,2025-06-06 15:00,S1 Trend,6129.75,769,4713777.75,-1191950,-0.51,67287.5,0.03,-1191950,-0.51,38895388,38895.39
3916,Exit long,2025-06-09 21:00,EOD,6120,968,5936018,-592900,-0.20,266200,0.09,-665500,-0.22,38302490,38302.49
3916,Entry long,2025-06-09 18:00,S1 Trend,6132.25,968,5936018,-592900,-0.20,266200,0.09,-665500,-0.22,38302490,38302.49
3917,Exit long,2025-06-10 19:00,S1 Trail,6125.75,898,5516638.5,-785750,-0.28,359200,0.13,-785750,-0.28,37516736,37516.74
3917,Entry long,2025-06-10 17:30,S1 Trend,6143.25,898,5516638.5,-785750,-0.28,359200,0.13,-785750,-0.28,37516736,37516.74
3918,Exit long,2025-06-10 21:00,EOD,6155.25,782,4808127,263925,0.11,430100,0.18,-322575,-0.13,37780664,37780.66
3918,Entry long,2025-06-10 20:00,S1 Trend,6148.5,782,4808127,263925,0.11,430100,0.18,-322575,-0.13,37780664,37780.66
3919,Exit long,2025-06-11 21:00,EOD,6138.5,513,3145716,166725,0.11,218025,0.14,-282150,-0.18,37947388,37947.39
3919,Entry long,2025-06-11 20:00,S2 VWAP,6132,513,3145716,166725,0.11,218025,0.14,-282150,-0.18,37947388,37947.39
3920,Exit long,2025-06-12 21:00,EOD,6160.75,678,4156818,1008525,0.49,1017000,0.49,-42375,-0.02,38955910,38955.91
3920,Entry long,2025-06-12 15:00,S1 Trend,6131,678,4156818,1008525,0.49,1017000,0.49,-42375,-0.02,38955910,38955.91
3921,Exit long,2025-06-13 19:00,S1 Trail,6093.5,492,3014361,-817950,-0.54,319800,0.21,-817950,-0.54,38137964,38137.96
3921,Entry long,2025-06-13 16:30,S1 Trend,6126.75,492,3014361,-817950,-0.54,319800,0.21,-817950,-0.54,38137964,38137.96
3922,Exit long,2025-06-16 21:00,EOD,6149.75,760,4675710,-95000,-0.04,551000,0.24,-532000,-0.23,38042964,38042.96
3922,Entry long,2025-06-16 15:00,S1 Trend,6152.25,760,4675710,-95000,-0.04,551000,0.24,-532000,-0.23,38042964,38042.96
3923,Exit long,2025-06-17 18:30,S1 Trail,6105.5,712,4364026,-845500,-0.39,347100,0.16,-845500,-0.39,37197464,37197.46
3923,Entry long,2025-06-17 15:00,S1 Trend,6129.25,712,4364026,-845500,-0.39,347100,0.16,-845500,-0.39,37197464,37197.46
3924,Exit long,2025-06-18 18:30,S1 Trail,6100.25,701,4294851.75,-928825,-0.43,166487.5,0.08,-928825,-0.43,36268636,36268.64
3924,Entry long,2025-06-18 15:30,S1 Trend,6126.75,701,4294851.75,-928825,-0.43,166487.5,0.08,-928825,-0.43,36268636,36268.64
3925,Exit long,2025-06-20 15:30,S1 Trail,6073,640,3908640,-1096000,-0.56,80000,0.04,-1096000,-0.56,35172636,35172.64
3925,Entry long,2025-06-20 15:00,S1 Trend,6107.25,640,3908640,-1096000,-0.56,80000,0.04,-1096000,-0.56,35172636,35172.64
3926,Exit long,2025-06-23 17:00,S1 Trail,6079.5,601,3665649.25,-593487.5,-0.32,503337.5,0.27,-593487.5,-0.32,34579150,34579.15
3926,Entry long,2025-06-23 15:00,S1 Trend,6099.25,601,3665649.25,-593487.5,-0.32,503337.5,0.27,-593487.5,-0.32,34579150,34579.15
3927,Exit long,2025-06-23 21:00,EOD,6134.75,411,2515011.75,318525,0.25,411000,0.33,-118162.5,-0.09,34897676,34897.68
3927,Entry long,2025-06-23 19:00,S1 Trend,6119.25,411,2515011.75,318525,0.25,411000,0.33,-118162.5,-0.09,34897676,34897.68
3928,Exit long,2025-06-24 21:00,EOD,6201.5,674,4173239.5,328575,0.16,716125,0.34,-42125,-0.02,35226250,35226.25
3928,Entry long,2025-06-24 16:30,S1 Trend,6191.75,674,4173239.5,328575,0.16,716125,0.34,-42125,-0.02,35226250,35226.25
3929,Exit long,2025-07-01 21:00,EOD,6306.75,741,4670893.5,120412.5,0.05,583537.5,0.25,-213037.5,-0.09,35346664,35346.66
3929,Entry long,2025-07-01 17:30,S1 Trend,6303.5,741,4670893.5,120412.5,0.05,583537.5,0.25,-213037.5,-0.09,35346664,35346.66
3930,Exit long,2025-07-08 21:00,EOD,6328.25,756,4796253,-604800,-0.25,56700,0.02,-784350,-0.33,34741864,34741.86
3930,Entry long,2025-07-08 17:30,S1 Trend,6344.25,756,4796253,-604800,-0.25,56700,0.02,-784350,-0.33,34741864,34741.86
3931,Exit long,2025-07-11 21:00,EOD,6357,767,4879078.75,-162987.5,-0.07,354737.5,0.15,-508137.5,-0.21,34578876,34578.88
3931,Entry long,2025-07-11 15:30,S1 Trend,6361.25,767,4879078.75,-162987.5,-0.07,354737.5,0.15,-508137.5,-0.21,34578876,34578.88
3932,Exit long,2025-07-14 21:00,EOD,6368.5,811,5159582,263575,0.10,435912.5,0.17,-223025,-0.09,34842450,34842.45
3932,Entry long,2025-07-14 16:30,S1 Trend,6362,811,5159582,263575,0.10,435912.5,0.17,-223025,-0.09,34842450,34842.45
3933,Exit long,2025-07-15 17:30,S2 FairVal,6351.5,714,4549072.5,-705075,-0.31,89250,0.04,-705075,-0.31,34137376,34137.38
3933,Entry long,2025-07-15 16:30,S2 VWAP,6371.25,714,4549072.5,-705075,-0.31,89250,0.04,-705075,-0.31,34137376,34137.38
3934,Exit long,2025-07-16 21:00,EOD,6360.75,550,3499512.5,-55000,-0.03,103125,0.06,-144375,-0.08,34082376,34082.38
3934,Entry long,2025-07-16 20:00,S1 Trend,6362.75,550,3499512.5,-55000,-0.03,103125,0.06,-144375,-0.08,34082376,34082.38
3935,Exit long,2025-07-17 21:00,EOD,6400,823,5244773.25,1121337.5,0.43,1255075,0.48,-185175,-0.07,35203710,35203.71
3935,Entry long,2025-07-17 15:30,S1 Trend,6372.75,823,5244773.25,1121337.5,0.43,1255075,0.48,-185175,-0.07,35203710,35203.71
3936,Exit long,2025-07-22 21:00,EOD,6403.25,812,5203702,-213150,-0.08,121800,0.05,-253750,-0.10,34990564,34990.56
3936,Entry long,2025-07-22 20:00,S1 Trend,6408.5,812,5203702,-213150,-0.08,121800,0.05,-253750,-0.10,34990564,34990.56
3937,Exit long,2025-07-23 21:00,EOD,6457,826,5319440,702100,0.26,702100,0.26,0,0.00,35692664,35692.66
3937,Entry long,2025-07-23 19:00,S1 Trend,6440,826,5319440,702100,0.26,702100,0.26,0,0.00,35692664,35692.66
3938,Exit short,2025-08-01 17:00,S3 Scalp,6347.5,456,2881920,-627000,-0.44,421800,0.29,-627000,-0.44,35065664,35065.66
3938,Entry short,2025-08-01 15:00,S3 Hedge,6320,456,2881920,-627000,-0.44,421800,0.29,-627000,-0.44,35065664,35065.66
3939,Exit long,2025-08-04 21:00,EOD,6415,676,4325555,549250,0.25,591500,0.27,-321100,-0.15,35614910,35614.91
3939,Entry long,2025-08-04 15:30,S1 Trend,6398.75,676,4325555,549250,0.25,591500,0.27,-321100,-0.15,35614910,35614.91
3940,Exit long,2025-08-06 21:00,EOD,6429.5,672,4308528,604800,0.28,865200,0.40,-168000,-0.08,36219710,36219.71
3940,Entry long,2025-08-06 16:00,S1 Trend,6411.5,672,4308528,604800,0.28,865200,0.40,-168000,-0.08,36219710,36219.71
3941,Exit long,2025-08-08 21:00,EOD,6471.5,818,5291642,102250,0.04,316975,0.12,-347650,-0.13,36321964,36321.96
3941,Entry long,2025-08-08 17:30,S1 Trend,6469,818,5291642,102250,0.04,316975,0.12,-347650,-0.13,36321964,36321.96
3942,Exit long,2025-08-12 21:00,EOD,6525.25,615,3995962.5,853312.5,0.43,930187.5,0.47,-23062.5,-0.01,37175276,37175.28
3942,Entry long,2025-08-12 16:00,S1 Trend,6497.5,615,3995962.5,853312.5,0.43,930187.5,0.47,-23062.5,-0.01,37175276,37175.28
3943,Exit long,2025-08-22 16:00,S1 Climax,6545.25,176,1149236,136400,0.24,182600,0.32,-2200,0.00,37311676,37311.68
3943,Entry long,2025-08-22 15:30,S1 Trend,6529.75,176,1149236,136400,0.24,182600,0.32,-2200,0.00,37311676,37311.68
3944,Exit long,2025-08-22 16:30,S1 Climax,6548.75,123,803159.25,116850,0.29,132225,0.33,-1537.5,0.00,37428524,37428.52
3944,Entry long,2025-08-22 15:30,S1 Trend,6529.75,123,803159.25,116850,0.29,132225,0.33,-1537.5,0.00,37428524,37428.52
3945,Exit long,2025-08-22 17:00,S1 Climax,6543,86,561558.5,56975,0.20,104275,0.37,-1075,0.00,37485500,37485.50
3945,Entry long,2025-08-22 15:30,S1 Trend,6529.75,86,561558.5,56975,0.20,104275,0.37,-1075,0.00,37485500,37485.50
3946,Exit long,2025-08-22 21:00,EOD,6540.75,203,1325539.25,111650,0.17,246137.5,0.37,-2537.5,0.00,37597150,37597.15
3946,Entry long,2025-08-22 15:30,S1 Trend,6529.75,203,1325539.25,111650,0.17,246137.5,0.37,-2537.5,0.00,37597150,37597.15
3947,Exit long,2025-08-27 15:30,S2 FairVal,6547.25,1541,10077754.75,577875,0.11,770500,0.15,-77050,-0.02,38175024,38175.02
3947,Entry long,2025-08-27 15:00,S2 VWAP,6539.75,1541,10077754.75,577875,0.11,770500,0.15,-77050,-0.02,38175024,38175.02
3948,Exit long,2025-08-28 21:00,EOD,6574.75,815,5352105,315812.5,0.12,560312.5,0.21,-285250,-0.11,38490836,38490.84
3948,Entry long,2025-08-28 17:30,S1 Trend,6567,815,5352105,315812.5,0.12,560312.5,0.21,-285250,-0.11,38490836,38490.84
3949,Exit short,2025-09-02 18:00,S3 Scalp,6452.75,567,3647227.5,-574087.5,-0.31,63787.5,0.03,-574087.5,-0.31,37916750,37916.75
3949,Entry short,2025-09-02 17:00,S3 Hedge,6432.5,567,3647227.5,-574087.5,-0.31,63787.5,0.03,-574087.5,-0.31,37916750,37916.75
3950,Exit long,2025-09-03 18:30,S1 Trail,6492.25,836,5450302,-1139050,-0.42,104500,0.04,-1139050,-0.42,36777700,36777.70
3950,Entry long,2025-09-03 16:00,S1 Trend,6519.5,836,5450302,-1139050,-0.42,104500,0.04,-1139050,-0.42,36777700,36777.70
3951,Exit long,2025-09-08 20:30,S2 FairVal,6562,866,5680743.5,97425,0.03,97425,0.03,-465475,-0.16,36875124,36875.12
3951,Entry long,2025-09-08 19:30,S2 VWAP,6559.75,866,5680743.5,97425,0.03,97425,0.03,-465475,-0.16,36875124,36875.12
3952,Exit long,2025-09-17 21:00,EOD,6660.5,822,5485000.5,-503475,-0.18,133575,0.05,-2537925,-0.93,36371650,36371.65
3952,Entry long,2025-09-17 19:30,S1 Trend,6672.75,822,5485000.5,-503475,-0.18,133575,0.05,-2537925,-0.93,36371650,36371.65
3953,Exit long,2025-09-26 15:30,S1 Trail,6665,708,4741476,-1132800,-0.48,238950,0.10,-1407150,-0.59,35238850,35238.85
3953,Entry long,2025-09-26 15:00,S1 Trend,6697,708,4741476,-1132800,-0.48,238950,0.10,-1407150,-0.59,35238850,35238.85
3954,Exit long,2025-09-30 21:00,EOD,6737,738,4952902.5,950175,0.38,1190025,0.48,-627300,-0.25,36189024,36189.02
3954,Entry long,2025-09-30 17:30,S1 Trend,6711.25,738,4952902.5,950175,0.38,1190025,0.48,-627300,-0.25,36189024,36189.02
3955,Exit long,2025-10-01 20:00,S1 Climax,6767,240,1610880,660000,0.82,684000,0.85,-42000,-0.05,36849024,36849.02
3955,Entry long,2025-10-01 15:00,S1 Trend,6712,240,1610880,660000,0.82,684000,0.85,-42000,-0.05,36849024,36849.02
3956,Exit long,2025-10-01 20:30,S1 Climax,6766.75,168,1127616,459900,0.82,483000,0.86,-29400,-0.05,37308924,37308.92
3956,Entry long,2025-10-01 15:00,S1 Trend,6712,168,1127616,459900,0.82,483000,0.86,-29400,-0.05,37308924,37308.92
3957,Exit long,2025-10-01 21:00,EOD,6760.75,392,2631104,955500,0.73,1127000,0.86,-68600,-0.05,38264424,38264.42
3957,Entry long,2025-10-01 15:00,S1 Trend,6712,392,2631104,955500,0.73,1127000,0.86,-68600,-0.05,38264424,38264.42
3958,Exit long,2025-10-02 18:00,S2 FairVal,6761.25,1055,7122305,540687.5,0.15,540687.5,0.15,-501125,-0.14,38805110,38805.11
3958,Entry long,2025-10-02 16:30,S2 VWAP,6751,1055,7122305,540687.5,0.15,540687.5,0.15,-501125,-0.14,38805110,38805.11
3959,Exit long,2025-10-14 20:30,S1 Trail,6666.5,402,2693400,-673350,-0.50,452250,0.34,-673350,-0.50,38131764,38131.76
3959,Entry long,2025-10-14 17:30,S1 Trend,6700,402,2693400,-673350,-0.50,452250,0.34,-673350,-0.50,38131764,38131.76
3960,Exit long,2025-10-15 16:30,S1 Trail,6734,750,5060250,-487500,-0.19,740625,0.29,-487500,-0.19,37644264,37644.26
3960,Entry long,2025-10-15 15:00,S1 Trend,6747,750,5060250,-487500,-0.19,740625,0.29,-487500,-0.19,37644264,37644.26
3961,Exit long,2025-10-16 16:30,S1 Trail,6705.5,649,4370366,-924825,-0.42,316387.5,0.14,-924825,-0.42,36719436,36719.44
3961,Entry long,2025-10-16 16:00,S1 Trend,6734,649,4370366,-924825,-0.42,316387.5,0.14,-924825,-0.42,36719436,36719.44
3962,Exit long,2025-10-17 21:00,EOD,6703.75,343,2292269,355862.5,0.31,600250,0.52,-728875,-0.64,37075300,37075.30
3962,Entry long,2025-10-17 15:30,S1 Trend,6683,343,2292269,355862.5,0.31,600250,0.52,-728875,-0.64,37075300,37075.30
3963,Exit long,2025-10-20 21:00,EOD,6773.5,735,4959412.5,955500,0.39,1304625,0.53,0,0.00,38030800,38030.80
3963,Entry long,2025-10-20 15:00,S1 Trend,6747.5,735,4959412.5,955500,0.39,1304625,0.53,0,0.00,38030800,38030.80
3964,Exit long,2025-10-21 21:00,EOD,6772.25,843,5711114.25,-105375,-0.04,432037.5,0.15,-316125,-0.11,37925424,37925.42
3964,Entry long,2025-10-21 18:00,S1 Trend,6774.75,843,5711114.25,-105375,-0.04,432037.5,0.15,-316125,-0.11,37925424,37925.42
3965,Exit long,2025-10-23 21:00,EOD,6774.5,681,4602368.25,553312.5,0.24,936375,0.41,-655462.5,-0.28,38478736,38478.74
3965,Entry long,2025-10-23 15:00,S1 Trend,6758.25,681,4602368.25,553312.5,0.24,936375,0.41,-655462.5,-0.28,38478736,38478.74
3966,Exit long,2025-10-24 21:00,EOD,6827.25,700,4786775,-385000,-0.16,105000,0.04,-507500,-0.21,38093736,38093.74
3966,Entry long,2025-10-24 16:30,S1 Trend,6838.25,700,4786775,-385000,-0.16,105000,0.04,-507500,-0.21,38093736,38093.74
3967,Exit long,2025-11-05 21:00,EOD,6824.25,543,3715477.5,-495487.5,-0.27,414037.5,0.22,-529425,-0.28,37598250,37598.25
3967,Entry long,2025-11-05 17:00,S1 Trend,6842.5,543,3715477.5,-495487.5,-0.27,414037.5,0.22,-529425,-0.28,37598250,37598.25
3968,Exit short,2025-11-07 19:30,S3 Scalp,6734.75,499,3346668.25,-698600,-0.42,1278687.5,0.76,-698600,-0.42,36899650,36899.65
3968,Entry short,2025-11-07 15:00,S3 Hedge,6706.75,499,3346668.25,-698600,-0.42,1278687.5,0.76,-698600,-0.42,36899650,36899.65
3969,Exit long,2025-11-10 15:30,S1 Trail,6807.25,795,5428856.25,-854625,-0.31,278250,0.10,-854625,-0.31,36045024,36045.02
3969,Entry long,2025-11-10 15:00,S1 Trend,6828.75,795,5428856.25,-854625,-0.31,278250,0.10,-854625,-0.31,36045024,36045.02
3970,Exit long,2025-11-10 21:00,EOD,6857,573,3918030.75,551512.5,0.28,802200,0.41,-28650,-0.01,36596536,36596.54
3970,Entry long,2025-11-10 18:00,S1 Trend,6837.75,573,3918030.75,551512.5,0.28,802200,0.41,-28650,-0.01,36596536,36596.54
3971,Exit long,2025-11-11 21:00,EOD,6872.75,743,5092522,696562.5,0.27,956612.5,0.38,-37150,-0.01,37293100,37293.10
3971,Entry long,2025-11-11 17:30,S1 Trend,6854,743,5092522,696562.5,0.27,956612.5,0.38,-37150,-0.01,37293100,37293.10
3972,Exit short,2025-11-13 21:00,EOD,6762,462,3133515,473550,0.30,843150,0.54,-144375,-0.09,37766650,37766.65
3972,Entry short,2025-11-13 18:00,S3 Hedge,6782.5,462,3133515,473550,0.30,843150,0.54,-144375,-0.09,37766650,37766.65
3973,Exit short,2025-11-18 16:00,S3 Scalp,6652.75,411,2721642,-631912.5,-0.46,575400,0.42,-631912.5,-0.46,37134736,37134.74
3973,Entry short,2025-11-18 15:00,S3 Hedge,6622,411,2721642,-631912.5,-0.46,575400,0.42,-631912.5,-0.46,37134736,37134.74
3974,Exit long,2025-11-19 16:00,S1 Trail,6647.75,466,3121268,-1170825,-0.75,69900,0.04,-1170825,-0.75,35963910,35963.91
3974,Entry long,2025-11-19 15:30,S1 Trend,6698,466,3121268,-1170825,-0.75,69900,0.04,-1170825,-0.75,35963910,35963.91
3975,Exit long,2025-11-20 16:00,S1 Trail,6742.75,486,3297388.5,-1020600,-0.62,157950,0.10,-1020600,-0.62,34943310,34943.31
3975,Entry long,2025-11-20 15:00,S1 Trend,6784.75,486,3297388.5,-1020600,-0.62,157950,0.10,-1020600,-0.62,34943310,34943.31
3976,Exit long,2025-11-21 21:00,EOD,6622.5,232,1543786,-368300,-0.48,269700,0.35,-466900,-0.60,34575012,34575.01
3976,Entry long,2025-11-21 19:00,S1 Trend,6654.25,232,1543786,-368300,-0.48,269700,0.35,-466900,-0.60,34575012,34575.01
3977,Exit long,2025-11-24 21:00,EOD,6718.5,414,2761897.5,978075,0.71,1252350,0.91,-20700,-0.01,35553090,35553.09
3977,Entry long,2025-11-24 15:00,S1 Trend,6671.25,414,2761897.5,978075,0.71,1252350,0.91,-20700,-0.01,35553090,35553.09
3978,Exit long,2025-11-25 21:00,EOD,6780.25,471,3169123.5,1218712.5,0.77,1507200,0.95,-235500,-0.15,36771800,36771.80
3978,Entry long,2025-11-25 16:00,S1 Trend,6728.5,471,3169123.5,1218712.5,0.77,1507200,0.95,-235500,-0.15,36771800,36771.80
3979,Exit long,2025-11-26 21:00,EOD,6825.5,832,5659264,977600,0.35,1861600,0.66,-260000,-0.09,37749400,37749.40
3979,Entry long,2025-11-26 15:00,S1 Trend,6802,832,5659264,977600,0.35,1861600,0.66,-260000,-0.09,37749400,37749.40
3980,Exit long,2025-12-01 20:30,S1 Trail,6820.5,759,5191749.75,-749512.5,-0.29,588225,0.23,-1005675,-0.39,36999890,36999.89
3980,Entry long,2025-12-01 15:00,S1 Trend,6840.25,759,5191749.75,-749512.5,-0.29,588225,0.23,-1005675,-0.39,36999890,36999.89
3981,Exit long,2025-12-02 16:30,S1 Trail,6824.5,741,5083445.25,-1324537.5,-0.52,120412.5,0.05,-1444950,-0.57,35675350,35675.35
3981,Entry long,2025-12-02 16:00,S1 Trend,6860.25,741,5083445.25,-1324537.5,-0.52,120412.5,0.05,-1444950,-0.57,35675350,35675.35
3982,Exit long,2025-12-03 21:00,EOD,6862.5,622,4268630.5,-7775,0.00,326550,0.15,-124400,-0.06,35667576,35667.58
3982,Entry long,2025-12-03 18:00,S1 Trend,6862.75,622,4268630.5,-7775,0.00,326550,0.15,-124400,-0.06,35667576,35667.58
3983,Exit long,2025-12-04 20:30,S2 FairVal,6858.25,591,4051452.75,88650,0.04,88650,0.04,-273337.5,-0.13,35756224,35756.22
3983,Entry long,2025-12-04 20:00,S2 VWAP,6855.25,591,4051452.75,88650,0.04,88650,0.04,-273337.5,-0.13,35756224,35756.22
3984,Exit long,2025-12-05 21:00,EOD,6876.75,800,5510000,-430000,-0.16,190000,0.07,-840000,-0.30,35326224,35326.22
3984,Entry long,2025-12-05 16:00,S1 Trend,6887.5,800,5510000,-430000,-0.16,190000,0.07,-840000,-0.30,35326224,35326.22
